date,open,close,high,low,volume,money,change,adjclose,symbol,factor
2020-11-09,0.9874552079255622,1.0,1.003302317644815,0.9874552079255622,981983403517.05,74663150.34438455,,4981.35,sh000300,0.0002007487929978821
2020-11-10,1.0028225280295502,0.9944854306563481,1.0028225280295502,0.989476748271051,878048691440.2501,67104591.99373663,-0.005514569343651909,4953.88,sh000300,0.0002007487929978821
2020-11-11,0.9912493601132223,0.9846527547753118,0.9952282011904403,0.9840123661256486,819285199895.25,60999238.545374244,-0.009887199528450519,4904.9,sh000300,0.0002007487929978821
2020-11-12,0.9870356429481968,0.9853674204783843,0.9889568088971865,0.9819647284370703,588370257355.65,45699641.049916185,0.0007258048074374468,4908.46,sh000300,0.0002007487929978821
2020-11-13,0.9810553364047897,0.9750067752717637,0.9810553364047897,0.9687654952974595,665972019076.65,51261828.726750776,-0.010514499456041104,4856.85,sh000300,0.0002007487929978821
2020-11-16,0.9798468286709425,0.9845062081564234,0.9845062081564234,0.973354612705391,741080321223.0,53540713.09343852,0.00974294038317014,4904.17,sh000300,0.0002007487929978821
2020-11-17,0.9842954219237756,0.9826231844781033,0.9855340419765726,0.9767211699639656,754612083777.75,57998616.67058127,-0.0019126580032911011,4894.79,sh000300,0.0002007487929978821
2020-11-18,0.9815953506579541,0.9819968482439498,0.9858953898039687,0.9777911610306442,818020445092.9501,58363139.168297745,-0.0006374124324025621,4891.67,sh000300,0.0002007487929978821
2020-11-19,0.9798387987192226,0.9892880444056329,0.9916568801630079,0.9776867716582853,665913727318.9501,49730923.69899726,0.007424867172151739,4927.99,sh000300,0.0002007487929978821
2020-11-20,0.9893342166280225,0.9923595009385006,0.9931906009415118,0.9882040009234444,644588383659.0,45982249.30350206,0.0031047140923581296,4943.29,sh000300,0.0002007487929978821
2020-11-23,0.9946299697873067,1.0047537314181898,1.0096961667017976,0.9917893743663865,1025735616762.4501,66976588.03657643,0.012489657697606127,5005.03,sh000300,0.0002007487929978821
2020-11-24,1.0031517560500667,0.9985827135214349,1.0039567587099882,0.995910747086633,780268257959.8501,53159172.13446154,-0.006141821327744212,4974.29,sh000300,0.0002007487929978821
2020-11-25,1.0022885362401759,0.9858170977746995,1.0047015367320105,0.9858170977746995,848525779190.1001,55621597.19754685,-0.012783733960022414,4910.7,sh000300,0.0002007487929978821
2020-11-26,0.9853393156473645,0.9876017545444508,0.9887460226645387,0.9772089895309504,683452861414.9501,48129150.76274504,0.0018103325391491953,4919.59,sh000300,0.0002007487929978821
2020-11-27,0.9898099912674274,0.9998835657000612,0.9998835657000612,0.9871520772481356,811725538004.7001,50825372.66243086,0.012435995682567036,4980.77,sh000300,0.0002007487929978821
2020-11-30,1.0025615545986528,0.9957642004677446,1.0148232908749635,0.9957642004677446,1308296533582.5,79596060.33223924,-0.004119844923576199,4960.25,sh000300,0.0002007487929978821
2020-12-01,0.9963423569915786,1.0172142089995684,1.0183082899214069,0.9963423569915786,1016522365851.3,65936144.75112168,0.02154125296104037,5067.1,sh000300,0.0002007487929978821
2020-12-02,1.0183946119023959,1.0172222389512884,1.0219338131229485,1.0124383952141487,973532508372.6001,62354527.88661708,7.89406169210416e-06,5067.14,sh000300,0.0002007487929978821
2020-12-03,1.0168829734911218,1.0151986911178696,1.0182581027231574,1.0105272667048089,886011543799.8,55273210.868539646,-0.0019892878428462435,5057.06,sh000300,0.0002007487929978821
2020-12-04,1.0136850452186656,1.0169773254238308,1.018276170114527,1.0073273309444226,719043760335.4501,51752801.91915846,0.001752006106314763,5065.92,sh000300,0.0002007487929978821
2020-12-07,1.0169391831531611,1.0082086181456833,1.0173687855701767,1.0066769048551094,696872025534.3,53129728.39571602,-0.00862232328974799,5022.24,sh000300,0.0002007487929978821
2020-12-08,1.0095877623535787,1.0057273630642296,1.0123882080158992,1.0035271562929726,613069833009.15,47152006.41753741,-0.0024610532352097314,5009.88,sh000300,0.0002007487929978821
2020-12-09,1.008236722976703,0.9922410591506318,1.0104971543858592,0.9922049243678922,691994018621.4,52349819.60472562,-0.013409502822422925,4942.7,sh000300,0.0002007487929978821
2020-12-10,0.989950515422526,0.9918034267818965,0.9962640649623093,0.9876378893271904,627223053845.8501,46102217.24472281,-0.00044105448439102357,4940.52,sh000300,0.0002007487929978821
2020-12-11,0.9952763809007596,0.9815873207062342,0.9952763809007596,0.9735011593242796,793816458969.6001,55248623.43902757,-0.010300535166338887,4889.63,sh000300,0.0002007487929978821
2020-12-14,0.9843978038082045,0.9906631736376684,0.9911489857167234,0.9811918455840283,601754806073.8501,49761265.35336806,0.0092460983755418,4934.84,sh000300,0.0002007487929978821
2020-12-15,0.9900127475483553,0.9927228562538267,0.9945476627821773,0.9846306724080821,589506074894.55,49804448.35235428,0.0020790947629507617,4945.1,sh000300,0.0002007487929978821
2020-12-16,0.9951719915284009,0.9944834231684181,0.9974926475754563,0.9913356820942113,531903407265.45,46111202.156845026,0.0017734727305815934,4953.87,sh000300,0.0002007487929978821
2020-12-17,0.9958605598883835,1.0072530538910134,1.0080841538940246,0.9937808023929255,664439760798.0,54238380.378009975,0.012840466140613183,5017.48,sh000300,0.0002007487929978821
2020-12-18,1.00661868770514,1.0037379425256205,1.0092525118692723,0.9995302478243849,637859964624.3,51981601.83885894,-0.003489799660387094,4999.97,sh000300,0.0002007487929978821
2020-12-21,1.0028927901070994,1.0131470384534313,1.0134822889377377,0.997721501199474,701432765284.3501,59864152.32176016,0.009374056244337403,5046.84,sh000300,0.0002007487929978821
2020-12-22,1.0107661577684763,0.9966715850120952,1.0148112459473837,0.9959047246228431,808697116309.5,65596438.27315888,-0.016261660761981656,4964.77,sh000300,0.0002007487929978821
2020-12-23,0.9991869673883585,1.0051732963955553,1.0094552681502,0.9973501159324278,698847628944.3,61976981.50099872,0.008530103106488163,5007.12,sh000300,0.0002007487929978821
2020-12-24,1.0049504652353278,1.0037479799652704,1.0103767051100605,0.9995764200467744,569959431841.8,49519603.53237576,-0.0014179807953472734,5000.02,sh000300,0.0002007487929978821
2020-12-25,1.0008873096650506,1.0121774217832515,1.0121954891746214,0.9984602567577062,602778114841.65,48981153.4624148,0.008397966408134394,5042.01,sh000300,0.0002007487929978821
2020-12-28,1.0123641181607395,1.016674194746404,1.0216788621558412,1.0113443142923102,682018576328.1001,56414275.79591877,0.004442672664274783,5064.41,sh000300,0.0002007487929978821
2020-12-29,1.018087466249109,1.0123641181607395,1.0192859365433065,1.0106316560771678,703359949972.3501,56015986.0792757,-0.004239388201192296,5042.94,sh000300,0.0002007487929978821
2020-12-30,1.01136840414747,1.0265711102411996,1.0265711102411996,1.011097393276923,740360351763.4501,59537638.296445735,0.01403348046972619,5113.71,sh000300,0.0002007487929978821
2020-12-31,1.0283316771557909,1.046160177461933,1.0470294197356138,1.0283316771557909,854812158207.15,72014889.63754804,0.019082036329787888,5211.29,sh000300,0.0002007487929978821
2021-01-04,1.0464894054824496,1.0574884318508035,1.0608429441817981,1.042074939524426,1054608497707.05,90898285.4720106,0.010828412926549902,5267.72,sh000300,0.0002007487929978821
2021-01-05,1.0530960482600098,1.07771989520913,1.07771989520913,1.0507954670922541,1120460828884.6501,99981317.89976612,0.019131616714631816,5368.5,sh000300,0.0002007487929978821
2021-01-06,1.0813353809710218,1.0875907133608358,1.0907625442902025,1.0722856253826774,965253350250.7501,89219665.10122757,0.009158982956132933,5417.67,sh000300,0.0002007487929978821
2021-01-07,1.0897427404217732,1.1068605900007025,1.1068605900007025,1.086723478575085,1095259780726.65,95031538.28098808,0.017717948859934163,5513.66,sh000300,0.0002007487929978821
2021-01-08,1.1093960472562658,1.1032009395043512,1.113647906691961,1.0926134481616427,1017814119570.6001,95068134.92085478,-0.003306333723878452,5495.43,sh000300,0.0002007487929978821
2021-01-11,1.1049695363706624,1.0923063025083561,1.1152980617704034,1.0865528421010369,1154856173917.05,104850789.98424122,-0.009875478352012523,5441.16,sh000300,0.0002007487929978821
2021-01-12,1.087958083652022,1.1234605076936974,1.1234605076936974,1.087582683409116,1116919223531.1,97610840.38343018,0.02852149174073193,5596.35,sh000300,0.0002007487929978821
2021-01-13,1.1260521746113001,1.1197707448783965,1.133170726811005,1.111172674074297,1302971156607.4502,109801506.98746324,-0.003284283506213903,5577.97,sh000300,0.0002007487929978821
2021-01-14,1.1154024511427625,1.098188242143194,1.1177732943880676,1.095823421361679,1213872199981.6501,100753834.509922,-0.019274036970439057,5470.46,sh000300,0.0002007487929978821
2021-01-15,1.098374938520682,1.0957029720858802,1.1042448332279402,1.0820901964326939,1188736586837.25,95498192.10294397,-0.0022630638008503956,5458.08,sh000300,0.0002007487929978821
2021-01-18,1.0917040561293625,1.1078362291346724,1.1124414064460437,1.0862075541770804,1031397822661.8,84859969.8121995,0.011073491044469863,5518.52,sh000300,0.0002007487929978821
2021-01-19,1.1093318076425065,1.0915755769018438,1.1106386822849226,1.08719925321449,1051281165123.7501,86965416.67780823,-0.014677848408631289,5437.52,sh000300,0.0002007487929978821
2021-01-20,1.0920553665171087,1.0993867124373915,1.1033254037560098,1.089371355154727,851378767701.0001,75033953.31787567,0.007155835748650086,5476.43,sh000300,0.0002007487929978821
2021-01-21,1.1027050899856463,1.1171610105694239,1.1228100816043842,1.1022232928824516,1045835418807.3,90976077.69138888,0.016167466762105898,5564.97,sh000300,0.0002007487929978821
2021-01-22,1.1166410711955594,1.1181266122637437,1.1189055175805753,1.106904754735162,992783149645.65,91666354.43965992,0.0008643352974049279,5569.78,sh000300,0.0002007487929978821
2021-01-25,1.1169903740953757,1.1293966495026448,1.1353307838236621,1.1128047617613699,981560173077.0001,102013907.79286739,0.010079392722872393,5625.92,sh000300,0.0002007487929978821
2021-01-26,1.1243739147018377,1.1067220733335341,1.1243739147018377,1.1053228542463387,856316934377.8501,83312369.47413853,-0.020076716341504985,5512.97,sh000300,0.0002007487929978821
2021-01-27,1.1052766820239492,1.1097393276922922,1.1111425617553474,1.0940086522729782,797966640834.0,75660735.42634024,0.0027262981659612606,5528.0,sh000300,0.0002007487929978821
2021-01-28,1.0941551988918665,1.0794543647806318,1.0965380870647514,1.0760898150099871,849248373821.1001,75514975.43437019,-0.02729015918958022,5377.14,sh000300,0.0002007487929978821
2021-01-29,1.0868479428267437,1.074399510172945,1.0901060957370992,1.0615796922521004,907496290659.7501,78349783.04596142,-0.0046827867602480255,5351.96,sh000300,0.0002007487929978821
2021-02-01,1.0753811717707047,1.0875866983849758,1.088520180272416,1.072410089634336,828466774401.75,69631542.8195168,0.012274008026965655,5417.65,sh000300,0.0002007487929978821
2021-02-02,1.0900057213406003,1.104337177672719,1.1047627651138747,1.086356108283899,822971647962.75,76287897.42218475,0.015401511725563699,5501.09,sh000300,0.0002007487929978821
2021-02-03,1.103977837333253,1.1011472793519828,1.1107209892900518,1.0987222339325684,936764376969.3,81171490.29881458,-0.0028885184572512435,5485.2,sh000300,0.0002007487929978821
2021-02-04,1.094879902034589,1.0988888554307565,1.1061358868579803,1.0863661457235487,899510534052.9,79897056.94400112,-0.002050973528768374,5473.95,sh000300,0.0002007487929978821
2021-02-05,1.1030543928854626,1.1007879390125166,1.114310377708854,1.0996316259648486,944960097478.65,79376099.78339204,0.0017281853140784786,5483.41,sh000300,0.0002007487929978821
2021-02-08,1.1053509590773585,1.1170787035642948,1.1194736366647595,1.1000732733094443,817109640114.9,73791798.05635019,0.014799185178566043,5564.56,sh000300,0.0002007487929978821
2021-02-09,1.1210153873949833,1.141507824184207,1.141507824184207,1.115169582542885,821361152601.0,76037443.92182842,0.021868755121698724,5686.25,sh000300,0.0002007487929978821
2021-02-10,1.1462113684041475,1.16589278006966,1.1690445361197266,1.1457396087406024,847675268472.4501,83723581.93983558,0.021362057595075923,5807.72,sh000300,0.0002007487929978821
2021-02-18,1.1888484045489676,1.157995322553123,1.1906230238790687,1.1538358075622068,1090161902006.1001,101876245.486866,-0.006773742535797211,5768.38,sh000300,0.0002007487929978821
2021-02-19,1.151097594025716,1.1600951549278808,1.1619119315045119,1.137707649532757,1068378931684.3501,91628533.44414666,0.0018133340729979963,5778.84,sh000300,0.0002007487929978821
2021-02-22,1.161434149377177,1.1236572415108352,1.161434149377177,1.1236572415108352,1405360295257.05,109133699.5087677,-0.03140941780703399,5597.33,sh000300,0.0002007487929978821
2021-02-23,1.112686319973501,1.1201120178264927,1.133178756762725,1.1123711443684943,1164678115910.1,85299059.59790017,-0.0031550757236039617,5579.67,sh000300,0.0002007487929978821
2021-02-24,1.1224828610717976,1.0915856143414937,1.1239583647003322,1.079974304154496,1122938811404.85,94827548.62517188,-0.025467455960657248,5437.57,sh000300,0.0002007487929978821
2021-02-25,1.1030082206630731,1.098007568229496,1.109665050638883,1.0929085488873498,1149376913077.8,82749888.64946249,0.005883142653795748,5469.56,sh000300,0.0002007487929978821
2021-02-26,1.072781474901382,1.0713481285193773,1.0873197024902885,1.067754725124715,1057363981273.05,81447338.69493209,-0.024279832381398192,5336.76,sh000300,0.0002007487929978821
2021-03-01,1.081885432663836,1.0878135445210635,1.0883716261655976,1.0731910024390976,884007925277.4,71897487.16954239,0.015368875497492773,5418.78,sh000300,0.0002007487929978821
2021-03-02,1.0947393778794903,1.07393176548526,1.0950786433396569,1.0649823842934143,978890637723.9,75570799.9670772,-0.012761175024636473,5349.63,sh000300,0.0002007487929978821
2021-03-03,1.0694590823772672,1.0945245766709828,1.0945627189416522,1.06727694299738,969913941161.55,67774862.9845323,0.01917515790811697,5452.21,sh000300,0.0002007487929978821
2021-03-04,1.0817308560932275,1.0600961586718458,1.0825117688979895,1.0548907424694107,1059907802296.2001,77164314.05301775,-0.03145513470684369,5280.71,sh000300,0.0002007487929978821
2021-03-05,1.042281710781214,1.0565007477892538,1.0655384584500185,1.0387244421692914,1009360763639.2501,70771934.31017695,-0.0033915893885481108,5262.8,sh000300,0.0002007487929978821
2021-03-08,1.0639264456422455,1.019807883405101,1.0692402661928995,1.0197637186706414,1146864350025.9001,81731619.43971011,-0.034730561678194105,5080.02,sh000300,0.0002007487929978821
2021-03-09,1.0170234976462202,0.9979222499924718,1.0226765836570408,0.9872644965722143,1149252259775.4001,83193353.71816877,-0.021460545430923572,4971.0,sh000300,0.0002007487929978821
2021-03-10,1.013191203187891,1.0044686681321326,1.0148413582663334,1.0000542021741092,846473278680.15,62147291.09819627,0.0065600482800241,5003.61,sh000300,0.0002007487929978821
2021-03-11,1.0086743553454385,1.0294839752275988,1.0315296054282472,1.0078753751493068,944467770732.7501,67021831.63680528,0.02490401929806696,5128.22,sh000300,0.0002007487929978821
2021-03-12,1.034593032009395,1.0331295733084405,1.034593032009395,1.0211729751974865,1001353915996.5001,64889588.73237174,0.003541189730549732,5146.38,sh000300,0.0002007487929978821
2021-03-15,1.0270549148323245,1.0108785770925552,1.0280104790869944,1.0022182741626264,1016957960002.05,66395759.14481014,-0.021537469055918912,5035.54,sh000300,0.0002007487929978821
2021-03-16,1.0146667068164252,1.0196753892017223,1.0206690957270619,1.0057414154797393,803940345492.9,54554497.65866683,0.008702145152257756,5079.36,sh000300,0.0002007487929978821
2021-03-17,1.0163449667258875,1.0239914882511767,1.0285464783642988,1.0077850381924578,743030001687.6001,52895785.19557951,0.004232816732816724,5100.86,sh000300,0.0002007487929978821
2021-03-18,1.0267477691790379,1.0322041213727202,1.0359561163138507,1.026053178355265,711842481670.65,52381392.19287944,0.008020216198837193,5141.77,sh000300,0.0002007487929978821
2021-03-19,1.0175012797735552,1.0051672739317654,1.02179529645578,0.9998815582121312,817812379084.8,56806787.4419585,-0.026193314753479857,5007.09,sh000300,0.0002007487929978821
2021-03-22,1.0054302548505927,1.0152167585092393,1.0180653838818794,1.0030493741656377,833891100913.2001,53039658.08465576,0.0099978230868627,5057.15,sh000300,0.0002007487929978821
2021-03-23,1.0151986911178696,1.0056008913246408,1.016595902717135,0.9970249028877712,787122874515.4501,51342583.57433225,-0.009471738034268262,5009.25,sh000300,0.0002007487929978821
2021-03-24,1.0008130326116413,0.9894285685607314,1.0086281831230488,0.9876619791823502,793957356454.3501,53393160.55928613,-0.01608224784149337,4928.69,sh000300,0.0002007487929978821
2021-03-25,0.9844861332771235,0.9889588163851165,0.9938590944221948,0.9803888504120368,662246512243.8,44120981.21834442,-0.00047477118666405804,4926.35,sh000300,0.0002007487929978821
2021-03-26,0.9944994830718579,1.0113704116353999,1.0139480261374927,0.9944994830718579,726911952100.9501,54985480.713461205,0.022661808438295905,5037.99,sh000300,0.0002007487929978821
2021-03-29,1.0142350969114797,1.0131550684051511,1.0211388479026768,1.0058297449486584,714266889771.6001,53434631.59826151,0.001764592625233652,5046.88,sh000300,0.0002007487929978821
2021-03-30,1.0123962379676192,1.0227608981500997,1.0250313669989057,1.010328525399741,690507563856.0,51176491.384865545,0.009481105158038128,5094.73,sh000300,0.0002007487929978821
2021-03-31,1.0209983237475784,1.0134521766187878,1.0209983237475784,1.0068776536481072,704042808374.4,48392199.749867,-0.0091015618099487,5048.36,sh000300,0.0002007487929978821
2021-04-01,1.0157768476417035,1.0259829162777157,1.0269163981651561,1.0151605488472,599380390801.5,42457029.269575514,0.01236441141281519,5110.78,sh000300,0.0002007487929978821
2021-04-02,1.0298111957601854,1.0361769399861482,1.0378371325042408,1.0271010870547141,632642682944.25,49797820.879881956,0.009935861062303708,5161.56,sh000300,0.0002007487929978821
2021-04-06,1.039605729370552,1.0319170505987332,1.0401096088409767,1.028903811215835,547122637002.15,42930619.73641683,-0.00411116019188007,5140.34,sh000300,0.0002007487929978821
2021-04-07,1.0321820390054903,1.0245696447750108,1.0321820390054903,1.0168307788049422,726100246099.8,49438643.940297306,-0.007120151585303769,5103.74,sh000300,0.0002007487929978821
2021-04-08,1.0194545655294247,1.0262699870517027,1.029666656629227,1.016204442570789,706211199992.1001,45855441.744908504,0.0016595672977073317,5112.21,sh000300,0.0002007487929978821
2021-04-09,1.0238268742409184,1.0108384273339557,1.0238268742409184,1.0081785058267336,639687577107.15,44469830.48370422,-0.015036549750499284,5035.34,sh000300,0.0002007487929978821
2021-04-12,1.0091601674244932,0.9932548405552711,1.012898109950114,0.9902958033464824,760374753543.9,53643729.99929737,-0.017395051774060977,4947.75,sh000300,0.0002007487929978821
2021-04-13,0.9936683830688469,0.9916267678440583,1.002647876579642,0.9885272064801709,662117838991.9501,45319688.71089162,-0.0016391288969732631,4939.64,sh000300,0.0002007487929978821
2021-04-14,0.9928412980416954,0.9998554608690414,1.0011583205355976,0.991753239583647,602050135371.3,44372765.96906461,0.008298175575548017,4980.63,sh000300,0.0002007487929978821
2021-04-15,0.9977034338081041,0.9934997540827285,0.9977034338081041,0.9837293103275216,542117251988.4,42924284.16874943,-0.006356625567448315,4948.97,sh000300,0.0002007487929978821
2021-04-16,0.9970991799411805,0.9969546408102221,0.9995623676312646,0.9872745340118642,554124990436.05,42837618.86556857,0.00347749127596253,4966.18,sh000300,0.0002007487929978821
2021-04-19,0.9970008130326116,1.0212131249560863,1.0214520160197536,0.9918495990042859,770962667763.75,61810508.60188503,0.02433258560905971,5087.02,sh000300,0.0002007487929978821
2021-04-20,1.016949220592811,1.0204803918616439,1.0278057153181366,1.0155720838728457,680162002276.3501,55535264.090256654,-0.0007175124139477962,5083.37,sh000300,0.0002007487929978821
2021-04-21,1.0148333283146134,1.0235659008100213,1.0259387515432563,1.0133778995653788,620861894802.6001,48696637.54925873,0.0030235847479131994,5098.74,sh000300,0.0002007487929978821
2021-04-22,1.0266855370532084,1.0216587872765415,1.027677236090618,1.0172222389512884,603578443439.4,48478594.5271864,-0.0018632054193781222,5089.24,sh000300,0.0002007487929978821
2021-04-23,1.0215764802714122,1.0309353890009736,1.0338522689632328,1.0211067280957973,608008592117.8501,53066976.26306122,0.00907994120929656,5135.45,sh000300,0.0002007487929978821
2021-04-26,1.0351792184849489,1.019249801760567,1.0401015788892567,1.0183905969265359,754086561315.4501,65396004.10009334,-0.011334936568363041,5077.24,sh000300,0.0002007487929978821
2021-04-27,1.0191293524847682,1.0219157457315788,1.023011834141347,1.0122978710590502,617497301721.3,51138348.06066628,0.002615594299265167,5090.52,sh000300,0.0002007487929978821
2021-04-28,1.0185933532074638,1.027681251066478,1.0277234083130073,1.015640338462465,600852026050.65,54640312.73771166,0.005641859770710855,5119.24,sh000300,0.0002007487929978821
2021-04-29,1.0294960201551786,1.0367008943358726,1.037989701586919,1.0265590653136196,697849675248.0,59042719.866702795,0.008776693415428971,5164.17,sh000300,0.0002007487929978821
2021-04-30,1.0351330462625592,1.0285344334367188,1.0365162054463146,1.0228010479086995,797621831787.0,63250946.98585724,-0.007877354928284785,5123.49,sh000300,0.0002007487929978821
2021-05-06,1.0235779457376013,1.0160137312174409,1.030423479578829,1.0112539773354612,791151107950.5,64893706.64578879,-0.012173342780019025,5061.12,sh000300,0.0002007487929978821
2021-05-07,1.0184909713230348,1.0029510072570689,1.022564164332962,1.0029489997691388,858078992294.7001,61155791.614722915,-0.012856838012139549,4996.05,sh000300,0.0002007487929978821
2021-05-10,1.0040330432513274,1.0022222891384864,1.0076364840856393,0.9944492958736084,850917121089.7501,56743013.23135294,-0.000726573993454882,4992.42,sh000300,0.0002007487929978821
2021-05-11,0.9949270780009434,1.0083732321559418,1.0104670420669095,0.9888724944041274,754806515830.9501,54389194.845573984,0.0061373041530961014,5023.06,sh000300,0.0002007487929978821
2021-05-12,1.0045108253786623,1.012687323717466,1.014016280727112,1.00282052054162,630733989027.4501,45839783.31335883,0.004278268625101056,5044.55,sh000300,0.0002007487929978821
2021-05-13,1.0022082367229768,1.0023327009746354,1.0081764983388037,0.9988155821213124,658930019078.1001,47742359.62861473,-0.010224896175080045,4992.97,sh000300,0.0002007487929978821
2021-05-14,1.0052756782799843,1.0259447740070462,1.026424563622311,0.99998795507242,794157606724.3501,63999274.96602326,0.023557121312565377,5110.59,sh000300,0.0002007487929978821
2021-05-17,1.0268923083099963,1.0408804842060886,1.0452367330141425,1.0268923083099963,766578123344.55,67339157.65003462,0.014558006022787895,5184.99,sh000300,0.0002007487929978821
2021-05-18,1.042072932036496,1.0414044385558132,1.0442289740732933,1.0352193682435484,589813060551.0,47814802.178525895,0.0005033760913715213,5187.6,sh000300,0.0002007487929978821
2021-05-19,1.0385076334728536,1.0383269595591558,1.0426009013620805,1.0341855119596093,591435605798.4,50335005.480843544,-0.002955123756650413,5172.27,sh000300,0.0002007487929978821
2021-05-20,1.0372790508597067,1.0411655474921455,1.0442129141698535,1.0342658114768084,689691698427.6001,55625174.05924097,0.0027338093332327507,5186.41,sh000300,0.0002007487929978821
2021-05-21,1.0437190721390788,1.0306744155700762,1.0471378240838325,1.0284601563833096,621515487773.4,53811442.05486464,-0.010076334111649543,5134.15,sh000300,0.0002007487929978821
2021-05-24,1.0316099049454466,1.0349784696919508,1.0349784696919508,1.0222911459744848,631347935433.6001,55911174.986700386,0.004175959019506736,5155.59,sh000300,0.0002007487929978821
2021-05-25,1.0368755457857808,1.067678440583376,1.0688588434862034,1.0361689100344285,911571298971.3,81239685.01711383,0.03159483201728608,5318.48,sh000300,0.0002007487929978821
2021-05-26,1.0692121613618797,1.0681020205366014,1.0728577594427213,1.0657231473395765,844872307659.6001,69548344.19424453,0.0003967298927514129,5320.59,sh000300,0.0002007487929978821
2021-05-27,1.066251116665161,1.071643229245084,1.0797233681632488,1.0611681572264546,739545447735.6001,62612284.76296586,0.0033154217859296953,5338.23,sh000300,0.0002007487929978821
2021-05-28,1.0717436036415828,1.0682023949331003,1.0760697401306873,1.061690104088249,819959131718.1001,66390013.964889035,-0.003210802082338038,5321.09,sh000300,0.0002007487929978821
2021-05-31,1.0675981410661768,1.0703062422837182,1.0703182872112982,1.0602928924889838,720319494033.15,64530859.92833268,0.0019695212822936625,5331.57,sh000300,0.0002007487929978821
2021-06-01,1.0680779306814419,1.0723358125809268,1.0727513625824323,1.0577975849920203,716474917991.25,64610164.29682716,0.0018962519483005646,5341.68,sh000300,0.0002007487929978821
2021-06-02,1.0736727995422928,1.0619550924950063,1.0745360193521836,1.0573017354733154,686202476950.65,59457010.077990904,-0.009680475056536575,5289.97,sh000300,0.0002007487929978821
2021-06-03,1.0610999026368353,1.0549931243538397,1.0668533630441546,1.0549489596193802,707196670425.3,57303468.81226976,-0.006555802773928865,5255.29,sh000300,0.0002007487929978821
2021-06-04,1.0495708994549668,1.0604113342768526,1.070892428759272,1.0481556204643319,720961186558.8,58684101.246449254,0.005135777473745495,5282.28,sh000300,0.0002007487929978821
2021-06-07,1.060935288626577,1.0594778523894124,1.061326748772923,1.0525158842482458,636143152309.5,56302661.265721135,-0.0008803016879074255,5277.63,sh000300,0.0002007487929978821
2021-06-08,1.059345358186034,1.0503417748200787,1.0677908599074548,1.0441225772130045,650362724728.2001,61036108.17790358,-0.00862318881770796,5232.12,sh000300,0.0002007487929978821
2021-06-09,1.048902405974284,1.0512110170937596,1.0546056791833538,1.0469752175615044,606829656013.3501,51206088.88755056,0.0008275804071771198,5236.45,sh000300,0.0002007487929978821
2021-06-10,1.0512150320696196,1.0582412398245455,1.063874250956066,1.0498198279582844,692367634815.4501,60516594.09597799,0.00668773692100566,5271.47,sh000300,0.0002007487929978821
2021-06-11,1.0591004446585763,1.0488522187760345,1.0591707067361258,1.0466239071737582,900663811223.55,73346280.60907184,-0.008872287995568717,5224.7,sh000300,0.0002007487929978821
2021-06-15,1.0476196211870277,1.0371806839511377,1.0490128178104328,1.0313288566352494,711735581899.65,66370887.21089664,-0.01112791165042959,5166.56,sh000300,0.0002007487929978821
2021-06-16,1.0365162054463146,1.01990223533781,1.036771156413422,1.0190048882331095,623405920061.1001,59880709.49120218,-0.01665905360626807,5080.49,sh000300,0.0002007487929978821
2021-06-17,1.0186756602125928,1.0241982595079646,1.028510343581559,1.0185632408885141,600016150539.3,56596561.7127887,0.004212192131074044,5101.89,sh000300,0.0002007487929978821
2021-06-18,1.0248085358386783,1.0243146938079035,1.0294458329569292,1.016776576630833,740157899736.75,71606511.52639344,0.00011368336048023231,5102.47,sh000300,0.0002007487929978821
2021-06-21,1.021427926164594,1.021889648388489,1.0285926505866883,1.0155018217952962,658457343757.9501,66553668.13253435,-0.0023674808475110387,5090.39,sh000300,0.0002007487929978821
2021-06-22,1.0250373894626956,1.0282674375420318,1.0290021781244039,1.0210645708492676,649651492556.55,62972962.33992793,0.006241172090939884,5122.16,sh000300,0.0002007487929978821
2021-06-23,1.029277203970811,1.0333323295893684,1.0380780310558382,1.025778152508858,679237249518.3,72021774.47960894,0.004925656363721664,5147.39,sh000300,0.0002007487929978821
2021-06-24,1.035173196021159,1.0350547542332902,1.0359500938500608,1.027950254449095,631065433112.4,62755563.15296054,0.001666864177767735,5155.97,sh000300,0.0002007487929978821
2021-06-25,1.035823622110472,1.0519176528451122,1.0542543687956074,1.0353578849107168,771765845693.7001,73928883.13087817,0.016291793784680708,5239.97,sh000300,0.0002007487929978821
2021-06-28,1.0546558663816032,1.0542844811145573,1.0560671303963785,1.0491573569413915,663484855928.4,67743236.94901983,0.002250012881753083,5251.76,sh000300,0.0002007487929978821
2021-06-29,1.053634055025244,1.0419946400072269,1.053634055025244,1.0404167544942635,623480700087.3,63215161.10130788,-0.011657044495559599,5190.54,sh000300,0.0002007487929978821
2021-06-30,1.0417617714073493,1.0487197245726558,1.0502032581529104,1.041209712226605,516828367685.85004,56413523.421562426,0.006454049097011083,5224.04,sh000300,0.0002007487929978821
2021-07-01,1.0521645738604994,1.049847932789304,1.0543848555110562,1.0420628945968462,633830062437.0,65062162.03077479,0.0010757957442897315,5229.66,sh000300,0.0002007487929978821
2021-07-02,1.041215734690395,1.0200287070773986,1.041215734690395,1.0186716452367328,649699667192.4,68772313.21469079,-0.028403376127702384,5081.12,sh000300,0.0002007487929978821
2021-07-05,1.0185552109367941,1.0209662039406988,1.0234635189255923,1.0133799070533087,653610848865.15,67290550.97754624,0.0009190887048524665,5085.79,sh000300,0.0002007487929978821
2021-07-06,1.0217671916247602,1.0204261896875344,1.0222550111917452,1.00946731307778,700652875165.65,72837464.22154637,-0.000528924709828682,5083.1,sh000300,0.0002007487929978821
2021-07-07,1.0142672167183595,1.0319471629176828,1.034412358095697,1.0128599676794443,739974865012.3501,67598422.56416433,0.011290354311345396,5140.49,sh000300,0.0002007487929978821
2021-07-08,1.0337177672719242,1.0214620534594034,1.0341011974665502,1.0195890672207333,866261781219.4501,79873903.54823491,-0.010160509990292721,5088.26,sh000300,0.0002007487929978821
2021-07-09,1.0164212512672266,1.0176839611751833,1.020086924227368,1.0050307647525267,800269942353.75,70833324.76858683,-0.0036987103646434205,5069.44,sh000300,0.0002007487929978821
2021-07-12,1.025501119174521,1.0303853373081593,1.0357453300812027,1.0178606201130214,1027214345454.0001,87768003.59420638,0.012480668476202661,5132.71,sh000300,0.0002007487929978821
2021-07-13,1.029562267256868,1.0322703684744094,1.0346693165507341,1.0268180312565869,829306151802.15,72536258.75395223,0.001829442925861846,5142.1,sh000300,0.0002007487929978821
2021-07-14,1.0299918696738835,1.0204221747116744,1.0299918696738835,1.0188262218073414,938250816790.65,74792598.2024953,-0.011477800898465729,5083.08,sh000300,0.0002007487929978821
2021-07-15,1.0184508215644352,1.0341493771768697,1.0346211368404148,1.017330643299507,902008422047.7001,74775729.39383902,0.013452473697049827,5151.46,sh000300,0.0002007487929978821
2021-07-16,1.0320294699228119,1.0227689281018197,1.0320294699228119,1.0219378280988085,846610235917.05,72790359.83096951,-0.011004647226223185,5094.77,sh000300,0.0002007487929978821
2021-07-19,1.020552661427123,1.02652694550674,1.0279984341594144,1.0133036225119696,763140767683.8,68319355.89508867,0.003674356251606836,5113.49,sh000300,0.0002007487929978821
2021-07-20,1.0198480331637005,1.0256235759382495,1.026629327391169,1.0173667780822466,644088779160.75,56920941.132825434,-0.0008800251882764565,5108.99,sh000300,0.0002007487929978821
2021-07-21,1.0283919017936904,1.0326598211328253,1.0359721762172904,1.0282955423730515,836749578871.8,78347339.26827064,0.006860455784802877,5144.04,sh000300,0.0002007487929978821
2021-07-22,1.033934575968362,1.034207594326839,1.0381141658385777,1.0314232085679584,924323684486.4,83957492.24928984,0.0014988219376210754,5151.75,sh000300,0.0002007487929978821
2021-07-23,1.0329388619550925,1.0216567797886114,1.0329388619550925,1.019803868429241,1078645822803.4501,87430349.49481566,-0.012135682049788987,5089.23,sh000300,0.0002007487929978821
2021-07-26,1.017256366246098,0.9887480301524687,1.017256366246098,0.9755588344525079,1136304271589.85,99401498.75194475,-0.03221115964497567,4925.3,sh000300,0.0002007487929978821
2021-07-27,0.9885432663836108,0.9538197476587672,0.9918716813715156,0.9533620404107319,1178742947672.4001,104619454.19293965,-0.035325766958357874,4751.31,sh000300,0.0002007487929978821
2021-07-28,0.9463880273419856,0.9556606140905576,0.9607154686982443,0.9362722956628222,959579338551.9,84255504.031638,0.0019299940437478291,4760.48,sh000300,0.0002007487929978821
2021-07-29,0.9727804711574172,0.9736858482138376,0.9752316139199213,0.9635962138777641,863377808711.55,83446479.58645748,0.018861543373777545,4850.27,sh000300,0.0002007487929978821
2021-07-30,0.9687534503698796,0.9658365704076204,0.9687534503698796,0.9557730334146365,908348051696.2501,84503986.55786082,-0.008061406890750522,4811.17,sh000300,0.0002007487929978821
2021-08-02,0.9625543276421049,0.9904423499653707,0.9914621538338,0.9558573479076956,1131737404779.3,105324751.29352485,0.025476131585456363,4933.74,sh000300,0.0002007487929978821
2021-08-03,0.9855219970489926,0.9905868890963292,0.9951177893542914,0.9818322342336917,1013870907817.3501,94591652.54077709,0.00014593391625838947,4934.46,sh000300,0.0002007487929978821
2021-08-04,0.9892378572073834,0.9994981280175053,0.9995864574864243,0.9876158069599605,874059850521.0001,85479118.81558211,0.008995918499693945,4978.85,sh000300,0.0002007487929978821
2021-08-05,0.9929376574623344,0.9934395294448292,1.0031698234414366,0.9880735142079957,833787473889.15,80053039.36001284,-0.006061640740331664,4948.67,sh000300,0.0002007487929978821
2021-08-06,0.9923093137402511,0.9879972296666566,0.9925722946590784,0.9820229455870396,768022993800.15,74633102.23935278,-0.005478239607813795,4921.56,sh000300,0.0002007487929978821
2021-08-09,0.9817137924458229,1.0008451524185211,1.0043241290011744,0.9804651349533761,908781912337.2001,82085592.25109659,0.01300400685961356,4985.56,sh000300,0.0002007487929978821
2021-08-10,0.9992913567607173,1.012406275407269,1.0125287321709977,0.9919479659128548,832143987046.3501,82326830.60455498,0.011551360328629023,5043.15,sh000300,0.0002007487929978821
2021-08-11,1.011187730233772,1.006823451473998,1.0157467353227538,1.0057474379435292,907931107719.9,74956858.38096099,-0.005514410636209388,5015.34,sh000300,0.0002007487929978821
2021-08-12,1.0033565198189245,0.998394009656017,1.007008140363556,0.9963142521605588,837981297360.9,72636610.69228221,-0.008372313741441206,4973.35,sh000300,0.0002007487929978821
2021-08-13,0.9954650847661778,0.9928995151916647,1.0024872775452436,0.9879410200046171,788619047894.7001,70755732.36010318,-0.005503332763630353,4945.98,sh000300,0.0002007487929978821
2021-08-16,0.9908799823341061,0.9919138386180452,0.9984000321198069,0.9899665753259658,806746429612.2001,68402163.94350928,-0.000992725405278616,4941.07,sh000300,0.0002007487929978821
2021-08-17,0.9906952934445481,0.9711022112479547,0.9972316741445593,0.9682897206580545,934369119728.55,77982300.38684292,-0.020981285430078933,4837.4,sh000300,0.0002007487929978821
2021-08-18,0.9713170124564626,0.9825127726419544,0.985584229174822,0.967388358577494,983688992850.3,79454799.78560029,0.011750113697440723,4894.24,sh000300,0.0002007487929978821
2021-08-19,0.9809710219117308,0.9760687363867224,0.9823581960713461,0.9715378361287601,1004796666459.3,79782581.74671525,-0.006558730262512524,4862.14,sh000300,0.0002007487929978821
2021-08-20,0.9671053027793669,0.9574251959810092,0.9706505264637095,0.9477009244481917,884866137162.15,81290821.80533388,-0.019100642926777045,4769.27,sh000300,0.0002007487929978821
2021-08-23,0.9591235307697711,0.970797073082598,0.9723910184990011,0.9563692573298402,834770109934.2001,78211554.19795838,0.01396649801751626,4835.88,sh000300,0.0002007487929978821
2021-08-24,0.9725455950696096,0.9813383922029169,0.984913728206209,0.9721762172904934,985725298991.4,83808892.14690796,0.01085841666873466,4888.39,sh000300,0.0002007487929978821
2021-08-25,0.9817659871320024,0.9832997079105061,0.9836229134672327,0.9767954470173748,943706869520.2501,74652091.6747468,0.0019986130402851465,4898.16,sh000300,0.0002007487929978821
2021-08-26,0.9821032451042387,0.9639174119465606,0.9821032451042387,0.9633332329589367,984401375713.8,74073838.94566733,-0.019711483495843396,4801.61,sh000300,0.0002007487929978821
2021-08-27,0.9625844399610547,0.9690224537524967,0.9763357322814097,0.9623074066267177,913132319564.8501,73960153.12475534,0.005296140252956771,4827.04,sh000300,0.0002007487929978821
2021-08-30,0.9730354221245243,0.966258142872916,0.9734630170536098,0.9610246218394611,1094082583113.3,95793724.75011793,-0.0028526799032118078,4813.27,sh000300,0.0002007487929978821
2021-08-31,0.9642145201601975,0.9647204071185521,0.9679625001254679,0.9516998404047095,1171208332009.6501,92506178.5419615,-0.0015914336822993036,4805.61,sh000300,0.0002007487929978821
2021-09-01,0.964535718228994,0.9775382175514669,0.9849538779648086,0.9562267256868118,1627512051858.0,114189878.01780641,0.013286554672559792,4869.46,sh000300,0.0002007487929978821
2021-09-02,0.9768074919449545,0.977528180111817,0.9822036195007376,0.9727523663263974,1334294508076.2002,93539729.58495186,-1.026807900672555e-05,4869.41,sh000300,0.0002007487929978821
2021-09-03,0.9786644182801849,0.9722384494163229,0.9809690144238007,0.9693556967488732,1335459566139.6,93635283.59500937,-0.005411333200531332,4843.06,sh000300,0.0002007487929978821
2021-09-06,0.9718369518303271,0.9904403424774407,0.992592369538378,0.9711805032772239,1198050769862.1,90890275.76861693,0.018721634668990017,4933.73,sh000300,0.0002007487929978821
2021-09-07,0.9902897808826923,1.0023045961436157,1.0049404277956777,0.9868027743483191,1216338665620.6501,83864742.99216075,0.011978766572147359,4992.83,sh000300,0.0002007487929978821
2021-09-08,1.0010940809218385,0.9981490961285595,1.0065504331155208,0.9948889357302739,1318141494393.9001,86039141.88402742,-0.004145945285539465,4972.13,sh000300,0.0002007487929978821
2021-09-09,0.994206389834081,0.997723508687404,0.9977516135184236,0.9896815120399087,1277866796452.9502,80635909.94087948,-0.00042637662329825243,4970.01,sh000300,0.0002007487929978821
2021-09-10,0.9973159886376182,1.006458088670742,1.01233601332972,0.9961897879089001,1436144888816.55,94906507.6415028,0.008754509548270617,5013.52,sh000300,0.0002007487929978821
2021-09-13,1.005103034318006,1.002069720055808,1.0097102191173075,0.9967097272827646,1244915564710.9502,86990399.6177743,-0.00436020999218123,4991.66,sh000300,0.0002007487929978821
2021-09-14,1.001702349764622,0.9871139349774658,1.0039406988065482,0.9851385668543666,1223371753984.05,83761596.99037409,-0.014924894724400284,4917.16,sh000300,0.0002007487929978821
2021-09-15,0.9844419685426642,0.9771086151344514,0.9844419685426642,0.9722504943439026,936417734785.5001,72923335.21475102,-0.010135932123420899,4867.32,sh000300,0.0002007487929978821
2021-09-16,0.9770022182741626,0.9651399720959176,0.9795597578969555,0.964826803978841,1079718073335.0001,78998116.7739669,-0.012249040539763167,4807.7,sh000300,0.0002007487929978821
2021-09-17,0.9630140423780701,0.9748240938701355,0.9752296064319913,0.9608017906792335,1006024110950.1001,72349346.76262459,0.010033903945753542,4855.94,sh000300,0.0002007487929978821
2021-09-22,0.9577182892187859,0.967964507613398,0.9697873066538187,0.9566141708572976,952535615006.2501,62624186.25633613,-0.007036742628615533,4821.77,sh000300,0.0002007487929978821
2021-09-23,0.9732743131881919,0.9742740421773213,0.9791201180402902,0.9711343310548345,1136500297675.05,72699352.13546528,0.006518353218838646,4853.2,sh000300,0.0002007487929978821
2021-09-24,0.9727563813022574,0.9735172192277194,0.9830788842382086,0.9713310648719724,1034592965160.15,72640841.25628594,-0.0007768070551388284,4849.43,sh000300,0.0002007487929978821
2021-09-27,0.977817258373734,0.9791261405040801,0.9881979784596545,0.9740732933843235,1075807364890.5001,85535652.96475855,0.005761501867229679,4877.37,sh000300,0.0002007487929978821
2021-09-28,0.9774619330101277,0.9804229777068465,0.9839320666084496,0.9729551226073253,881155385088.0001,64495004.97335059,0.0013244843019906138,4883.83,sh000300,0.0002007487929978821
2021-09-29,0.9728326658435966,0.9704056129362522,0.9772591767291998,0.9635701165346743,937347434024.1001,66616834.68778543,-0.01021739085922313,4833.93,sh000300,0.0002007487929978821
2021-09-30,0.9724171158420909,0.9769199112690334,0.9788651670731828,0.9724171158420909,727844460820.9501,56863036.26446646,0.006712964399567145,4866.38,sh000300,0.0002007487929978821
2021-10-08,0.9868268642034789,0.9896795045519787,0.9911148584219137,0.9819868108043,841689130363.9501,68984479.49411304,0.013061043321729748,4929.94,sh000300,0.0002007487929978821
2021-10-11,0.9919580033525047,0.9909341845082155,1.0004777821273347,0.9898340811225872,814508628212.4,63273274.003232054,0.0012677639078770842,4936.19,sh000300,0.0002007487929978821
2021-10-12,0.9878165557529585,0.9804249851947765,0.9887861724231382,0.9717787346803578,837262005364.9501,60109054.69722063,-0.01060534541822733,4883.84,sh000300,0.0002007487929978821
2021-10-13,0.9796822146606844,0.9917211197767672,0.9943830487719192,0.9776124946048761,653268246556.2001,56218628.86165397,0.011521671471628858,4940.11,sh000300,0.0002007487929978821
2021-10-14,0.9905467393377297,0.9864012767623234,0.994493460608068,0.9843215192668653,595555321726.2001,50016896.66937677,-0.005364253022705934,4913.61,sh000300,0.0002007487929978821
2021-10-15,0.9829785098417095,0.9901151294327841,0.9916629026267978,0.9798568661105925,711446374681.3501,60370881.7954972,0.0037650525784505007,4932.11,sh000300,0.0002007487929978821
2021-10-18,0.9881879410200046,0.9786062011302156,0.9881879410200046,0.9726158571471587,703591772038.65,60734428.262218066,-0.011623828341217002,4874.78,sh000300,0.0002007487929978821
2021-10-19,0.9775241651359571,0.9882300982665342,0.9893181567245827,0.9774077308360184,673809744905.55,56797503.22462786,0.009834289957700859,4922.72,sh000300,0.0002007487929978821
2021-10-20,0.9890431308781756,0.9857127084023407,0.992506047557389,0.9833418651570357,705026326118.4,56159019.43368765,-0.0025473721844834207,4910.18,sh000300,0.0002007487929978821
2021-10-21,0.986628122898411,0.989294066869423,0.9929396649502644,0.9824344806126853,741713814446.55,55166363.020466335,0.003633268026834058,4928.02,sh000300,0.0002007487929978821
2021-10-22,0.9906691961014583,0.9956598110953856,1.0017143946922018,0.9906691961014583,716946915847.8,58067113.16089012,0.006434632976326959,4959.73,sh000300,0.0002007487929978821
2021-10-25,0.9918797113232355,0.9996326297088138,1.0000602246378991,0.9897136318467884,706661738192.8501,60105841.277565315,0.003990136559853141,4979.52,sh000300,0.0002007487929978821
2021-10-26,1.000379415218766,0.9963363345277887,1.0042598893874148,0.9944051311391489,701817131231.7001,60583221.57326829,-0.003297506586980248,4963.1,sh000300,0.0002007487929978821
2021-10-27,0.9935519487689078,0.9832997079105061,0.9935519487689078,0.9806458088670741,732814333790.55,60116327.649332,-0.013084564082932126,4898.16,sh000300,0.0002007487929978821
2021-10-28,0.9801740492035291,0.9764702339727183,0.983400082307005,0.972884860529776,780325847347.2001,63563433.95746133,-0.006945465235925208,4864.14,sh000300,0.0002007487929978821
2021-10-29,0.9758940849368143,0.9854296526042138,0.9854296526042138,0.9747879590873959,796454860885.2001,74022501.52428558,0.009175311565867705,4908.77,sh000300,0.0002007487929978821
2021-11-01,0.9792787095867586,0.9818001144268118,0.9853172332801349,0.9752878235819606,854719828884.9,76230493.31446294,-0.003683203735355467,4890.69,sh000300,0.0002007487929978821
2021-11-02,0.9808947373703916,0.9715940457907997,0.9859234946349883,0.9631726339245383,923730027118.8,77435209.1123892,-0.01039526120036216,4839.85,sh000300,0.0002007487929978821
2021-11-03,0.9707830206670882,0.9678320134100192,0.9753801680267397,0.9644714786152347,711156554757.0,60680324.73445953,-0.0038720208270919265,4821.11,sh000300,0.0002007487929978821
2021-11-04,0.971842974294117,0.9773936784205084,0.9784375721440973,0.9705682194585804,660491991109.5,61968754.71910225,0.009879467591488389,4868.74,sh000300,0.0002007487929978821
2021-11-05,0.9754183102974092,0.9720959177732944,0.9815973581458841,0.9719734610095656,736190518473.3,62647844.52407479,-0.005420293546174015,4842.35,sh000300,0.0002007487929978821
2021-11-08,0.9718550192216968,0.973266283236472,0.9768596866311341,0.9691529404679453,684428842376.4,59400327.920744374,0.0012039608867595586,4848.18,sh000300,0.0002007487929978821
2021-11-09,0.9752878235819606,0.972977204974555,0.9778052134461541,0.9673160890120147,589669926440.1001,52524931.24153091,-0.0002970186750492765,4846.74,sh000300,0.0002007487929978821
2021-11-10,0.9701787668001646,0.967848073313459,0.9701787668001646,0.9543597619119314,673070945943.0,60437223.94611902,-0.0052715846115121145,4821.19,sh000300,0.0002007487929978821
2021-11-11,0.9665592660624128,0.983398074819075,0.983398074819075,0.9654230278940447,799431277286.4,64967253.500356324,0.016066572775601085,4898.65,sh000300,0.0002007487929978821
2021-11-12,0.984257279653106,0.9813343772270569,0.985491884730043,0.9787206279422245,660840675646.8,54558150.99119716,-0.0020985373521276163,4888.37,sh000300,0.0002007487929978821
2021-11-15,0.982546899936764,0.9801318919569996,0.9849398255492988,0.9763216798658997,606843748252.5,54803968.54989109,-0.0012253573276981289,4882.38,sh000300,0.0002007487929978821
2021-11-16,0.9798347837433626,0.9803205958224175,0.9867545946379996,0.978951489054172,633898730346.75,57031646.235659,0.00019252905345346072,4883.32,sh000300,0.0002007487929978821
2021-11-17,0.9803065434069077,0.9808084153894024,0.9819667359250003,0.9765465185140575,540273350491.05005,49419920.09716241,0.00049761228017009,4885.75,sh000300,0.0002007487929978821
2021-11-18,0.9779316851857428,0.9711463759824143,0.9779316851857428,0.9696989771848996,570267767444.1001,49080011.34150381,-0.009851097579696044,4837.62,sh000300,0.0002007487929978821
2021-11-19,0.9700302126933462,0.9816736426872233,0.9822257018679675,0.9695303481987814,633619316462.55,53455525.404157504,0.01084004117727333,4890.06,sh000300,0.0002007487929978821
2021-11-22,0.9827436337539021,0.9861583707227959,0.987483312756582,0.9823180463127466,687888748608.6001,63466491.96061308,0.0045684511028492025,4912.4,sh000300,0.0002007487929978821
2021-11-23,0.98482539873729,0.986349082076144,0.989193692472924,0.9830427494554689,768644282716.2001,60429832.587551564,0.00019338816057334896,4913.35,sh000300,0.0002007487929978821
2021-11-24,0.9864855912553825,0.9870135605809669,0.990793660353117,0.983590793660353,683195509929.9,58158398.782659315,0.0006736747840068169,4916.66,sh000300,0.0002007487929978821
2021-11-25,0.9872042719343148,0.9829544199865496,0.987951057444267,0.9820088931715296,577757052821.8501,51281478.44259086,-0.00411254794921756,4896.44,sh000300,0.0002007487929978821
2021-11-26,0.9810493139409998,0.9756652313127967,0.9810493139409998,0.9737942525620564,599599993616.25,48790255.12039909,-0.007415591736036675,4860.13,sh000300,0.0002007487929978821
2021-11-29,0.9676111897377216,0.9739167093257851,0.975344033244,0.9673502163068244,665642169023.7001,57413195.41730655,-0.001792133132241358,4851.42,sh000300,0.0002007487929978821
2021-11-30,0.975073022373453,0.9700241902295561,0.9778975578909331,0.9656458590542725,645735374365.9501,56062760.74076304,-0.003996767956598313,4832.03,sh000300,0.0002007487929978821
2021-12-01,0.9699960853985365,0.9723970409627912,0.9725315426540998,0.9683981250062734,613138376385.15,51385450.00050187,0.0024461768656238725,4843.85,sh000300,0.0002007487929978821
2021-12-02,0.9716060907183794,0.974868258604595,0.9770142632017424,0.9696809097935297,737680759064.7001,55818548.24736266,0.002541366887909291,4856.16,sh000300,0.0002007487929978821
2021-12-03,0.9750328726148533,0.9838738494584801,0.9838738494584801,0.9743041544962711,717611412993.75,60235216.77617513,0.0092377516391553,4901.02,sh000300,0.0002007487929978821
2021-12-06,0.9855621468075924,0.9821875595972979,0.9924819577022291,0.9813986168408161,864840482512.05,66930809.9627611,-0.0017139289372417599,4892.62,sh000300,0.0002007487929978821
2021-12-07,0.9898581709777469,0.9881056340148755,0.9905146195308501,0.9827095064590924,891927952971.0001,68378605.17008442,0.006025401523110485,4922.1,sh000300,0.0002007487929978821
2021-12-08,0.9905768516566793,1.002926917401909,1.002926917401909,0.9868389091310588,784515601056.0,66059368.04761761,0.014999695252026601,4995.93,sh000300,0.0002007487929978821
2021-12-09,1.0038824816565788,1.0195408875104137,1.026729701787668,1.0036255232015416,1098730272327.6001,85454938.40826282,0.016565484304223554,5078.69,sh000300,0.0002007487929978821
2021-12-10,1.0130326116414226,1.0148092384594536,1.0158009374968633,1.0109327792666647,964863360359.2501,71650782.3846949,-0.00464096056266472,5055.12,sh000300,0.0002007487929978821
2021-12-13,1.02181537133508,1.020566713842633,1.0326196713742257,1.0197496662551315,1055057875253.2501,85594574.15519889,0.005673455823007156,5083.8,sh000300,0.0002007487929978821
2021-12-14,1.01706364740482,1.0137211800014052,1.0188422817107812,1.011545063085308,792571594697.8501,63975736.74927479,-0.006707580943388858,5049.7,sh000300,0.0002007487929978821
2021-12-15,1.0110271311993735,1.004928382868098,1.0158631696226925,1.0045027954269423,749841375143.8501,58432466.97060034,-0.008673782600946645,5005.9,sh000300,0.0002007487929978821
2021-12-16,1.0050709145111263,1.0107159705702269,1.0107159705702269,1.0011783954148976,717582735361.8,58513207.83964186,0.005759204139115903,5034.73,sh000300,0.0002007487929978821
2021-12-17,1.0080279442319853,0.9946620895941863,1.0081825208025936,0.9946620895941863,742248044308.65,59811759.9317454,-0.015883672014189276,4954.76,sh000300,0.0002007487929978821
2021-12-20,0.9906892709807582,0.9797384243227237,0.9980567516837805,0.9781846286649202,845213993400.15,63745153.332329586,-0.015003753965883382,4880.42,sh000300,0.0002007487929978821
2021-12-21,0.9789534965421021,0.9863771869071636,0.9872424142049846,0.9782388308390295,714026205883.65,51998589.87623837,0.00677605615910104,4913.49,sh000300,0.0002007487929978821
2021-12-22,0.9886034910215101,0.9865699057484416,0.9910305439288546,0.9843054593634255,663798461799.0,49111676.84583496,0.0001953804729428743,4914.45,sh000300,0.0002007487929978821
2021-12-23,0.9885452738715408,0.9934535818603389,0.9934535818603389,0.9850241400423579,695174326659.4501,52869152.78789886,0.0069773830235326795,4948.74,sh000300,0.0002007487929978821
2021-12-24,0.99432081664609,0.987953064932197,0.9966996898431147,0.9848695634717495,710705762507.4,58314244.70233972,-0.0055367628931808355,4921.34,sh000300,0.0002007487929978821
2021-12-27,0.9873126762825337,0.9875475523703412,0.9916368052837081,0.9824967127385146,618190272263.8501,51074813.95204111,-0.00041045731447131306,4919.32,sh000300,0.0002007487929978821
2021-12-28,0.988424824595742,0.9949029881457837,0.995541369307517,0.9863992692743935,649855742850.6001,55470250.72319752,0.007448183895335303,4955.96,sh000300,0.0002007487929978821
2021-12-29,0.9954430023989479,0.9803527156292972,0.9954430023989479,0.9803527156292972,565816617394.05,54849682.48687604,-0.01462481537381266,4883.48,sh000300,0.0002007487929978821
2021-12-30,0.98008772722254,0.9879871922270067,0.9917351721922771,0.9793830989591173,605817729630.3,53805188.71390285,0.007787479420413357,4921.51,sh000300,0.0002007487929978821
2021-12-31,0.9911891354753228,0.9917733144629467,0.9937787949049955,0.9883144127595933,604306188786.3,53594986.83047768,0.003832157203784936,4940.37,sh000300,0.0002007487929978821
2022-01-04,0.9953085007076393,0.9872363917411947,0.9960050990193421,0.9785560139319661,754847756427.6001,67555373.59470826,-0.004574556156724974,4917.77,sh000300,0.0002007487929978821
2022-01-05,0.9852610236180955,0.9772692141688497,0.9869372760396277,0.9740291286498638,890745579735.0001,73061425.09962158,-0.010096039465042228,4868.12,sh000300,0.0002007487929978821
2022-01-06,0.9720577755026247,0.9672538568861853,0.9751493069147922,0.9608700452688528,785388657363.75,64590939.69305509,-0.010248309408971035,4818.23,sh000300,0.0002007487929978821
2022-01-07,0.9684764170355424,0.9680849568891966,0.9749666255131639,0.9672458269344654,932206909966.2001,66692553.14964818,0.000859236690652132,4822.37,sh000300,0.0002007487929978821
2022-01-10,0.966049364128198,0.9724371907213908,0.97250544531101,0.9597438445401346,778145136850.9501,61235170.80951951,0.004495714762658309,4844.05,sh000300,0.0002007487929978821
2022-01-11,0.9716261655976793,0.9631465365814488,0.9738083049775663,0.9619661336786213,731899817706.75,57503639.85987734,-0.009553988914234979,4797.77,sh000300,0.0002007487929978821
2022-01-12,0.9673863510895641,0.9727443363746775,0.9741796902446123,0.9657863832093709,713330341176.75,58850119.43188091,0.009965046261075416,4845.58,sh000300,0.0002007487929978821
2022-01-13,0.9742399148825116,0.9567526875244662,0.9742459373463017,0.9566161783452276,709940268490.2001,57976074.21923775,-0.016439724449911042,4765.92,sh000300,0.0002007487929978821
2022-01-14,0.9523342065905828,0.9488853423268792,0.9563772872815602,0.9483252531944151,731576637681.4501,56576721.230991594,-0.008222966394736075,4726.73,sh000300,0.0002007487929978821
2022-01-17,0.9492928623766649,0.9570257058829432,0.9586236662752065,0.9488813273510193,574328185381.5,52955170.966906555,0.00857886953559861,4767.28,sh000300,0.0002007487929978821
2022-01-18,0.9569253314864443,0.9662742027763558,0.9688738996456784,0.9531392092505043,751540269542.7001,56761599.75588946,0.00966379151214114,4813.35,sh000300,0.0002007487929978821
2022-01-19,0.9667680448071306,0.9596555150712156,0.9693657341885231,0.9547472070824174,667139054736.0,55313229.78389392,-0.006849699273894561,4780.38,sh000300,0.0002007487929978821
2022-01-20,0.9592299276300601,0.9683138105132143,0.9726279020747387,0.9590914109628914,821779859975.25,61096744.61742298,0.009022295298700023,4823.51,sh000300,0.0002007487929978821
2022-01-21,0.9653547733044255,0.9594407138627079,0.9672699167896253,0.9560781715799934,692171464271.1001,55145523.484196045,-0.009163451511451148,4779.31,sh000300,0.0002007487929978821
2022-01-24,0.9543477169843515,0.960932277394682,0.9638150300621318,0.9528441085247974,570184648638.0,49436718.190851875,0.0015546177167833353,4786.74,sh000300,0.0002007487929978821
2022-01-25,0.9559557148162645,0.9391931906009414,0.9598582713521435,0.9391530408423419,665845034502.4501,50298768.17168036,-0.022622912462343936,4678.45,sh000300,0.0002007487929978821
2022-01-26,0.9429371555903521,0.9459905447318498,0.9473315466690755,0.9331064871972456,533357343778.05005,45480331.73657743,0.007237439750344743,4712.31,sh000300,0.0002007487929978821
2022-01-27,0.9451453923133287,0.9274353337950555,0.9452136469029478,0.9266624509420136,604057445074.05,50294730.018167764,-0.019614583930174456,4619.88,sh000300,0.0002007487929978821
2022-01-28,0.9318377548254991,0.9161713190199444,0.9355937647424895,0.9153803687755326,630041710892.55,52991235.599987954,-0.012145337108323107,4563.77,sh000300,0.0002007487929978821
2022-02-07,0.9311893362241158,0.9302879741435555,0.9380288476015537,0.9264576871731558,721547152722.0,53405561.168759465,0.015408313740613577,4634.09,sh000300,0.0002007487929978821
2022-02-08,0.9287522458771215,0.9252050147048491,0.9287522458771215,0.9078803938691319,776247292314.4501,56483658.69011412,-0.005463855902669068,4608.77,sh000300,0.0002007487929978821
2022-02-09,0.9250805504531903,0.9338954299537274,0.9353809710219116,0.9224969134873076,738911277048.4501,54959391.0020376,0.00939296167958048,4652.06,sh000300,0.0002007487929978821
2022-02-10,0.9349292862376665,0.9314462946791531,0.9349292862376665,0.9250685055256105,755056425179.1001,57659949.5381774,-0.0026224941208842223,4639.86,sh000300,0.0002007487929978821
2022-02-11,0.9270318287211298,0.9237254961004545,0.9360113222319251,0.9226173627631064,776963994008.4,61818185.28712095,-0.00828904320388979,4601.4,sh000300,0.0002007487929978821
2022-02-14,0.9193130376303612,0.9137462736005298,0.9221656779788611,0.9094040772079858,715689951876.9,55353981.33919519,-0.010803233798409195,4551.69,sh000300,0.0002007487929978821
2022-02-15,0.9141718610416855,0.9234645226695575,0.9237355335401045,0.9135154124885824,572982772560.0,50182582.65891776,0.010635610070105939,4600.1,sh000300,0.0002007487929978821
2022-02-16,0.9274293113312656,0.9270559185762894,0.9320967207684664,0.9248938540757023,534294390507.9,42195575.48054242,0.003889045890306697,4617.99,sh000300,0.0002007487929978821
2022-02-17,0.9268371023919217,0.9292982825940758,0.9335140072470314,0.9248396519015928,548021441908.05005,45759934.60407319,0.0024188012533592484,4629.16,sh000300,0.0002007487929978821
2022-02-18,0.9243618697742578,0.9337308159434691,0.9337508908227689,0.9230630250835616,520801278247.80005,39311773.08641232,0.00476976384484451,4651.24,sh000300,0.0002007487929978821
2022-02-21,0.9326889297078101,0.930332138878015,0.9328133939594687,0.9261144067371294,560484132032.55,43168855.99285334,-0.0036398895778329,4634.31,sh000300,0.0002007487929978821
2022-02-22,0.9238298854728135,0.9182550914912623,0.9238599977917632,0.9135676071747618,614286323511.3,49559448.94938119,-0.0129814362871713,4574.15,sh000300,0.0002007487929978821
2022-02-23,0.9198329770042257,0.9280717074688588,0.9285233922531041,0.9192869402872714,612471508116.6001,52004004.50480291,0.01069051080528638,4623.05,sh000300,0.0002007487929978821
2022-02-24,0.9218525098617844,0.9092555231011672,0.9256285946580746,0.9010569423951337,918576177949.65,68725679.9831371,-0.02027449411103066,4529.32,sh000300,0.0002007487929978821
2022-02-25,0.9163439629819226,0.9181085448723739,0.9258253284752124,0.9157959187770383,745820588827.05,54548987.64712377,0.0097365608965585,4573.42,sh000300,0.0002007487929978821
2022-02-28,0.9161652965561543,0.9197607074387464,0.9197607074387464,0.9095285414596445,674509554841.65,49858718.80032521,0.001799528580362031,4581.65,sh000300,0.0002007487929978821
2022-03-01,0.9230148453732421,0.9273971915243858,0.928147992010198,0.9202164071988517,613399553547.0,52281245.82131349,0.008302685713662106,4619.69,sh000300,0.0002007487929978821
2022-03-02,0.9222439700081303,0.919148423620103,0.9222439700081303,0.9151013279532655,564378606257.4,43221145.59948608,-0.008894536213468696,4578.6,sh000300,0.0002007487929978821
2022-03-03,0.9224447188011282,0.9137342286729501,0.9233239985144588,0.9122888373633653,688850358375.3,48722087.53691268,-0.005890446861486098,4551.63,sh000300,0.0002007487929978821
2022-03-04,0.9060515723649211,0.902652895299467,0.911277063446656,0.8996537083320786,633960504068.1001,50181232.496411614,-0.0121275235465097,4496.43,sh000300,0.0002007487929978821
2022-03-07,0.8958455037289088,0.8738153311853212,0.8958455037289088,0.8709084886627119,807963542783.1001,61609508.70908488,-0.031947567292274215,4352.78,sh000300,0.0002007487929978821
2022-03-08,0.8755939654912824,0.8562718941652363,0.8800124464251657,0.8536922721752135,836185739865.3,63271341.67565017,-0.02007682446620307,4265.39,sh000300,0.0002007487929978821
2022-03-09,0.8594015678480732,0.8484346612865991,0.8641191644835234,0.8166842321860539,967542061396.3501,68457223.7678541,-0.009152738671024174,4226.35,sh000300,0.0002007487929978821
2022-03-10,0.8684794282674374,0.8617824485330282,0.8703805193371275,0.8609132062593473,723622696957.05,60553099.464201465,0.01573225123333377,4292.84,sh000300,0.0002007487929978821
2022-03-11,0.8494082929326386,0.8645286920212393,0.866439820530579,0.8384172965160046,759157346473.3501,59222667.256065115,0.0031867015775104424,4306.52,sh000300,0.0002007487929978821
2022-03-14,0.8528109849739527,0.8380780310558382,0.8592771035964145,0.8380780310558382,648508188048.6001,52333536.250213295,-0.030595469195545455,4174.76,sh000300,0.0002007487929978821
2022-03-15,0.8281871380248326,0.7997450490328927,0.8358015397432422,0.7997450490328927,1008846414345.0001,69657612.79653105,-0.04573915626287506,3983.81,sh000300,0.0002007487929978821
2022-03-16,0.8136549328997159,0.8343280436026378,0.8368394110030413,0.7915243859596294,976454105017.05,76060422.99697873,0.04324252411636098,4156.08,sh000300,0.0002007487929978821
2022-03-17,0.8507071376233349,0.8507131600871248,0.8637698615837072,0.8467182591064671,893690778015.7501,77296153.88599476,0.01963869800388829,4237.7,sh000300,0.0002007487929978821
2022-03-18,0.8468527607977757,0.8563742760496651,0.8598813574633382,0.8421291416985354,744504122630.4,55364768.66070443,0.006654553177431133,4265.9,sh000300,0.0002007487929978821
2022-03-21,0.8592329388619551,0.8549389221797303,0.8607746895921787,0.8477661678059161,632812571886.0,50431016.67138426,-0.0016760824210599878,4258.75,sh000300,0.0002007487929978821
2022-03-22,0.8536982946390034,0.8542463388438877,0.8598733275116183,0.850510403806197,629555311953.15,45412094.26039126,-0.0008100968594070279,4255.3,sh000300,0.0002007487929978821
2022-03-23,0.8571190540716873,0.8585062282313027,0.8607265098818593,0.8515683499452958,583261678695.3,45447675.40044365,0.004986722440251112,4276.52,sh000300,0.0002007487929978821
2022-03-24,0.8530880183082898,0.8534453511598261,0.8579923113212281,0.8465275477531191,542560034227.2,44083317.275838874,-0.0058949800304920474,4251.31,sh000300,0.0002007487929978821
2022-03-25,0.8529956738635108,0.8380398887851686,0.8541539943991087,0.83791140955765,542010959942.10004,43565135.26654421,-0.018050906661711497,4174.57,sh000300,0.0002007487929978821
2022-03-28,0.8288596464813754,0.8328003452879239,0.8379495518283195,0.821323536792235,590036030758.3501,42853639.09462294,-0.006252140939066675,4148.47,sh000300,0.0002007487929978821
2022-03-29,0.8341955493992592,0.8299236150842643,0.8385698655986831,0.8280325614542242,499464880972.2,40042127.953265674,-0.003454285555879566,4134.14,sh000300,0.0002007487929978821
2022-03-30,0.8355506037519949,0.8540054402922903,0.8540054402922903,0.8352635329780078,689149971633.75,53975163.64840856,0.029016917666068398,4254.1,sh000300,0.0002007487929978821
2022-03-31,0.8501149286839913,0.847681853312857,0.8526523934274843,0.8460638180412939,667646275718.4,47954312.94086944,-0.0074046214240379715,4222.6,sh000300,0.0002007487929978821
2022-04-01,0.8429080470153671,0.8584339586658234,0.8613468236522227,0.8411535025645658,666519843042.9,49135048.14237104,0.012684128262208105,4276.16,sh000300,0.0002007487929978821
2022-04-06,0.8549549820831701,0.8559607335360896,0.8587069770243007,0.8505184337579169,792344465063.25,50928147.82177522,-0.002881089575693996,4263.84,sh000300,0.0002007487929978821
2022-04-07,0.8511788972868801,0.8449717446073856,0.8588254188121692,0.8442972286629126,671886246416.55,43561722.035994254,-0.012838192802731796,4209.1,sh000300,0.0002007487929978821
2022-04-08,0.8457968221466068,0.8493219709516496,0.8507352424543547,0.8382326076264466,711554933241.9,45987887.58870587,0.005148369010002263,4230.77,sh000300,0.0002007487929978821
2022-04-11,0.8439057685165667,0.8230841037068264,0.8439057685165667,0.8208798819597097,738221479625.8501,53243585.24817569,-0.030892721655868982,4100.07,sh000300,0.0002007487929978821
2022-04-12,0.8236662752065204,0.8391239322673573,0.8391239322673573,0.8182119305007678,718737487012.05,50755400.20275628,0.019487472165109487,4179.97,sh000300,0.0002007487929978821
2022-04-13,0.8339927931183313,0.8310478083250523,0.8419484677848373,0.8310478083250523,623154381811.5,44421899.71473596,-0.009624470989026301,4139.74,sh000300,0.0002007487929978821
2022-04-14,0.8376524436146827,0.8414526182661326,0.8465697049996487,0.8342216467423489,621629221956.6001,49382962.48205807,0.012520109958596315,4191.57,sh000300,0.0002007487929978821
2022-04-15,0.8355907535105944,0.8408865066698786,0.8454174069278407,0.8337037148564144,621484498795.05,45415347.14886527,-0.0006727789348620616,4188.75,sh000300,0.0002007487929978821
2022-04-18,0.8336956849046945,0.836395756170516,0.8374717697009846,0.8270830196633442,585331584042.15,42730450.333343364,-0.005340495374515086,4166.38,sh000300,0.0002007487929978821
2022-04-19,0.8355024240416754,0.8300761841669425,0.8405231513545524,0.8261655976793439,549031804147.2,41870292.38901101,-0.0075557198335246545,4134.9,sh000300,0.0002007487929978821
2022-04-20,0.8292009194294718,0.8172061790478484,0.83033113513405,0.8151404739679002,584470054578.3,43469468.605900005,-0.015504607124718794,4070.79,sh000300,0.0002007487929978821
2022-04-21,0.8127776606743151,0.8021580495247271,0.8203478976582653,0.7986529755989842,661442721607.8,45575332.360906176,-0.018414116178923523,3995.83,sh000300,0.0002007487929978821
2022-04-22,0.7964106115811977,0.8056550934987503,0.8104389372358898,0.7937045178515864,608231856224.8501,41428882.987945035,0.00435954482548051,4013.25,sh000300,0.0002007487929978821
2022-04-25,0.7896353398175192,0.7658385778955503,0.7946058799321468,0.7658385778955503,838682517019.05,54782192.45144388,-0.04942129197034828,3814.91,sh000300,0.0002007487929978821
2022-04-26,0.7673602537464742,0.7596575225591455,0.7772692141688498,0.7576058698947072,784949227573.5,52119676.9229225,-0.008070963666246378,3784.12,sh000300,0.0002007487929978821
2022-04-27,0.7544300239894807,0.7820249530749696,0.7820630953456392,0.7542312826844129,860448745023.4501,59607155.220171236,0.02944409796729497,3895.54,sh000300,0.0002007487929978821
2022-04-28,0.7795918777038353,0.7871580997119254,0.7916388127716382,0.777616509580736,762428424671.1001,53901500.85418611,0.006563916684208193,3921.11,sh000300,0.0002007487929978821
2022-04-29,0.7908739598703162,0.806255332389814,0.8064942234534814,0.7826332219177532,893944991250.3,64523648.64625051,0.024260987322467287,4016.24,sh000300,0.0002007487929978821
2022-05-05,0.8020616901040881,0.8050448171680368,0.8109648990735442,0.8007728828530417,767978296146.6001,58325198.94406135,-0.001501404298547837,4010.21,sh000300,0.0002007487929978821
2022-05-06,0.788711895369729,0.7846908970459815,0.7924036656729601,0.7833318277173859,612733696492.5,43125894.18370522,-0.02528296523124718,3908.82,sh000300,0.0002007487929978821
2022-05-09,0.7796982745641241,0.7783913999217079,0.7857528581609403,0.7738745520792556,462950200656.9,34479910.67481706,-0.00802799821941147,3877.44,sh000300,0.0002007487929978821
2022-05-10,0.7669868609914983,0.786909171208608,0.7894807632469109,0.7645658305479438,679540419460.65,47991049.36613568,0.01094278699348017,3919.87,sh000300,0.0002007487929978821
2022-05-11,0.7865197185501921,0.7982615154526383,0.8096801067983579,0.7862366627520652,825072238425.6001,62090580.16160277,0.014426498837971646,3976.42,sh000300,0.0002007487929978821
2022-05-12,0.7929476949019844,0.7947122767924357,0.8001706364740481,0.7900649422345348,564765871350.4501,40557109.69917793,-0.004446210410369189,3958.74,sh000300,0.0002007487929978821
2022-05-13,0.7997470565208227,0.8007066357513525,0.8037680548445701,0.7943910787236391,547790870160.60004,39291967.96209863,0.007542804023502381,3988.6,sh000300,0.0002007487929978821
2022-05-16,0.8060064038864966,0.7942706294478403,0.8066146727292802,0.792506047557389,560029743248.25,40093129.06742148,-0.008037908037908048,3956.54,sh000300,0.0002007487929978821
2022-05-17,0.7953185381472894,0.8041775823822859,0.8041775823822859,0.7939815511859234,546262088864.25006,42180842.099430874,0.012473019355295323,4005.89,sh000300,0.0002007487929978821
2022-05-18,0.8060084113744266,0.8013711142561755,0.8064761560621116,0.795918777038353,538355575573.2,40511240.35371937,-0.0034898611794133005,3991.91,sh000300,0.0002007487929978821
2022-05-19,0.790608971463559,0.8029148724743291,0.8029148724743291,0.7896955644554187,579298227717.0,42198737.91964026,0.0019263961361855042,3999.6,sh000300,0.0002007487929978821
2022-05-20,0.8071747618617443,0.818573278328164,0.818573278328164,0.8071747618617443,732603029904.9,53320704.03083501,0.019501950195019546,4077.6,sh000300,0.0002007487929978821
2022-05-23,0.8192498017605668,0.813831591837554,0.8192498017605668,0.8088329468919068,649955643824.8501,45365521.876599714,-0.00579262311163431,4053.98,sh000300,0.0002007487929978821
2022-05-24,0.8136087606773263,0.7947945837975648,0.8141929396649502,0.7947945837975648,725057096614.9501,49728093.455790095,-0.023391827290711875,3959.15,sh000300,0.0002007487929978821
2022-05-25,0.7949190480492235,0.7996185772933039,0.799706906762223,0.7923173436919709,536660840601.60004,37881405.00707639,0.006069484611595843,3983.18,sh000300,0.0002007487929978821
2022-05-26,0.8005219468617945,0.801597960392263,0.8061569654812449,0.7905969265359791,628963632181.5,43559883.446856774,0.002475409095245462,3993.04,sh000300,0.0002007487929978821
2022-05-27,0.8075541770805102,0.8032561454224256,0.81326146526544,0.7996587270519036,561743531883.6001,41543844.145061076,0.002068599362891499,4001.3,sh000300,0.0002007487929978821
2022-05-30,0.8071827918134642,0.8088209019643269,0.8111897377217019,0.8036737029118612,553688215705.3501,42387047.76496331,0.006927748481743379,4029.02,sh000300,0.0002007487929978821
2022-05-31,0.8093709536571411,0.8213677015266945,0.8223072058779246,0.8070864323928252,674552070663.9,53754522.26243889,0.015512457123568524,4091.52,sh000300,0.0002007487929978821
2022-06-01,0.8203840324410049,0.8196934565930921,0.8220462324470273,0.8148092384594536,572112431088.0,45252037.51111646,-0.0020383622712342175,4083.18,sh000300,0.0002007487929978821
2022-06-02,0.8158430947433928,0.8209762413803486,0.8212934244732853,0.8146205345940357,567344068669.9501,44698231.60388248,0.0015649567249056417,4089.57,sh000300,0.0002007487929978821
2022-06-06,0.8211689602216267,0.8363375390205466,0.8364439358808354,0.815825027352023,836224265626.2001,65057790.859104455,0.018711013627349615,4166.09,sh000300,0.0002007487929978821
2022-06-07,0.8362572395033473,0.838955303281239,0.8427615003964788,0.8341453622010098,712297587769.3501,57360700.243909776,0.0031300331965944395,4179.13,sh000300,0.0002007487929978821
2022-06-08,0.8405653086010819,0.8471217641803929,0.8481255081453823,0.8347195037489836,783935258836.9501,64135275.47030423,0.009734083409705052,4219.81,sh000300,0.0002007487929978821
2022-06-09,0.84549770644504,0.8382607124574663,0.8486554849588965,0.8352916378090276,839104198259.2501,57248096.52644363,-0.010460186596079057,4175.67,sh000300,0.0002007487929978821
2022-06-10,0.8322342336916698,0.8509721260300921,0.8514458931815673,0.8311441677456914,920534620608.9,65060965.63220813,0.015164033556291479,4238.99,sh000300,0.0002007487929978821
2022-06-13,0.8420327822778965,0.8410069559456774,0.846804581087456,0.8344545153422265,839236039649.7001,67569167.12457466,-0.011710336660383569,4189.35,sh000300,0.0002007487929978821
2022-06-14,0.8317464141246851,0.8476236361628876,0.8479809690144238,0.8236582452548004,853733177871.7501,67334870.34960403,0.007867568954611048,4222.31,sh000300,0.0002007487929978821
2022-06-15,0.8488241139450149,0.8588475011793991,0.8729400664478504,0.8488241139450149,1280439026115.1501,92297634.34892148,0.013241566820058281,4278.22,sh000300,0.0002007487929978821
2022-06-16,0.8596223915203709,0.8531944151685789,0.8638059963664468,0.8513916910074577,916939097122.9501,67699702.01973361,-0.00658217669965544,4250.06,sh000300,0.0002007487929978821
2022-06-17,0.847005329880454,0.8650345789795938,0.8669878647354633,0.8468949180443053,790286684322.3,69594734.03474961,0.013877451141866226,4309.04,sh000300,0.0002007487929978821
2022-06-20,0.8678029048350346,0.8693285956618185,0.8769429973802281,0.8627962299376675,825242236957.05,72183102.45375249,0.004963982696842173,4330.43,sh000300,0.0002007487929978821
2022-06-21,0.8688247161913939,0.8683529565278487,0.8747307456813915,0.8606381804129403,820267023980.25,63670153.53187388,-0.0011222903961040087,4325.57,sh000300,0.0002007487929978821
2022-06-22,0.8696236963875253,0.8573218103526151,0.8698806548425627,0.8570467845062081,789872021804.25,59954884.55780059,-0.012703528089939575,4270.62,sh000300,0.0002007487929978821
2022-06-23,0.8587953064932197,0.87202866692764,0.87202866692764,0.8553705320846757,851224843986.0001,65673919.67558995,0.017154417859701843,4343.88,sh000300,0.0002007487929978821
2022-06-24,0.8741706565489274,0.8822447730033024,0.8834332058578497,0.8724783442239553,841709658507.3,71477561.13985164,0.01171533283608217,4394.77,sh000300,0.0002007487929978821
2022-06-27,0.8861714193943409,0.8921798307687675,0.8978871189536971,0.8861714193943409,883620142123.9501,76572207.76857679,0.01126111264070695,4444.26,sh000300,0.0002007487929978821
2022-06-28,0.891842572796531,0.9014664699328495,0.902945988537244,0.8847701928192157,870523241461.5001,72608022.11127505,0.010408931970676827,4490.52,sh000300,0.0002007487929978821
2022-06-29,0.8978951489054171,0.8875826834091158,0.9039979122125528,0.8861051722926515,932890724787.4501,79481687.91833538,-0.015401334366621389,4421.36,sh000300,0.0002007487929978821
2022-06-30,0.8869222198801529,0.9003603440834311,0.9063808003854377,0.8869222198801529,780409618710.15,71134107.5909141,0.014396022943166997,4485.01,sh000300,0.0002007487929978821
2022-07-01,0.9012657211398517,0.8966886486594999,0.9035683097955373,0.8931895971975468,721197855478.65,63936910.94341895,-0.004078028811529966,4466.72,sh000300,0.0002007487929978821
2022-07-04,0.8927740471960413,0.9025725957822678,0.9025725957822678,0.8888795206118822,728998908608.8501,71660999.87513424,0.006561861947916858,4496.03,sh000300,0.0002007487929978821
2022-07-05,0.9044656569002378,0.9012697361157115,0.9094562718941651,0.8912142290744476,771922020978.9,72649352.54258384,-0.001443495706211828,4489.54,sh000300,0.0002007487929978821
2022-07-06,0.8984472080861612,0.8881066377588405,0.9002298573679824,0.8819737621327551,746207405598.6001,69192629.8212332,-0.014605059761133576,4423.97,sh000300,0.0002007487929978821
2022-07-07,0.8883696186776676,0.8920212392222991,0.8948056249811798,0.8815260923243697,660830399121.75,65872330.24943037,0.0044078056587182335,4443.47,sh000300,0.0002007487929978821
2022-07-08,0.8969576520421171,0.8890722394531602,0.8992522107460827,0.8886928242343943,613681099449.0,61033878.189647384,-0.003305974834982739,4428.78,sh000300,0.0002007487929978821
2022-07-11,0.8845292942676181,0.8741847089644372,0.8845292942676181,0.8693587079807682,669735429001.65,60063081.746112995,-0.01674501781528992,4354.62,sh000300,0.0002007487929978821
2022-07-12,0.8737892338422314,0.8659540084515241,0.877340479990364,0.8625412789705601,648511186821.3,58432415.279030785,-0.009415287671484585,4313.62,sh000300,0.0002007487929978821
2022-07-13,0.8659018137653446,0.8675278789886275,0.8715448623365152,0.8601965330683448,653120634211.65,57429320.44656569,0.0018174989915662465,4321.46,sh000300,0.0002007487929978821
2022-07-14,0.8649904142451342,0.8676503357523562,0.8736788220060827,0.8617663886295883,723545700230.1001,60539785.607676625,0.00014115599820430091,4322.07,sh000300,0.0002007487929978821
2022-07-15,0.8631134130306042,0.8528872695152919,0.872225400744778,0.8528872695152919,748270765451.55,63595851.05842794,-0.017014995129648547,4248.53,sh000300,0.0002007487929978821
2022-07-18,0.8556214680759231,0.8617322613347786,0.8633763939494312,0.8466600419564977,610719447769.2001,56421477.84024411,0.010370645846916604,4292.59,sh000300,0.0002007487929978821
2022-07-19,0.8608991538438374,0.857064851897578,0.8608991538438374,0.8509379987352825,517092673135.50006,46396605.70068355,-0.0054163104326292455,4269.34,sh000300,0.0002007487929978821
2022-07-20,0.8614692804159514,0.8599676794443273,0.8638963333232959,0.8571913236371667,470688478814.4,42619346.4437552,0.003386940370174285,4283.8,sh000300,0.0002007487929978821
2022-07-21,0.8572696156664357,0.8503839320666085,0.8598371927288786,0.8503819245786784,583596754184.4,48024761.72354884,-0.011144311125636075,4236.06,sh000300,0.0002007487929978821
2022-07-22,0.853541710580465,0.8508195569474137,0.8582954419986549,0.8446124042679194,517266492362.4,45027017.466610454,0.000512268475894917,4238.23,sh000300,0.0002007487929978821
2022-07-25,0.8499563371375229,0.8456823953345981,0.850139018539151,0.8435303682736607,416623496216.4,37768160.57349914,-0.006037897896055466,4212.64,sh000300,0.0002007487929978821
2022-07-26,0.8471779738424322,0.8523753600931473,0.8551878506830477,0.8460618105533639,427515765939.9,39668243.82420428,0.00791427703292924,4245.98,sh000300,0.0002007487929978821
2022-07-27,0.8504019994579781,0.8481716803677717,0.8515964547763156,0.8466138697341081,393053122869.0,38994510.28480231,-0.004931723653903153,4225.04,sh000300,0.0002007487929978821
2022-07-28,0.8516305820711253,0.8482981521073604,0.8567797886115209,0.847768175293846,535654179505.50006,48956906.555752955,0.00014911101433368046,4225.67,sh000300,0.0002007487929978821
2022-07-29,0.8484487137021088,0.8371425416804682,0.8518795105744427,0.8352896303210976,568766986316.1001,50829308.249269776,-0.013150577304900657,4170.1,sh000300,0.0002007487929978821
2022-08-01,0.835245465586638,0.8408724542543687,0.842456362231122,0.8289821032451041,536735625609.15,50413102.592168786,0.004455528644397022,4188.68,sh000300,0.0002007487929978821
2022-08-02,0.8319792827245626,0.8244793078181618,0.8319792827245626,0.817334658275367,708469639473.75,56413132.038483545,-0.019495401892720365,4107.02,sh000300,0.0002007487929978821
2022-08-03,0.8260471558914751,0.8164413261465265,0.8333042247583485,0.8146747367681451,581154796787.4,53940364.51271241,-0.009749161192300071,4066.98,sh000300,0.0002007487929978821
2022-08-04,0.820950144037259,0.8233792044325333,0.8247081614421793,0.8159755889467714,445993436189.4,43542147.18945667,0.008497705914462417,4101.54,sh000300,0.0002007487929978821
2022-08-05,0.8250032621678862,0.834494665100826,0.8350125969867606,0.822640448874301,510942070775.4,49650376.30664378,0.013499807389419471,4156.91,sh000300,0.0002007487929978821
2022-08-08,0.8315235829644573,0.8327200457707247,0.8342577815250884,0.8301123189496823,449358308226.30005,44983952.55396629,-0.0021265795987885916,4148.07,sh000300,0.0002007487929978821
2022-08-09,0.8318367510815341,0.8343702008491674,0.8354783341865157,0.8293795858552401,419115640714.65,43005147.65276481,0.0019816444756237672,4156.29,sh000300,0.0002007487929978821
2022-08-10,0.8329488993947424,0.8250253445351159,0.8352735704176578,0.8215744727834824,426233392102.65,43652296.76091822,-0.0111998922115637,4109.74,sh000300,0.0002007487929978821
2022-08-11,0.8292410691880714,0.8418480933883384,0.841902295562448,0.8262940769068626,604661423798.8501,54128097.48497897,0.02039058431920271,4193.54,sh000300,0.0002007487929978821
2022-08-12,0.8402180131891956,0.8413683037730735,0.8436407801098096,0.8381362482058077,532049500298.25006,44005752.50783422,-0.0005699242167716001,4191.15,sh000300,0.0002007487929978821
2022-08-15,0.8391299547311472,0.8402702078753751,0.8471438465476225,0.8379856866110592,527517468068.25006,49291818.68075923,-0.0013051310499503366,4185.68,sh000300,0.0002007487929978821
2022-08-16,0.8412438395214148,0.8386963373382718,0.8449115199694862,0.8372268561735273,467779345507.65,46938798.66532165,-0.0018730528850748884,4177.84,sh000300,0.0002007487929978821
2022-08-17,0.8396458791291516,0.8465496301203489,0.8477199955835265,0.8341453622010098,562218369109.65,50597594.03609463,0.009363690328016316,4216.96,sh000300,0.0002007487929978821
2022-08-18,0.8443072661025625,0.8391500296104469,0.8455358487157095,0.8378331175283807,503378618077.50006,46797653.52561052,-0.008740893914099157,4180.1,sh000300,0.0002007487929978821
2022-08-19,0.8380358738093087,0.8333222921497183,0.8402661928995151,0.8333222921497183,584825324460.3,52695379.3956056,-0.0069448099327769075,4151.07,sh000300,0.0002007487929978821
2022-08-22,0.8301283788531221,0.8394110030413441,0.8398626878255893,0.829935660011844,560116543272.0,52143929.59703694,0.007306549877501345,4181.4,sh000300,0.0002007487929978821
2022-08-23,0.8382326076264466,0.8353317875676272,0.8406134883114015,0.8325875515673461,513843747001.2,47999303.568932116,-0.004859616396422184,4161.08,sh000300,0.0002007487929978821
2022-08-24,0.8368374035151113,0.8195408875104138,0.8379575817800394,0.8188723940297309,593127745486.65,52765677.84156905,-0.018903746142828304,4082.42,sh000300,0.0002007487929978821
2022-08-25,0.8217230268903007,0.8263302116896021,0.827008742609935,0.814789163580154,554527593105.75,48611236.20655043,0.008284301958152218,4116.24,sh000300,0.0002007487929978821
2022-08-26,0.8286528752245877,0.8245857046784506,0.8310578457647023,0.8236080580565509,493156105805.55005,45272706.55553213,-0.0021111499815364976,4107.55,sh000300,0.0002007487929978821
2022-08-29,0.8158190048882331,0.8209662039406987,0.8216547723006814,0.8149598000542021,470012449843.2,40769292.40312365,-0.00438947791262434,4089.52,sh000300,0.0002007487929978821
2022-08-30,0.8207674626356308,0.8182099230128378,0.8216929145713511,0.8127355034277856,464768234003.7,38674054.47876579,-0.0033573622332205844,4075.79,sh000300,0.0002007487929978821
2022-08-31,0.8144659580234273,0.8188222068314814,0.8256496732813394,0.8123540807210896,659778636882.75,58814310.48735784,0.0007483211843593018,4078.84,sh000300,0.0002007487929978821
2022-09-01,0.8162827346000582,0.8117759241972556,0.8212412297871058,0.8112519698475312,485119086125.85004,42337620.01343009,-0.008605387806337239,4043.74,sh000300,0.0002007487929978821
2022-09-02,0.8140042357995322,0.8077348509942084,0.8142732391821493,0.803980848565148,432327769965.30005,37031793.99273289,-0.004978064860747589,4023.61,sh000300,0.0002007487929978821
2022-09-05,0.8050849669266362,0.8060927258674856,0.8064079014724923,0.7995302478243849,467086788417.15,40374335.58360685,-0.002033000216223768,4015.43,sh000300,0.0002007487929978821
2022-09-06,0.8079074949561865,0.8134903188894577,0.8138356068134139,0.8049183454284481,565414433157.75,47361024.244110525,0.009177099339298778,4052.28,sh000300,0.0002007487929978821
2022-09-07,0.809563672498419,0.8140323406305519,0.8165537454706053,0.8086904152488782,536382099199.65,43190531.117468156,0.0006662915691906246,4054.98,sh000300,0.0002007487929978821
2022-09-08,0.8148734780732131,0.8105593865116885,0.8165979102050649,0.8102261435153121,502548720186.15,37517750.80666887,-0.004266358896961364,4037.68,sh000300,0.0002007487929978821
2022-09-09,0.8131510534292912,0.8218234012867996,0.8228713099862487,0.8114768084956888,589926904323.9,44454324.069599606,0.013896594083731229,4093.79,sh000300,0.0002007487929978821
2022-09-13,0.8254810442952212,0.8253003703815229,0.828713099862487,0.8224959097433426,556863806404.9501,43867839.46837704,0.004230798355558063,4111.11,sh000300,0.0002007487929978821
2022-09-14,0.8146466319371254,0.8161161131018699,0.8208738594959197,0.8126150541519869,452275102849.35004,37235882.865187146,-0.01112838138604888,4065.36,sh000300,0.0002007487929978821
2022-09-15,0.8187840645608118,0.8084394792576309,0.8208236722976703,0.8027663183675108,617444290194.6001,51063967.15267949,-0.009406301040990273,4027.12,sh000300,0.0002007487929978821
2022-09-16,0.8057213406004395,0.7894807632469109,0.8068917060636172,0.7894807632469109,683409613334.25,48431015.698615834,-0.02345100220504981,3932.68,sh000300,0.0002007487929978821
2022-09-19,0.78862557338874,0.7885412588956808,0.7936904654360766,0.7849900127475483,486775404926.25006,36852347.37205777,-0.0011900281741712426,3928.0,sh000300,0.0002007487929978821
2022-09-20,0.7920844750920935,0.7895128830537906,0.7944733857287682,0.7872745340118642,422538699900.9,35983850.46983247,0.0012321792260692188,3932.84,sh000300,0.0002007487929978821
2022-09-21,0.787200256958455,0.7836690856896222,0.7878165557529585,0.7797544842261636,430679506007.85004,33914315.26445642,-0.007401775815949807,3903.73,sh000300,0.0002007487929978821
2022-09-22,0.7779377076495326,0.7767653346984251,0.7829744948658496,0.7749365131942144,403224934960.65,32347476.64476497,-0.008809523199606484,3869.34,sh000300,0.0002007487929978821
2022-09-23,0.775914159816114,0.7740913607756933,0.7805916066929647,0.7688056450560591,469952823083.7,34710431.38193461,-0.0034424475491944273,3856.02,sh000300,0.0002007487929978821
2022-09-26,0.7687875776646892,0.7702088791191142,0.7815792907545143,0.7684563421562427,520680744521.85004,38725686.862758085,-0.005015534151793899,3836.68,sh000300,0.0002007487929978821
2022-09-27,0.7716924126993686,0.7813745269856565,0.7815210736045449,0.7684523271803827,442643558016.00006,37330291.45781766,0.014496908785721185,3892.3,sh000300,0.0002007487929978821
2022-09-28,0.7787928975077036,0.7686089112389212,0.7787928975077036,0.7684764170355426,431346120227.55005,34616728.9566483,-0.0163373840659764,3828.71,sh000300,0.0002007487929978821
2022-09-29,0.7757575757575758,0.7682937356339145,0.7775362100635369,0.7645818904513836,426673260251.7,34455707.79156253,-0.00041005978514963015,3827.14,sh000300,0.0002007487929978821
2022-09-30,0.7695403856384313,0.7638270749897116,0.772601804731649,0.7631023718469893,391334686634.10004,31857377.773756105,-0.005813740809063717,3804.89,sh000300,0.0002007487929978821
2022-10-10,0.764162325474018,0.7469742138175394,0.7643429993877161,0.7459242976301604,511323597353.25006,39072922.820982255,-0.022063712748594533,3720.94,sh000300,0.0002007487929978821
2022-10-11,0.7491985104439559,0.7483292681702751,0.7507623435414094,0.7439870717777308,418157557743.75006,33484977.938350044,0.0018140577380985068,3727.69,sh000300,0.0002007487929978821
2022-10-12,0.7473616589880253,0.7596956648298151,0.7596956648298151,0.7350477280255352,538430729200.65,42344216.3854176,0.015189031276742426,3784.31,sh000300,0.0002007487929978821
2022-10-13,0.7540967809931043,0.7533439730193622,0.7595531331867866,0.7527357041765785,493247872235.25006,39822315.546689145,-0.008360837246420005,3752.67,sh000300,0.0002007487929978821
2022-10-14,0.7594969235247473,0.7713712146305719,0.7755387595732081,0.7589990665181126,579043546235.55,51502358.19105262,0.023929628770981592,3842.47,sh000300,0.0002007487929978821
2022-10-17,0.7673100665482248,0.7721621648749836,0.7728065685005068,0.7646762423840926,519016913845.65,44262875.40662671,0.0010253821109860173,3846.41,sh000300,0.0002007487929978821
2022-10-18,0.7760607064350025,0.7705280696999809,0.7769419936362632,0.7691027532696959,440086865184.45,37450951.201080024,-0.002116259057146741,3838.27,sh000300,0.0002007487929978821
2022-10-19,0.7683599827356037,0.7581338392202916,0.7709737320204362,0.7581338392202916,406352849159.4,37487108.560872056,-0.016085371795105496,3776.53,sh000300,0.0002007487929978821
2022-10-20,0.752121412870005,0.7537976652915374,0.7636985957621929,0.748148594256577,449770549808.25006,40908914.03378602,-0.005719536187982155,3754.93,sh000300,0.0002007487929978821
2022-10-21,0.7535888865468195,0.7513806498238429,0.7565599686831882,0.7477270217912815,491908501791.30005,36272568.21484136,-0.0032064512520872945,3742.89,sh000300,0.0002007487929978821
2022-10-24,0.7483754403926646,0.7293946420147148,0.755249079064912,0.7267086231644031,647858759486.4,52084423.52655404,-0.0292608118325679,3633.37,sh000300,0.0002007487929978821
2022-10-25,0.727100083310749,0.7282062091601673,0.7368946169211157,0.7216316861894867,552700120100.7001,44024764.29014223,-0.0016293413552707081,3627.45,sh000300,0.0002007487929978821
2022-10-26,0.7293825970871349,0.7341182611139551,0.7429471930300019,0.7293825970871349,604245466129.8,48672309.830046065,0.008118650842878772,3656.9,sh000300,0.0002007487929978821
2022-10-27,0.7362783181266122,0.7289469722063295,0.7397753621006353,0.7289309123028898,587792699711.25,51687457.351119675,-0.007044217780087014,3631.14,sh000300,0.0002007487929978821
2022-10-28,0.7237315185642446,0.7109177231071897,0.7264817770283156,0.7093458600580164,591645709178.7001,49347356.03352505,-0.024733279355794613,3541.33,sh000300,0.0002007487929978821
2022-10-31,0.7035261525490077,0.7043672899916689,0.7133387535507442,0.7018077428809458,689745890534.25,51507085.85066297,-0.009214052347564339,3508.7,sh000300,0.0002007487929978821
2022-11-01,0.7065996165698053,0.7295552410491132,0.7295552410491132,0.70615796922521,743649293082.3,59238946.95359691,0.03575968307350319,3634.17,sh000300,0.0002007487929978821
2022-11-02,0.7267849077057423,0.7383159183755407,0.7434671324038663,0.7248637417567527,705323887060.65,58548033.30663374,0.012008243973176791,3677.81,sh000300,0.0002007487929978821
2022-11-03,0.73174139540486,0.7323115219769741,0.7367801901091069,0.7284169953928151,550768118447.25,43237134.1030845,-0.008132557146780295,3647.9,sh000300,0.0002007487929978821
2022-11-04,0.7320846758408864,0.7562548305178315,0.7594085940558282,0.7320846758408864,745882188201.15,62462079.06591586,0.032695523451848896,3767.17,sh000300,0.0002007487929978821
2022-11-07,0.7537153582864082,0.7578869182049043,0.7613980145944372,0.7520792556234754,646710593180.8501,50427233.56851054,0.002158118693873723,3775.3,sh000300,0.0002007487929978821
2022-11-08,0.7575576901843877,0.7526734720507492,0.7586537785941562,0.7474560109207343,493235598188.85004,38815045.09755388,-0.006878923529256009,3749.33,sh000300,0.0002007487929978821
2022-11-09,0.7529645578005962,0.7456352193682435,0.7548977686771657,0.7450329729892499,445504671108.75006,34534720.496170714,-0.009351004046056266,3714.27,sh000300,0.0002007487929978821
2022-11-10,0.7399259236953837,0.739897818864364,0.7430776797454505,0.7357563712648177,515616061517.7,36768207.15326166,-0.007694647938895072,3685.69,sh000300,0.0002007487929978821
2022-11-11,0.7603882481656579,0.7605247573448964,0.7686470535095907,0.752223794754434,944890293821.1001,69152202.97049995,0.027878090669589684,3788.44,sh000300,0.0002007487929978821
2022-11-14,0.7664869964969335,0.7616449356098246,0.7725636624609794,0.7591877703835306,845160986854.8,63343643.00532987,0.0014729017748729145,3794.02,sh000300,0.0002007487929978821
2022-11-15,0.7606231242534653,0.7760888112660221,0.7772270569223202,0.7579270679635038,754752483127.5,59475472.06458089,0.018964053958598015,3865.97,sh000300,0.0002007487929978821
2022-11-16,0.7750529474941531,0.7697491643831491,0.7784395796320274,0.7687293605147199,600805425521.4,47345516.42518594,-0.008168713156077256,3834.39,sh000300,0.0002007487929978821
2022-11-17,0.7671153402190168,0.7665913858692924,0.7672096921517259,0.7581418691720115,527727367213.2,44072552.889256924,-0.004102347439879583,3818.66,sh000300,0.0002007487929978821
2022-11-18,0.7676272496411615,0.7631605889969586,0.7709355897497666,0.7631605889969586,573247665808.9501,45023162.5979905,-0.004475391891396341,3801.57,sh000300,0.0002007487929978821
2022-11-21,0.7567486725486062,0.7566482981521073,0.7567968522589257,0.7495959930540917,477546911084.10004,37787020.31886938,-0.008533316498183674,3769.13,sh000300,0.0002007487929978821
2022-11-22,0.7560360143334638,0.7567366276210264,0.7648247964909111,0.7530167524867756,719736999870.9,40850538.19390326,0.0001167378148272391,3769.57,sh000300,0.0002007487929978821
2022-11-23,0.7548596264064962,0.757531592841298,0.7610748090377105,0.7534523773675811,719944109459.8501,40364680.49382195,0.001050517698305109,3773.53,sh000300,0.0002007487929978821
2022-11-24,0.7611470786031899,0.7541750730223734,0.7638290824776416,0.7530850070763949,503482215213.45,32260114.536461,-0.004430864469078144,3756.81,sh000300,0.0002007487929978821
2022-11-25,0.7530649321970951,0.7579832776255433,0.760952352273982,0.7514850391962018,711982915889.8501,38485760.02619772,0.005049496780513252,3775.78,sh000300,0.0002007487929978821
2022-11-28,0.7431519567988597,0.7494434239714133,0.7500135505435273,0.7371756652313127,636744789799.8,39408104.57123069,-0.011266546250046416,3733.24,sh000300,0.0002007487929978821
2022-11-29,0.7561343812420328,0.7725656699489094,0.7738404247844459,0.7561343812420328,890174179039.2001,58028915.139610745,0.030852557028211436,3848.42,sh000300,0.0002007487929978821
2022-11-30,0.7701847892639545,0.7734931293725595,0.7764280767261886,0.7696367450590703,784619412390.0,50197530.40707839,0.001200492669718889,3853.04,sh000300,0.0002007487929978821
2022-12-01,0.7871962419825951,0.7818703765043612,0.7918656589077258,0.7816897025906631,846653085489.7501,61565277.62883556,0.010830409235305094,3894.77,sh000300,0.0002007487929978821
2022-12-02,0.780190109106969,0.7770885402551516,0.7825408774729742,0.7760707438746525,581753684572.5,40401330.23435414,-0.006115893878200773,3870.95,sh000300,0.0002007487929978821
2022-12-05,0.7844540134702439,0.7923313961074808,0.7924518453832796,0.7830547943830487,1004973519328.3501,59545206.08401336,0.019615339903641393,3946.88,sh000300,0.0002007487929978821
2022-12-06,0.7887440151766087,0.7966113603741957,0.8007668603892518,0.7875375149306915,772648844776.05,55323041.11150591,0.005401735041349109,3968.2,sh000300,0.0002007487929978821
2022-12-07,0.7942967267909301,0.7946520521545364,0.8029128649863992,0.7917893743663865,712339804710.6001,51289475.54921858,-0.0024595534499268767,3958.44,sh000300,0.0002007487929978821
2022-12-08,0.7936001284792275,0.7948006062613547,0.7972718239031586,0.7912112178425527,573851450261.1001,39755827.33222921,0.0001869423308171747,3959.18,sh000300,0.0002007487929978821
2022-12-09,0.7953647103696788,0.802641854115852,0.8036616579842814,0.791841569052566,766006867107.9,53834159.3457396,0.009865679256815696,3998.24,sh000300,0.0002007487929978821
2022-12-12,0.7982113282543888,0.793648308189547,0.7996687644915534,0.7930219719553936,627328145386.8,45691690.191795394,-0.011204930169274374,3953.44,sh000300,0.0002007487929978821
2022-12-13,0.7936703905567768,0.7920904975558833,0.7958485149608038,0.7909462294357955,503086960035.00006,36941933.43370773,-0.0019628475454288585,3945.68,sh000300,0.0002007487929978821
2022-12-14,0.7935178214740983,0.7939393939393938,0.797522759894406,0.7901010770172744,490802482688.10004,39381916.27113132,0.002334198414468469,3954.89,sh000300,0.0002007487929978821
2022-12-15,0.7938952292049344,0.7933572224397,0.7956678410471056,0.788240135706184,442666297878.75006,36535254.32330593,-0.0007332694461793521,3951.99,sh000300,0.0002007487929978821
2022-12-16,0.789189677497064,0.7938068997360153,0.795059572204322,0.7888403745972477,464155054725.45,33623102.690816745,0.0005668030536514213,3954.23,sh000300,0.0002007487929978821
2022-12-19,0.7935138064982383,0.7815592158752145,0.7962841398416092,0.7785921487147058,532601334251.25006,36295660.35359892,-0.015429046868796203,3893.22,sh000300,0.0002007487929978821
2022-12-20,0.7791522378471699,0.7686711433647505,0.7791602677988898,0.7651500095355677,413934354269.7,32932125.000993706,-0.01649020605051854,3829.02,sh000300,0.0002007487929978821
2022-12-21,0.7706746163188694,0.7689762815301072,0.7736316460397281,0.7671414375621066,322986823640.25,24782446.59776968,0.0003969684148945607,3830.54,sh000300,0.0002007487929978821
2022-12-22,0.7747297419374265,0.7700783924036656,0.779332911760868,0.7671293926345267,416964763523.55005,32916841.20788541,0.0014332182929821524,3836.03,sh000300,0.0002007487929978821
2022-12-23,0.7651781143665873,0.7685105443303522,0.7725496100454696,0.7640398687102893,325173302539.80005,26209645.089323174,-0.0020359590514152925,3828.22,sh000300,0.0002007487929978821
2022-12-26,0.7689823039938972,0.7715759783994298,0.7742499523221616,0.7683700201752537,363667003471.2,29849906.636172924,0.003988798971845897,3843.49,sh000300,0.0002007487929978821
2022-12-27,0.7750730223734529,0.7804811948568159,0.7812841900288073,0.7742037800997721,386131088722.5,30520281.977957778,0.011541593707802056,3887.85,sh000300,0.0002007487929978821
2022-12-28,0.7778835054754233,0.7771507723809811,0.7798528511347325,0.7738745520792556,420548760165.60004,32254533.81727845,-0.004267139935954289,3871.26,sh000300,0.0002007487929978821
2022-12-29,0.773734027924157,0.7742278699549318,0.7765545484657773,0.7705702269465105,395493361700.25,29913853.159745846,-0.003761049374105707,3856.7,sh000300,0.0002007487929978821
2022-12-30,0.7776887791462154,0.7772250494343902,0.7804209702189165,0.7766489003984863,392397238477.2,29770052.170897447,0.003871185210153838,3871.63,sh000300,0.0002007487929978821
2023-01-03,0.7758619651299347,0.7804912322964658,0.7817137924458228,0.7691188131731358,573113657531.25,41663437.813685045,0.004202364378827594,3887.9,sh000300,0.0002007487929978821
2023-01-04,0.7801599967880193,0.781505013701105,0.7841047105704276,0.7776305619962459,551239892143.05,39948550.430305034,0.0012989017207232223,3892.95,sh000300,0.0002007487929978821
2023-01-05,0.7856283939092815,0.7966876449155349,0.7979523623114215,0.7853814728938943,580339205333.25,51454446.74475794,0.01942742650175311,3968.58,sh000300,0.0002007487929978821
2023-01-06,0.7968823712447428,0.7991588625573388,0.8030774789966575,0.7962640649623093,552695915841.3,47325384.801750526,0.0031018651507592754,3980.89,sh000300,0.0002007487929978821
2023-01-09,0.8027000712658215,0.8056289961556605,0.8076304616218495,0.801130215704578,583089059973.75,46817113.12357092,0.008096179497549594,4013.12,sh000300,0.0002007487929978821
2023-01-10,0.8059481867365272,0.8065022534052013,0.8091099802262438,0.8034428417999137,506858046220.35004,43135127.27262689,0.0010839446615102943,4017.47,sh000300,0.0002007487929978821
2023-01-11,0.8069860579963263,0.8050086823852971,0.8117076696076364,0.8046051773113714,498124484370.15,40752057.76759312,-0.00185191177532118,4010.03,sh000300,0.0002007487929978821
2023-01-12,0.8073614582392323,0.8065825529224004,0.8090758529314341,0.8036998002549509,451074328506.45,36874796.61272546,0.0019550975927860037,4017.87,sh000300,0.0002007487929978821
2023-01-13,0.80947735051743,0.8179268672147109,0.8179268672147109,0.8085940558282393,477571469139.60004,42593673.90333945,0.014064666104179668,4074.38,sh000300,0.0002007487929978821
2023-01-16,0.8186294879902034,0.8306904754735162,0.8385477832314533,0.818380559486886,754153749764.25,64040420.643259354,0.0156048282192629,4137.96,sh000300,0.0002007487929978821
2023-01-17,0.8308671344113543,0.8305459363425577,0.8328224276551537,0.826715649372158,475614515904.00006,41029354.79807682,-0.00017399878200863306,4137.24,sh000300,0.0002007487929978821
2023-01-18,0.8311200778905317,0.8291547472070825,0.8334005841789875,0.828243347686872,419432882970.75006,34554121.23605047,-0.0016750297299648054,4130.31,sh000300,0.0002007487929978821
2023-01-19,0.8282052054162024,0.834313991187128,0.834313991187128,0.8242705290734438,471277543377.30005,38684210.0583376,0.006222293241911592,4156.01,sh000300,0.0002007487929978821
2023-01-20,0.836488100615295,0.8394371003844339,0.8411033153663163,0.835450229355496,615464766462.15,44634979.493651316,0.006140504955473913,4181.53,sh000300,0.0002007487929978821
2023-01-30,0.8567195639736215,0.843415941461652,0.8568259608339104,0.8427153281740892,819965398256.4,66285910.86597007,0.004739891857765022,4201.35,sh000300,0.0002007487929978821
2023-01-31,0.8432613648910435,0.834484627661176,0.8457004627259677,0.8337197747598543,620431301927.25,50059787.33216899,-0.010589453389981962,4156.86,sh000300,0.0002007487929978821
2023-02-01,0.8371485641442581,0.8423278830036034,0.8423278830036034,0.8306523332028466,702414953007.9,53309633.87621829,0.0093989213011747,4195.93,sh000300,0.0002007487929978821
2023-02-02,0.8446324791472191,0.8393608158430946,0.8446324791472191,0.8372348861252472,666622867323.6001,52696043.208567955,-0.003522461051542969,4181.15,sh000300,0.0002007487929978821
2023-02-03,0.8355224989209751,0.8314272235438184,0.8355224989209751,0.8237064249651198,583023286228.3501,45552866.19970489,-0.009451945039044118,4141.63,sh000300,0.0002007487929978821
2023-02-06,0.8238389191684984,0.8204362271271843,0.8242624991217239,0.8160880082708502,548908490827.95,45438508.43018459,-0.013219432928581298,4086.88,sh000300,0.0002007487929978821
2023-02-07,0.8227307858311502,0.8219117307557188,0.824543547431921,0.8186455478936432,455096494657.2,36844901.79913075,0.0017984379281994478,4094.23,sh000300,0.0002007487929978821
2023-02-08,0.8230419464602968,0.818280185090387,0.8253726399470023,0.8175795718028245,422349234253.65,34246088.27271723,-0.0044184132303266566,4076.14,sh000300,0.0002007487929978821
2023-02-09,0.8165577604464652,0.8292651590432312,0.8292651590432312,0.8159936563381412,509542097227.35004,42503057.37585193,0.013424465302958044,4130.86,sh000300,0.0002007487929978821
2023-02-10,0.8279080972025655,0.8243367761751332,0.828146988266233,0.8215343230248827,481779897929.55005,39215939.56927338,-0.005943072386863535,4106.31,sh000300,0.0002007487929978821
2023-02-13,0.8228452126431589,0.8318166762022342,0.8323948327260682,0.8215182631214429,642059038438.9501,50586724.794262595,0.009073840016949442,4143.57,sh000300,0.0002007487929978821
2023-02-14,0.833358426932458,0.8321619641261906,0.8335190259668563,0.8281409658024431,510587827051.50006,41136526.393427484,0.00041510098779551363,4145.29,sh000300,0.0002007487929978821
2023-02-15,0.8324751322432674,0.8278257901974363,0.8338542764511628,0.8262760095154927,606053496925.8,44135732.0739157,-0.0052107331453288275,4123.69,sh000300,0.0002007487929978821
2023-02-16,0.8281710781213927,0.8217631766489003,0.8367008943358727,0.8168187338773625,793581782589.75,56473772.28835556,-0.007323537899308619,4093.49,sh000300,0.0002007487929978821
2023-02-17,0.8203037329238057,0.8099230128378853,0.8240015256908267,0.8096058297449485,578546885715.15,45316580.235277586,-0.014408243332706183,4034.51,sh000300,0.0002007487929978821
2023-02-20,0.8110170937597238,0.8297931283688156,0.8300681542152226,0.8101177391670932,805954937929.3501,56234346.54268421,0.024533338621046896,4133.49,sh000300,0.0002007487929978821
2023-02-21,0.8291045600088329,0.8319732602607727,0.8334688387686069,0.8263362341533922,726162139373.55,50121794.5031367,0.0026273197709443252,4144.35,sh000300,0.0002007487929978821
2023-02-22,0.8268782558944864,0.8244652554026518,0.8300721691910827,0.8234434440462925,519506460998.25006,38460690.17258374,-0.009024334334696738,4106.95,sh000300,0.0002007487929978821
2023-02-23,0.8243167012958335,0.8238027843857587,0.829572304696518,0.8207032230218715,515893044503.10004,39586373.65977094,-0.000803515991185666,4103.65,sh000300,0.0002007487929978821
2023-02-24,0.8232687925963844,0.815250885804049,0.8235940056410409,0.8126792937657461,503063672223.75006,38385270.06799362,-0.010381002278459284,4061.05,sh000300,0.0002007487929978821
2023-02-27,0.8111174681562227,0.8117959990765555,0.8164513635861764,0.8099250203258153,467189010700.50006,37732640.979915075,-0.004237820268157222,4043.84,sh000300,0.0002007487929978821
2023-02-28,0.8146646993284953,0.8169391831531613,0.8179027773595511,0.8083049775663222,549560420027.85004,39908802.30843044,0.006335562237872905,4069.46,sh000300,0.0002007487929978821
2023-03-01,0.8167926365342728,0.8284782237746794,0.8301926184668813,0.8152850130988586,777169275441.9,51266181.05848816,0.014124724164876756,4126.94,sh000300,0.0002007487929978821
2023-03-02,0.8270830196633442,0.8266313348790989,0.8305479438304877,0.8258464070984772,738323926069.9501,47367433.52093308,-0.002229254605106923,4117.74,sh000300,0.0002007487929978821
2023-03-03,0.8282935348851216,0.8292029269174019,0.830138416292772,0.8231463358326557,798668518030.3501,45552821.14856414,0.003110929781870775,4130.55,sh000300,0.0002007487929978821
2023-03-06,0.8293233761932005,0.8248787979162275,0.829662641653367,0.8207514027321909,811819610799.4501,56827940.61278569,-0.0052148019028942505,4109.01,sh000300,0.0002007487929978821
2023-03-07,0.8238007768978289,0.8128017505294749,0.8280807411645437,0.8123440432814397,975906579931.8,54702438.898933016,-0.01464099624970494,4048.85,sh000300,0.0002007487929978821
2023-03-08,0.8091661898882831,0.8098427133206861,0.8104810944824193,0.8053077980868639,587482949405.55,38475444.44596344,-0.0036405399063931254,4034.11,sh000300,0.0002007487929978821
2023-03-09,0.8101900087325725,0.8069800355325363,0.8117980065644854,0.8031738384172964,580524680919.15,40498658.13219307,-0.003534856511101636,4019.85,sh000300,0.0002007487929978821
2023-03-10,0.8013490318889458,0.7963985666536179,0.8038704367289992,0.7962560350105894,616967141622.15,43820842.97047988,-0.013112429568267525,3967.14,sh000300,0.0002007487929978821
2023-03-13,0.7954951970851274,0.80473967900268,0.80473967900268,0.7954951970851274,715129430449.5,48754959.349895105,0.010473540132186043,4008.69,sh000300,0.0002007487929978821
2023-03-14,0.8029710821363686,0.7999237154586607,0.8033846246499442,0.7923434410350607,749913221154.9,53645065.8577494,-0.005984498676625094,3984.7,sh000300,0.0002007487929978821
2023-03-15,0.8053720377006233,0.8003653628032561,0.8067592118602386,0.8003653628032561,707481249969.4501,46594014.46969195,0.0005521118277411752,3986.9,sh000300,0.0002007487929978821
2023-03-16,0.7946038724442168,0.7907796079376073,0.7992451845383279,0.7902436086603029,759733803239.4,49437258.258905716,-0.011976723770347864,3939.15,sh000300,0.0002007487929978821
2023-03-17,0.7972055768014694,0.7947283366958756,0.8038423318979794,0.7920041755748943,883859949294.3,61336990.084234186,0.0049934630567507465,3958.82,sh000300,0.0002007487929978821
2023-03-20,0.7954992120609874,0.7907655555220974,0.7988898591747217,0.7899505154225259,1022496658309.5001,64191440.60104188,-0.004986334311739449,3939.08,sh000300,0.0002007487929978821
2023-03-21,0.7925883545625181,0.7994579782589056,0.799522217872665,0.7925883545625181,722747453836.65,50514817.271803826,0.010992414472414946,3982.38,sh000300,0.0002007487929978821
2023-03-22,0.8017465144990815,0.8028827526674496,0.8062974896363435,0.8003272205325865,743361729709.5,53234764.09087898,0.004283870449329319,3999.44,sh000300,0.0002007487929978821
2023-03-23,0.800182681401628,0.8108424423098156,0.8108424423098156,0.7997831913035622,791473854598.3501,59517907.68908027,0.009913887944312139,4039.09,sh000300,0.0002007487929978821
2023-03-24,0.8100534995533338,0.808425426842121,0.8105915063185682,0.8064079014724923,794238050545.5,59378599.966495015,-0.0029808694532679203,4027.05,sh000300,0.0002007487929978821
2023-03-27,0.807672618868379,0.805500516928142,0.807672618868379,0.8003914601463459,839269200496.65,63331164.63368364,-0.0036180330514893333,4012.48,sh000300,0.0002007487929978821
2023-03-28,0.806146928041595,0.8028968050829595,0.8077689782890181,0.8019111285093398,657015741067.9501,49933636.65909843,-0.003232414865619204,3999.51,sh000300,0.0002007487929978821
2023-03-29,0.8057233480883695,0.8042277695805353,0.8065604705551708,0.8015236833388539,666223233538.5,52970966.25073524,0.001657703068625782,4006.14,sh000300,0.0002007487929978821
2023-03-30,0.8049143304525881,0.8107300229857368,0.8111254981079425,0.7997631164242625,746709530659.9501,56210608.768908024,0.008085089387789735,4038.53,sh000300,0.0002007487929978821
2023-03-31,0.812119204633282,0.8132193080189104,0.8157567727624038,0.8110170937597238,691623316517.1001,56182297.12447429,0.0030704241394763354,4050.93,sh000300,0.0002007487929978821
2023-04-03,0.8149638150300621,0.8211769901733466,0.8220542623987472,0.8148513957059832,907224946562.55,76865821.19826955,0.009785407301533322,4090.57,sh000300,0.0002007487929978821
2023-04-04,0.8209200317183092,0.8236943800375399,0.8237044174771898,0.8190691278468688,982056370331.8501,79183991.31685185,0.0030655874364695634,4103.11,sh000300,0.0002007487929978821
2023-04-06,0.8198841679464401,0.8223955353468437,0.822835175203509,0.8187338773625623,750706252074.9,66042709.6245596,-0.0015768526800401528,4096.64,sh000300,0.0002007487929978821
2023-04-07,0.8224477300330231,0.8277434831923072,0.8293554960000803,0.821500195730073,640983868836.3,57528134.31762473,0.006502890173410325,4123.28,sh000300,0.0002007487929978821
2023-04-10,0.8294960201551788,0.8240356529856364,0.8295542373051482,0.8228793399379686,759421761512.7001,68419716.9858773,-0.004479443549795126,4104.81,sh000300,0.0002007487929978821
2023-04-11,0.8247784235197285,0.8231001636102662,0.8263061218344424,0.8197556887189215,766636405139.55,65081343.81215935,-0.0011352535196514912,4100.15,sh000300,0.0002007487929978821
2023-04-12,0.8235518483945113,0.8225260220622923,0.8247262288335491,0.8211187730233772,826731137565.3,65328721.41150491,-0.0006975354560198044,4097.29,sh000300,0.0002007487929978821
2023-04-13,0.819334116253626,0.8168428237325223,0.8208377247131802,0.8149537775904122,779303788898.25,60283059.96424664,-0.006909445023417948,4068.98,sh000300,0.0002007487929978821
2023-04-14,0.818848304174571,0.8214640609473335,0.8227127184397803,0.818091481224969,750667935530.7001,61469581.827958286,0.005657437490476758,4092.0,sh000300,0.0002007487929978821
2023-04-17,0.8210766157768477,0.832983026689552,0.832983026689552,0.8209641964527689,940344856778.2501,68622215.4220643,0.01402248289345076,4149.38,sh000300,0.0002007487929978821
2023-04-18,0.8309614863440634,0.8355224989209751,0.837056219699479,0.8307908498700151,847746715975.5001,66557391.53354009,0.003048648231783968,4162.03,sh000300,0.0002007487929978821
2023-04-19,0.8349925221074609,0.8280004416473447,0.8349925221074609,0.8268100013048671,809741316859.2001,62677688.683308735,-0.00900281833624439,4124.56,sh000300,0.0002007487929978821
2023-04-20,0.8276772360906179,0.8256838005761491,0.8282533851265218,0.8218655585333292,810498905473.9501,66683210.27673221,-0.0027978741974901133,4113.02,sh000300,0.0002007487929978821
2023-04-21,0.8259327290794664,0.8095335601794694,0.8259327290794664,0.8094010659760907,900640209587.2501,69830871.47108714,-0.019559836810907894,4032.57,sh000300,0.0002007487929978821
2023-04-24,0.809278609212362,0.7995101729450851,0.8097483613879771,0.7965531432242263,847323734602.9501,65921008.29580334,-0.012381682153068674,3982.64,sh000300,0.0002007487929978821
2023-04-25,0.8000060224637899,0.7955012195489174,0.8013269495217159,0.7880273419856063,859558886622.15,66470057.26714645,-0.005014261896631345,3962.67,sh000300,0.0002007487929978821
2023-04-26,0.7930099270278137,0.7948106437010047,0.7981089463699599,0.7898782458570467,810475637588.1001,64653720.644704744,-0.000868101557788048,3959.23,sh000300,0.0002007487929978821
2023-04-27,0.7925622572194284,0.8006705009686129,0.8028205205416202,0.7915163560079095,766272079163.25,61189035.61432142,0.007372645691207547,3988.42,sh000300,0.0002007487929978821
2023-04-28,0.8016421251267226,0.8088349543798368,0.8091079727383138,0.8016421251267226,894194606698.8,66033563.99875536,0.010197020373982735,4029.09,sh000300,0.0002007487929978821
2023-05-04,0.8056992582332098,0.8090678229797142,0.8101779638049926,0.803222018127616,1133669809922.1,69357203.57921045,0.00028790620214480533,4030.25,sh000300,0.0002007487929978821
2023-05-05,0.8092364519658325,0.8063838116173326,0.8125508145382275,0.8026719664348018,1029281027867.4,61769297.46695173,-0.0033174120712113897,4016.88,sh000300,0.0002007487929978821
2023-05-08,0.8086382205626989,0.8155740913607756,0.8172021640719884,0.8068013691067681,1273148800464.75,72177211.83416142,0.011396905060643947,4062.66,sh000300,0.0002007487929978821
2023-05-09,0.8161321730053097,0.8085920483403093,0.8216346974213816,0.8082929326387425,1391321182204.8,79581262.19209652,-0.008560893601728847,4027.88,sh000300,0.0002007487929978821
2023-05-10,0.8065966053379103,0.8023668282694449,0.8068214439860679,0.7999096630431509,1033892686977.15,62128710.4381543,-0.007698839091532128,3996.87,sh000300,0.0002007487929978821
2023-05-11,0.8041555000150561,0.8011201782649281,0.8066206951930701,0.8006825458961927,721322488855.65,48390912.38953295,-0.0015537157825998849,3990.66,sh000300,0.0002007487929978821
2023-05-12,0.8005400142531642,0.7905005671153402,0.8028707077398697,0.7904543948929507,719415174772.8,45970052.97521756,-0.013255952649436353,3937.76,sh000300,0.0002007487929978821
2023-05-15,0.7907153683238479,0.8027723408313007,0.8027723408313007,0.7875435373944814,877999610198.7001,56115543.679604925,0.015524054284669297,3998.89,sh000300,0.0002007487929978821
2023-05-16,0.803501058949883,0.7986208557921045,0.8040029309323777,0.7963684543346682,681614414495.8501,47143977.5705381,-0.005171435073232811,3978.21,sh000300,0.0002007487929978821
2023-05-17,0.7973139811496882,0.7949993475664228,0.7995021429933652,0.7920965200196733,590031866349.75,41192786.28813474,-0.00453470279346746,3960.17,sh000300,0.0002007487929978821
2023-05-18,0.7960733536089614,0.7941762775151314,0.7995262328485249,0.7908599074548064,680123376888.4501,45998410.9554438,-0.0010353090902662787,3956.07,sh000300,0.0002007487929978821
2023-05-19,0.7921989019041022,0.7918616439318658,0.7964266714846376,0.7886054985094402,598820432266.65,41574060.20080901,-0.0029145085905962764,3944.54,sh000300,0.0002007487929978821
2023-05-22,0.7911509932046533,0.7968382065102833,0.8000642396137593,0.7901070994810644,543548000316.75006,40588505.17347707,0.006284636484862549,3969.33,sh000300,0.0002007487929978821
2023-05-23,0.7966173828379857,0.7855681692713822,0.7973621608600078,0.7855681692713822,591211908313.9501,38133400.652433574,-0.01414344486349084,3913.19,sh000300,0.0002007487929978821
2023-05-24,0.7836791231292721,0.7747076595701968,0.7836791231292721,0.7747076595701968,683731458357.75,42512252.807010144,-0.01382503788469247,3859.09,sh000300,0.0002007487929978821
2023-05-25,0.773165908839973,0.772983227438345,0.775167374306162,0.7664267718590342,618438438139.5,42822451.75611029,-0.0022259133629949357,3850.5,sh000300,0.0002007487929978821
2023-05-26,0.7725656699489094,0.773073564395194,0.7748160639184156,0.765971072098929,499761106912.65,38450985.14910616,0.0001168679392287153,3850.95,sh000300,0.0002007487929978821
2023-05-29,0.7753078984612605,0.7696588274263001,0.7762393728607706,0.7666957752416512,656840646615.4501,46191414.940407716,-0.00441709188641759,3833.94,sh000300,0.0002007487929978821
2023-05-30,0.768424222349363,0.770423680327622,0.7716803677717887,0.7606913788430847,685531538919.15,49096382.614130706,0.0009937557708257216,3837.75,sh000300,0.0002007487929978821
2023-05-31,0.7682977506097743,0.762552320154175,0.7682977506097743,0.7591114858421913,629579715586.8,47297645.0053901,-0.010216923978893844,3798.54,sh000300,0.0002007487929978821
2023-06-01,0.7605548696638461,0.7642245575998473,0.7693115320144137,0.7601814769088701,670299825919.3501,48546989.55291236,0.0021929478167928007,3806.87,sh000300,0.0002007487929978821
2023-06-02,0.7671856022965661,0.7752577112630109,0.7759502945988537,0.7671856022965661,622744018198.5,46713550.97128288,0.01443705721498234,3861.83,sh000300,0.0002007487929978821
2023-06-05,0.7750027602959036,0.7717285474821082,0.7750027602959036,0.7693617192126632,578653486605.15,42386975.4471579,-0.004552245955932843,3844.25,sh000300,0.0002007487929978821
2023-06-06,0.7709677095566463,0.7644835235428146,0.7764662189968582,0.763415539964066,626560469538.3,44584645.24520461,-0.009388047083306317,3808.16,sh000300,0.0002007487929978821
2023-06-07,0.7659530047075591,0.7607054312585946,0.767484717998133,0.7588505124112941,492468375643.2,38118139.09474339,-0.00494201924288884,3789.34,sh000300,0.0002007487929978821
2023-06-08,0.7610547341584109,0.7668985315225791,0.7697491643831491,0.758384775211539,591290897580.9,39972959.26800968,0.008141259427763226,3820.19,sh000300,0.0002007487929978821
2023-06-09,0.7673441938430344,0.7702128940949742,0.7702128940949742,0.7650978148493881,669094249555.05,49644390.99258233,0.004321774571421688,3836.7,sh000300,0.0002007487929978821
2023-06-12,0.768331877904584,0.7717646822648478,0.7748341313097854,0.7656277916629026,631428668173.05,48338556.91198169,0.0020147522610576285,3844.43,sh000300,0.0002007487929978821
2023-06-13,0.7704999648689612,0.7758760175454444,0.7763558071607094,0.7695624680056611,552555979757.1001,45255847.37368383,0.005327187645502773,3864.91,sh000300,0.0002007487929978821
2023-06-14,0.7774438656187579,0.7756973511196763,0.7812480552460678,0.7753038834854005,622448370094.65,48969171.24552581,-0.00023027703103040142,3864.02,sh000300,0.0002007487929978821
2023-06-15,0.77725315426541,0.7880393869131861,0.7880393869131861,0.77725315426541,639455590656.3,56738817.9698676,0.015910890730379323,3925.5,sh000300,0.0002007487929978821
2023-06-16,0.789386411314202,0.795637728728156,0.7965732181035261,0.7886496632438997,696193854582.6001,56284895.22675579,0.009642083810979418,3963.35,sh000300,0.0002007487929978821
2023-06-19,0.7943689963564093,0.7891254378833047,0.7943689963564093,0.7874311180704026,672013245934.8,53843449.78365302,-0.008184995016841778,3930.91,sh000300,0.0002007487929978821
2023-06-20,0.7881578287010549,0.7877864434340087,0.7904463649412307,0.786628122898411,610316586069.3,53454200.42494504,-0.0016968081182220374,3924.24,sh000300,0.0002007487929978821
2023-06-21,0.7847471067080208,0.7756993586076063,0.7869613658947875,0.7756993586076063,589525711376.25,48908570.084715985,-0.015343098281450529,3864.03,sh000300,0.0002007487929978821
2023-06-26,0.7695584530298011,0.7647926766840314,0.7711343310548344,0.7630561996245997,667453173685.65,49728255.549098134,-0.014060449841228007,3809.7,sh000300,0.0002007487929978821
2023-06-27,0.7651921667820972,0.7719654310578457,0.7732642757485421,0.7641141457636986,582781491499.3501,42176862.43440031,0.009378691235530257,3845.43,sh000300,0.0002007487929978821
2023-06-28,0.7701948267036044,0.7710359641462655,0.7722504943439027,0.7644835235428146,533111753260.35004,41391984.07596334,-0.0012040265978056075,3840.8,sh000300,0.0002007487929978821
2023-06-29,0.7702189165587642,0.7672297670310257,0.7710178967548957,0.7663344274142552,489613275039.9,40974842.44387565,-0.004936471568423251,3821.84,sh000300,0.0002007487929978821
2023-06-30,0.7661236411816074,0.771367199654712,0.7748963634356149,0.7655655595370733,504453488799.15,41785113.05354974,0.005392690431833769,3842.45,sh000300,0.0002007487929978821
2023-07-03,0.7735433165708091,0.7814909612855953,0.7823842934144358,0.7735433165708091,663306857348.8501,51567651.381994836,0.013124438834597685,3892.88,sh000300,0.0002007487929978821
2023-07-04,0.7805173296395556,0.7827215513866723,0.7829162777158801,0.7785841187629859,545430562071.45,43429112.87538518,0.0015746696533158744,3899.01,sh000300,0.0002007487929978821
2023-07-05,0.7819546909974203,0.7766589378381362,0.7828239332711011,0.7757194334869061,486361001438.4,37821125.80938902,-0.0077455559231702775,3868.81,sh000300,0.0002007487929978821
2023-07-06,0.7742941170566212,0.7714274242926114,0.778280988085559,0.7701647143846547,498741937646.7,37086818.00361347,-0.006735921381510024,3842.75,sh000300,0.0002007487929978821
2023-07-07,0.769189075250685,0.7680046573719974,0.771846989269977,0.7666757003623516,502652685942.00006,34913941.135033675,-0.0044369266801119744,3825.7,sh000300,0.0002007487929978821
2023-07-10,0.7711885332289439,0.7717446073855481,0.7759864293815933,0.7692533148644444,458450781325.35004,37210959.50107902,0.004869697048906163,3844.33,sh000300,0.0002007487929978821
2023-07-11,0.773645698455238,0.7767954470173747,0.7770283156172523,0.7717827496562176,430940155146.60004,35650113.79812701,0.006544703498398974,3869.49,sh000300,0.0002007487929978821
2023-07-12,0.7758137854196151,0.7715659409597799,0.7777088540255152,0.7705862868499502,555530234252.4,42969580.34591024,-0.0067321533328681404,3843.44,sh000300,0.0002007487929978821
2023-07-13,0.7740190912102141,0.7826031095988035,0.7831411163640378,0.7740190912102141,599257560673.2001,47231916.415128425,0.014304893532876894,3898.42,sh000300,0.0002007487929978821
2023-07-14,0.7838437371395304,0.782739618778042,0.7846246499442922,0.7816736426872233,609542125622.1001,44211000.33583265,0.0001744296407262258,3899.1,sh000300,0.0002007487929978821
2023-07-17,0.779230529876439,0.7763297098176197,0.779230529876439,0.7733365453140213,489866676314.4,35055467.455087475,-0.008189069272396154,3867.17,sh000300,0.0002007487929978821
2023-07-18,0.7771066076465215,0.7738745520792556,0.7771066076465215,0.7717807421682877,455487744830.25006,33545989.564495567,-0.003162519361703753,3854.94,sh000300,0.0002007487929978821
2023-07-19,0.7725777148764893,0.7730575044917541,0.7748923484597549,0.7689501841870174,396444226695.0,30375597.18345428,-0.001055788157532933,3850.87,sh000300,0.0002007487929978821
2023-07-20,0.7744426711634396,0.7676011522980718,0.7780260371184518,0.7666014233089423,458493795282.60004,34994704.67640298,-0.0070581453022303675,3823.69,sh000300,0.0002007487929978821
2023-07-21,0.7662541278970559,0.7672438194465355,0.7727844861332771,0.7646120027703334,396054998950.05005,31546510.726871226,-0.0004655189097443335,3821.91,sh000300,0.0002007487929978821
2023-07-24,0.7635179218484948,0.7638933220914008,0.768624971142361,0.7626045148403545,376009956885.75,30403077.39191183,-0.004366926484401845,3805.22,sh000300,0.0002007487929978821
2023-07-25,0.7762233129573307,0.7859556144418681,0.7860941311090366,0.7762233129573307,812290413132.0,60195240.68136147,0.02888137873762897,3915.12,sh000300,0.0002007487929978821
2023-07-26,0.7845604103305328,0.7843275417306553,0.7855260120248526,0.7815953506579542,537396590977.95,38726972.56607144,-0.00207145630274419,3907.01,sh000300,0.0002007487929978821
2023-07-27,0.7857769480161,0.7833920523552851,0.7900187700121453,0.7818543166009214,551271603417.15,39516481.578949474,-0.0011927279428515236,3902.35,sh000300,0.0002007487929978821
2023-07-28,0.7808706475152317,0.8015377357543637,0.8031798608810864,0.7802202214259186,895325338279.3501,62250688.549188465,0.02316296590515976,3992.74,sh000300,0.0002007487929978821
2023-07-31,0.8067873166912584,0.8059321268330873,0.815915364308872,0.8034127294809639,994311482620.5001,73583289.67119354,0.005482450647926074,4014.63,sh000300,0.0002007487929978821
2023-08-01,0.8048380459112489,0.8025936744055325,0.8093589087295612,0.7995884649743543,708780645079.65,51315561.772933036,-0.004142349357226016,3998.0,sh000300,0.0002007487929978821
2023-08-02,0.8001244642516586,0.7969526333222922,0.8046674094372007,0.7946661045700463,626931241381.5,41128547.667559996,-0.007028514257128582,3969.9,sh000300,0.0002007487929978821
2023-08-03,0.7953928152006986,0.8039949009806578,0.8039989159565177,0.7953928152006986,642627226164.0,45130300.98674054,0.008836494622030733,4004.98,sh000300,0.0002007487929978821
2023-08-04,0.8097644212914169,0.8071265821514247,0.814686781695725,0.8053278729661637,888011261925.15,63542962.01585915,0.003895150537580605,4020.58,sh000300,0.0002007487929978821
2023-08-07,0.803591395906732,0.8010177963804992,0.803591395906732,0.798381964728437,604290866153.7001,45588158.38094091,-0.0075685597600345655,3990.15,sh000300,0.0002007487929978821
2023-08-08,0.7989882260832906,0.7989259939574612,0.8034548867274934,0.7956598110953857,547309387813.65,40673981.01193451,-0.0026114306479706473,3979.73,sh000300,0.0002007487929978821
2023-08-09,0.7964427313880775,0.7964848886346071,0.7994037760847963,0.7953345980507291,471436303983.15,35009433.7409136,-0.003055483663464531,3967.57,sh000300,0.0002007487929978821
2023-08-10,0.7955393618195871,0.7981209912975398,0.7982695454043582,0.792032280405914,484071896766.15,35260869.0813133,0.002054154053992674,3975.72,sh000300,0.0002007487929978821
2023-08-11,0.798574683569715,0.7797584992020234,0.798574683569715,0.7797584992020234,628063208336.8501,40861676.98463268,-0.023007153421267024,3884.25,sh000300,0.0002007487929978821
2023-08-14,0.7710540315376353,0.7740692784084635,0.774783944111536,0.7656699489094322,577668907833.6001,39672732.3409116,-0.007296131814378604,3855.91,sh000300,0.0002007487929978821
2023-08-15,0.7745631204392383,0.7721882622180734,0.7759502945988537,0.7651901592941671,513562793879.85004,35620277.97534805,-0.0024300359707565278,3846.54,sh000300,0.0002007487929978821
2023-08-16,0.7690344986800766,0.7665251387676031,0.773368665120901,0.7663846146125046,471320123957.10004,33991562.33302217,-0.007333863680086483,3818.33,sh000300,0.0002007487929978821
2023-08-17,0.7630863119435494,0.769088700854186,0.7701024822588254,0.7593323095144889,490242016055.55005,34949129.903118625,0.003344394015184715,3831.1,sh000300,0.0002007487929978821
2023-08-18,0.7693617192126632,0.7596334327039859,0.7717185100424583,0.7596334327039859,475966189251.30005,33815268.348580204,-0.012294119182480245,3784.0,sh000300,0.0002007487929978821
2023-08-21,0.7574713682033987,0.7487046684131811,0.7592540174852198,0.7487046684131811,491700933918.15,34805814.26854166,-0.014386892177589816,3729.56,sh000300,0.0002007487929978821
2023-08-22,0.7524205285715719,0.7544601363084303,0.7568349945295954,0.7437100384433938,599347698201.4501,40845128.26278017,0.007687233882817335,3758.23,sh000300,0.0002007487929978821
2023-08-23,0.753163299105664,0.7420940106597609,0.7540465937948547,0.7417728125909643,483597617451.30005,32215409.795918774,-0.016390694555681762,3696.63,sh000300,0.0002007487929978821
2023-08-24,0.7450871751633593,0.7474740783121041,0.7525791201180403,0.7430857096971705,595841794183.3501,39398434.37696608,0.007249846481795608,3723.43,sh000300,0.0002007487929978821
2023-08-25,0.7434751623555863,0.7446073855480944,0.7496401577885512,0.7419354191132925,523951394323.50006,35251776.5611531,-0.00383517348251472,3709.15,sh000300,0.0002007487929978821
2023-08-28,0.7852389412508657,0.7533339355797123,0.7852389412508657,0.7509068826723679,986259374431.65,67260415.54333664,0.011719666230807446,3752.62,sh000300,0.0002007487929978821
2023-08-29,0.7514127696307226,0.7608600078292029,0.76492918586327,0.7512180433015145,759586863377.1001,52623272.15533941,0.009990353406420072,3790.11,sh000300,0.0002007487929978821
2023-08-30,0.7634717496261053,0.7605388097604063,0.7655956718560228,0.7588786172423138,645939928522.3501,45515268.117819466,-0.0004221513359770057,3788.51,sh000300,0.0002007487929978821
2023-08-31,0.7602216266674696,0.7558734078111354,0.7616409206339646,0.7552169592580324,592589595302.1001,38860349.3715559,-0.006134337773953447,3765.27,sh000300,0.0002007487929978821
2023-09-01,0.7586116213476266,0.7611370411635399,0.7645578005962239,0.7586116213476266,524631024810.75006,34572784.80454094,0.006963644041463102,3791.49,sh000300,0.0002007487929978821
2023-09-04,0.7654531402129944,0.7726720668091982,0.773738042900017,0.7637668503518122,709270521001.3501,47765109.44308269,0.015154991836982212,3848.95,sh000300,0.0002007487929978821
2023-09-05,0.770791050618808,0.7669246288656689,0.770791050618808,0.7657221435956115,518321088989.55005,36411390.076043636,-0.0074383922888059395,3820.32,sh000300,0.0002007487929978821
2023-09-06,0.7644714786152348,0.7652604213717165,0.7663625322452748,0.7610165918877412,465469264370.55005,33340665.48369418,-0.002169975290028048,3812.03,sh000300,0.0002007487929978821
2023-09-07,0.7632930832003372,0.7545083160187498,0.7632930832003372,0.7541831029740933,473745827209.05005,33004255.639033593,-0.014050256687381912,3758.47,sh000300,0.0002007487929978821
2023-09-08,0.7523362140785128,0.750798478324149,0.753462414807231,0.7477872464291807,356854778204.10004,25936273.76175133,-0.004916894374572656,3739.99,sh000300,0.0002007487929978821
2023-09-11,0.7509169201120177,0.7563291075712406,0.7605006674897367,0.7497405321850501,524825153001.60004,37514280.15323155,0.007366329856496989,3767.54,sh000300,0.0002007487929978821
2023-09-12,0.7556847039457174,0.7549359109478353,0.7578447609583747,0.7538960322001064,395446352700.30005,28128421.057203364,-0.0018420507811462983,3760.6,sh000300,0.0002007487929978821
2023-09-13,0.7547371696427675,0.7501279773555362,0.756586066026278,0.7466068435263533,406363095796.35004,27751129.696267076,-0.006368664574801897,3736.65,sh000300,0.0002007487929978821
2023-09-14,0.7501861945055055,0.7494976261455228,0.7525710901663204,0.746245495698957,500058174701.25006,30429120.713039633,-0.0008403248899414573,3733.51,sh000300,0.0002007487929978821
2023-09-15,0.7509590773585473,0.7445331084946851,0.7526112399249199,0.7426460698405051,544938215400.15,36214875.67392373,-0.006623793695476943,3708.78,sh000300,0.0002007487929978821
2023-09-18,0.742555732883656,0.748333283146135,0.7503046362933743,0.7409858773224126,432021232630.35004,31510930.553062923,0.005104104314626268,3727.71,sh000300,0.0002007487929978821
2023-09-19,0.7474720708241741,0.7468858843486204,0.7476025575396228,0.7433105483453281,414443527941.30005,27144628.510223128,-0.0019341633335211439,3720.5,sh000300,0.0002007487929978821
2023-09-20,0.7459744848284099,0.7439127947243217,0.7464884017384845,0.7438003754002429,375833935902.15,23626487.99164885,-0.003980647762397482,3705.69,sh000300,0.0002007487929978821
2023-09-21,0.7424312686319973,0.7372378973571421,0.7444688688809258,0.7372378973571421,413606496756.75,27103455.198932014,-0.008972687947453761,3672.44,sh000300,0.0002007487929978821
2023-09-22,0.7372780471157416,0.7505856846035712,0.7508848003051382,0.7356981541148483,549100018754.10004,38591238.79325885,0.0181051290150418,3738.93,sh000300,0.0002007487929978821
2023-09-25,0.7504110331536631,0.7457014664699327,0.7504110331536631,0.74501892057374,461255470666.65,31275422.79934154,-0.0065072092817998195,3714.6,sh000300,0.0002007487929978821
2023-09-26,0.7451213024581689,0.7413432101739488,0.7475583928051632,0.7412890079998393,388767094608.75,27664877.548214838,-0.005844505464922212,3692.89,sh000300,0.0002007487929978821
2023-09-27,0.7417587601754544,0.7428709084886627,0.7490218515061178,0.7416443333634456,456437165233.50006,33081480.97720497,0.0020607166744746053,3700.5,sh000300,0.0002007487929978821
2023-09-28,0.74502092806167,0.7406666867415459,0.7459945597077097,0.7398195268350949,424519209940.65,30815024.309474338,-0.0029671665991082286,3689.52,sh000300,0.0002007487929978821
2023-10-09,0.7385407570236983,0.7397051000230861,0.741600168628986,0.7311271040982865,508835228718.30005,35747814.29694761,-0.0012982718619224398,3684.73,sh000300,0.0002007487929978821
2023-10-10,0.7420177261184216,0.7341644333363445,0.7430234775713411,0.7338552801951278,493969246435.50006,32509050.543487202,-0.007490372428916037,3657.13,sh000300,0.0002007487929978821
2023-10-11,0.7377016270689672,0.7362562357593825,0.7406686942294759,0.7344113543517319,508553926902.45,37674034.97577966,0.0028492287668198113,3667.55,sh000300,0.0002007487929978821
2023-10-12,0.742354984090658,0.7432483162194987,0.7450791452116393,0.73932568480432,569683250853.75,39065357.74785951,0.009496803042903235,3702.38,sh000300,0.0002007487929978821
2023-10-13,0.7383460306944905,0.7354251357563711,0.7383922029168799,0.7331968241540947,489606864042.45,34157870.65815491,-0.010525661871553016,3663.41,sh000300,0.0002007487929978821
2023-10-16,0.7355516074959598,0.7280355726861192,0.7355516074959598,0.7258614632579521,457552529349.30005,32027055.637206778,-0.010048015373654628,3626.6,sh000300,0.0002007487929978821
2023-10-17,0.7297820871852008,0.7306051572364921,0.7318437772892891,0.726535979202425,452033542243.80005,29521361.347305447,0.0035294766447913073,3639.4,sh000300,0.0002007487929978821
2023-10-18,0.7289329197908198,0.724819577022293,0.7291316610958876,0.7244983789534964,470966114356.65,31915516.20893934,-0.007918887728746493,3610.58,sh000300,0.0002007487929978821
2023-10-19,0.7203910586487599,0.7093538900097363,0.7203910586487599,0.7091069689943489,556603695252.0,37980624.09666054,-0.021337292069418146,3533.54,sh000300,0.0002007487929978821
2023-10-20,0.7063045158440984,0.7047467052104349,0.7097794774508918,0.7029680709044737,490755653016.75006,34045246.598873794,-0.006494903128307583,3510.59,sh000300,0.0002007487929978821
2023-10-23,0.7026609252511868,0.6974494865849619,0.703694781535126,0.6927138225581418,481007385190.2,30524836.475854937,-0.010354384875476907,3474.24,sh000300,0.0002007487929978821
2023-10-24,0.698959117508306,0.7000371385267046,0.7016170315275979,0.6932056571009866,575581488060.15,37445512.44983789,0.0037101639495258354,3487.13,sh000300,0.0002007487929978821
2023-10-25,0.7074989711624359,0.7035161151093579,0.7090106095737099,0.7028054643821454,637660705642.9501,40890871.17331647,0.004969702878871773,3504.46,sh000300,0.0002007487929978821
2023-10-26,0.6995653788631596,0.7054593634255774,0.7057464341995644,0.6982143394862839,523756902494.10004,35349547.25642647,0.002762194460772749,3514.14,sh000300,0.0002007487929978821
2023-10-27,0.7028556515803949,0.7151454926877251,0.7179961255482952,0.7015266945707489,598883341735.8,45028347.82478645,0.013730244099552147,3562.39,sh000300,0.0002007487929978821
2023-10-30,0.7134832926817027,0.7194375018820198,0.7212342035793509,0.7134652252903328,717366335555.1001,48776602.34562919,0.006001588820988113,3583.77,sh000300,0.0002007487929978821
2023-10-31,0.7190179369046543,0.7171770704728637,0.7190179369046543,0.7135776446144116,560836582470.4501,39410532.952733696,-0.0031419427027961078,3572.51,sh000300,0.0002007487929978821
2023-11-01,0.7238519678400434,0.7168799622592269,0.7239824545554919,0.7155971774719704,486406600716.30005,36725700.148614325,-0.0004142745576639628,3571.03,sh000300,0.0002007487929978821
2023-11-02,0.7186947313479277,0.7134993525851425,0.7221275357081915,0.7134090156282934,450113007658.05005,30004929.47371696,-0.004715726275052345,3554.19,sh000300,0.0002007487929978821
2023-11-03,0.7143706023467534,0.7195117789354291,0.7219127344996837,0.7143706023467534,485891344816.35004,33297397.13135997,0.008426673869432966,3584.14,sh000300,0.0002007487929978821
2023-11-06,0.7243658847501179,0.7292420729320365,0.7298804540937697,0.7228221265319642,762059192065.05,51083731.942224495,0.013523467275273982,3632.61,sh000300,0.0002007487929978821
2023-11-07,0.7274694610898652,0.7266624509420136,0.7284089654410952,0.7239603721882621,549386072777.85004,38229316.4123581,-0.0035374014826804467,3619.76,sh000300,0.0002007487929978821
2023-11-08,0.7248316219498729,0.7249179439308621,0.7281259096429683,0.7210535296656528,550908567610.5,38663087.78794905,-0.0024007116493911518,3611.07,sh000300,0.0002007487929978821
2023-11-09,0.7233199835385989,0.7252712618065383,0.7275959328294538,0.7229706806387826,557273871136.9501,38012833.58762183,0.00048739016413401615,3612.83,sh000300,0.0002007487929978821
2023-11-10,0.7219067120358938,0.7199835385989741,0.7225852429562266,0.7178977586397262,508630873815.9,33509927.495217156,-0.007290683480817073,3586.49,sh000300,0.0002007487929978821
2023-11-13,0.7214730946430183,0.718562237144549,0.7225731980286467,0.7152217772290643,481734647346.15,33087666.922561154,-0.001974074931200165,3579.41,sh000300,0.0002007487929978821
2023-11-14,0.7189015026047155,0.7190942214459934,0.7227257671113252,0.7164483523542814,502539300453.30005,33311283.77371596,0.0007403454759304928,3582.06,sh000300,0.0002007487929978821
2023-11-15,0.7260842944181798,0.7241510835416102,0.7268310799281319,0.7220773485099421,522689160084.30005,37927901.171489656,0.007032266349530802,3607.25,sh000300,0.0002007487929978821
2023-11-16,0.7228923886095134,0.717146958153914,0.7237576159073343,0.717146958153914,435692681853.00006,29435638.36265269,-0.009672187954813172,3572.36,sh000300,0.0002007487929978821
2023-11-17,0.7149286839912874,0.7162857458319531,0.7174119465606712,0.7120619912272778,434967531789.45,28028927.64114146,-0.001200886808720325,3568.07,sh000300,0.0002007487929978821
2023-11-20,0.7166189888283296,0.7179419233741857,0.720079898019613,0.7116745460567918,453703574700.75006,31607824.12277796,0.0023121743687763985,3576.32,sh000300,0.0002007487929978821
2023-11-21,0.7202625794212412,0.7188954801409256,0.7257189316149236,0.717813444146667,540946286043.9,35316150.42707298,0.0013281809234073627,3581.07,sh000300,0.0002007487929978821
2023-11-22,0.7165607716783603,0.7115380368775532,0.7175524707157698,0.7115380368775532,422340676294.35004,27310105.802423034,-0.010234371291262145,3544.42,sh000300,0.0002007487929978821
2023-11-23,0.7109398054744196,0.714970841237817,0.7150812530739659,0.7086311943549439,422419311885.45,28405916.36622602,0.004824484682966368,3561.52,sh000300,0.0002007487929978821
2023-11-24,0.7147961897879088,0.7102512371144368,0.7147961897879088,0.7094462344545153,423506421784.05005,28125307.10656749,-0.006601114131045138,3538.01,sh000300,0.0002007487929978821
2023-11-27,0.7095345639234344,0.7050177160809821,0.7095345639234344,0.7011874291105824,493663311843.9,31311880.722233932,-0.007368548986577239,3511.94,sh000300,0.0002007487929978821
2023-11-28,0.7047607576259447,0.706338643138908,0.7068465375851928,0.702843606652815,445012832535.15,29658734.25123711,0.001873608319048703,3518.52,sh000300,0.0002007487929978821
2023-11-29,0.7064109127043874,0.700274022102442,0.7064751523181466,0.6990554769289449,492363667666.2,31306420.142310817,-0.008585996384843586,3488.31,sh000300,0.0002007487929978821
2023-11-30,0.699713932969978,0.7018579300791953,0.7036506168006664,0.6988968853824765,504863907207.00006,30873193.14107621,0.002261840260756598,3496.2,sh000300,0.0002007487929978821
2023-12-01,0.7014604474690596,0.6991839561564636,0.7014604474690596,0.6930189607234987,540630602950.35004,35347510.909572706,-0.003809850695040251,3482.88,sh000300,0.0002007487929978821
2023-12-04,0.6988145783773474,0.6946189286036917,0.7002378873197025,0.6945125317434029,483972155195.10004,33056178.60477581,-0.006529079382579961,3460.14,sh000300,0.0002007487929978821
2023-12-05,0.692601403234063,0.6813935981209913,0.692601403234063,0.6813032611641422,500486232069.45,33091569.777690787,-0.019039692035582312,3394.26,sh000300,0.0002007487929978821
2023-12-06,0.6801128208216648,0.6824655966755999,0.6866170817147962,0.6791231292721852,527054322070.65,34557497.0088229,0.0015732442417493164,3399.6,sh000300,0.0002007487929978821
2023-12-07,0.6814036355606411,0.6807953667178576,0.6834311983699197,0.6764772601804732,486743887924.80005,32310507.83367962,-0.0024473467466760157,3391.28,sh000300,0.0002007487929978821
2023-12-08,0.6809118010177964,0.6824374918445802,0.6844289198711192,0.6792235036686841,645194683692.9,40758875.11640418,0.0024120685994668545,3399.46,sh000300,0.0002007487929978821
2023-12-11,0.6781394601864956,0.6864504602166078,0.6878878215744728,0.6718841277966815,695527215456.15,44116791.91847591,0.0058803457019642735,3419.45,sh000300,0.0002007487929978821
2023-12-12,0.6845533841227779,0.6879259638451424,0.6880765254398907,0.6837704638300861,525980811257.55005,33521026.384353638,0.002149468481773553,3426.8,sh000300,0.0002007487929978821
2023-12-13,0.6862878536942796,0.6764451403735935,0.6862878536942796,0.6764451403735935,474649762905.45,33215077.91574573,-0.01668903933699084,3369.61,sh000300,0.0002007487929978821
2023-12-14,0.6800124464251659,0.6729019241771809,0.6823732522308209,0.6726610256255834,416715506732.25,30161658.13211278,-0.005237994901487131,3351.96,sh000300,0.0002007487929978821
2023-12-15,0.6757083923032913,0.6708121292420729,0.6802372850733235,0.6704046091922872,487115172847.05005,33104885.095827434,-0.003105645652096034,3341.55,sh000300,0.0002007487929978821
2023-12-18,0.6683308741606191,0.6683670089433587,0.67298021620645,0.6654641813966092,450945804695.10004,28567219.612936247,-0.003645015037931576,3329.37,sh000300,0.0002007487929978821
2023-12-19,0.6676222309213365,0.6693045058066588,0.671661296636454,0.665118893472653,417477568599.30005,27160038.021038473,0.0014026677719809477,3334.04,sh000300,0.0002007487929978821
2023-12-20,0.6693627229566281,0.6619691449105162,0.6702078753751493,0.6619430475674264,460340840011.80005,28363905.929577317,-0.010959676548571662,3297.5,sh000300,0.0002007487929978821
2023-12-21,0.6595802342738414,0.6686681321328555,0.6703724893854075,0.6592570287171148,510818503407.30005,34352290.15819005,0.010119787717968176,3330.87,sh000300,0.0002007487929978821
2023-12-22,0.6683870838226584,0.669944894456322,0.6743272406074657,0.6656629227016773,524138309519.55005,33592568.74325233,0.0019094110547694942,3337.23,sh000300,0.0002007487929978821
2023-12-25,0.6685597277846367,0.6719965471207604,0.6722836178947473,0.6685597277846367,371323243775.55005,24458897.10040451,0.00306242003098367,3347.45,sh000300,0.0002007487929978821
2023-12-26,0.6715850120951148,0.6674475794714284,0.6715890270709747,0.6656709526533972,372270905762.25,24429120.10491132,-0.006769331879490359,3324.79,sh000300,0.0002007487929978821
2023-12-27,0.6678771818884438,0.6697702430064139,0.6707559195800334,0.6644122577213004,470259006742.80005,28290508.331034753,0.0034799190324803497,3336.36,sh000300,0.0002007487929978821
2023-12-28,0.6696096439720156,0.6854647836429882,0.6872434179489495,0.6687363867224748,737562845528.8501,49355221.87043672,0.02343272308743649,3414.54,sh000300,0.0002007487929978821
2023-12-29,0.6847762152830056,0.6887911911429633,0.6890782619169502,0.6844690696297188,572501235418.2001,38859582.34516747,0.004852776655127844,3431.11,sh000300,0.0002007487929978821
2024-01-02,0.6878195669848535,0.679805675168378,0.6878195669848535,0.679805675168378,578736859460.1001,36957069.35844701,-0.013045341012092315,3386.35,sh000300,0.0002007487929978821
2024-01-03,0.678480733134592,0.6781896473847451,0.6811105423228642,0.6750499362622582,526099556678.85004,33143428.717616707,-0.00237719078063392,3378.3,sh000300,0.0002007487929978821
2024-01-04,0.677531191343712,0.6719162476035613,0.677531191343712,0.6672608830939404,531614718107.55005,33226386.963092335,-0.00925021460497888,3347.05,sh000300,0.0002007487929978821
2024-01-05,0.6707639495317533,0.6683148142571792,0.6770333343370772,0.6651911630381322,629645499294.9,36586801.76018549,-0.005359943831134917,3329.11,sh000300,0.0002007487929978821
2024-01-08,0.667009947102693,0.6596725787186204,0.6692001164342999,0.6591265420016662,584957365104.75,34280194.09866803,-0.012931384063608609,3286.06,sh000300,0.0002007487929978821
2024-01-09,0.6598030654340691,0.6609654009455268,0.6633944613408012,0.6572194284681863,544613311827.75006,34584263.91343712,0.001959793795609288,3292.5,sh000300,0.0002007487929978821
2024-01-10,0.6587912915173597,0.6578798919971494,0.6650646912985435,0.6560972427153281,469240011824.10004,32075170.353036825,-0.004668185269551928,3277.13,sh000300,0.0002007487929978821
2024-01-11,0.6575145291938932,0.6616017746193301,0.6647013359832173,0.6558041494775512,541919746442.25006,36331222.16979333,0.0056573892399751635,3295.67,sh000300,0.0002007487929978821
2024-01-12,0.659331305770524,0.6592931634998545,0.6645728567556987,0.6583958163951539,482461456199.25006,31424417.535788488,-0.0034894270360806834,3284.17,sh000300,0.0002007487929978821
2024-01-15,0.6564686279823742,0.6586407299226114,0.6638601985405562,0.6546960161402029,442600568965.50006,28974419.069248296,-0.0009895955446885818,3280.92,sh000300,0.0002007487929978821
2024-01-16,0.656964477501079,0.662647675830849,0.662647675830849,0.6545293946420147,564270715197.75,35261643.42776556,0.006083659461370683,3300.88,sh000300,0.0002007487929978821
2024-01-17,0.6606923825870497,0.6482339124936011,0.6606923825870497,0.6482339124936011,541820084572.80005,34833204.88917663,-0.02175177528416672,3229.08,sh000300,0.0002007487929978821
2024-01-18,0.6452628303572324,0.6573980948939544,0.6583054794383049,0.6367008943358727,871283784016.8,51549185.8287412,0.014137153616510023,3274.73,sh000300,0.0002007487929978821
2024-01-19,0.6546899936764129,0.6564043883686149,0.6598492376564585,0.652796932558443,590296988740.8,38395576.92167785,-0.0015115750000762596,3269.78,sh000300,0.0002007487929978821
2024-01-22,0.6549369146918004,0.6461902897808827,0.6587411043191103,0.6410270308249771,740754780037.8,45270866.701657176,-0.015560679923419918,3218.9,sh000300,0.0002007487929978821
2024-01-23,0.6440884499181948,0.648806046553645,0.6523392253104078,0.6400132494203379,607784476200.0,38903343.19495719,0.004047966696697491,3231.93,sh000300,0.0002007487929978821
2024-01-24,0.6516225521194053,0.6578758770212894,0.65875515673462,0.6404830015959528,768980733057.9,43971281.203790136,0.013979263164734412,3277.11,sh000300,0.0002007487929978821
2024-01-25,0.6573198028646853,0.67108715508848,0.6713521434952372,0.6564063958565448,980497123098.9,53303043.34252762,0.020081718343296417,3342.92,sh000300,0.0002007487929978821
2024-01-26,0.6678209722264045,0.6692603410721993,0.6729039316651108,0.6655083461310689,899950641306.7501,47807301.13342768,-0.002722171036100174,3333.82,sh000300,0.0002007487929978821
2024-01-29,0.6695755166772059,0.6632659821132825,0.6727834823893121,0.6632659821132825,917389301573.2501,49122830.87783431,-0.008956692322920845,3303.96,sh000300,0.0002007487929978821
2024-01-30,0.659238961325745,0.6514378632298473,0.6625111666516105,0.6514238108143374,715567689622.5,40068039.77068465,-0.017833145679729823,3245.04,sh000300,0.0002007487929978821
2024-01-31,0.6487277545243759,0.6454776315657401,0.6528651871480623,0.6427835827637085,762861219303.15,43227910.08887149,-0.009149347927914664,3215.35,sh000300,0.0002007487929978821
2024-02-01,0.642849829865398,0.6459513987172152,0.6527868951187931,0.6407700723699399,724870071829.2001,40915627.93871139,0.0007339791935558893,3217.71,sh000300,0.0002007487929978821
2024-02-02,0.6463850161100906,0.6383068846798559,0.6495046523532777,0.6239975107149668,865549856640.15,47074618.63892318,-0.011834503420134146,3179.63,sh000300,0.0002007487929978821
2024-02-05,0.6352193682435484,0.6424804520862818,0.649191484236201,0.6246338843887701,1011428098609.5001,56152075.54321619,0.006538496617531031,3200.42,sh000300,0.0002007487929978821
2024-02-06,0.6394350928965039,0.6648177702831561,0.6653838818794102,0.6389472733295191,1009784895703.65,57221841.65856645,0.03476731179032755,3311.69,sh000300,0.0002007487929978821
2024-02-07,0.6652875224587712,0.6712296867315085,0.6712296867315085,0.6603972818613427,1079199181049.55,59822671.479659125,0.009644622534114022,3343.63,sh000300,0.0002007487929978821
2024-02-08,0.672791512341032,0.6755056360223634,0.6759633432703985,0.6698947072580725,946344808170.3,54250306.68613929,0.006370322075109902,3364.93,sh000300,0.0002007487929978821
2024-02-19,0.6811787969124835,0.683310749094121,0.683310749094121,0.675347044475895,913180085730.0001,53735261.55506037,0.011554475130240549,3403.81,sh000300,0.0002007487929978821
2024-02-20,0.6815802944984793,0.6847240205968261,0.6857357945135354,0.6785509952121412,701048205064.3501,43855437.16984351,0.002068270555642071,3410.85,sh000300,0.0002007487929978821
2024-02-21,0.6806106778282995,0.6939624800505886,0.7026468728356771,0.6792716833790037,940874209898.7001,58583224.34845975,0.013492238005189394,3456.87,sh000300,0.0002007487929978821
2024-02-22,0.6926535979202424,0.6999447940819256,0.6999468015698554,0.6922641452618266,702473882378.4,45188177.67727624,0.008620515090240755,3486.67,sh000300,0.0002007487929978821
2024-02-23,0.7008822909452257,0.700561092876429,0.7041384363676513,0.6971945356178545,721405448258.55,46759624.82337117,0.0008804962901565183,3489.74,sh000300,0.0002007487929978821
2024-02-26,0.699717947945838,0.6932578517871661,0.701137241912333,0.6916578839069729,753420873626.8501,47969252.85615345,-0.010424845403955496,3453.36,sh000300,0.0002007487929978821
2024-02-27,0.6905858853523643,0.7015748742810684,0.7015748742810684,0.6900619310026398,695039028212.1001,49080815.69269374,0.011997011606087904,3494.79,sh000300,0.0002007487929978821
2024-02-28,0.7025866481977776,0.6926355305288727,0.7069689943489214,0.6926355305288727,945647269729.8,65905947.43521334,-0.012741824258395984,3450.26,sh000300,0.0002007487929978821
2024-02-29,0.6901542754474188,0.7058488160839932,0.7058488160839932,0.6901542754474188,776814294478.2001,56605518.441426516,0.019076823195933068,3516.08,sh000300,0.0002007487929978821
2024-03-01,0.7056440523151354,0.7102090798679073,0.7115259919499733,0.7033153663163599,810513316519.5,57931207.247934796,0.006177333849059163,3537.8,sh000300,0.0002007487929978821
2024-03-04,0.7103235066799161,0.7108253786624107,0.7123952342236541,0.7065875716422255,813178552967.55,59766916.962128736,0.0008677709310871418,3540.87,sh000300,0.0002007487929978821
2024-03-05,0.7076314653658144,0.7157718289218786,0.7168117076696076,0.7064510624629868,829008167445.15,60203745.91407951,0.006958741778150701,3565.51,sh000300,0.0002007487929978821
2024-03-06,0.7139691047607576,0.7128690013751292,0.7181567245826934,0.7116745460567918,712714686167.55,49844754.07417668,-0.004055520809084778,3551.05,sh000300,0.0002007487929978821
2024-03-07,0.7122767924357855,0.7085870296204844,0.7166571310989992,0.7072179228522388,737790288988.5,50556482.286147326,-0.006006674082313812,3529.72,sh000300,0.0002007487929978821
2024-03-08,0.7085529023256748,0.7116364037861221,0.7123590994409146,0.7049454465155027,626617286816.4,45244582.495508246,0.004303457498045171,3544.91,sh000300,0.0002007487929978821
2024-03-11,0.7118431750429101,0.7205396127555783,0.7205396127555783,0.7111084344605378,738250142313.75,57498184.65970068,0.01251089590426857,3589.26,sh000300,0.0002007487929978821
2024-03-12,0.7212060987483312,0.7221917753219508,0.7238399229124634,0.7175183434209601,900058014306.0001,68253995.87202263,0.0022929517504999275,3597.49,sh000300,0.0002007487929978821
2024-03-13,0.7215754765274474,0.717146958153914,0.7215754765274474,0.715342226504863,720256335496.5,53579603.19588063,-0.006985425949759372,3572.36,sh000300,0.0002007487929978821
2024-03-14,0.7170325313419053,0.7151113653929155,0.7221857528581609,0.7117769279412207,702184655234.7001,52958256.16252622,-0.002838459729702536,3562.22,sh000300,0.0002007487929978821
2024-03-15,0.713643891716101,0.716671183514509,0.7172372951107631,0.7093819948407559,689000625779.4,48981010.84368695,0.0021812240681373662,3569.99,sh000300,0.0002007487929978821
2024-03-18,0.7180904774810041,0.7234042980316581,0.723508687404017,0.7173557368986319,798906113481.3,59284097.80702018,0.009394984299676112,3603.53,sh000300,0.0002007487929978821
2024-03-19,0.7213586678310097,0.7182049042930129,0.7248516968291727,0.7181165748240939,725144016191.1001,52105041.4874281,-0.0071873968025797375,3577.63,sh000300,0.0002007487929978821
2024-03-20,0.7164162325474017,0.7197607074387465,0.7205978299055477,0.7163580153974324,645229114784.1001,44917964.78589138,0.002166238543393151,3585.38,sh000300,0.0002007487929978821
2024-03-21,0.7213044656569002,0.7188994951167856,0.7229184859526032,0.7176829574312185,651278521018.9501,46807088.96776978,-0.0011965258912584043,3581.09,sh000300,0.0002007487929978821
2024-03-22,0.7169281419695464,0.711654471177492,0.7178214740983869,0.7072058779246589,693540199773.3,49956524.03910586,-0.010077937164382988,3545.0,sh000300,0.0002007487929978821
2024-03-25,0.7099902636835396,0.7077920644002128,0.7156614170857297,0.7077920644002128,682523276747.4,46924479.55576299,-0.005427362482369524,3525.76,sh000300,0.0002007487929978821
2024-03-26,0.7079767532897707,0.7114035351862447,0.7121864554789364,0.7063547030423479,628693867172.25,45515921.355475925,0.005102445997458682,3543.75,sh000300,0.0002007487929978821
2024-03-27,0.7103937687574653,0.7031808646250514,0.7112449436397763,0.7031808646250514,640734925870.05,43442987.657141134,-0.011558377425044064,3502.79,sh000300,0.0002007487929978821
2024-03-28,0.7023156373272306,0.7068284701938229,0.7129011211820089,0.7004908307988797,714000392527.9501,46680278.706475146,0.005187293557421313,3520.96,sh000300,0.0002007487929978821
2024-03-29,0.7060094151183915,0.7101448402541479,0.7102974093368263,0.7060094151183915,640817252641.5,40500945.397673324,0.004691902208488585,3537.48,sh000300,0.0002007487929978821
2024-04-01,0.712975398235418,0.7218223975428347,0.7228803436819335,0.712975398235418,810847022137.3501,50515878.796932556,0.01644390922351513,3595.65,sh000300,0.0002007487929978821
2024-04-02,0.7213345779758499,0.7188171881116564,0.7219308018910536,0.7164222550111917,703730119072.2001,44206392.95429953,-0.004163364064911801,3580.68,sh000300,0.0002007487929978821
2024-04-03,0.7184156905256607,0.7162315436578437,0.7191684984994027,0.7144388569363725,675432858026.8501,43004988.12171399,-0.0035970821184801993,3567.8,sh000300,0.0002007487929978821
2024-04-08,0.7133728808455538,0.7099300390456401,0.7162355586337037,0.7098015598181215,773624990122.05,48831993.673843436,-0.008798138909131725,3536.41,sh000300,0.0002007487929978821
2024-04-09,0.7093217702028566,0.7093438525700864,0.7113955052345248,0.7064068977285274,645936346931.7001,39325388.81522077,-0.0008256961155522768,3533.49,sh000300,0.0002007487929978821
2024-04-10,0.7084364680257359,0.7035663023076073,0.7088901602979112,0.7006233250022584,641549431389.9,40100528.69726078,-0.008144921876105382,3504.71,sh000300,0.0002007487929978821
2024-04-11,0.6996155660614091,0.7034719503748983,0.7067541931404138,0.6995954911821092,630312108533.25,40208674.73389744,-0.0001341052469392423,3504.24,sh000300,0.0002007487929978821
2024-04-12,0.7037750810523251,0.6977706846537585,0.7059732803356519,0.6966103566302307,642201201186.6001,41869413.85425637,-0.008104467730520648,3475.84,sh000300,0.0002007487929978821
2024-04-15,0.6973009324781434,0.7124735262529234,0.7131420197336062,0.6973009324781434,916275745687.5001,53694778.42974294,0.02107116553120969,3549.08,sh000300,0.0002007487929978821
2024-04-16,0.7093177552269967,0.7048510945827938,0.7117548455739909,0.7033474861232396,877480070337.7501,50852875.680749185,-0.010698547229140987,3511.11,sh000300,0.0002007487929978821
2024-04-17,0.704453611972658,0.7157497465546488,0.7158581509028676,0.7022253003703816,839190091677.3,49181007.70939605,0.015462346665299664,3565.4,sh000300,0.0002007487929978821
2024-04-18,0.7127706344665602,0.7166330412438395,0.7232557439248396,0.7121764180392864,889540117941.7501,52461667.47335561,0.0012340831323274237,3569.8,sh000300,0.0002007487929978821
2024-04-19,0.7127806719062101,0.710983970208879,0.7148564144258082,0.7085067301032852,733660724931.75,45415303.10484105,-0.007882794554316841,3541.66,sh000300,0.0002007487929978821
2024-04-22,0.7098838668232507,0.7088239131962218,0.7142963252933441,0.708245756672388,750086910866.7001,46074092.99045439,-0.003038123365879164,3530.9,sh000300,0.0002007487929978821
2024-04-23,0.7077739970088429,0.7038694329850341,0.7093980547441958,0.7026167605167274,712898453150.4,42811131.96436709,-0.0069897193350138,3506.22,sh000300,0.0002007487929978821
2024-04-24,0.7054332660824877,0.7069609643972015,0.7075471508727553,0.7017475182430465,606428806778.8501,39206223.16163289,0.004392194443018527,3521.62,sh000300,0.0002007487929978821
2024-04-25,0.7047567426500847,0.7086994489445632,0.7114476999207041,0.7036646692161762,573790358984.7001,37043095.14503097,0.002459095529898203,3530.28,sh000300,0.0002007487929978821
2024-04-26,0.7090367069167997,0.7195378762785188,0.7203669687936001,0.7090367069167997,982402584119.55,61839674.43578548,0.015293404489162166,3584.27,sh000300,0.0002007487929978821
2024-04-29,0.7195920784526283,0.7274955584329549,0.7318939644875385,0.7184317504291006,1109453151244.35,72010541.0857699,0.011059434696604864,3623.91,sh000300,0.0002007487929978821
2024-04-30,0.7265620765455147,0.7235769419936362,0.7288606502253405,0.7235769419936362,952916807833.65,57549491.95655795,-0.005386447235168679,3604.39,sh000300,0.0002007487929978821
2024-05-06,0.7335461270539111,0.734314994931093,0.736398767402411,0.7318779045840986,1036210499169.4501,66903645.0219318,0.014840236489392256,3657.88,sh000300,0.0002007487929978821
2024-05-07,0.7341383359932547,0.7345418410671806,0.7358808355164763,0.732407881397613,821097270566.1001,49658897.28348741,0.000308922107887577,3659.01,sh000300,0.0002007487929978821
2024-05-08,0.732883656037018,0.7287622833167715,0.7329217983076877,0.7284571451514147,647751520983.6001,40134393.35718229,-0.007868248515308873,3630.22,sh000300,0.0002007487929978821
2024-05-09,0.7288004255874411,0.7356559968683187,0.7366998905919078,0.7288004255874411,730061759332.9501,46713225.92086482,0.009459481794491742,3664.56,sh000300,0.0002007487929978821
2024-05-10,0.7365653889005992,0.7360012847922752,0.7376735222379475,0.7310789243879671,750791742003.6001,46921128.223172426,0.00046936057807767106,3666.28,sh000300,0.0002007487929978821
2024-05-13,0.7320003613478273,0.7356820942114085,0.7374747809328795,0.7296415630301022,783404236964.25,50124657.98887851,-0.0004336820973848132,3664.69,sh000300,0.0002007487929978821
2024-05-14,0.7363927449386211,0.7341483734329047,0.737908398325755,0.7320726309133065,664544418961.5,43089433.22870306,-0.0020847602389287845,3657.05,sh000300,0.0002007487929978821
2024-05-15,0.7329438806749174,0.7279271683379003,0.7340439840605458,0.7275136258243247,615310120451.4,38439573.49616068,-0.00847404328625534,3626.06,sh000300,0.0002007487929978821
2024-05-16,0.730043060616098,0.73079787607777,0.7342346954138937,0.7279813705120097,770268656119.05,48237717.378622256,0.003943674401416519,3640.36,sh000300,0.0002007487929978821
2024-05-17,0.7304365282503739,0.7383480381824203,0.7383480381824203,0.7282062091601673,819782846722.9501,49731403.17227258,0.010331395796020049,3677.97,sh000300,0.0002007487929978821
2024-05-20,0.7391691007457817,0.7409557650034628,0.7433788029349473,0.7382416413221315,919604149261.05,56203908.884218134,0.003531839574548057,3690.96,sh000300,0.0002007487929978821
2024-05-21,0.7392152729681712,0.7379846828670942,0.7396810101679263,0.7357744386561875,650954265022.05,39462265.22486876,-0.004009796909205221,3676.16,sh000300,0.0002007487929978821
2024-05-22,0.7378823009826653,0.7396488903610466,0.741140453893021,0.7361638913146035,756739817616.75,46340725.607495956,0.0022550705083566047,3684.45,sh000300,0.0002007487929978821
2024-05-23,0.7373181968743413,0.731084946851757,0.737625342527628,0.7294227468457346,710205963736.5,43001403.03947725,-0.011578390261775762,3641.79,sh000300,0.0002007487929978821
2024-05-24,0.7288847400805002,0.7229927630060123,0.7329077458921778,0.7226294076906862,621628529548.9501,39215221.20627942,-0.011068732683652827,3601.48,sh000300,0.0002007487929978821
2024-05-27,0.7240306342658115,0.7298643941903299,0.7303542212452447,0.7234404328143976,653914985189.4,41383107.49808787,0.0095044259582171,3635.71,sh000300,0.0002007487929978821
2024-05-28,0.729370552159555,0.7245365212241661,0.730518835255503,0.723884087646923,615357313761.3,37014316.99822337,-0.007299812141232431,3609.17,sh000300,0.0002007487929978821
2024-05-29,0.7245164463448663,0.7254097784737069,0.7293605147199052,0.7232617663886296,577369952113.3501,35948651.124213316,0.0012052632599739432,3613.52,sh000300,0.0002007487929978821
2024-05-30,0.7241109337830106,0.7215533941602176,0.7275216557760446,0.7200357332851536,610728429143.25,38758498.609975204,-0.005316146029356372,3594.31,sh000300,0.0002007487929978821
2024-05-31,0.722659520009636,0.718664619028978,0.7256346171218645,0.718664619028978,560212678345.65,36276833.174079314,-0.004003550055504346,3579.92,sh000300,0.0002007487929978821
2024-06-03,0.7181547170947634,0.7204372308711493,0.7228161040681742,0.7162455960733536,702642286877.8501,44718184.462926716,0.0024665355650406173,3588.75,sh000300,0.0002007487929978821
2024-06-04,0.7194455318337398,0.7258413883786523,0.7272125026348278,0.7187368885944573,620402713959.6001,39304800.151324436,0.007501219087425959,3615.67,sh000300,0.0002007487929978821
2024-06-05,0.7247754122878336,0.7216497535808566,0.7273771166450862,0.721513244401618,552465418814.1001,36664679.02775352,-0.005774863303343536,3594.79,sh000300,0.0002007487929978821
2024-06-06,0.7231292721852509,0.721139851646642,0.7277163821052526,0.7195178013992191,686895870907.9501,45522613.87760346,-0.0007065781311286212,3592.25,sh000300,0.0002007487929978821
2024-06-07,0.7216176337739769,0.7174982685416603,0.723311953586879,0.713077780119847,653070058565.1001,42759800.0738354,-0.005049759899784179,3574.11,sh000300,0.0002007487929978821
2024-06-11,0.7138265731177291,0.7112288837363365,0.715731679163279,0.7078181617433025,670102688993.1001,44020664.52146506,-0.00873783963000585,3542.88,sh000300,0.0002007487929978821
2024-06-12,0.7104680458108745,0.7114778122396538,0.712893091230289,0.7089584148875304,611778168954.15,40294819.80408925,0.0003499977419498812,3544.12,sh000300,0.0002007487929978821
2024-06-13,0.7123008822909451,0.7078663414536219,0.7128750238389191,0.7066718861352845,613928782133.7001,43119302.688889556,-0.00507601322754303,3526.13,sh000300,0.0002007487929978821
2024-06-14,0.705591857628956,0.7109578728657894,0.7120860810824374,0.7033274112439398,854385919031.7001,56966247.47207082,0.004367394282116743,3541.53,sh000300,0.0002007487929978821
2024-06-17,0.7069248296144619,0.7098878817991106,0.7108093187589709,0.7067843054593633,684604056381.3,46632710.38852921,-0.0015049992517359723,3536.2,sh000300,0.0002007487929978821
2024-06-18,0.7093438525700864,0.7117729129653608,0.7130014955785078,0.7092013209270579,616052710221.3,41921190.873156875,0.002655392794525202,3545.59,sh000300,0.0002007487929978821
2024-06-19,0.7113252431569755,0.7083923032912764,0.7113252431569755,0.7076073755106547,531225096835.95,37096429.42748451,-0.004749562132113416,3528.75,sh000300,0.0002007487929978821
2024-06-20,0.707673622612344,0.7032792315336204,0.7094442269665853,0.7026468728356771,556005315564.6001,37442817.022433676,-0.0072178533475025786,3503.28,sh000300,0.0002007487929978821
2024-06-21,0.7018860349102151,0.7017414957792566,0.7037269013420057,0.6973671795798327,543896744630.25006,36684179.00103385,-0.0021865223447741222,3495.62,sh000300,0.0002007487929978821
2024-06-24,0.6973290373091631,0.6979654109829664,0.7037811035161151,0.6968432252301082,587750403068.4,39304114.208718516,-0.005381019676051757,3476.81,sh000300,0.0002007487929978821
2024-06-25,0.6976341754745199,0.6941692513073765,0.6992522107460828,0.690706334628163,590031532599.3,38320201.70483904,-0.005438893698534009,3457.9,sh000300,0.0002007487929978821
2024-06-26,0.6928924889839099,0.6986579943188092,0.700091340700814,0.6910375701366095,527519291242.35004,34436068.87737259,0.006466352410422482,3480.26,sh000300,0.0002007487929978821
2024-06-27,0.6960542824736266,0.6934104208698445,0.6968271653266684,0.6931012677286277,572447282416.3501,34952875.986650206,-0.007510933091205874,3454.12,sh000300,0.0002007487929978821
2024-06-28,0.6913125959830166,0.6949240667690485,0.6995453039838597,0.6913125959830166,674520384296.55,41177352.8886346,0.002182900420367506,3461.66,sh000300,0.0002007487929978821
2024-07-01,0.6942415208728557,0.6982404368293735,0.6985957621929797,0.6913407008140363,606876724789.5,37744432.28739197,0.004772276884500437,3478.18,sh000300,0.0002007487929978821
2024-07-02,0.6970901462454956,0.696957652042117,0.700276029590372,0.6954982083170225,605981830243.3501,37360304.4198661,-0.0018371677141493237,3471.79,sh000300,0.0002007487929978821
2024-07-03,0.6969114798197276,0.6952753771567948,0.6983448262017323,0.6935850723197526,517348604935.80005,32729151.60811828,-0.002413740462412828,3463.41,sh000300,0.0002007487929978821
2024-07-04,0.6962570387545545,0.691742198400032,0.6992702781374527,0.6915655394621939,520201927197.15,32014846.08981501,-0.005081696940298697,3445.81,sh000300,0.0002007487929978821
2024-07-05,0.6912503638571873,0.6887811537033133,0.692792114587411,0.6824796490911098,580873524859.65,36419156.93593102,-0.004280561029191943,3431.06,sh000300,0.0002007487929978821
2024-07-08,0.6867214710871551,0.6828992140684754,0.6881748923484597,0.6817248336294377,575486488734.3,35644908.674857214,-0.008539634981609145,3401.76,sh000300,0.0002007487929978821
2024-07-09,0.681903500055206,0.6905377056420448,0.6923685346341855,0.6794965220271613,655692325888.05,43170794.62792215,0.011185386388222529,3439.81,sh000300,0.0002007487929978821
2024-07-10,0.6877412749555843,0.6883615887259477,0.6920834713481285,0.6872936051471991,633644935545.6001,39778268.31061861,-0.0031513368470933445,3428.97,sh000300,0.0002007487929978821
2024-07-11,0.692792114587411,0.6962309414114647,0.6973972918987824,0.6901984401818784,726741435509.1001,47688136.44526082,0.011432004362826209,3468.17,sh000300,0.0002007487929978821
2024-07-12,0.6945827938209521,0.6970801088058458,0.6984251257189316,0.6940608469591576,651932133915.15,41164654.93418451,0.0012196633959695724,3472.4,sh000300,0.0002007487929978821
2024-07-15,0.6951147781223965,0.6978529916588876,0.6988988928704065,0.6947494153191404,590375071402.05,34445464.65907836,0.001108743232346443,3476.25,sh000300,0.0002007487929978821
2024-07-16,0.6959659530047075,0.702275487568631,0.7026789926425567,0.6954680959980727,601044794332.9501,40241357.27814749,0.006337288745055902,3498.28,sh000300,0.0002007487929978821
2024-07-17,0.7014584399811296,0.702937958585524,0.7055276180151966,0.6998544571250764,656552201543.7001,44733014.65032571,0.0009433207176097191,3501.58,sh000300,0.0002007487929978821
2024-07-18,0.6992682706495227,0.7068224477300329,0.707197847972939,0.6977465947985987,616532718088.65,43318336.53579853,0.005526076799616142,3520.93,sh000300,0.0002007487929978821
2024-07-19,0.7027833820149155,0.7104539933953646,0.7117227257671113,0.701229586357112,659769720266.25,45783794.37883304,0.00513784710289622,3539.02,sh000300,0.0002007487929978821
2024-07-22,0.710329529143706,0.7056159474841157,0.7106888694831722,0.70141829022253,658167528814.9501,43654294.59963664,-0.006809794801950764,3514.92,sh000300,0.0002007487929978821
2024-07-23,0.7045861061760366,0.6905517580575546,0.7045861061760366,0.6905517580575546,642084358641.0,40723410.35436177,-0.02134899229569942,3439.88,sh000300,0.0002007487929978821
2024-07-24,0.6890401196462805,0.6861935017615706,0.6928683991287502,0.6842341935419113,632812088695.05,37115340.17621729,-0.006311266672093252,3418.17,sh000300,0.0002007487929978821
2024-07-25,0.6834713481285194,0.6823993495739107,0.6857297720497455,0.6792937657462335,652667645186.7001,38168662.07648529,-0.00552927443632123,3399.27,sh000300,0.0002007487929978821
2024-07-26,0.6832906742148213,0.6844108524797494,0.686725486063015,0.680269404880203,618661542843.3,37711329.15330181,0.002947691710278866,3409.29,sh000300,0.0002007487929978821
2024-07-29,0.6834231684181998,0.6806869623696387,0.6842522609332811,0.6803055396629427,546891387791.10004,33464242.38872996,-0.005441015578023678,3390.74,sh000300,0.0002007487929978821
2024-07-30,0.67866943700001,0.6763989681512039,0.67866943700001,0.6730705531632991,522803462141.4,33212447.3265681,-0.006299509841509399,3369.38,sh000300,0.0002007487929978821
2024-07-31,0.6753249621086653,0.6909934054021499,0.6915795918777038,0.6753249621086653,856588846348.9501,51843204.62051451,0.02157666989179008,3442.08,sh000300,0.0002007487929978821
2024-08-01,0.6912061991227277,0.6864143254338683,0.6922500928463168,0.6863982655304285,679074887396.4,41361880.31712287,-0.006626807046901884,3419.27,sh000300,0.0002007487929978821
2024-08-02,0.681325343531372,0.6794122075341021,0.6863801981390586,0.6787236391741194,580901400494.25,36068775.01633091,-0.010201007817458141,3384.39,sh000300,0.0002007487929978821
2024-08-05,0.6749395244261094,0.6711674546056792,0.68435865779357,0.6711674546056792,711399126576.6001,44893706.83915003,-0.012135126270908403,3343.32,sh000300,0.0002007487929978821
2024-08-06,0.6759914481014182,0.6710992000160598,0.6778885241952483,0.6662109669065615,594475698796.65,36481012.94779527,-0.0001016953208188287,3342.98,sh000300,0.0002007487929978821
2024-08-07,0.6702179128147991,0.670800084314493,0.6749937266002188,0.6684874582191573,473648561368.95,29124429.18596364,-0.0004457101149274445,3341.49,sh000300,0.0002007487929978821
2024-08-08,0.6689813002499322,0.6710911700643399,0.6754775311913437,0.6666546217390867,460753430288.25006,30008517.013761327,0.0004339381533389197,3342.94,sh000300,0.0002007487929978821
2024-08-09,0.6741405442299778,0.6688207012155339,0.6758549389221797,0.6688207012155339,455851438175.10004,28677400.013891816,-0.003383249475013006,3331.63,sh000300,0.0002007487929978821
2024-08-12,0.6680036536280325,0.6676623806799361,0.6701155309303702,0.6664639103857387,398202912237.9,23596995.337910403,-0.001731884993231514,3325.86,sh000300,0.0002007487929978821
2024-08-13,0.6680939905848816,0.669374767884208,0.6694992321358668,0.6645166470936593,420872662486.65,25145624.247041464,0.0025647501698808917,3334.39,sh000300,0.0002007487929978821
2024-08-14,0.6690535698154114,0.6643259357403113,0.6690535698154114,0.6642978309092916,392243489109.45,23724884.21897678,-0.007542608992949229,3309.24,sh000300,0.0002007487929978821
2024-08-15,0.6627621026428577,0.670892428759272,0.6738655183835707,0.6620634968432252,521878101658.65,29961623.942405168,0.009884444766774303,3341.95,sh000300,0.0002007487929978821
2024-08-16,0.6709084886627119,0.6716311843175042,0.6738956307025203,0.6696216888995954,480795334102.05005,27278814.595039494,0.001101153518155762,3345.63,sh000300,0.0002007487929978821
2024-08-19,0.6713561584710972,0.6739076756301002,0.67771989520913,0.6712457466349483,525886648798.50006,28791727.410701912,0.003389496148707316,3356.97,sh000300,0.0002007487929978821
2024-08-20,0.6748451724934003,0.6690355024240416,0.6749836891605688,0.666815220773485,506445540626.85004,27685383.498770412,-0.007229733956514384,3332.7,sh000300,0.0002007487929978821
2024-08-21,0.6670701717405924,0.666815220773485,0.6703885492888474,0.6640749997490639,448096098893.85004,26098546.08957411,-0.003318630539802525,3321.64,sh000300,0.0002007487929978821
2024-08-22,0.6670621417888725,0.6651088560330031,0.6680317584590522,0.6635249480562497,499960684700.4,29651157.128208216,-0.0025589768909334287,3313.14,sh000300,0.0002007487929978821
2024-08-23,0.6636614572354883,0.6679293765746233,0.6697461531512541,0.663603240085519,445959214314.9,26635527.818703763,0.004240690100629774,3327.19,sh000300,0.0002007487929978821
2024-08-26,0.6686380198139058,0.6673331526594195,0.6698043703012235,0.6647936804279964,468200932102.2,27918255.88605498,-0.0008926451450023132,3324.22,sh000300,0.0002007487929978821
2024-08-27,0.6656207654551477,0.6635410079596896,0.6666004195649774,0.6623826874240918,477253962871.95,26048352.92930631,-0.005682536053570386,3305.33,sh000300,0.0002007487929978821
2024-08-28,0.6622522007086432,0.6597609081875395,0.6635450229355495,0.6573699900629347,461754457477.50006,27298284.79520612,-0.0056968593151062175,3286.5,sh000300,0.0002007487929978821
2024-08-29,0.6571592038302869,0.6579903038332982,0.6606221205095004,0.6563542011703655,651074066489.55,34998565.929436795,-0.0026837060702875615,3277.68,sh000300,0.0002007487929978821
2024-08-30,0.6572013610768165,0.6667730635269554,0.6728356770754915,0.6571812861975167,939958044988.05,53876166.34263804,0.013347855800444286,3321.43,sh000300,0.0002007487929978821
2024-09-02,0.6639846627922149,0.655446816626015,0.6640288275266745,0.6553966294277656,735308794616.55,39027572.113643885,-0.016986659360576528,3265.01,sh000300,0.0002007487929978821
2024-09-03,0.6547903680729119,0.6571371214630571,0.6587752316139199,0.6546799562367631,612194495243.1001,31134027.630120344,0.002578858870263767,3273.43,sh000300,0.0002007487929978821
2024-09-04,0.6532164975358086,0.6528671946359922,0.657048791994138,0.6524295622672568,522207284210.7,28118896.097824883,-0.006497771450741263,3252.16,sh000300,0.0002007487929978821
2024-09-05,0.6530277936703905,0.6539913878767804,0.6558222168689211,0.6518654581589328,483736158757.50006,27024440.9434591,0.0017219325002459929,3257.76,sh000300,0.0002007487929978821
2024-09-06,0.6546719262850432,0.6486896122537062,0.6574141547973942,0.6486334025916669,440353417222.95,24399318.63966595,-0.008106797308580216,3231.35,sh000300,0.0002007487929978821
2024-09-09,0.6453672197295913,0.6409808586025876,0.6469993074166641,0.638567858110753,541338592263.15,29412921.087757334,-0.011883578071084866,3192.95,sh000300,0.0002007487929978821
2024-09-10,0.6410832404870165,0.6415449627109117,0.6434199564375118,0.6367330141427524,484635930045.30005,26822141.81527096,0.0008800638907595637,3195.76,sh000300,0.0002007487929978821
2024-09-11,0.6397964407239002,0.639611751834342,0.6418621458038484,0.6371826914390677,510499258648.50006,28408731.997410335,-0.0030133677122187175,3186.13,sh000300,0.0002007487929978821
2024-09-12,0.640274222851235,0.636869523321991,0.6427072982223694,0.6367510815341223,462611284546.95,27379574.741204694,-0.004287332908575747,3172.47,sh000300,0.0002007487929978821
2024-09-13,0.6371826914390677,0.6342156242785589,0.6401698334788761,0.6342156242785589,440035905973.95,27592703.061900888,-0.0041671000829006655,3159.25,sh000300,0.0002007487929978821
2024-09-18,0.6341293022975699,0.6365764300842142,0.6383610868539653,0.6315135455248074,422033989518.9,24782869.697752614,0.0037224024689404,3171.01,sh000300,0.0002007487929978821
2024-09-19,0.6380599636644685,0.641601172372951,0.6451745008883134,0.632316540696799,624856917577.2001,36493141.359812096,0.007893384126823833,3196.04,sh000300,0.0002007487929978821
2024-09-20,0.6408764692302287,0.6426069238258705,0.6440001204492757,0.6370200849167393,588118594572.3,32919801.852289036,0.001567564861516102,3201.05,sh000300,0.0002007487929978821
2024-09-23,0.6425707890431308,0.6449576921918757,0.6484507211900388,0.6419986549830868,474946093454.25006,28882966.838487554,0.0036581746614392507,3212.76,sh000300,0.0002007487929978821
2024-09-24,0.6513595712005781,0.6728918867375309,0.6729039316651108,0.646910977947745,1016555138152.9501,61806443.403394654,0.04331166971700329,3351.91,sh000300,0.0002007487929978821
2024-09-25,0.6832886667268913,0.6828530418460859,0.6956929346462304,0.681228984110733,1203316101644.25,71639733.1927088,0.014803500093976352,3401.53,sh000300,0.0002007487929978821
2024-09-26,0.6824093870135606,0.7117187107912514,0.7117187107912514,0.6808756662350567,1211135600713.5,75076764.94219437,0.04227215400128759,3545.32,sh000300,0.0002007487929978821
2024-09-27,0.7262930731628976,0.7435092896503959,0.7444768988326457,0.7220090939203228,1322487523014.9001,93688007.76532465,0.04466733609377993,3703.68,sh000300,0.0002007487929978821
2024-09-30,0.7722103445853031,0.8065785379465406,0.8107641502805464,0.7621427926164593,2541572974764.45,173151617.01530707,0.08482644288923447,4017.85,sh000300,0.0002007487929978821
2024-10-08,0.8934064058939845,0.854406937878286,0.8934064058939845,0.8219358206108786,2938338433776.9004,226923913.6238369,0.05929788319623697,4256.1,sh000300,0.0002007487929978821
2024-10-09,0.8368895982012908,0.7941582101237615,0.8426631334879099,0.7914541238820801,2402352152648.25,206576944.44144657,-0.07051526044970757,3955.98,sh000300,0.0002007487929978821
2024-10-10,0.7989019041023016,0.802551517159003,0.8227689281018197,0.785483854778323,1967897754703.6501,144128041.09580734,0.010568809751313246,3997.79,sh000300,0.0002007487929978821
2024-10-11,0.7969245284912724,0.7803446856775773,0.7986268782558944,0.7723046965180121,1365370625181.75,97362816.76565589,-0.02767028783402825,3887.17,sh000300,0.0002007487929978821
2024-10-14,0.7859756893211679,0.7952342236542302,0.7988878516867917,0.7766529153743463,1532158616780.55,107215233.26317163,0.019080719392257084,3961.34,sh000300,0.0002007487929978821
2024-10-15,0.7914581388579401,0.7740853383119033,0.7965451132725063,0.7740853383119033,1207909867744.8,87207467.19734609,-0.02659453619229868,3855.99,sh000300,0.0002007487929978821
2024-10-16,0.7640780109809588,0.769187067762755,0.7784536320475373,0.7638672247483111,1090250176509.4501,75742785.47510213,-0.006327817240189826,3831.59,sh000300,0.0002007487929978821
2024-10-17,0.7736537284069579,0.7604805926104369,0.7793208668332882,0.7603862406777279,1057609447257.0001,74110536.6285244,-0.011319060755456745,3788.22,sh000300,0.0002007487929978821
2024-10-18,0.7588926696578236,0.7879851847390767,0.8026358316520621,0.7558513254439057,1558957487745.9001,124599496.50076786,0.03616738204222569,3925.23,sh000300,0.0002007487929978821
2024-10-21,0.7923354110833408,0.7899866502052656,0.7988316420247523,0.7821514248145582,1450497557925.9001,120471277.6554749,0.002539978549027655,3935.2,sh000300,0.0002007487929978821
2024-10-22,0.7876860690375098,0.7945195579511578,0.7961516456382305,0.786437411545063,1112999947164.6,88907996.18852319,0.00573795486887585,3957.78,sh000300,0.0002007487929978821
2024-10-23,0.794025715920383,0.7976171118271151,0.8054402922902425,0.7907695704979573,1224784195851.1501,94175435.62931734,0.00389865025342484,3973.21,sh000300,0.0002007487929978821
2024-10-24,0.7931384062553324,0.7887078803938691,0.7945597077097574,0.7857488431850803,870361706243.7001,68352331.09203328,-0.011169809801143238,3928.83,sh000300,0.0002007487929978821
2024-10-25,0.7892077448884338,0.7942465395926807,0.8015678480733134,0.7873247212101137,1049544965394.7501,82754951.65575597,0.0070224468862232214,3956.42,sh000300,0.0002007487929978821
2024-10-28,0.7935820610878577,0.7958003352504842,0.7958003352504842,0.7863731719313036,1076770683260.2501,78382402.83015648,0.001956314041481999,3964.16,sh000300,0.0002007487929978821
2024-10-29,0.7969747156895219,0.787868750439138,0.8012506649803768,0.7872524516446344,1082417387198.4,86246704.28795406,-0.00996680255085558,3924.65,sh000300,0.0002007487929978821
2024-10-30,0.7837554076706112,0.7808023929256125,0.7881518062372649,0.7757555682696458,1093090636925.1001,77290409.67472672,-0.008968952645458939,3889.45,sh000300,0.0002007487929978821
2024-10-31,0.7805956216688247,0.7811215835064791,0.7877181888443895,0.7747116745460567,1497576715209.3,103492791.90279743,0.0004087981591227585,3891.04,sh000300,0.0002007487929978821
2024-11-01,0.7793991588625573,0.7809168197376213,0.7895891675951298,0.7788972868800625,1534188457129.35,95651370.015819,-0.00026214071302277375,3890.02,sh000300,0.0002007487929978821
2024-11-04,0.782460577955775,0.7919058086663254,0.7919058086663254,0.7811557108012888,1141919991531.0,76495047.74169652,0.014071907085310587,3944.76,sh000300,0.0002007487929978821
2024-11-05,0.7904724622843204,0.811942545695444,0.8123701406245294,0.7880213195218163,1578404478891.9001,116629398.20002608,0.025301919508411208,4044.57,sh000300,0.0002007487929978821
2024-11-06,0.8132915775843897,0.807869352685517,0.8214038363094341,0.803497043974023,1672776871956.3,128303390.4286589,-0.005016602506570544,4024.28,sh000300,0.0002007487929978821
2024-11-07,0.8004396398566653,0.8322442711313197,0.8323346080881687,0.7999176929948708,1700814280878.9001,132121999.24681059,0.03017185682904766,4145.7,sh000300,0.0002007487929978821
2024-11-08,0.8415550001505615,0.8238830839029581,0.8433276119927328,0.8218976783402089,1655553590319.75,138204815.91781342,-0.010046554261041507,4104.05,sh000300,0.0002007487929978821
2024-11-11,0.8164312887068765,0.8293193612173406,0.8295963945516778,0.8126391440071465,1442570202666.4502,125589636.52624288,0.0065983601564307826,4131.13,sh000300,0.0002007487929978821
2024-11-12,0.829765023537796,0.8202073735031667,0.8394732351671735,0.8151986911178696,1483336868696.1,132570593.27704336,-0.010987308557222963,4085.74,sh000300,0.0002007487929978821
2024-11-13,0.8149577925662722,0.8252562056470636,0.8272998283597819,0.8149577925662722,1197935466553.6501,102930792.47982976,0.006155555664335122,4110.89,sh000300,0.0002007487929978821
2024-11-14,0.823314964818774,0.8109488391701044,0.8267176568600881,0.8100093348188744,1146471570578.4001,93179070.08242744,-0.017336878388864774,4039.62,sh000300,0.0002007487929978821
2024-11-15,0.808144378531924,0.7967378321137843,0.8128459152639345,0.7967378321137843,1232383315015.05,95170924.86739539,-0.01752392551774673,3968.83,sh000300,0.0002007487929978821
2024-11-18,0.7994017685968662,0.7930340168829735,0.8098326758810362,0.789181647545344,1528168321307.1,94835346.80974032,-0.004648725191051195,3950.38,sh000300,0.0002007487929978821
2024-11-19,0.7938811767894245,0.7983558673853473,0.7988095596575225,0.782267859114497,1210201373427.75,80823666.34348117,0.0067107468142304505,3976.89,sh000300,0.0002007487929978821
2024-11-20,0.79619380288476,0.8001385166671685,0.8032119806879661,0.7946319772752366,919554081712.2001,69775802.36271292,0.0022329005831189797,3985.77,sh000300,0.0002007487929978821
2024-11-21,0.7988717917833519,0.8008471599064511,0.8029088500105392,0.7961837654451103,827531386461.4501,65089787.06153954,0.0008856507023737858,3989.3,sh000300,0.0002007487929978821
2024-11-22,0.7998313710138817,0.7760346090919128,0.801039878747729,0.7760346090919128,1077395314662.15,79811061.62943779,-0.030982879201865043,3865.7,sh000300,0.0002007487929978821
2024-11-25,0.7780240296305219,0.7724994228472201,0.7808545876117919,0.7653186385216859,949958154926.55,70062688.46399067,-0.004555449207129247,3848.09,sh000300,0.0002007487929978821
2024-11-26,0.7701245646260552,0.7709114998946068,0.7779477450891826,0.7695263332229215,746666710975.3501,53078634.271833934,-0.0020555652284640624,3840.18,sh000300,0.0002007487929978821
2024-11-27,0.7687353829785099,0.7843335641944452,0.7843576540496049,0.766440824274544,867432841809.6001,64366558.35807562,0.017410642209479743,3907.04,sh000300,0.0002007487929978821
2024-11-28,0.7837734750619811,0.7774097383239483,0.7846045750649924,0.7760968412177421,747786767522.8501,57501053.17303542,-0.008827654695114373,3872.55,sh000300,0.0002007487929978821
2024-11-29,0.7768757465345739,0.786248707679645,0.7955072420127073,0.7768757465345739,934783767302.55,75333397.155229,0.011369769273475994,3916.58,sh000300,0.0002007487929978821
2024-12-02,0.7848675559838195,0.7924819577022293,0.7939875736497134,0.7833559175725455,982769465528.4,73994245.73475061,0.007927834998902039,3947.63,sh000300,0.0002007487929978821
2024-12-03,0.7922952613247412,0.7933371475604002,0.7957581780039547,0.7875053951238118,909080768430.4501,65704085.98086863,0.0010791284897520015,3951.89,sh000300,0.0002007487929978821
2024-12-04,0.7925823320987282,0.7890551758057553,0.7944372509460286,0.7864835837674525,869874809169.3,62641737.49716442,-0.0053974174382384055,3930.56,sh000300,0.0002007487929978821
2024-12-05,0.786244692703785,0.7872544591325644,0.7902155038292832,0.7849438405251588,690086530191.3,51736235.758679874,-0.0022821175608563893,3921.59,sh000300,0.0002007487929978821
2024-12-06,0.7877181888443895,0.7976030594116053,0.8020155178816987,0.7877181888443895,956707655034.4501,70613736.32147911,0.013145178358777931,3973.14,sh000300,0.0002007487929978821
2024-12-09,0.7971052024049704,0.7962841398416092,0.8020938099109679,0.7926405492486976,876518136783.3,61876241.72220382,-0.0016536039505277156,3966.57,sh000300,0.0002007487929978821
2024-12-10,0.8218755959729792,0.8021199072540576,0.82274483824666,0.8007809128047617,1262591875223.25,97820478.94787557,0.007328750028361863,3995.64,sh000300,0.0002007487929978821
2024-12-11,0.8005902014514137,0.8007528079737419,0.8040651630582071,0.7984482118301263,882958464422.1001,62375323.535868794,-0.0017043577499474827,3988.83,sh000300,0.0002007487929978821
2024-12-12,0.8004155500015055,0.808716512591968,0.8093669386812811,0.7992512070021178,904721638858.9501,66983351.581679665,0.00994527217254193,4028.5,sh000300,0.0002007487929978821
2024-12-13,0.8031939132965962,0.7895811376434099,0.8031939132965962,0.7892920593814928,1147469310076.6501,84611322.08618145,-0.02366141243639075,3933.18,sh000300,0.0002007487929978821
2024-12-16,0.789099340540215,0.7852971584008351,0.7907013159083381,0.7832515282001866,889227020168.8501,65769135.19052064,-0.005425635236627757,3911.84,sh000300,0.0002007487929978821
2024-12-17,0.7845523803788129,0.7873427886014835,0.7941521876599716,0.7845523803788129,801693935971.5,61436632.809720255,0.00260491226635029,3922.03,sh000300,0.0002007487929978821
2024-12-18,0.789854156001887,0.7913296596304213,0.7941903299306412,0.7897397291898781,785749785313.3501,55572361.15195679,0.005063704255194201,3941.89,sh000300,0.0002007487929978821
2024-12-19,0.7853071958404849,0.7920463328214239,0.793830989591175,0.7828701054934907,802401038604.0,64595261.712869,0.0009056569310661455,3945.46,sh000300,0.0002007487929978821
2024-12-20,0.7904423499653708,0.7884890642095014,0.7946901944252059,0.7875897096168709,772041981849.6001,66677361.83920021,-0.004491238030546518,3927.74,sh000300,0.0002007487929978821
2024-12-23,0.7885713712146305,0.7896594296726791,0.7961396007106506,0.7885713712146305,946792053698.7001,71077805.25534242,0.0014843141348461764,3933.57,sh000300,0.0002007487929978821
2024-12-24,0.7899344555190861,0.7997209591777329,0.8001565840585383,0.7898922982725566,804461070915.15,62309388.67861122,0.012741606225388002,3983.69,sh000300,0.0002007487929978821
2024-12-25,0.8005781565238338,0.8001104118361488,0.8045529826251919,0.796868318829233,793981097568.4501,60083139.268089965,0.00048698568412697263,3985.63,sh000300,0.0002007487929978821
2024-12-26,0.7993274915434571,0.8004817971031949,0.8012948297148363,0.7960793760727514,714451548416.1001,61382944.26263964,0.0004641675218222119,3987.48,sh000300,0.0002007487929978821
2024-12-27,0.8003894526584159,0.7991869673883586,0.8044265108856032,0.7971614120670099,843186469379.1001,69260556.91710079,-0.001617562972102582,3981.03,sh000300,0.0002007487929978821
2024-12-30,0.7983177251146777,0.8028044606381803,0.8041555000150561,0.7983177251146777,819992402154.75,64781513.082156435,0.004526466768650428,3999.05,sh000300,0.0002007487929978821
2024-12-31,0.802166079476447,0.7899284330552961,0.8038684292410692,0.7899284330552961,916211720395.9501,69836578.3433005,-0.016038809217189143,3934.91,sh000300,0.0002007487929978821
2025-01-02,0.7893081192849328,0.7669406887691087,0.7897859014122677,0.7621106728095797,1085429808797.4,78018325.6826563,-0.02910104678378911,3820.4,sh000300,0.0002007487929978821
2025-01-03,0.7679123129272184,0.7578588133738845,0.7700603250122958,0.7563552049143304,873443239092.6001,61092425.83554659,-0.011841691969427304,3775.16,sh000300,0.0002007487929978821
2025-01-06,0.7580254348720727,0.7566161783452277,0.7606070643500256,0.7514167846065826,751918194604.5,52757493.67464643,-0.0016396656035770896,3768.97,sh000300,0.0002007487929978821
2025-01-07,0.7549901131219448,0.7620645005871902,0.762363616288757,0.7526192698766399,729547494721.65,53570978.820480384,0.007200906348418856,3796.11,sh000300,0.0002007487929978821
2025-01-08,0.7590833810111717,0.7606813414034347,0.7650014554287491,0.7490318889457677,842679876046.8,60418506.11434651,-0.0018150158978533781,3789.22,sh000300,0.0002007487929978821
2025-01-09,0.7589769841508828,0.7588063476768345,0.761893864113142,0.7565579611952582,646549351862.7001,50485511.52193682,-0.00246488723272853,3779.88,sh000300,0.0002007487929978821
2025-01-10,0.7586076063717666,0.7492908548887349,0.7601975368123098,0.7492908548887349,685051047860.8501,55277025.11654471,-0.012540080637480577,3732.48,sh000300,0.0002007487929978821
2025-01-13,0.7436618587330743,0.7472893894225461,0.7503769058588534,0.743595611631385,679686273388.65,49757987.93433507,-0.0026711462620027104,3722.51,sh000300,0.0002007487929978821
2025-01-14,0.7485039196201833,0.7669687936001284,0.7681933612374154,0.7465606713039638,850140389146.9501,69350975.1500296,0.026334381908980742,3820.54,sh000300,0.0002007487929978821
2025-01-15,0.7648609312736506,0.7620484406837503,0.7662240155781063,0.7608720527567827,704739081552.0,55978920.47972939,-0.006415323488302649,3796.03,sh000300,0.0002007487929978821
2025-01-16,0.7652925411785961,0.7629216979332911,0.7714675740512109,0.7580856595099721,719834320505.8501,61375858.104991615,0.0011459340416171138,3800.38,sh000300,0.0002007487929978821
2025-01-17,0.7605107049293865,0.7653226534975458,0.7691971052024049,0.7588725947785239,630748305427.3501,53286255.652303085,0.003147053715681025,3812.34,sh000300,0.0002007487929978821
2025-01-20,0.7699318457847772,0.7688036375681291,0.7746233450771377,0.7672578718620454,695303194183.9501,58653868.75216557,0.004548387604463411,3829.68,sh000300,0.0002007487929978821
2025-01-21,0.7729551226073252,0.7693918315316128,0.773065534443474,0.7662822327280756,703458306728.1001,57228131.2683108,0.0007650769777109989,3832.61,sh000300,0.0002007487929978821
2025-01-22,0.7676513394963212,0.7622471819888182,0.7676513394963212,0.7594607887420076,683715503093.7001,59972826.151826315,-0.0092861000727964,3797.02,sh000300,0.0002007487929978821
2025-01-23,0.7686771658285404,0.763596213877764,0.7757455308299959,0.7632167986589979,899480132873.8501,69298096.1213125,0.0017698089554438745,3803.74,sh000300,0.0002007487929978821
2025-01-24,0.7616108083150149,0.7694420187298624,0.772401055938651,0.7615365312616057,742080287384.7001,59516873.03022272,0.007655623149847246,3832.86,sh000300,0.0002007487929978821
2025-01-27,0.7702650887811536,0.7662742027763557,0.7732843506278418,0.7662742027763557,730618450102.2001,56799889.09444226,-0.004117030102847585,3817.08,sh000300,0.0002007487929978821
2025-02-05,0.7718188844389572,0.7618577293304023,0.7718188844389572,0.7598663013038633,782910351055.8,69462334.91427022,-0.005763567962945526,3795.08,sh000300,0.0002007487929978821
2025-02-06,0.7607596334327039,0.7714434841960512,0.7715759783994298,0.7605006674897367,833320955517.6001,74656864.3242093,0.012582079956153791,3842.83,sh000300,0.0002007487929978821
2025-02-07,0.7716904052114386,0.7814548265028556,0.7868047818362491,0.7696447750107902,1105150888764.4502,97841259.31287703,0.01297741508211403,3892.7,sh000300,0.0002007487929978821
2025-02-10,0.7825388699850442,0.7831330864123178,0.7841990625031366,0.778670440743975,940992158304.0001,77281930.17441054,0.002147609628278646,3901.06,sh000300,0.0002007487929978821
2025-02-11,0.7839561564636092,0.7795356680417959,0.7839561564636092,0.7774820078894275,829767922947.15,67826202.96022163,-0.004593623271623604,3883.14,sh000300,0.0002007487929978821
2025-02-12,0.7780942917080711,0.7869071637206781,0.7870798076826562,0.7763658446003593,818079837729.0,71231813.9255222,0.009456264775413725,3919.86,sh000300,0.0002007487929978821
2025-02-13,0.7857107009144108,0.7839521414877493,0.790789645377257,0.7839200216808696,859212508449.9,75576591.34704447,-0.0037552361563933934,3905.14,sh000300,0.0002007487929978821
2025-02-14,0.7830869141899284,0.7907515031065876,0.7913597719493711,0.7830869141899284,861656249170.2001,72465142.3518524,0.008673184572128179,3939.01,sh000300,0.0002007487929978821
2025-02-17,0.7938430345187548,0.7924357854798397,0.7941421502203218,0.7872765414997941,1063957809212.1001,86508592.16140203,0.0021299768215872206,3947.4,sh000300,0.0002007487929978821
2025-02-18,0.7914681762975899,0.785485862266253,0.7960532787296616,0.7832956929346462,1043219726866.3501,80336902.63496843,-0.008770329837361257,3912.78,sh000300,0.0002007487929978821
2025-02-19,0.784168950184187,0.7909823642185351,0.7916869924819576,0.7837534001826814,910737814507.9501,73008395.8289821,0.00699758228165126,3940.16,sh000300,0.0002007487929978821
2025-02-20,0.7898762383691168,0.788721932809379,0.791086753590894,0.7861684081624458,816419533848.6001,65438571.745129324,-0.0028577519694631404,3928.9,sh000300,0.0002007487929978821
2025-02-21,0.7905587842653096,0.798667028014494,0.7991909823642185,0.7884991016491513,1132760633845.5,101306973.72742328,0.012609127236631101,3978.44,sh000300,0.0002007487929978821
2025-02-24,0.7974705652082267,0.7969164985395525,0.8021821393798869,0.7928031557710259,1099934971974.3,91358517.20607866,-0.0021918138767960116,3969.72,sh000300,0.0002007487929978821
2025-02-25,0.7896734820881889,0.7880694992321359,0.7940477982876127,0.786062011302157,887221174983.0001,75879320.11410561,-0.011101538647562026,3925.65,sh000300,0.0002007487929978821
2025-02-26,0.7893121342607927,0.7949531753440332,0.7950314673733023,0.7880132895700964,951749189356.3501,77581015.9419836,0.008734859195292488,3959.94,sh000300,0.0002007487929978821
2025-02-27,0.7951780139921908,0.7965953004707559,0.7977616509580735,0.7896373473054493,1010655954490.05,85975246.2018529,0.002065687863957555,3968.12,sh000300,0.0002007487929978821
2025-02-28,0.7929958746123038,0.7809228422014113,0.7974705652082267,0.780190109106969,986826092658.4501,84376332.40990895,-0.019674304204509885,3890.05,sh000300,0.0002007487929978821
2025-03-03,0.7828600680538408,0.7806056591084745,0.7889427564816766,0.7774177682756682,884803157954.1001,71478160.54162024,-0.00040616444518715156,3888.47,sh000300,0.0002007487929978821
2025-03-04,0.7760928262418821,0.7799532255312314,0.7809971192548204,0.774033143625724,746460114465.4501,59770794.42366025,-0.0008358043137789428,3885.22,sh000300,0.0002007487929978821
2025-03-05,0.780471157417166,0.7834362170897448,0.7842090999427865,0.7783070854286488,790304881193.8501,58389891.195137866,0.004465641585289948,3902.57,sh000300,0.0002007487929978821
2025-03-06,0.7876137994720306,0.794210404809941,0.7958665823521736,0.786349082076144,966187203935.2501,79781470.41318116,0.013752475932526487,3956.24,sh000300,0.0002007487929978821
2025-03-07,0.791935920985275,0.791755247071577,0.7963845142381081,0.7899565378863159,830552316206.25,68380398.94516546,-0.0030913190301902205,3944.01,sh000300,0.0002007487929978821
2025-03-10,0.7920704226765836,0.7887018579300792,0.792785088379656,0.7839501339998193,760977088423.2001,58734075.59816114,-0.0038564810941148497,3928.8,sh000300,0.0002007487929978821
2025-03-11,0.7809991267427504,0.7912353076977124,0.7912353076977124,0.7807983779497525,721072340402.7001,57711353.974284075,0.0032121767460802086,3941.42,sh000300,0.0002007487929978821
2025-03-12,0.7923273811316209,0.7883866823250725,0.7936824354843566,0.7872303692774046,780737894656.5,62157300.20271613,-0.003600225299511317,3927.23,sh000300,0.0002007487929978821
2025-03-13,0.7880875666235055,0.7852449637146556,0.7908077127686269,0.7823943308540857,779762810338.05,59255646.07578266,-0.003984997058995798,3911.58,sh000300,0.0002007487929978821
2025-03-14,0.7868589840103586,0.8043120840735944,0.8058377749003783,0.7868589840103586,1076664022594.05,90516682.98814578,0.024281748040433815,4006.56,sh000300,0.0002007487929978821
2025-03-17,0.8071386270790046,0.8023507683660052,0.8073574432633723,0.8014413763337248,807989470709.8501,64019676.878416486,-0.0024385008585918744,3996.79,sh000300,0.0002007487929978821
2025-03-18,0.8053599927730435,0.8045449526734719,0.8063818041294026,0.8021841468678169,698427591549.6001,58767065.06159976,0.0027346945924102695,4007.72,sh000300,0.0002007487929978821
2025-03-19,0.8039647886617081,0.8050367872163168,0.8080741164543748,0.8008893171529806,719403717667.8,57429271.34116253,0.0006113201521065204,4010.17,sh000300,0.0002007487929978821
2025-03-20,0.8052154536420849,0.7979744446786513,0.8054121874592228,0.796958655786082,666278825404.5,52198837.02727172,-0.008772695421889964,3974.99,sh000300,0.0002007487929978821
2025-03-21,0.7962720949140293,0.785871299948809,0.7996125548295141,0.78387786443434,826432336266.9,62101360.86309936,-0.015167333754298795,3914.7,sh000300,0.0002007487929978821
2025-03-24,0.786154355746936,0.7899163881277163,0.7905848816083992,0.7843656840013249,758334193329.9,53409505.979844816,0.005147265435410109,3934.85,sh000300,0.0002007487929978821
2025-03-25,0.7905286719463599,0.7894044787055717,0.7922270067351219,0.7872424142049845,699757128808.65,48028408.15959528,-0.0006480551990545314,3932.3,sh000300,0.0002007487929978821
2025-03-26,0.7889849137282061,0.7868067893241791,0.7913577644614411,0.7863049173416845,653374722912.4501,44354073.59173718,-0.003290695013096645,3919.36,sh000300,0.0002007487929978821
2025-03-27,0.785204813956056,0.7894265610728015,0.7935579712326979,0.7836530257861825,631603986786.3,46608572.731086954,0.0033296252449379615,3932.41,sh000300,0.0002007487929978821
2025-03-28,0.789099340540215,0.785965651881518,0.7897919238760577,0.7844018187840646,629424526608.9,42835615.70443755,-0.004384079991659018,3915.17,sh000300,0.0002007487929978821
2025-03-31,0.7841207704738675,0.780372790508597,0.7886315958525298,0.7773796260049987,830881822546.05,53897099.495578505,-0.00711591067565398,3887.31,sh000300,0.0002007487929978821
2025-04-01,0.7814708864062955,0.7804470675620062,0.7839762313429091,0.7793871139349774,699283277889.9,49392569.21722023,9.518150083209775e-05,3887.68,sh000300,0.0002007487929978821
2025-04-02,0.7797926264968331,0.7797866040330431,0.783018659600309,0.7783351902596685,563107619786.25,39801964.39567587,-0.0008462630669190396,3884.39,sh000300,0.0002007487929978821
2025-04-03,0.7715619259839199,0.7751914641613217,0.7796480873658747,0.7715619259839199,710339458935.15,52934381.55220974,-0.005892817147608698,3861.5,sh000300,0.0002007487929978821
2025-04-07,0.7377919640258161,0.7205757475383179,0.7443323597016873,0.7054553484497174,1557063339371.1,102978467.2316942,-0.07045448659847209,3589.44,sh000300,0.0002007487929978821
2025-04-08,0.7222921497184497,0.732885663524948,0.732885663524948,0.7194575767613196,1395760880131.2002,93151673.30894235,0.01708344477132928,3650.76,sh000300,0.0002007487929978821
2025-04-09,0.7239202224296626,0.7401186425366617,0.7401186425366617,0.7201541750730224,1306636538545.8,91346937.936463,0.009869177924596517,3686.79,sh000300,0.0002007487929978821
2025-04-10,0.7526333222921496,0.7498208317022493,0.7540405713310648,0.744541138446405,1132022880966.4502,81070907.45591053,0.013108964709137139,3735.12,sh000300,0.0002007487929978821
2025-04-11,0.7488552300079295,0.7529123631144167,0.7552912363114416,0.7444688688809258,840651086762.8501,63945545.26471739,0.004123026837156596,3750.52,sh000300,0.0002007487929978821
2025-04-14,0.7572324771397312,0.7546428177100585,0.7581539140995914,0.7536169913778393,819244791184.05,58733334.74642415,0.002298347962415903,3759.14,sh000300,0.0002007487929978821
2025-04-15,0.7541088259206841,0.7550623826874241,0.7557168237525971,0.7503688759071335,667530987354.0,45892101.81492968,0.0005559782290631698,3761.23,sh000300,0.0002007487929978821
2025-04-16,0.7543898742308811,0.7573890611982695,0.7578608208618145,0.7471067080209179,778878934538.1001,52538186.38893071,0.0030814387846529456,3772.82,sh000300,0.0002007487929978821
2025-04-17,0.753829785098417,0.7572686119224707,0.7586557860820862,0.7527075993455589,609572790812.7001,41958971.57722304,-0.00015903223583435544,3772.22,sh000300,0.0002007487929978821
2025-04-18,0.7548234916237565,0.7573288365603701,0.7592399650697099,0.7536932759191785,512822555307.15,34751499.91411967,7.952876555461508e-05,3772.52,sh000300,0.0002007487929978821
2025-04-21,0.7564495568470394,0.759810091641824,0.7608740602447127,0.7554458128820499,604515365635.5,41772948.57460327,0.0032763245787961193,3784.88,sh000300,0.0002007487929978821
2025-04-22,0.7588525198992241,0.7596233952643359,0.7626908368213435,0.7584449998494384,626097199006.9501,42197536.57014665,-0.00024571452727706333,3783.95,sh000300,0.0002007487929978821
2025-04-23,0.7635339817519347,0.7602115892278197,0.764441366296285,0.7589348269043532,657472794874.5,49608516.99280316,0.0007743231279484508,3786.88,sh000300,0.0002007487929978821
2025-04-24,0.7603280235277585,0.7597057022694651,0.7643028496291165,0.7578688508135344,583637680956.0,41250474.54505304,-0.000665455467297571,3784.36,sh000300,0.0002007487929978821
2025-04-25,0.7612554829514087,0.7602336715950494,0.7631625964848886,0.7589870215905327,620632040369.55,44272145.62704889,0.0006949655952392941,3786.99,sh000300,0.0002007487929978821
2025-04-28,0.7601132223192507,0.7591556505766508,0.7612414305358989,0.7573850462224095,623391499052.8501,42284785.95625684,-0.0014180127225051908,3781.62,sh000300,0.0002007487929978821
2025-04-29,0.7580274423600027,0.7578427534704447,0.759898421110743,0.7564274744798096,555493720956.9,39640407.59282122,-0.0017294175512082566,3775.08,sh000300,0.0002007487929978821
2025-04-30,0.7579933150651931,0.7569373764140243,0.7603480984070583,0.7565740210986981,715728627078.3,49147412.29136679,-0.001194676669103667,3770.57,sh000300,0.0002007487929978821
2025-05-06,0.7617172051753038,0.7645598080841538,0.7646702199203027,0.7593885191765284,789645888439.65,53788047.56891204,0.010070095502801912,3808.54,sh000300,0.0002007487929978821
2025-05-07,0.7752075240647615,0.7691950977144749,0.7756290965300571,0.7658546377989901,802855631623.65,57416309.92670662,0.006062690689870642,3831.63,sh000300,0.0002007487929978821
2025-05-08,0.7669708010880585,0.7734650245415399,0.7763618296244993,0.7661095887660976,622468664114.55,49582398.46381001,0.00555116229907382,3852.9,sh000300,0.0002007487929978821
2025-05-09,0.772605819707509,0.7721119776767341,0.7736175936242182,0.7701787668001646,594721015340.1001,43501849.834221646,-0.00174933167224689,3846.16,sh000300,0.0002007487929978821
2025-05-12,0.776201230590101,0.7810352615254901,0.7810593513806497,0.7746956146426169,763802649621.0,59446324.35139068,0.011556981508829667,3890.61,sh000300,0.0002007487929978821
2025-05-13,0.7860499663745771,0.7821694922059281,0.7860499663745771,0.7810513214289299,733853971423.65,53717646.36492115,0.0014522144342403731,3896.26,sh000300,0.0002007487929978821
2025-05-14,0.7818844289198711,0.7915946480371786,0.795069609643972,0.78104329147721,856960465021.65,64132258.69503247,0.012050017195977647,3943.21,sh000300,0.0002007487929978821
2025-05-15,0.7897517741174581,0.7843656840013249,0.7902416011723729,0.7839059692653597,687833520381.15,48473795.96968693,-0.00913215375290699,3907.2,sh000300,0.0002007487929978821
2025-05-16,0.782653296797053,0.7807301233601333,0.783693175544782,0.7778734680357734,589818465315.75,41923507.490780614,-0.004635032760032631,3889.09,sh000300,0.0002007487929978821
2025-05-19,0.7794212412297871,0.7783331827717386,0.7800275025846407,0.7762092605418209,491377370328.9,37116077.07826191,-0.003070126944863749,3877.15,sh000300,0.0002007487929978821
2025-05-20,0.7795276380900759,0.7825529224005541,0.7852228813474258,0.7792546197315987,522470060385.9,40478324.655324355,0.005421508066492109,3898.17,sh000300,0.0002007487929978821
2025-05-21,0.7828078733676613,0.7862085579210455,0.7886677306352695,0.7828078733676613,546909106453.05005,43570064.226565085,0.004671422744518594,3916.38,sh000300,0.0002007487929978821
2025-05-22,0.7854497274835134,0.7857046784506208,0.7875415299065514,0.7835406064621037,535978574980.2,39650177.21517259,-0.0006408979721069796,3913.87,sh000300,0.0002007487929978821
2025-05-23,0.7850020576751281,0.7793610165918877,0.7892539171108234,0.7793610165918877,599143921135.65,46763503.527116135,-0.00807385017897888,3882.27,sh000300,0.0002007487929978821
2025-05-26,0.7780601644132614,0.7749124233390546,0.7798167163519929,0.7726901342005681,545961972489.45,41931763.909161165,-0.005708000731530771,3860.11,sh000300,0.0002007487929978821
2025-05-27,0.7744145663324199,0.7707549158360685,0.7759804069178033,0.7698415088279281,491023749273.75006,35826987.3710741,-0.0053651320817282855,3839.4,sh000300,0.0002007487929978821
2025-05-28,0.7714916639063707,0.7701205496501952,0.7728306583556666,0.76966284240216,443494701365.10004,32620950.691579588,-0.0008230452674897748,3836.24,sh000300,0.0002007487929978821
2025-05-29,0.7704758750138014,0.7746293675409276,0.7768556716552741,0.7691609704196654,540336429326.10004,42048762.38393207,0.0058546910516548145,3858.7,sh000300,0.0002007487929978821
2025-05-30,0.7729812199504149,0.7709215373342567,0.7746113001495578,0.76871731558714,556278452947.8,40027251.8636715,-0.004786586155959172,3840.23,sh000300,0.0002007487929978821
2025-06-03,0.7695624680056611,0.7732863581157718,0.775552811988718,0.7694139138988426,654564782371.5,45526367.76430084,0.0030675246013911472,3852.01,sh000300,0.0002007487929978821
2025-06-04,0.7739849639154044,0.7766448854226263,0.7780742168287713,0.7739849639154044,581840972768.55,42505782.19842011,0.0043431870633772185,3868.74,sh000300,0.0002007487929978821
2025-06-05,0.777427805715318,0.7784154897768677,0.7795336605538659,0.7751452919389321,612099241868.4,46523387.3015548,0.0022798120318243686,3877.56,sh000300,0.0002007487929978821
2025-06-06,0.7785238941250865,0.7776968090979353,0.7808044004135425,0.7767753721380749,552869929340.8501,40558229.45805855,-0.0009232610198165458,3873.98,sh000300,0.0002007487929978821
2025-06-09,0.7784636694871871,0.7799592479950214,0.7818462866492015,0.7772973189998694,678989352635.55,52600935.181326345,0.0029091528608820028,3885.25,sh000300,0.0002007487929978821
2025-06-10,0.7804209702189165,0.7759884368695232,0.7824103907575255,0.772977204974555,725104529029.65,52926927.799652696,-0.005091049482015331,3865.47,sh000300,0.0002007487929978821
2025-06-11,0.7770323305931123,0.7818422716733415,0.7852509861784456,0.7770323305931123,709417824502.2001,51636143.69707007,0.007543713959751397,3894.63,sh000300,0.0002007487929978821
2025-06-12,0.7800134501691308,0.7813544521063566,0.78292832264346,0.7769741134431429,667494409300.9501,52242781.867967516,-0.0006239360350021039,3892.2,sh000300,0.0002007487929978821
2025-06-13,0.7792044325333493,0.775729470926556,0.780744175775643,0.773649713431098,859479817653.6001,62065975.32393829,-0.007199013411438249,3864.18,sh000300,0.0002007487929978821
2025-06-16,0.7736095636724983,0.7776606743151957,0.7781364489546007,0.7736095636724983,684147749777.25,49557044.348078325,0.0024895320611360017,3873.8,sh000300,0.0002007487929978821
