date,open,close,high,low,volume,money,change,adjclose,symbol,factor
2020-11-09,0.9868865478498516,1.0,1.0048679077807106,0.9868865478498516,1027643042023.6499,27262742.29458161,,6421.65,sh000905,0.00015572321755312108
2020-11-10,1.001990142720329,0.9924380805556205,1.002142751473531,0.987174635802325,911417926177.7999,24282150.51770184,-0.00756191944437945,6373.09,sh000905,0.00015572321755312108
2020-11-11,0.9898343883581323,0.9802169224420515,0.9927728854733596,0.9799412923469826,839489987775.2999,20935279.714092173,-0.012314277689472575,6294.61,sh000905,0.00015572321755312108
2020-11-12,0.9818457872976571,0.9834684232245607,0.9874409225043408,0.9787655820544564,672222727251.8999,17625396.10972258,0.0033171236978939422,6315.49,sh000905,0.00015572321755312108
2020-11-13,0.9817507961349498,0.9821416614110081,0.984078858237369,0.9730147236302197,687863522749.6499,17587942.00991957,-0.001349063968116404,6306.97,sh000905,0.00015572321755312108
2020-11-16,0.9841240179704593,0.994661808102279,0.9946695942631567,0.9801670910124346,858429026194.5,20521506.94977148,0.012747801242117829,6387.37,sh000905,0.00015572321755312108
2020-11-17,0.9936340348664285,0.9868086862410751,0.9936340348664285,0.9811450328186682,907214230606.35,21641226.986833602,-0.007895268318572457,6336.94,sh000905,0.00015572321755312108
2020-11-18,0.9862652122118147,0.9874424797365164,0.9939034360327954,0.9832846698278481,860388470680.6499,20212228.700100444,0.0006422658254616742,6341.01,sh000905,0.00015572321755312108
2020-11-19,0.9854289785335545,0.9904930975683821,0.991984925992541,0.9800534130636208,795031389315.8999,18851792.08209728,0.0030894132007361907,6360.6,sh000905,0.00015572321755312108
2020-11-20,0.9895883456743984,1.0002086691115213,1.0012800448482866,0.9890464288773135,839101882514.25,19942756.91263149,0.009808823067006145,6422.99,sh000905,0.00015572321755312108
2020-11-23,1.0022221703144831,1.0079854865961242,1.0147298591483498,0.9977279982559001,1168262965912.2,26506906.824258566,0.0077751950415616555,6472.93,sh000905,0.00015572321755312108
2020-11-24,1.0079574564169644,1.008337421067794,1.011444099257979,1.0051419806436042,989338445613.8999,23165313.527831633,0.00034914636802807486,6475.19,sh000905,0.00015572321755312108
2020-11-25,1.0105284467387665,0.9889000490528136,1.010600079418841,0.9889000490528136,987733938566.5499,24390134.667569865,-0.01927665443021742,6350.37,sh000905,0.00015572321755312108
2020-11-26,0.9888206302118614,0.9863975769467349,0.990114690149728,0.9787157506248395,791384470064.3999,19547696.52783942,-0.0025305612113939446,6334.3,sh000905,0.00015572321755312108
2020-11-27,0.9868772044567986,0.9890931458425795,0.9891242904860902,0.9773298139886166,776281898739.75,18283145.466975,0.0027327407921948765,6351.61,sh000905,0.00015572321755312108
2020-11-30,0.9904712963179246,0.9843171147602252,0.9962735434039539,0.9825262977583643,1047741535036.95,24529154.948027376,-0.004828696976042268,6320.94,sh000905,0.00015572321755312108
2020-12-01,0.9822786978424549,1.0007739443912391,1.0025367312139404,0.9809643938863065,969395202411.0,23757576.254078005,0.016719032295829495,6426.62,sh000905,0.00015572321755312108
2020-12-02,1.0025398456782915,1.002075790489983,1.0039179961536366,0.9955369725849276,961353793944.8999,23434937.12176777,0.0013008393214473113,6434.98,sh000905,0.00015572321755312108
2020-12-03,1.0024495262121107,1.0029945574735466,1.0061417237002952,0.9955229574953478,977471018077.7999,23808795.628537837,0.0009168637664764834,6440.88,sh000905,0.00015572321755312108
2020-12-04,1.0006820676928827,1.0067085562121885,1.0078188627533422,0.9981359930858893,827462789587.2,21072604.609718688,0.003702910161344386,6464.73,sh000905,0.00015572321755312108
2020-12-07,1.0069047674663054,1.000471841349186,1.0079730287387199,0.9993771071297876,777522349605.2999,20375918.807160154,-0.006195154321990137,6424.68,sh000905,0.00015572321755312108
2020-12-08,1.0003908652760585,1.0003114464351062,1.0041640388373705,0.997675052361932,677451908955.1499,18425926.465627994,-0.0001603192688197641,6423.65,sh000905,0.00015572321755312108
2020-12-09,1.001375036010994,0.9821805922153964,1.0024573123729883,0.9821805922153964,780334595633.1,20779619.4037358,-0.01812520918792271,6307.22,sh000905,0.00015572321755312108
2020-12-10,0.9803321576230409,0.9841863072574807,0.9889856968224678,0.975943877352394,710087703924.2999,19060304.005356878,0.0020421041282847607,6320.1,sh000905,0.00015572321755312108
2020-12-11,0.9855457709467194,0.9669524187708768,0.9873459313416335,0.959786036299082,851777962748.25,22339596.693061754,-0.01751079887976459,6209.43,sh000905,0.00015572321755312108
2020-12-14,0.9667032616227917,0.9746747331293361,0.9749223330452453,0.9618306821455546,686327637454.2,19294228.203654826,0.007986240282924495,6259.02,sh000905,0.00015572321755312108
2020-12-15,0.9732856820287622,0.9756962774364845,0.9774092328295688,0.9699500907087744,629199656541.75,18642959.324161235,0.001048087400263853,6265.58,sh000905,0.00015572321755312108
2020-12-16,0.9761058294986492,0.9710027796594333,0.9765449689721489,0.9684567050524399,637566777517.5,17769271.007918525,-0.004810408613408534,6235.44,sh000905,0.00015572321755312108
2020-12-17,0.969389487125583,0.9824422072208856,0.9829265064274759,0.9630764678859796,820062319585.95,21814197.699345186,0.011781045122717826,6308.9,sh000905,0.00015572321755312108
2020-12-18,0.9826384184750026,0.9797980269868337,0.9861219468516659,0.9762615527162023,825967309313.5499,21416832.790326476,-0.002691435908002915,6291.92,sh000905,0.00015572321755312108
2020-12-21,0.981408205056333,0.9964105798354007,0.9968699633271824,0.9801094734219399,875577991146.2999,24411436.686832827,0.016955078894836495,6398.6,sh000905,0.00015572321755312108
2020-12-22,0.9924053786799344,0.97327945310006,0.9932805431625829,0.9719558057508585,971663830079.7,26855483.1758193,-0.023214453161629067,6250.06,sh000905,0.00015572321755312108
2020-12-23,0.974103228920916,0.9822397670380667,0.9858214010417884,0.9721208723614647,925002233214.6,25890318.068409212,0.009206311619408547,6307.6,sh000905,0.00015572321755312108
2020-12-24,0.9823768034695133,0.9662968240249781,0.9823768034695133,0.9658576845514782,842659521565.7999,22998601.323958796,-0.016231213139704548,6205.22,sh000905,0.00015572321755312108
2020-12-25,0.9640808826391971,0.9777082214072708,0.9786565758021692,0.9633084954801336,863572363280.5499,22397945.8687409,0.01180941207563957,6278.5,sh000905,0.00015572321755312108
2020-12-28,0.9785304399959512,0.9724105175461135,0.9792249655462382,0.9684567050524399,956570364654.75,24992884.796897996,-0.005418491677948611,6244.48,sh000905,0.00015572321755312108
2020-12-29,0.9718281127124648,0.9654605903467178,0.9779480351623026,0.9649249024783351,991991010892.7999,24242159.081233017,-0.007147112329609406,6199.85,sh000905,0.00015572321755312108
2020-12-30,0.9649311314070371,0.9762677816449044,0.979385360460318,0.9637071469170697,886455315842.1,23082515.218985777,0.01119381920530338,6269.25,sh000905,0.00015572321755312108
2020-12-31,0.9784027469575577,0.9915068557146528,0.9920456580473865,0.9780990866833291,1028710352361.8999,27140893.366658103,0.01560952267017579,6367.11,sh000905,0.00015572321755312108
2021-01-04,0.9959449674149168,1.0095209175211979,1.0124485140111965,0.9902563982777013,1198416093196.5,32877361.889234077,0.018168368380631073,6482.79,sh000905,0.00015572321755312108
2021-01-05,1.0075681483730818,1.0183877975286726,1.0183877975286726,1.004807175725865,1263307393021.8,35354310.197534904,0.008783255357646791,6539.73,sh000905,0.00015572321755312108
2021-01-06,1.0199450297042036,1.016582965437232,1.022976960749963,1.007955899184789,1146399925490.25,32598065.416832123,-0.0017722444198765563,6528.14,sh000905,0.00015572321755312108
2021-01-07,1.015888439886945,1.018137083148412,1.0226764149400855,1.0071305661317573,1265936095449.3,34140572.20558579,0.0015287662335672358,6538.12,sh000905,0.00015572321755312108
2021-01-08,1.0186727710167949,1.0211705714263468,1.027520964238163,1.0097716319014582,1161274682359.5,32252431.431797124,0.0029794497500812422,6557.6,sh000905,0.00015572321755312108
2021-01-11,1.0211472129437138,1.005255658592418,1.023545350494032,0.999701011422298,1176814060738.8,33938380.02382565,-0.015584970111016339,6455.4,sh000905,0.00015572321755312108
2021-01-12,1.000647808585021,1.0189328287901085,1.0189328287901085,1.000647808585021,1042305955081.0499,30996477.847282242,0.01360566347553993,6543.23,sh000905,0.00015572321755312108
2021-01-13,1.0199917466694697,1.011719729353048,1.020555464717012,1.0056418521719497,1187449269964.65,34720458.239860475,-0.007079072568135225,6496.91,sh000905,0.00015572321755312108
2021-01-14,1.0078079621281135,1.002840391488169,1.0147345308448765,0.9970334727056132,1046881888016.3999,30947287.44917584,-0.008776479895827305,6439.89,sh000905,0.00015572321755312108
2021-01-15,1.0008533632321912,0.9993537486471546,1.0040846199964184,0.9871964370527825,887749445280.0,25999984.846262254,-0.003476767460313779,6417.5,sh000905,0.00015572321755312108
2021-01-18,0.9989379676562877,1.0144526718211053,1.0167807339235244,0.9953937072247787,878692388649.8999,26456058.036174506,0.015108687183482683,6514.46,sh000905,0.00015572321755312108
2021-01-19,1.0138328934152436,1.0085211744645068,1.0172852771483964,1.005367779309056,947942890723.0499,27180725.98039445,-0.0058469926901079106,6476.37,sh000905,0.00015572321755312108
2021-01-20,1.008723614647326,1.0177166304610186,1.0177259738540718,1.0043026325009927,825345340402.7999,23884657.40238101,0.009117761956157544,6535.42,sh000905,0.00015572321755312108
2021-01-21,1.0203031931045758,1.0312770082455445,1.0355375954777977,1.02012411140439,1006976284358.5499,29464194.394898508,0.013324315805258058,6622.5,sh000905,0.00015572321755312108
2021-01-22,1.030865898951204,1.0336611307062828,1.034573668761144,1.0236964020150585,1015020833011.5,31590272.670731045,0.002311815779539428,6637.81,sh000905,0.00015572321755312108
2021-01-25,1.0334135307903733,1.034829054837931,1.0451472752330009,1.0277685641540726,1063573605801.6,34812975.98965998,0.0011298907320336227,6645.31,sh000905,0.00015572321755312108
2021-01-26,1.0310667819018478,1.017333551345838,1.031580668519773,1.0145772503951478,920680372861.5,29882100.377317358,-0.01690666048686973,6532.96,sh000905,0.00015572321755312108
2021-01-27,1.0165113327571575,1.0211020532106234,1.0222123597517772,1.0092670886765862,897490118660.85,27216691.356271364,0.0037042933065563055,6557.16,sh000905,0.00015572321755312108
2021-01-28,1.0084417556235548,0.9988678922083889,1.0168476949070722,0.9975333442339587,930018062018.25,27223173.747557092,-0.021774670741601554,6414.38,sh000905,0.00015572321755312108
2021-01-29,1.0042076413382854,0.9882413398425639,1.0063410494187632,0.9741577320470596,937827925050.2999,26796422.168134358,-0.010638596403705347,6346.14,sh000905,0.00015572321755312108
2021-02-01,0.9870734157109156,0.995582132318018,0.9961629799194912,0.9854694665701184,881854267833.6,24538753.1989442,0.0074281374189664184,6393.28,sh000905,0.00015572321755312108
2021-02-02,0.9973838499451076,1.0051606674297104,1.0058910093200346,0.9905694019449831,850189946498.1,25183630.898600828,0.009621039591571234,6454.79,sh000905,0.00015572321755312108
2021-02-03,1.0059190394991941,0.9965242577842144,1.0097856469910382,0.9965242577842144,934074939405.75,27360478.232230037,-0.00859206883570185,6399.33,sh000905,0.00015572321755312108
2021-02-04,0.9928398464569076,0.9855395420180172,0.9988554343509847,0.9731969197947569,955935359794.5,27050514.30208747,-0.011023028973345617,6328.79,sh000905,0.00015572321755312108
2021-02-05,0.9878816192100162,0.9716926335131937,0.9939750687128698,0.9711320299300026,867776052430.35,25305120.721309945,-0.014050079083047451,6239.87,sh000905,0.00015572321755312108
2021-02-08,0.9729462054144964,0.9846628203031932,0.9894684387968825,0.9679334750414613,745771920364.95,22049193.472705614,0.013348034494308436,6323.16,sh000905,0.00015572321755312108
2021-02-09,0.9864162637328413,1.0056418521719497,1.0072847321171352,0.9858509884531235,766225556309.85,22868098.15172113,0.021305802794805206,6457.88,sh000905,0.00015572321755312108
2021-02-10,1.0082689028520708,1.016120467481099,1.018858081645683,1.0004780702778882,764450297589.0,23364051.793542158,0.010419828178906965,6525.17,sh000905,0.00015572321755312108
2021-02-18,1.0366977334485685,1.0300374514338215,1.04001463798245,1.0222154742161285,1071724535508.45,30365470.028419487,0.013696194888409119,6614.54,sh000905,0.00015572321755312108
2021-02-19,1.0278121666549875,1.043887474402996,1.0443406289660757,1.0188627533422097,1147984358459.7,31373362.915761527,0.013446135332162212,6703.48,sh000905,0.00015572321755312108
2021-02-22,1.0482523961910102,1.0366588026441803,1.0606183768969035,1.0366588026441803,1522352213915.25,40479984.761548825,-0.006924761467178131,6657.06,sh000905,0.00015572321755312108
2021-02-23,1.0298910716093217,1.0326364719347831,1.0435682418070122,1.0291872026659816,1237174957127.25,32101510.28972305,-0.0038800912114358432,6631.23,sh000905,0.00015572321755312108
2021-02-24,1.0329557045307671,1.0178365373385345,1.0373393131048876,1.00873607250473,1115561543934.45,30645992.433720306,-0.014332182717233466,6536.19,sh000905,0.00015572321755312108
2021-02-25,1.0278059377262854,1.012068549360367,1.0292619498104072,1.0097949903840915,1040745147361.95,26698926.697032694,-0.005666909927648955,6499.15,sh000905,0.00015572321755312108
2021-02-26,0.991293514906605,0.9910770596342062,1.003939797404094,0.9882397826103884,968129283281.5499,25484961.633225106,-0.020741173845810534,6364.35,sh000905,0.00015572321755312108
2021-03-01,0.9977435705776553,1.010400753700373,1.0109457849618089,0.9973900788738098,1018527875882.7,25817695.895603158,0.01949767061836627,6488.44,sh000905,0.00015572321755312108
2021-03-02,1.014384153605382,1.0018188471810205,1.014384153605382,0.9945247716708323,1065204480143.85,27099803.565750238,-0.008493567020732229,6433.33,sh000905,0.00015572321755312108
2021-03-03,1.0006836249250584,1.0160550637297268,1.0165954232946361,0.9997757585667235,1098214676572.95,26421163.597517774,0.014210370057186505,6524.75,sh000905,0.00015572321755312108
2021-03-04,1.0095209175211979,0.9969384815429057,1.0098899815467988,0.9922262969797482,1247948880414.75,30001287.58932673,-0.018814513966052382,6401.99,sh000905,0.00015572321755312108
2021-03-05,0.9850661434366558,0.9971736236014109,1.0031720819415573,0.9840975450234752,1069236101181.8999,25486674.239798184,0.00023586416098742014,6403.5,sh000905,0.00015572321755312108
2021-03-08,1.0050033869799817,0.9742682955315223,1.0104599285230431,0.9738462856119533,1082345604260.9999,27581703.62819525,-0.022970250644179013,6256.41,sh000905,0.00015572321755312108
2021-03-09,0.9709825356411516,0.9511574128144636,0.9734164895315067,0.9395420180171763,1261421958051.9,28324256.03263959,-0.023721271463986504,6108.0,sh000905,0.00015572321755312108
2021-03-10,0.9599978198749544,0.9440346328435839,0.9623461259956554,0.942595750313393,915433679318.7,21117818.06109022,-0.007488539620170265,6062.26,sh000905,0.00015572321755312108
2021-03-11,0.94591421207945,0.9676376009281105,0.9676531732498658,0.9414324978782712,1032695352220.95,23267020.03379194,0.025002226892281154,6213.83,sh000905,0.00015572321755312108
2021-03-12,0.970386115717923,0.9689690344381896,0.9705449533998272,0.9558275521088817,1128580450375.3499,24969742.602602135,0.0013759629729168665,6222.38,sh000905,0.00015572321755312108
2021-03-15,0.9642848800541918,0.9614149011546878,0.9700886843723965,0.9516806428254421,1096815829288.4999,23446455.278004877,-0.007796052314387736,6173.87,sh000905,0.00015572321755312108
2021-03-16,0.9617574922333045,0.9647427063137979,0.968937889794679,0.9537704484050049,981523470948.45,21622603.26738455,0.003461362160200876,6195.24,sh000905,0.00015572321755312108
2021-03-17,0.9625080781419106,0.9694330896264979,0.9702428503577742,0.9536567704561912,865897835395.0499,19482052.34978549,0.004861797121661127,6225.36,sh000905,0.00015572321755312108
2021-03-18,0.9703409559848325,0.9769856656778242,0.9812026504091628,0.96971806311462,903690966647.25,21487462.98163245,0.007790714111312491,6273.86,sh000905,0.00015572321755312108
2021-03-19,0.9647442635459734,0.9665117220652014,0.9745361394657137,0.9604245014910499,919826068653.75,22408335.6819509,-0.01072067275967259,6206.6,sh000905,0.00015572321755312108
2021-03-22,0.9668745571621001,0.9819423356925401,0.982231980877189,0.9664307459920737,918562088862.6,21565235.093161415,0.01596526278477728,6305.69,sh000905,0.00015572321755312108
2021-03-23,0.9822989418607367,0.9684691629098441,0.9822989418607367,0.9625454517141234,969438304525.7999,22437479.97228127,-0.013720940927955505,6219.17,sh000905,0.00015572321755312108
2021-03-24,0.9624177586757299,0.9565360927487484,0.9704873358093326,0.9548667398565789,948305033253.1499,21440684.26525893,-0.012321579889277845,6142.54,sh000905,0.00015572321755312108
2021-03-25,0.9528501241892661,0.9588516969937633,0.9640730964783194,0.9511979008510275,830364887341.7999,19014052.146722417,0.002420822656425514,6157.41,sh000905,0.00015572321755312108
2021-03-26,0.960005606035832,0.9735488542664269,0.9755374397545803,0.960005606035832,827671127178.1499,20307097.53661442,0.015327873245406742,6251.79,sh000905,0.00015572321755312108
2021-03-29,0.9763845740580692,0.9740393824017192,0.9775929862262815,0.9679443756666901,896679995405.1,21428625.85659449,0.0005038556957286389,6254.94,sh000905,0.00015572321755312108
2021-03-30,0.9716303442261724,0.9779978665919196,0.9791673479557435,0.9681826321895464,863131311515.25,21630367.721691467,0.00406398782402384,6280.36,sh000905,0.00015572321755312108
2021-03-31,0.9775836428332283,0.973903903202448,0.9775836428332283,0.9664089447416162,803531380651.7999,19393707.36430668,-0.004186065766930591,6254.07,sh000905,0.00015572321755312108
2021-04-01,0.9747354651841816,0.9828720033013323,0.9844167776194592,0.9714497052938109,837221443588.0499,19460981.229434803,0.009208403487648953,6311.66,sh000905,0.00015572321755312108
2021-04-02,0.9836350470673426,0.9852000654037514,0.9875421425957503,0.9797653251111476,795892057378.7999,19513590.462264374,0.0023686320239049152,6326.61,sh000905,0.00015572321755312108
2021-04-06,0.9882024090381757,0.9877679412612025,0.9916111902704133,0.9846752781605974,715944345049.0499,18060733.04649117,0.0026064511642096555,6343.1,sh000905,0.00015572321755312108
2021-04-07,0.9889016062849891,0.9885434428846169,0.9889016062849891,0.9793542158168073,963355229600.3999,21748170.8159118,0.0007851050748055588,6348.08,sh000905,0.00015572321755312108
2021-04-08,0.9861842361386872,0.9898935631808025,0.9943238887201887,0.9824764663287473,1115705684290.3499,22958710.666573234,0.0013657672871167925,6356.75,sh000905,0.00015572321755312108
2021-04-09,0.9881089751076437,0.9865439567712349,0.990469739085749,0.9822491104311197,907423454385.0,19860817.777362518,-0.0033838046171392744,6335.24,sh000905,0.00015572321755312108
2021-04-12,0.9849898390600548,0.9695981562371042,0.9879330078718087,0.9660398807160153,998190516754.35,22115552.67197683,-0.017176934101943986,6226.42,sh000905,0.00015572321755312108
2021-04-13,0.9670754401127437,0.9670069218970202,0.9740331534730171,0.964520022112697,837304231499.85,18068935.69845756,-0.002672482742892446,6209.78,sh000905,0.00015572321755312108
2021-04-14,0.9665179509939036,0.9775073384566273,0.9791626762592169,0.9665179509939036,754147132619.7,16706425.455140036,0.010858677763141422,6277.21,sh000905,0.00015572321755312108
2021-04-15,0.9753926171622559,0.9773905460434624,0.9781644904347014,0.9672996815460201,769160687032.0499,17375927.694595627,-0.00011947983260074402,6276.46,sh000905,0.00015572321755312108
2021-04-16,0.9785428978533555,0.9872213527675909,0.9880560292136756,0.9773858743469359,814038240359.1,18684392.28422602,0.010058217530263924,6339.59,sh000905,0.00015572321755312108
2021-04-19,0.9859942538132723,1.0005621608153668,1.0015774761938132,0.983404576705364,913164595712.85,22536346.804325994,0.01351349219744491,6425.26,sh000905,0.00015572321755312108
2021-04-20,0.999701011422298,1.001072932968941,1.0071212227387043,0.998229427016421,864832657044.6,22325219.727640092,0.0005104851788098053,6428.54,sh000905,0.00015572321755312108
2021-04-21,0.9960477447385019,0.9997835447276012,1.0020212873638397,0.9919210794733442,777351854797.7999,19987837.054962512,-0.0012880062969196082,6420.26,sh000905,0.00015572321755312108
2021-04-22,1.003524016413227,1.0037093270421154,1.0079652425778423,1.0004827419744147,802217408315.3999,20540852.068860807,0.003926632254768414,6445.47,sh000905,0.00015572321755312108
2021-04-23,1.0037171132029932,1.0064017814736088,1.0065902065668482,0.99865143693599,809881204496.5499,21049261.495098613,0.0026825041463229837,6462.76,sh000905,0.00015572321755312108
2021-04-26,1.0091331667094907,1.0032701875686156,1.0194638449619646,1.0024199388007755,930908969631.0,25941427.096151303,-0.0031116736502672104,6442.65,sh000905,0.00015572321755312108
2021-04-27,1.0020181728994884,1.0038354628483335,1.0069452555028693,0.9965413873381451,808451777314.7999,21539649.325017713,0.0005634327489465463,6446.28,sh000905,0.00015572321755312108
2021-04-28,1.0017830308409834,1.010603193883192,1.010603193883192,0.9982356559451232,752841778137.6,21237197.263631623,0.00674187283208294,6489.74,sh000905,0.00015572321755312108
2021-04-29,1.011523518098931,1.0109442277296334,1.0125793215139411,1.004962898943418,823932622354.35,22658087.936900955,0.00033745573782617555,6491.93,sh000905,0.00015572321755312108
2021-04-30,1.007583720694837,1.009975629316453,1.0126914422305793,1.0020368596855949,926350233874.35,25499105.148365296,-0.0009581126105796534,6485.71,sh000905,0.00015572321755312108
2021-05-06,1.0127615176784783,1.0105424618283465,1.0196865291630657,1.0029089097038923,989845845867.0,26073692.626661375,0.0005612338510356807,6489.35,sh000905,0.00015572321755312108
2021-05-07,1.0130698496492334,1.0035489321280355,1.0159663014957216,1.002840391488169,1139963268094.2,27705596.202845063,-0.006920569856765479,6444.44,sh000905,0.00015572321755312108
2021-05-10,1.0061931123620877,1.0084619996418367,1.0111887131811919,1.0024074809433712,1214206436079.45,28171361.406492103,0.004895693031512494,6475.99,sh000905,0.00015572321755312108
2021-05-11,1.0022797879049778,1.005355321451652,1.007976143203071,0.9888097295866328,1202541367578.15,27306086.868016787,-0.003080610068885159,6456.04,sh000905,0.00015572321755312108
2021-05-12,1.0020648898647544,1.0140773788668023,1.0155474060405036,0.9997025686544736,1004929987056.1499,23378290.347184915,0.008675596805472141,6512.05,sh000905,0.00015572321755312108
2021-05-13,1.0042528010713758,1.0027064695210732,1.0117337444426278,1.000767715462537,1025271950507.5499,24270032.151861284,-0.011213058867791337,6439.03,sh000905,0.00015572321755312108
2021-05-14,1.0051435378757796,1.0162185731081577,1.0162185731081577,0.9999314817842767,1067556974561.5499,25478072.298552554,0.013475632199259957,6525.8,sh000905,0.00015572321755312108
2021-05-17,1.0156096953275249,1.024369126314888,1.029936231342412,1.0156096953275249,1023378276560.7,26788950.48344273,0.008020472585736682,6578.14,sh000905,0.00015572321755312108
2021-05-18,1.0244983765854572,1.027710946563578,1.0285035777409233,1.0213543248230594,850903879858.5,22110599.18868204,0.003262320351953507,6599.6,sh000905,0.00015572321755312108
2021-05-19,1.0249857902563984,1.0253423964245951,1.02636861242827,1.019183543170369,868086712592.3999,22789524.910264496,-0.002304685132432316,6584.39,sh000905,0.00015572321755312108
2021-05-20,1.018599581104545,1.0197861920222997,1.0247272897152602,1.0131990999198026,1042425950032.95,26026925.39144924,-0.005418877071376449,6548.71,sh000905,0.00015572321755312108
2021-05-21,1.021153441872416,1.016539362936317,1.02317317200408,1.0141957285121426,862753134125.1,22734055.592565775,-0.0031838331518727614,6527.86,sh000905,0.00015572321755312108
2021-05-24,1.014666012629153,1.0190714224537307,1.0221781006439155,1.0113631231848512,881221266528.1499,23473594.82998918,0.0024908622427564087,6544.12,sh000905,0.00015572321755312108
2021-05-25,1.019884297649358,1.030836311539869,1.0322409349621982,1.015984988281828,929161619401.0499,24609807.55537907,0.011544714950214807,6619.67,sh000905,0.00015572321755312108
2021-05-26,1.0326582731852405,1.0321661878177728,1.0343727858105005,1.029707318212609,1003299343893.2999,26458094.666635524,0.0012900945213281112,6628.21,sh000905,0.00015572321755312108
2021-05-27,1.0323265827318524,1.0410735558618112,1.0410844564870398,1.0309998209183,932209584935.3999,25638651.648719568,0.008629780891070027,6685.41,sh000905,0.00015572321755312108
2021-05-28,1.043233436889273,1.0383888875911955,1.0461625906114473,1.0345689970646175,1010243607035.25,27502552.50161563,-0.0025787498448113233,6668.17,sh000905,0.00015572321755312108
2021-05-31,1.0404724642420562,1.0478599736827763,1.0478724315401804,1.0382471794632222,943529772301.7999,27520762.899254866,0.00912094322730228,6728.99,sh000905,0.00015572321755312108
2021-06-01,1.0462482383811016,1.0495371127358235,1.0500385414963445,1.036596513357159,1034476172090.7,28814802.685291164,0.0016005373763374742,6739.76,sh000905,0.00015572321755312108
2021-06-02,1.0496523479168127,1.04045377745595,1.050843630531094,1.0375448677520576,1010545007178.0,27137192.60563874,-0.008654610846677069,6681.43,sh000905,0.00015572321755312108
2021-06-03,1.0402466655766043,1.0383203693754721,1.0502783552513764,1.0362539222785423,994621697610.1499,26099046.220208205,-0.002050459257973314,6667.73,sh000905,0.00015572321755312108
2021-06-04,1.0343229543808836,1.0422648384760926,1.047346087064851,1.0321350431742622,885329793246.6,25111481.366938405,0.0037988940763948875,6693.06,sh000905,0.00015572321755312108
2021-06-07,1.0442394088746663,1.0466936067833035,1.047993895649872,1.041741608465114,902632877798.3999,27119824.15983431,0.004249177506252755,6721.5,sh000905,0.00015572321755312108
2021-06-08,1.0474083763518722,1.040941191126891,1.051541270545732,1.0359315752182072,890586183480.8999,26458404.020150587,-0.005495797069106523,6684.56,sh000905,0.00015572321755312108
2021-06-09,1.039785724852647,1.0422399227612842,1.045253167020937,1.0365015221944516,876626087907.75,24212797.92452096,0.0012476513039001436,6692.9,sh000905,0.00015572321755312108
2021-06-10,1.0416045720336673,1.0535672296060983,1.0547849851673636,1.0407745672841093,990738358892.25,27563479.19802543,0.010868233501172941,6765.64,sh000905,0.00015572321755312108
2021-06-11,1.0548130153465232,1.0473819034048881,1.055158720889491,1.0460348975730538,1088916673213.2,30274675.728512146,-0.005870841487279899,6725.92,sh000905,0.00015572321755312108
2021-06-15,1.0486557193244728,1.0376865758800309,1.0490356839753023,1.0354348181542128,977434523840.85,25906002.610544022,-0.00925672621737994,6663.66,sh000905,0.00015572321755312108
2021-06-16,1.0370372100628344,1.0225238061868835,1.037549539448584,1.020748561506778,878532303337.0499,23711889.52372054,-0.014612090052613658,6566.29,sh000905,0.00015572321755312108
2021-06-17,1.0206566848084215,1.0302912802784332,1.030654115375332,1.0206566848084215,799447660767.2999,22392367.93783529,0.0075963748174388,6616.17,sh000905,0.00015572321755312108
2021-06-18,1.02937251329487,1.0367678088964676,1.0389666207283175,1.025753505718935,886332713700.2999,25155539.685906272,0.006286114171794255,6657.76,sh000905,0.00015572321755312108
2021-06-21,1.0359720632547709,1.0444636503079427,1.046924077145282,1.0337716941907455,918496132095.45,27216768.535189554,0.0074229170171349335,6707.18,sh000905,0.00015572321755312108
2021-06-22,1.046973908574899,1.04954178443235,1.0509713235694877,1.0420717416863268,941051053931.7,26495914.250075918,0.004861953906112548,6739.79,sh000905,0.00015572321755312108
2021-06-23,1.0498205289917701,1.0573528610248146,1.0595361005349093,1.0465503414231545,997343950634.85,28743710.058318347,0.007442368382397646,6789.95,sh000905,0.00015572321755312108
2021-06-24,1.057650292370341,1.051890090553051,1.057650292370341,1.050093044622488,931438004422.95,26882134.778444793,-0.005166459252277211,6754.87,sh000905,0.00015572321755312108
2021-06-25,1.0509557512477323,1.0610061277086107,1.0627891585495939,1.049421877554834,972787888539.0,27147112.329074305,0.008666339988778526,6813.41,sh000905,0.00015572321755312108
2021-06-28,1.061147835836584,1.0633591055258385,1.0656949537891354,1.0593632477634254,934376089104.1499,27321324.28269993,0.0022176854174342786,6828.52,sh000905,0.00015572321755312108
2021-06-29,1.0640660889335296,1.0535329704982366,1.0643759781364603,1.052209323149035,877362574102.95,26102674.26720547,-0.009240655368952577,6765.42,sh000905,0.00015572321755312108
2021-06-30,1.0538942483629596,1.060191695280808,1.060845732794531,1.0522747269004074,805314480207.2999,24142057.38649724,0.00632037626636639,6808.18,sh000905,0.00015572321755312108
2021-07-01,1.063231412487445,1.045941463642522,1.063231412487445,1.045941463642522,888440491879.7999,26192631.0801741,-0.013441183987497385,6716.67,sh000905,0.00015572321755312108
2021-07-02,1.0435106242165177,1.036812968629558,1.0462279943628197,1.035789867090234,876377261813.5499,25274238.948556837,-0.008727539093032699,6658.05,sh000905,0.00015572321755312108
2021-07-05,1.0386941050975995,1.0450600702311712,1.0458604875693942,1.0376678890939246,865219214688.0,25715486.769911163,0.007954280908073708,6711.01,sh000905,0.00015572321755312108
2021-07-06,1.0477011360008721,1.044824928172666,1.0507969135658282,1.0330070931925595,931254537882.45,28586009.29044716,-0.00022500338995179447,6709.5,sh000905,0.00015572321755312108
2021-07-07,1.03740471685626,1.0533320875475929,1.053534527730412,1.0344023732218355,948137055732.45,27448825.769078042,0.008142186452045674,6764.13,sh000905,0.00015572321755312108
2021-07-08,1.0549998832075869,1.0509214921398706,1.0584631675659684,1.0497068510429564,1024667653977.6,31618512.500681292,-0.002288542650717873,6748.65,sh000905,0.00015572321755312108
2021-07-09,1.046710736337234,1.0596248627689147,1.0611992244983766,1.0408212842493751,1066681035814.95,31857347.44683999,0.008281656331266207,6804.54,sh000905,0.00015572321755312108
2021-07-12,1.0670902338184112,1.0751722688094183,1.0786573544182572,1.0651499225276995,1242981278202.5999,37355437.71834342,0.014672556851748952,6904.38,sh000905,0.00015572321755312108
2021-07-13,1.0747720601403068,1.0841216821221962,1.0841403689083025,1.0727819174199777,1153462192872.5999,34855713.33722641,0.008323701766125291,6961.85,sh000905,0.00015572321755312108
2021-07-14,1.0828712246852445,1.074295547094594,1.0859529871606208,1.074295547094594,1102824933227.55,33465625.982107405,-0.009063682785466542,6898.75,sh000905,0.00015572321755312108
2021-07-15,1.070565976034197,1.0795371905974323,1.0801865564146287,1.0633528765971363,1112365321766.55,31954293.09787983,0.004879144772603761,6932.41,sh000905,0.00015572321755312108
2021-07-16,1.0793254070215599,1.0784019683414698,1.0889459874019918,1.077970615028848,1187413546325.7,34501927.72760895,-0.0010515823501494603,6925.12,sh000905,0.00015572321755312108
2021-07-19,1.0763744520489285,1.0728301916174192,1.0793394221111399,1.0677395996356076,1089977587588.0499,32402435.9944874,-0.005166697472390291,6889.34,sh000905,0.00015572321755312108
2021-07-20,1.0637530852662478,1.0746661683523706,1.0746661683523706,1.062938652838445,899934083061.1499,26650548.27217304,0.001711339547765034,6901.13,sh000905,0.00015572321755312108
2021-07-21,1.0781668262829647,1.0876550419284763,1.0897946789376562,1.078059377262853,1046788491538.7999,31913850.706905548,0.012086426425817143,6984.54,sh000905,0.00015572321755312108
2021-07-22,1.089480118038199,1.094196974297883,1.0942250044770425,1.0838803111349888,1221611773691.4,34181289.506590985,0.0060147124935929774,7026.55,sh000905,0.00015572321755312108
2021-07-23,1.095715275669026,1.0878434670217156,1.0996659736983487,1.0851276541075894,1445379029130.45,39514959.97944454,-0.005806548021432989,6985.75,sh000905,0.00015572321755312108
2021-07-26,1.0860308487693973,1.0695397600305219,1.0879602594348805,1.0555698301838312,1336969806246.0,37794373.99920581,-0.01682568085030245,6868.21,sh000905,0.00015572321755312108
2021-07-27,1.070977085328537,1.0463447867759845,1.0785343330763901,1.0463447867759845,1468081270039.3499,41571556.18010948,-0.021686873290129416,6719.26,sh000905,0.00015572321755312108
2021-07-28,1.0355827552108883,1.0311960321724167,1.0447828829039265,1.0176387688522421,1266780702965.55,34643184.9210094,-0.014477784756059542,6621.98,sh000905,0.00015572321755312108
2021-07-29,1.0465565703518567,1.0525160978876147,1.0548021147212945,1.0405612264760615,1098216994788.6,32568266.062460583,0.020675085095394508,6758.89,sh000905,0.00015572321755312108
2021-07-30,1.0495355555036479,1.0538288446115873,1.055026356154571,1.0437364228819697,1218262356641.0999,34650721.665615536,0.0012472462194235145,6767.32,sh000905,0.00015572321755312108
2021-08-02,1.0521921935951042,1.0701299510250482,1.0706625244290797,1.0482944414597495,1324177455617.0999,38874776.799109265,0.015468457232700628,6872.0,sh000905,0.00015572321755312108
2021-08-03,1.0658273185240554,1.061411008074249,1.0713118902462764,1.057782657105261,1247016566002.8,37018993.76515382,-0.008147555296856734,6816.01,sh000905,0.00015572321755312108
2021-08-04,1.0611104622643714,1.0793705667546503,1.0794390849703737,1.0609780975294512,1117780320334.2,33665764.31166445,0.016920456396044115,6931.34,sh000905,0.00015572321755312108
2021-08-05,1.0777510452920978,1.076332406780189,1.0817064150179472,1.0714831857855847,1151863471731.9,35298153.285837755,-0.0028147515487626507,6911.83,sh000905,0.00015572321755312108
2021-08-06,1.0790092888899272,1.0805431625828252,1.0818932828790109,1.0722555729446481,1106815770366.45,33474065.273566764,0.003912133255592254,6938.87,sh000905,0.00015572321755312108
2021-08-09,1.076720157591896,1.0868748686085352,1.088460130963226,1.0709397117563244,1116297073303.8,32850691.78918191,0.005859743733489742,6979.53,sh000905,0.00015572321755312108
2021-08-10,1.085520076615823,1.093057080345394,1.0931287130254685,1.0836482835408345,1111510311177.3,34673396.959348455,0.005688062090140722,7019.23,sh000905,0.00015572321755312108
2021-08-11,1.0939197869706385,1.1015112938263532,1.1019551049963794,1.090051622246619,1209568547064.9,34533106.73487344,0.007734466601037493,7073.52,sh000905,0.00015572321755312108
2021-08-12,1.0993233826197317,1.1048873731829048,1.108109286554079,1.0980059641992324,1246308206634.5999,35205106.764772296,0.0030649521030547966,7095.2,sh000905,0.00015572321755312108
2021-08-13,1.101036338012816,1.1039047596801446,1.1095154672085836,1.0978969579469453,1234180798598.25,34549683.61838468,-0.0008893336340060065,7088.89,sh000905,0.00015572321755312108
2021-08-16,1.10370076226515,1.098236434561211,1.1060085803492872,1.0961513006781747,1208418936860.25,34583084.23037693,-0.0051347954334177714,7052.49,sh000905,0.00015572321755312108
2021-08-17,1.0971868600749028,1.073618151098238,1.0998762000420454,1.0708307055040371,1296764696832.15,35279562.09634595,-0.022416196265432564,6894.4,sh000905,0.00015572321755312108
2021-08-18,1.0718849516868718,1.080876410268389,1.0824133984256383,1.069050789127405,1126147627537.8,29898454.01602392,0.006760559294499924,6941.01,sh000905,0.00015572321755312108
2021-08-19,1.0772169146558908,1.0818185357345855,1.086789220838881,1.069707941105479,1103326727380.2,30364924.035411462,0.0008716310738638988,6947.06,sh000905,0.00015572321755312108
2021-08-20,1.0768291638441834,1.077607779931949,1.0826687845024254,1.0656139777160076,1127816017159.3499,31944381.66639415,-0.003892294006385466,6920.02,sh000905,0.00015572321755312108
2021-08-23,1.082172027438431,1.0938870850949522,1.0950269790474412,1.082172027438431,1216624033184.8499,33682859.123122565,0.015106892754645163,7024.56,sh000905,0.00015572321755312108
2021-08-24,1.0949911627074038,1.1041990765613199,1.1053280698885801,1.0915714808499373,1301841158855.0999,36825321.24298272,0.00942692496042441,7090.78,sh000905,0.00015572321755312108
2021-08-25,1.1044124173693677,1.1138881751574752,1.1139302204262145,1.0991832317239338,1272301536746.8499,35619724.032297,0.008774775130521606,7153.0,sh000905,0.00015572321755312108
2021-08-26,1.113659262027672,1.1085686700458606,1.117393504784596,1.108101500393201,1478110975465.0498,39766031.292269126,-0.004775618621557398,7118.84,sh000905,0.00015572321755312108
2021-08-27,1.1051131718483567,1.1181098315853402,1.1189849960679887,1.1030202518044427,1437360899145.5999,40331974.73172783,0.008606739300222932,7180.11,sh000905,0.00015572321755312108
2021-08-30,1.1216167184446366,1.1253930064702997,1.1309554398012973,1.119744925369648,1609581094832.5498,46875093.70706906,0.006513827782582693,7226.88,sh000905,0.00015572321755312108
2021-08-31,1.1215995888907058,1.1298248892418616,1.1298248892418616,1.11486923142806,1573999984404.2998,44950647.58745805,0.003938075628763693,7255.34,sh000905,0.00015572321755312108
2021-09-01,1.13226818652527,1.1201326761813555,1.1333784930664237,1.1056831188246012,1897726913452.65,51547990.17448787,-0.008578509070560458,7193.1,sh000905,0.00015572321755312108
2021-09-02,1.1169092055780057,1.1378711078928314,1.1382323857575545,1.1169092055780057,1627321236883.3499,42285841.32738471,0.01583600950911279,7307.01,sh000905,0.00015572321755312108
2021-09-03,1.1423388070044305,1.1334594691395514,1.150053335202012,1.1254163649529327,1854580476424.3499,49055430.67591663,-0.003877098840702309,7278.68,sh000905,0.00015572321755312108
2021-09-06,1.1363683788434438,1.1454065543902268,1.1460512485108967,1.1261482640754323,1643140682684.0999,42624611.49143912,0.010540372704940904,7355.4,sh000905,0.00015572321755312108
2021-09-07,1.1461820560136415,1.1677575078056264,1.1681000988842432,1.1446746552677272,1674301020084.2998,43665312.43527754,0.0195135546673193,7498.93,sh000905,0.00015572321755312108
2021-09-08,1.1673526274399881,1.1747821821494477,1.17562464475641,1.1654123161492764,1752133126243.2,44825075.57403471,0.006015524881549661,7544.04,sh000905,0.00015572321755312108
2021-09-09,1.1733713297984163,1.1862138235500221,1.1862465254257084,1.172123986825816,1844324003272.2,47087594.05822492,0.009730860387802798,7617.45,sh000905,0.00015572321755312108
2021-09-10,1.1856142891624428,1.1846908504823528,1.1930625306580085,1.1779309056083718,1884552898477.65,50250012.35009694,-0.001283894216568493,7607.67,sh000905,0.00015572321755312108
2021-09-13,1.1856049457693896,1.1910879602594349,1.1914196507128232,1.1783233281166057,1692866453328.15,46554399.993771076,0.005399813609160198,7648.75,sh000905,0.00015572321755312108
2021-09-14,1.1882802706469522,1.176741180226266,1.197293530478927,1.1747790676850967,1743487684534.7998,47723625.52303536,-0.012045105409380641,7556.62,sh000905,0.00015572321755312108
2021-09-15,1.1734133750671556,1.1822989418607368,1.1878053148334151,1.1713313556484706,1498802931684.75,42679497.82127646,0.004723011081674056,7592.31,sh000905,0.00015572321755312108
2021-09-16,1.186125061316017,1.1596614577250395,1.1924084931442853,1.1593951710230237,1718753203315.3499,46898068.78668255,-0.019147005325125144,7446.94,sh000905,0.00015572321755312108
2021-09-17,1.1557481332679298,1.1516603988071603,1.16347356209074,1.133039016452158,1500124584314.5498,40335288.96031394,-0.0068994781749280865,7395.56,sh000905,0.00015572321755312108
2021-09-22,1.1375705620829537,1.1607016888182944,1.1607499630157359,1.1364727133992043,1263745619261.0999,34545463.01589156,0.007850656339749795,7453.62,sh000905,0.00015572321755312108
2021-09-23,1.1698441989208381,1.1683663855862592,1.1747230073267774,1.1628164101126657,1548636727325.0999,41680757.33308418,0.006603502727533739,7502.84,sh000905,0.00015572321755312108
2021-09-24,1.1664541044747068,1.1492965203647039,1.1664541044747068,1.1481924427522523,1487996360728.65,38772456.05101493,-0.016321819471026955,7380.38,sh000905,0.00015572321755312108
2021-09-27,1.152351809893096,1.1166273465542347,1.1539822319808772,1.1100745135595993,1538257504333.2,39724512.86133626,-0.028425365631579935,7170.59,sh000905,0.00015572321755312108
2021-09-28,1.1147633396401238,1.1210358708431634,1.1254833259364805,1.1142416668613209,1302314267497.2,30553265.471646696,0.003948071218686344,7198.9,sh000905,0.00015572321755312108
2021-09-29,1.1122935694097313,1.0916540141552407,1.1151666627735863,1.0895283922356405,1352211354919.95,32364050.00708541,-0.026209559793857307,7010.22,sh000905,0.00015572321755312108
2021-09-30,1.0954645612887652,1.1061970054425265,1.1081326450367117,1.0954645612887652,1300272458928.15,28993431.69683804,0.013321978482843555,7103.61,sh000905,0.00015572321755312108
2021-10-08,1.119841473764531,1.1042862815631498,1.1210452142362166,1.0992237197604977,1319441681391.5999,31592736.01769016,-0.0017272907718750563,7091.34,sh000905,0.00015572321755312108
2021-10-11,1.1060833274937127,1.1041508023638786,1.1093332710440464,1.0976727165136686,1254924224342.7,30320790.4510523,-0.00012268485222821646,7090.47,sh000905,0.00015572321755312108
2021-10-12,1.1008619280091567,1.0826173958406329,1.1024752205430068,1.073219499661302,1295033118174.5999,30233123.491937432,-0.019502233279317216,6952.19,sh000905,0.00015572321755312108
2021-10-13,1.0834801024658771,1.0871956584366946,1.0886983874860823,1.072518745182313,1044190176359.1,25488509.312092688,0.004228883272753059,6981.59,sh000905,0.00015572321755312108
2021-10-14,1.0854920464366635,1.0913596972740651,1.0952636783381218,1.0821953859210638,993844523840.5499,25374590.677473858,0.003830073092232489,7008.33,sh000905,0.00015572321755312108
2021-10-15,1.0894583167877414,1.093824795807931,1.0953617839651804,1.0862068160052323,1118062815139.3499,29431647.215902455,0.0022587406700311785,7024.16,sh000905,0.00015572321755312108
2021-10-18,1.0942888509962394,1.1006672739872152,1.1012543505173904,1.087527348890083,1127815208031.45,30259044.76513046,0.00625555226532426,7068.1,sh000905,0.00015572321755312108
2021-10-19,1.0995258228025508,1.1088084838008925,1.1098767450733067,1.0981258710767483,1079709028890.6,28450813.512415037,0.007396612951146686,7120.38,sh000905,0.00015572321755312108
2021-10-20,1.102830269479028,1.1085624411171584,1.1141856065030016,1.1005162224661886,1094964159354.2999,29007575.849820532,-0.0002218982694743854,7118.8,sh000905,0.00015572321755312108
2021-10-21,1.1099390343603281,1.1053623289964418,1.112732708883231,1.100877500330912,1078657188307.2,28709891.021777894,-0.00288672248131705,7098.25,sh000905,0.00015572321755312108
2021-10-22,1.1039421332523573,1.0941222271534574,1.107294854126276,1.0933124664221812,1102052427997.5,28682964.50912149,-0.010168703553692815,7026.07,sh000905,0.00015572321755312108
2021-10-25,1.093024378469708,1.1062561802651967,1.1065660694681274,1.0906511566341983,1021071908854.95,28747641.080407687,0.011090125774437132,7103.99,sh000905,0.00015572321755312108
2021-10-26,1.1087602096034508,1.106013252045814,1.11429772721964,1.1033098969890915,1123995559238.25,31922951.440829072,-0.00021959490370893064,7102.43,sh000905,0.00015572321755312108
2021-10-27,1.1045634688903943,1.0976306712449293,1.105301596941596,1.0928437395373463,1149609479003.55,33094905.659448896,-0.0075790961684943925,7048.6,sh000905,0.00015572321755312108
2021-10-28,1.0941564862613191,1.0823199644951065,1.0968240249780041,1.0792459881806078,1207753994267.7,32761131.71412332,-0.013948869279005849,6950.28,sh000905,0.00015572321755312108
2021-10-29,1.0831873428168775,1.0935662952667928,1.093605226071181,1.0776529396650394,1096686388089.45,32236559.364026383,0.01039094827834286,7022.5,sh000905,0.00015572321755312108
2021-11-01,1.090852039584842,1.0995242655703754,1.1036556025320596,1.0890145056177152,1182501838155.15,35276535.534636736,0.005448202207191111,7060.76,sh000905,0.00015572321755312108
2021-11-02,1.099561639142588,1.0877422469303062,1.1046397732669953,1.0778927534200713,1259380149482.8499,35915006.10839894,-0.010715560364606636,6985.1,sh000905,0.00015572321755312108
2021-11-03,1.086178785826073,1.0928421823051708,1.0953711273582336,1.0842805198041003,968478884329.2,28579980.40503609,0.004688551345005898,7017.85,sh000905,0.00015572321755312108
2021-11-04,1.0950378796726699,1.1015626824881457,1.1015626824881457,1.0929605319505111,980278036882.5,29359021.853884906,0.007979651887686456,7073.85,sh000905,0.00015572321755312108
2021-11-05,1.1011313291755234,1.0888027220418428,1.1015626824881457,1.0886843723965025,1138182191358.45,32281376.715330172,-0.011583508273429688,6991.91,sh000905,0.00015572321755312108
2021-11-08,1.0879602594348805,1.0942623780492553,1.0953789135191112,1.0876970871972158,939878203775.7,27533477.64764508,0.005014366603689258,7026.97,sh000905,0.00015572321755312108
2021-11-09,1.0959130441553184,1.1027928959068154,1.1036135572633203,1.0944710471607766,909927557537.5499,27348177.44349194,0.00779567864954589,7081.75,sh000905,0.00015572321755312108
2021-11-10,1.099661302001822,1.0997687510219336,1.1012979530183054,1.084746132224584,1041195767385.75,29139173.559443448,-0.002742260034595989,7062.33,sh000905,0.00015572321755312108
2021-11-11,1.0976711592814932,1.1087275077277647,1.1090482975559242,1.0952154041406805,1062145366625.1,29063834.17844324,0.008146036789558053,7119.86,sh000905,0.00015572321755312108
2021-11-12,1.1085920285284936,1.114450335972842,1.1157739833220435,1.107593842703978,1082134222807.95,30404954.380260527,0.005161618346428254,7156.61,sh000905,0.00015572321755312108
2021-11-15,1.1159188059143679,1.1053561000677397,1.117589716038713,1.103109014038448,1034837344951.6499,31446709.039577056,-0.00816028818113601,7098.21,sh000905,0.00015572321755312108
2021-11-16,1.1031308152889057,1.097216447486238,1.1090202673767646,1.0963708704149246,1042685346163.0499,29903876.951250847,-0.007363828345456125,7045.94,sh000905,0.00015572321755312108
2021-11-17,1.0968567268536904,1.1063402708026753,1.106576970093356,1.095349326107776,901260006088.2,26297804.8968723,0.00831542704025301,7104.53,sh000905,0.00015572321755312108
2021-11-18,1.107002094477276,1.103249164934246,1.1103517008868438,1.1004165596069546,1044897880719.0,28832616.34502036,-0.0027939920022858056,7084.68,sh000905,0.00015572321755312108
2021-11-19,1.1029891071609323,1.116516783069772,1.117197293530479,1.1015424384698638,1144247182917.45,30148223.492716048,0.012025948948999776,7169.88,sh000905,0.00015572321755312108
2021-11-22,1.1176878216657713,1.1297828439731221,1.1304773695234092,1.1176878216657713,1159252190113.65,34724132.84934557,0.011881649344200884,7255.07,sh000905,0.00015572321755312108
2021-11-23,1.1283626482290376,1.1307654574758825,1.1356769677575078,1.1272803718670437,1217512950086.0999,33994224.39279625,0.0008697366117764727,7261.38,sh000905,0.00015572321755312108
2021-11-24,1.1305848185435208,1.1299447961193774,1.1334158666386365,1.1258165736220442,1140960698037.15,32629784.67652395,-0.000725757362925572,7256.11,sh000905,0.00015572321755312108
2021-11-25,1.1309850272126323,1.1264301230992035,1.1309850272126323,1.1256125762070497,1053587907943.35,29638451.63532737,-0.003110482062702924,7233.54,sh000905,0.00015572321755312108
2021-11-26,1.1237984007225559,1.1242998294830768,1.1288687486860853,1.1213940342435356,1023759587716.0499,29913469.46158698,-0.0018911902056254482,7219.86,sh000905,0.00015572321755312108
2021-11-29,1.1102971977607001,1.1246175048468852,1.1253089159328211,1.1095948860495357,1072039286261.5499,30919112.6791401,0.000282553955339937,7221.9,sh000905,0.00015572321755312108
2021-11-30,1.1293561623570267,1.1294231233405745,1.1338409910225566,1.1228952060607478,1196585627550.5999,33202916.598693483,0.004273113723535449,7252.76,sh000905,0.00015572321755312108
2021-12-01,1.1273006158853256,1.1325500455490412,1.1325656178707963,1.1236473492015293,1103279894286.75,30539171.070363536,0.0027686011945797784,7272.84,sh000905,0.00015572321755312108
2021-12-02,1.129993070316819,1.1258773056768898,1.1336572376258438,1.1245334143094066,1133777902705.95,30930843.2368628,-0.005891783677353102,7229.99,sh000905,0.00015572321755312108
2021-12-03,1.12643479479573,1.137078476715486,1.1383787655820545,1.1249133789602361,1195857245477.7,31267855.5075409,0.00994883810351066,7301.92,sh000905,0.00015572321755312108
2021-12-06,1.1381794398635865,1.1275077277646712,1.1415243745766277,1.12672755444473,1368260657260.7998,33997912.39696963,-0.008416964305278607,7240.46,sh000905,0.00015572321755312108
2021-12-07,1.1327509284996848,1.1222707559583596,1.134387579516168,1.1131204596949382,1234522751460.75,32100173.37226414,-0.004644732516994821,7206.83,sh000905,0.00015572321755312108
2021-12-08,1.1251002468212998,1.1372451005582678,1.1372451005582678,1.1234277794647793,1087059821007.45,29631009.9292238,0.013342898333941422,7302.99,sh000905,0.00015572321755312108
2021-12-09,1.1365926202767203,1.1399437839184634,1.1416972273481114,1.1352643012309922,1259203162387.2,32934222.978829432,0.002373000647679868,7320.32,sh000905,0.00015572321755312108
2021-12-10,1.1345946913955136,1.1378150475345121,1.1394688281049263,1.1331371220792164,1202329986125.0999,32608080.178770255,-0.0018674047036195685,7306.65,sh000905,0.00015572321755312108
2021-12-13,1.142091207088521,1.1450374903646259,1.147884110781497,1.1402739171396759,1190336707092.3,32817351.13436578,0.006347642216337102,7353.03,sh000905,0.00015572321755312108
2021-12-14,1.1414885582365903,1.1405370893773408,1.1445469622293336,1.1390265741670755,1024791013874.1,28583929.9245521,-0.00393035252134144,7324.13,sh000905,0.00015572321755312108
2021-12-15,1.1398410065948783,1.1390001012200914,1.1449362702732164,1.1371501093955605,1026975453711.2999,28631179.368542355,-0.0013476003293223515,7314.26,sh000905,0.00015572321755312108
2021-12-16,1.1404249686607024,1.1493930687595868,1.1493930687595868,1.1404249686607024,1141065171861.0,29121605.4689994,0.009124641453817528,7381.0,sh000905,0.00015572321755312108
2021-12-17,1.1493494662586718,1.1390468181853575,1.1498633528765974,1.1381373945948472,1260347294924.4,31680274.132660612,-0.00900149031296571,7314.56,sh000905,0.00015572321755312108
2021-12-20,1.1353701930189282,1.1205796018157328,1.1388786371104,1.1198134435853715,1166992673639.0999,29642021.63867542,-0.01621286857992832,7195.97,sh000905,0.00015572321755312108
2021-12-21,1.1198009857279672,1.132959597611206,1.1345557605911254,1.1198009857279672,1131602260529.25,25578793.976003055,0.011047850394040104,7275.47,sh000905,0.00015572321755312108
2021-12-22,1.135208240872673,1.1371625672529646,1.1396774972164474,1.132391207867137,1118119646741.8499,26642436.19381312,0.0037097259695937357,7302.46,sh000905,0.00015572321755312108
2021-12-23,1.1377387431579111,1.1425708345985846,1.1445656490154401,1.135281430784923,1086104973025.6499,28102902.430372257,0.004755931562788307,7337.19,sh000905,0.00015572321755312108
2021-12-24,1.1423855239696963,1.1334719269969558,1.1429990734468556,1.1301659230883028,1087947614119.95,28447689.360834055,-0.007963539175079193,7278.76,sh000905,0.00015572321755312108
2021-12-27,1.1320096859841318,1.1325360304594614,1.1404981585729526,1.1298840640645318,954377839960.2,25785530.146301966,-0.0008256900900702746,7272.75,sh000905,0.00015572321755312108
2021-12-28,1.1338207470042747,1.1346040347885669,1.1353063464997315,1.1275809176769211,919978672744.35,25660514.969205733,0.0018259942937677298,7286.03,sh000905,0.00015572321755312108
2021-12-29,1.1329907422547165,1.1286460644849845,1.1353561779293484,1.127794258484969,874690063179.1499,24252954.562145244,-0.005251144999402824,7247.77,sh000905,0.00015572321755312108
2021-12-30,1.128375106086442,1.1384862146021661,1.1405947069678355,1.128093247062671,909633850531.5,24674075.269751545,0.008718543772774145,7310.96,sh000905,0.00015572321755312108
2021-12-31,1.1400403323133463,1.1460294472604393,1.1473889109496782,1.139535789088474,962663142693.2999,26388375.951974962,0.006625668858809108,7359.4,sh000905,0.00015572321755312108
2022-01-04,1.1504535438711236,1.145260174565727,1.1511215964744266,1.1395046444449637,1289531645668.05,34130653.119992524,-0.0006712503736716613,7354.46,sh000905,0.00015572321755312108
2022-01-05,1.143615737388366,1.1247374117244011,1.1439832441817914,1.1213208443312856,1245815537646.5999,32672250.941113267,-0.017919738498815674,7222.67,sh000905,0.00015572321755312108
2022-01-06,1.1193307016109568,1.1258726339803633,1.1278674483972189,1.116194436009437,1113101608890.5999,28015780.826423116,0.0010093220374183254,7229.96,sh000905,0.00015572321755312108
2022-01-07,1.1262541558633685,1.11741997773158,1.1309881416769834,1.116230252349474,1284445666759.8,31533710.72917397,-0.007507648728346972,7175.68,sh000905,0.00015572321755312108
2022-01-10,1.1152024791136235,1.1198757328723927,1.1202603692197488,1.1090747705029083,1064381288830.35,27519082.184796743,0.0021977011237959143,7191.45,sh000905,0.00015572321755312108
2022-01-11,1.1191858790186324,1.1111194163493807,1.1222847710479396,1.1085686700458606,1088434766910.6,27974953.17870018,-0.007819007293383029,7135.22,sh000905,0.00015572321755312108
2022-01-12,1.1150062678595065,1.1207290961045837,1.1207290961045837,1.1132076646967681,1002108012228.6,26525003.68596856,0.008648647133515208,7196.93,sh000905,0.00015572321755312108
2022-01-13,1.121711709607344,1.1052860246198408,1.121711709607344,1.1050633404187398,1086215476778.85,27189119.985050574,-0.013779486531062535,7097.76,sh000905,0.00015572321755312108
2022-01-14,1.0999384893290667,1.102697904744108,1.1095419401555675,1.0982582358116684,1127585223058.3499,28265936.835548498,-0.0023415838236288122,7081.14,sh000905,0.00015572321755312108
2022-01-17,1.1026169286709802,1.1146449899947832,1.1164326925322932,1.1023117111645762,1038892738938.0,28573776.75083507,0.010834413667855758,7157.86,sh000905,0.00015572321755312108
2022-01-18,1.1154656513512884,1.115470323047815,1.1198056574244937,1.1108048554499232,1150986955036.8,30366060.670388453,0.0007404447698056149,7163.16,sh000905,0.00015572321755312108
2022-01-19,1.1125614133439226,1.1085562121884562,1.118413491859569,1.1022649941993101,1047874366867.2,27200995.97081747,-0.006198381719799584,7118.76,sh000905,0.00015572321755312108
2022-01-20,1.108673004601621,1.0989060443966894,1.1112066213512104,1.096293008806148,1083115823383.6499,26901684.644912135,-0.008705167753934706,7056.79,sh000905,0.00015572321755312108
2022-01-21,1.095970661745813,1.0864217140454557,1.0963584125575203,1.084663598919281,929082973453.5,24636038.81992946,-0.011360689491964449,6976.62,sh000905,0.00015572321755312108
2022-01-24,1.0811738416139156,1.0868312661076205,1.0911058684294535,1.0785031884328795,787805228582.25,21166012.149525434,0.00037697337679287735,6979.25,sh000905,0.00015572321755312108
2022-01-25,1.0838335941697228,1.0501911502495465,1.0868670824476576,1.0501911502495465,965413162932.6,24022719.00586298,-0.033712791489056815,6743.96,sh000905,0.00015572321755312108
2022-01-26,1.0530549002203484,1.056205180911448,1.0588882919498883,1.0467558960703247,774549311883.1499,20280567.12402576,0.005726605733129997,6782.58,sh000905,0.00015572321755312108
2022-01-27,1.0560541293904215,1.0286951172985137,1.0566957090467404,1.0286951172985137,804271565717.3999,20593574.837619618,-0.026046135836215734,6605.92,sh000905,0.00015572321755312108
2022-01-28,1.0418163556095397,1.02474130480484,1.0418163556095397,1.0137861764499778,816119914531.35,20284197.084549922,-0.0038435221740500403,6580.53,sh000905,0.00015572321755312108
2022-02-07,1.0378282840080042,1.0397031915473438,1.0437083927028101,1.036513980051856,931734010379.7,21589705.275123995,0.01460064766819702,6676.61,sh000905,0.00015572321755312108
2022-02-08,1.0400738128051201,1.0499155201544774,1.0499482220301637,1.0276751302235407,1024886182727.1,22651289.813677173,0.009822349965027177,6742.19,sh000905,0.00015572321755312108
2022-02-09,1.0490683858509886,1.0656186494125341,1.0665000428238849,1.0473632166187818,1045590519888.0,24193551.03314569,0.01495656455840022,6843.03,sh000905,0.00015572321755312108
2022-02-10,1.06532744699571,1.0652231124399492,1.0689916143047347,1.0584522669407397,994819953210.6,22901411.3793184,-0.00037118060274465847,6840.49,sh000905,0.00015572321755312108
2022-02-11,1.0607522988639992,1.0503562168601528,1.0652589287799865,1.0489344638838929,1026188364914.1,24401856.933342677,-0.013956602524088146,6745.02,sh000905,0.00015572321755312108
2022-02-14,1.045150389697352,1.0426759477704328,1.0535485428199918,1.0382829958032593,880295579259.0,20585365.80723023,-0.007312061343035414,6695.7,sh000905,0.00015572321755312108
2022-02-15,1.0434732506443047,1.0527325531600134,1.0531343190613005,1.041313369616843,724399108704.0,18884306.093293782,0.00964499604223601,6760.28,sh000905,0.00015572321755312108
2022-02-16,1.0556803936682941,1.0545623009662626,1.0571052611089051,1.0514120202751631,696196782364.95,17859138.522965282,0.0017380936884270337,6772.03,sh000905,0.00015572321755312108
2022-02-17,1.0533632321911035,1.0540577577413905,1.058547258103447,1.0480452843116645,789767190355.2,20354077.173312157,-0.00047843851843532015,6768.79,sh000905,0.00015572321755312108
2022-02-18,1.048721123075845,1.0643713064399338,1.0643993366190934,1.047677777518239,898726851391.0499,20930238.846402407,0.00978461438455036,6835.02,sh000905,0.00015572321755312108
2022-02-21,1.065626435573412,1.0693684644912134,1.0701283937928725,1.0624808265788388,932078827298.1,23369756.655065287,0.004694938712688446,6867.11,sh000905,0.00015572321755312108
2022-02-22,1.0631301923960355,1.0565446575257138,1.0631301923960355,1.0501740206956158,954320860659.75,23811054.865961242,-0.011991944209427174,6784.76,sh000905,0.00015572321755312108
2022-02-23,1.056597603419682,1.0725312030397174,1.0728862519757383,1.056597603419682,925466499244.6499,24824306.266457997,0.015130969997464883,6887.42,sh000905,0.00015572321755312108
2022-02-24,1.0684808421511605,1.0534488799607578,1.074242601200626,1.0415936714084386,1354003335617.4,33956552.788769245,-0.017791858199441846,6764.88,sh000905,0.00015572321755312108
2022-02-25,1.0597961583082232,1.0619435814782807,1.0737178139574721,1.0591249912405691,1004533174037.7,25555049.02073455,0.008063705490710893,6819.43,sh000905,0.00015572321755312108
2022-02-28,1.0638216034819712,1.0672194840889804,1.067224155785507,1.0542539689955075,896471253250.2,23138188.00837791,0.004968157162695386,6853.31,sh000905,0.00015572321755312108
2022-03-01,1.0696036065497185,1.0704476263888565,1.0728286343852438,1.0647185692150771,884371766548.0499,22974672.67010815,0.0030248157459680236,6874.04,sh000905,0.00015572321755312108
2022-03-02,1.0671821105167676,1.0706344942499202,1.0711187934565105,1.063287472845764,880504392052.0499,21936935.779433634,0.00017456983084174205,6875.24,sh000905,0.00015572321755312108
2022-03-03,1.0746428098697376,1.0681911969665119,1.075644110158604,1.0657681437013853,1214281235458.65,27020586.10357151,-0.0022821021520702534,6859.55,sh000905,0.00015572321755312108
2022-03-04,1.0626287636355143,1.059514299284452,1.0699882428970748,1.0557115383118045,1139277005623.65,25827098.328934155,-0.008122981828254106,6803.83,sh000905,0.00015572321755312108
2022-03-07,1.0590377862387395,1.037021637741079,1.0590455723996168,1.032208233086512,1069105799481.75,25637766.32360842,-0.021229219424941492,6659.39,sh000905,0.00015572321755312108
2022-03-08,1.035649716194436,1.001283159312638,1.0380431820482274,0.9992447423948675,1196328215710.3499,28722244.751426816,-0.03446261594530431,6429.89,sh000905,0.00015572321755312108
2022-03-09,1.0033558353382699,0.9819298778351359,1.0063581789726939,0.9447353873225729,1270219958899.3499,29328224.27631528,-0.019328479958444222,6305.61,sh000905,0.00015572321755312108
2022-03-10,1.0005076576892231,0.9989550972102186,1.0083296349069166,0.9951850381132575,983490826907.3999,24755604.2724222,0.01733852870697672,6414.94,sh000905,0.00015572321755312108
2022-03-11,0.9877819563507821,1.008172354457188,1.00904284724331,0.9763876885224204,976826104611.6,24724369.77287769,0.009226898458910116,6474.13,sh000905,0.00015572321755312108
2022-03-14,0.999624707045697,0.9847282240545655,1.0107386730824632,0.9847282240545655,885892329786.6,23935663.737512946,-0.02325408973869847,6323.58,sh000905,0.00015572321755312108
2022-03-15,0.9767645387088988,0.9288858782400162,0.9776412604237229,0.9288858782400162,1250383527000.9,28669025.74135931,-0.056708383542234064,5964.98,sh000905,0.00015572321755312108
2022-03-16,0.9450686350081365,0.9586741725257528,0.9614024432972834,0.9069834076911698,1148363422037.55,27814260.29260393,0.03206884180667857,6156.27,sh000905,0.00015572321755312108
2022-03-17,0.9707224778678378,0.9759983804785376,0.9919397662594506,0.9695296380213808,1094496656812.6499,28784668.4637126,0.018071007282006724,6267.52,sh000905,0.00015572321755312108
2022-03-18,0.9731891336338792,0.9860736726542245,0.9870080119595432,0.9704250465223112,980073597233.1,23872746.33528766,0.010323062391504045,6332.22,sh000905,0.00015572321755312108
2022-03-21,0.9873724042886175,0.9902345970272438,0.9949483388225768,0.9786970638387331,1025240336724.6,25191982.805665214,0.004219689145354977,6358.94,sh000905,0.00015572321755312108
2022-03-22,0.9878146582264683,0.9901053467566747,0.9973807354807566,0.9831227176815929,970361872650.45,22689711.520247914,-0.0001305248988038299,6358.11,sh000905,0.00015572321755312108
2022-03-23,0.9916937235757166,0.9963327182266241,0.9997679724058459,0.9893625470089463,919447730722.35,22063632.308830287,0.006289604929766934,6398.1,sh000905,0.00015572321755312108
2022-03-24,0.9921079473344079,0.9879267789431065,0.9941993101461463,0.9834139200984172,884576424533.5499,21672933.489679445,-0.008436879698660582,6344.12,sh000905,0.00015572321755312108
2022-03-25,0.9883301020765691,0.9761105011951757,0.9924972553782907,0.9761105011951757,866744594164.0499,21050950.501506623,-0.01196068170211162,6268.24,sh000905,0.00015572321755312108
2022-03-28,0.9701743321420507,0.9784525783871747,0.9845024253891135,0.9617855224124642,930226650053.5499,21332793.878208872,0.002399397598049857,6283.28,sh000905,0.00015572321755312108
2022-03-29,0.9794180623360039,0.9737481799848948,0.9835961162629543,0.9706664175095185,907778090006.25,21863756.77030047,-0.0048079983702778994,6253.07,sh000905,0.00015572321755312108
2022-03-30,0.9766960204931755,0.9931824375355244,0.9931824375355244,0.9751076436741337,1053244189127.1,24230656.87105339,0.01995819653386266,6377.87,sh000905,0.00015572321755312108
2022-03-31,0.9905709591771586,0.9849431220947887,0.9939921982668006,0.98323172393388,1136015244095.8499,26017117.290416017,-0.008295873073612348,6324.96,sh000905,0.00015572321755312108
2022-04-01,0.9794040472464243,0.9911035325811903,0.9924645535026045,0.9770074669282818,1124614548503.4,24067290.150039323,0.00625458500923326,6364.52,sh000905,0.00015572321755312108
2022-04-06,0.9908668332905095,0.9899215933599621,0.9908668332905095,0.977796983641276,1264124811271.95,26398980.080197457,-0.0011925486918102912,6356.93,sh000905,0.00015572321755312108
2022-04-07,0.9844525939594965,0.9688460130963227,0.9911206621351211,0.9688460130963227,1225008023835.15,25497467.169341214,-0.021290151063485085,6221.59,sh000905,0.00015572321755312108
2022-04-08,0.9697196203467956,0.969239992836732,0.9713874160067896,0.9525604790046173,1181293938633.45,24798189.81352145,0.0004066484612454957,6224.12,sh000905,0.00015572321755312108
2022-04-11,0.9657985097288081,0.9389938722913894,0.9657985097288081,0.9345837907702849,1145524827979.8,25258530.16841466,-0.031206017878832593,6029.89,sh000905,0.00015572321755312108
2022-04-12,0.9374023810079964,0.9541021388583931,0.9554507019224031,0.9287940015416599,1112102554270.2,23581538.157950062,0.016089845751746656,6126.91,sh000905,0.00015572321755312108
2022-04-13,0.9490831795566561,0.9412425155528564,0.9545303777066642,0.9405557761634471,1072692059827.35,22933375.570453078,-0.01347824596738001,6044.33,sh000905,0.00015572321755312108
2022-04-14,0.9458830674359394,0.9540367351070208,0.95870998886579,0.94378859015985,1021254945144.8999,22905244.811535977,0.013592904424477137,6126.49,sh000905,0.00015572321755312108
2022-04-15,0.9489959745548263,0.9453567229606099,0.9533826975932977,0.9418389354760849,1185609974550.0,25253653.22619576,-0.009098194888100708,6070.75,sh000905,0.00015572321755312108
2022-04-18,0.937380579757539,0.945864380649833,0.9490816223244806,0.9305163003277974,958022723548.6499,20485954.257862076,0.0005370011942511521,6074.01,sh000905,0.00015572321755312108
2022-04-19,0.9448475080392111,0.9487281306206349,0.9509907889716819,0.9424524849532442,911858470632.75,20123711.497200876,0.0030276538892757276,6092.4,sh000905,0.00015572321755312108
2022-04-20,0.9472347449643006,0.9276307491065381,0.9489430286608582,0.9253073587006455,970026213004.95,20979166.453481585,-0.022237541855426368,5956.92,sh000905,0.00015572321755312108
2022-04-21,0.9240288710845344,0.8969345884624669,0.9298529194210211,0.8942281189413936,1013686382033.25,21120080.48772512,-0.03309092618332965,5759.8,sh000905,0.00015572321755312108
2022-04-22,0.8920121775556127,0.894003877508117,0.9023132683967516,0.8825364197675053,899015581618.35,18724734.53395934,-0.0032674745650891346,5740.98,sh000905,0.00015572321755312108
2022-04-25,0.8808312505352986,0.8361900757593455,0.8808312505352986,0.8361900757593455,1199265484842.0,23461878.942639355,-0.06466840156210252,5369.72,sh000905,0.00015572321755312108
2022-04-26,0.8368955019348611,0.8150568779052113,0.8463089704359472,0.8136865135907438,1100025003924.45,21667924.51410463,-0.025273198602534186,5234.01,sh000905,0.00015572321755312108
2022-04-27,0.8064952154041407,0.8466733627650215,0.8471452041142075,0.803295103283424,1153928019363.5999,23072823.20525099,0.03879052581099374,5437.04,sh000905,0.00015572321755312108
2022-04-28,0.8407340792475454,0.8438267423481505,0.8522451394890721,0.8315012496788209,995611151863.7999,20714922.421496034,-0.0033621235083795,5418.76,sh000905,0.00015572321755312108
2022-04-29,0.8500790295329083,0.8763946960672101,0.8768665374163962,0.8477058076973987,1164177801156.45,24561165.063807588,0.038595545844436696,5627.9,sh000905,0.00015572321755312108
2022-05-05,0.8739965585168922,0.8855512212593337,0.8920791385391605,0.8731307374272967,1082967656653.2,23921268.912506912,0.010447946836297684,5686.7,sh000905,0.00015572321755312108
2022-05-06,0.8659736983485553,0.8664081661255286,0.876667211697928,0.8630461018585567,982469688232.6499,19945795.59334439,-0.021617106582024648,5563.77,sh000905,0.00015572321755312108
2022-05-09,0.8646500509993538,0.8733767801110308,0.8761906986522157,0.8623920643448335,844793294584.5,17838883.840757437,0.008043107461307653,5608.52,sh000905,0.00015572321755312108
2022-05-10,0.8615542734343978,0.8860791229668388,0.8873903124586361,0.8595096275879253,1061688909321.45,21978282.63078804,0.014543943856846209,5690.09,sh000905,0.00015572321755312108
2022-05-11,0.8872221313836788,0.8935117921406492,0.9119447494024121,0.8871084534348649,1189056011746.2,26917557.988367476,0.008388268023880041,5737.82,sh000905,0.00015572321755312108
2022-05-12,0.8887996075774919,0.8943340107293298,0.8999743056691037,0.8856259684037593,893997511658.85,19613790.38471421,0.0009202101146430497,5743.1,sh000905,0.00015572321755312108
2022-05-13,0.89779418062336,0.9026963475119324,0.9026963475119324,0.8925836817640326,876939079128.75,18186180.680666186,0.009350350855809486,5796.8,sh000905,0.00015572321755312108
2022-05-16,0.9094609640824399,0.9018056107075285,0.9118715594901623,0.898139886166328,972156088082.1,20625678.078375496,-0.0009867513110681791,5791.08,sh000905,0.00015572321755312108
2022-05-17,0.9016249717751669,0.9057391791829204,0.9057391791829204,0.8914282154897885,840140558715.1499,18571620.490060966,0.004361880685467945,5816.34,sh000905,0.00015572321755312108
2022-05-18,0.9056255012341065,0.902803796532044,0.9104887373182905,0.9009288889927044,817115437244.25,17802274.244158436,-0.003240869687810566,5797.49,sh000905,0.00015572321755312108
2022-05-19,0.8889927043672577,0.9091759905943176,0.9091759905943176,0.887639469606721,877349833549.35,19111918.842042156,0.0070582269223404825,5838.41,sh000905,0.00015572321755312108
2022-05-20,0.9116052727881464,0.923359261249056,0.9233670474099336,0.9109434491135456,1064242902272.85,23652925.46806506,0.01560013770872537,5929.49,sh000905,0.00015572321755312108
2022-05-23,0.9251734367335499,0.929002670653181,0.9294885270919468,0.9201155466274245,988137924568.0499,22326997.394127678,0.00611182411978084,5965.73,sh000905,0.00015572321755312108
2022-05-24,0.9284451815343409,0.8947357766306169,0.9292362554795107,0.8947357766306169,1140105090234.45,25205233.979428966,-0.03688567870151671,5745.68,sh000905,0.00015572321755312108
2022-05-25,0.8940428083125054,0.9100854141848279,0.9100900858813545,0.8932501771351601,922088807669.3999,19728184.849688165,0.01715549769566005,5844.25,sh000905,0.00015572321755312108
2022-05-26,0.9106740479471787,0.9205671439583286,0.9232377971393646,0.9002312489780665,1042557202137.2999,22216572.221781008,0.01151730333233525,5911.56,sh000905,0.00015572321755312108
2022-05-27,0.9220885597938225,0.9187545257060102,0.9269611392710596,0.9116987067186783,920908681783.95,20010839.561794866,-0.0019690234049896116,5899.92,sh000905,0.00015572321755312108
2022-05-30,0.9216073750515833,0.9254366089712146,0.9254630819181986,0.9136577047954965,859554844185.8999,19338268.663038317,0.007272979972609672,5942.83,sh000905,0.00015572321755312108
2022-05-31,0.925053529856034,0.9384254825473204,0.9395513614102295,0.9191220324994355,1001423689096.35,23019823.612934373,0.014035400642454787,6026.24,sh000905,0.00015572321755312108
2022-06-01,0.9357018834723163,0.9380206021816824,0.9409372980464523,0.929743913168734,997704616185.45,22288235.07976922,-0.0004314464740865498,6023.64,sh000905,0.00015572321755312108
2022-06-02,0.9344358537136095,0.9465526772714179,0.9474698870228057,0.93241456634977,1024713453185.3999,23364135.350883342,0.00909582910001272,6078.43,sh000905,0.00015572321755312108
2022-06-06,0.9467800331690455,0.9635280652168835,0.9646165705075799,0.9453504940319077,1173106790820.5999,28048768.116605546,0.017933907275398342,6187.44,sh000905,0.00015572321755312108
2022-06-07,0.9633941432497879,0.9633925860176124,0.9654403463284359,0.9555238918346531,1138633793894.7,26335206.055764485,-0.00014060742407195903,6186.57,sh000905,0.00015572321755312108
2022-06-08,0.9631418716373519,0.9682604937983229,0.9697398643650775,0.9514782026426232,1197180914505.5999,27511713.19271527,0.005052880675398441,6217.83,sh000905,0.00015572321755312108
2022-06-09,0.9666876893010363,0.9546907726207439,0.9669025873412597,0.9481145811434757,1105357163207.0999,24977850.853908263,-0.014014535617731694,6130.69,sh000905,0.00015572321755312108
2022-06-10,0.9473421939844121,0.9717284498532309,0.9733261700653258,0.9466071803975614,1236433096011.0,27825643.864115924,0.017846278314512798,6240.1,sh000905,0.00015572321755312108
2022-06-13,0.9637351770962292,0.9707193634034866,0.973376001494943,0.9612654068658367,1208120413616.7,30779065.472581036,-0.0010384448967164506,6233.62,sh000905,0.00015572321755312108
2022-06-14,0.959507291739662,0.9772519523798401,0.9777814113195208,0.9438680090008019,1267654028100.5999,30547633.324145664,0.006729637032735436,6275.57,sh000905,0.00015572321755312108
2022-06-15,0.9772208077363295,0.9749924084931444,0.9963732062631878,0.9749892940287933,1529256637140.5999,36081807.61019365,-0.0023121405704978892,6261.06,sh000905,0.00015572321755312108
2022-06-16,0.9751839480507347,0.975577927791144,0.9857824702374002,0.9720757126283743,1249749954168.5999,31283314.25350183,0.0006005372892128324,6264.82,sh000905,0.00015572321755312108
2022-06-17,0.9686887326465939,0.9835961162629543,0.9854725810344693,0.9626575724307617,1077932569321.2,29362443.239977267,0.008218911317484201,6316.31,sh000905,0.00015572321755312108
2022-06-20,0.9847017511075814,0.9857886991661022,0.9902439404202971,0.9775088956888028,1125118962689.25,31528206.150132757,0.002229149614252579,6330.39,sh000905,0.00015572321755312108
2022-06-21,0.9849244353086825,0.9774746365809411,0.9868304874915326,0.967864956825738,1056115019867.85,27845395.288749777,-0.008433919553139768,6277.0,sh000905,0.00015572321755312108
2022-06-22,0.9782330086504247,0.9623025234947404,0.9788216424127756,0.961878956342996,989539777184.7,25576114.400504544,-0.015521746057033714,6179.57,sh000905,0.00015572321755312108
2022-06-23,0.9634579897689847,0.9811294604969129,0.9811294604969129,0.9565983820357696,1080545635030.95,27956305.22124376,0.01956446807787615,6300.47,sh000905,0.00015572321755312108
2022-06-24,0.9821198601605506,0.99168905187919,0.9932805431625829,0.9816916213122796,1012775785641.6,28340936.88444559,0.010762689132715497,6368.28,sh000905,0.00015572321755312108
2022-06-27,0.9963732062631878,0.9978338900438362,1.004311975894046,0.9951149626653586,1084733494813.4999,31402043.49474045,0.006196335588259272,6407.74,sh000905,0.00015572321755312108
2022-06-28,0.9985657891663358,1.012411140438984,1.0132395879563665,0.9953999361534808,1095422472514.7999,30596400.19496547,0.014608894867769395,6501.35,sh000905,0.00015572321755312108
2022-06-29,1.0089571994736557,0.9926265056488598,1.012417369367686,0.9919600102777325,1224790432646.55,33632523.79808928,-0.01954209510332472,6374.3,sh000905,0.00015572321755312108
2022-06-30,0.9943254459523644,1.0050501039452477,1.011124866661995,0.9943254459523644,1052166649100.3999,30147854.81986717,0.012515884097077379,6454.08,sh000905,0.00015572321755312108
2022-07-01,1.004531545630796,1.0026301651444722,1.0092655314444108,1.0003441483107924,926031752142.6,26886819.092289366,-0.0024077792652089647,6438.54,sh000905,0.00015572321755312108
2022-07-04,1.0036470377550941,1.0158027921172907,1.015984988281828,0.9974663832504108,1013464597507.2,30176738.232697207,0.013138071674634322,6523.13,sh000905,0.00015572321755312108
2022-07-05,1.0177213021575453,1.0139964027936745,1.0197223455031028,1.0021941401353236,1198443443003.8499,32191870.856867008,-0.0017782874172368457,6511.53,sh000905,0.00015572321755312108
2022-07-06,1.010491073166554,0.9995172580255854,1.0117290727461012,0.990317130332547,1137303125268.3,29320050.327252343,-0.014279286127837798,6418.55,sh000905,0.00015572321755312108
2022-07-07,0.9988725639049154,1.004880365638115,1.0094632999307032,0.9935406009358966,1010453832591.2999,27548406.346655454,0.0053656978601084315,6452.99,sh000905,0.00015572321755312108
2022-07-08,1.008820163042209,0.9973200034259108,1.0106670404023887,0.9972764009249959,969583729211.7,26654012.39369944,-0.007523644078171521,6404.44,sh000905,0.00015572321755312108
2022-07-11,0.9946742659596833,0.9840368129686297,0.9946742659596833,0.977122702109271,976050131690.5499,26382703.620409086,-0.01331888502351486,6319.14,sh000905,0.00015572321755312108
2022-07-12,0.9838406017145127,0.9719433478934542,0.9882989574330586,0.9714886360981991,928012497241.7999,25343209.5133338,-0.01228964700892854,6241.48,sh000905,0.00015572321755312108
2022-07-13,0.9715073228843055,0.9761494319995639,0.9791315316157063,0.9666861320688609,916438314352.95,23193603.505500924,0.00432749924697351,6268.49,sh000905,0.00015572321755312108
2022-07-14,0.9759905943176599,0.981434678003317,0.9871948798206069,0.9739988943651555,901304585182.5,24298266.851541273,0.005414382092018943,6302.43,sh000905,0.00015572321755312108
2022-07-15,0.9778919748039835,0.9649856345331808,0.9847204378936878,0.9649856345331808,1017104774026.2,26342960.584413663,-0.016760202017317094,6196.8,sh000905,0.00015572321755312108
2022-07-18,0.967991092631956,0.9829810095536194,0.9834948961715447,0.9655649249024785,1021971074709.6,25522954.459508073,0.01864833462432225,6312.36,sh000905,0.00015572321755312108
2022-07-19,0.9839900960033637,0.9866171466834849,0.9884126353818723,0.978471265173281,940031822487.0,25384859.419401556,0.00369909194025686,6335.71,sh000905,0.00015572321755312108
2022-07-20,0.9893096011149783,0.9982963879999689,0.9992556430200962,0.9891258477182656,917862957405.45,24570369.414247118,0.011837663024349299,6410.71,sh000905,0.00015572321755312108
2022-07-21,0.9966394929652037,0.9884686957401915,0.9979460107604744,0.9884686957401915,951753928083.6,25409786.29772722,-0.009844463405769388,6347.6,sh000905,0.00015572321755312108
2022-07-22,0.9894528664751272,0.9794258484968816,0.9921624504605514,0.9711429305552313,838800219083.85,22391191.339842565,-0.009148339529901128,6289.53,sh000905,0.00015572321755312108
2022-07-25,0.9806046732537589,0.9703487421457102,0.9840430418973318,0.9675815405697914,831334151927.85,21756728.672459573,-0.009267783125289197,6231.24,sh000905,0.00015572321755312108
2022-07-26,0.9715898561896087,0.9822958273963858,0.9840539425225605,0.967639158160286,753108899512.6499,20114128.2455288,0.01231215616795378,6307.96,sh000905,0.00015572321755312108
2022-07-27,0.9813069849649233,0.9860752298864,0.9879407940326864,0.9789306486650629,773392233299.5499,20750068.695475463,0.003847519641849262,6332.23,sh000905,0.00015572321755312108
2022-07-28,0.9905974321241426,0.9885574579741967,0.9956522077659169,0.9872151238388889,889227895337.85,23773059.158097997,0.0025172806420488136,6348.17,sh000905,0.00015572321755312108
2022-07-29,0.9898577468407653,0.980139060833275,0.9912187677621795,0.9788325430380044,885711162196.7999,23819630.906823013,-0.008515839997983776,6294.11,sh000905,0.00015572321755312108
2022-08-01,0.9800253828844613,0.9884095209175213,0.988848660391021,0.9737466227527194,826331577409.7999,23568538.41254195,0.008438047635011214,6347.22,sh000905,0.00015572321755312108
2022-08-02,0.9792825831367328,0.9608122523027571,0.9792825831367328,0.9491423543793263,1174536089569.3499,30034863.714232326,-0.027920885048887567,6170.0,sh000905,0.00015572321755312108
2022-08-03,0.9610645239151931,0.9536972584927551,0.9751247732280645,0.9516588415749847,945352987904.85,27336407.588952996,-0.0074051863857373945,6124.31,sh000905,0.00015572321755312108
2022-08-04,0.959331324503827,0.9590572516409334,0.9619988632205119,0.9468127350447316,729797282548.6499,21459539.65127343,0.005620224972282539,6158.73,sh000905,0.00015572321755312108
2022-08-05,0.9616656155349481,0.9764639928990214,0.9770495121970212,0.9598016086208374,798111225499.2,23428670.499949392,0.01814984582860446,6270.51,sh000905,0.00015572321755312108
2022-08-08,0.975850443421862,0.9846488052136133,0.9848465736999059,0.9732109348843366,745765055621.1,23344417.16133704,0.008382093322552686,6323.07,sh000905,0.00015572321755312108
2022-08-09,0.983251967952162,0.9875156696487662,0.9880388996597449,0.9796345176084028,751118907237.45,23153243.423699517,0.002911560365455257,6341.48,sh000905,0.00015572321755312108
2022-08-10,0.9859475368480064,0.9844915247638848,0.9907562698060468,0.9808787461166523,763533722641.2,23889769.429912876,-0.0030623766060918767,6322.06,sh000905,0.00015572321755312108
2022-08-11,0.9887645698535423,1.0027578581828658,1.0027578581828658,0.9875530432209791,912120146448.6,26223649.79522397,0.018554078892006665,6439.36,sh000905,0.00015572321755312108
2022-08-12,1.0005388023327337,0.9998754214259576,1.0064500556710503,0.9991653235539153,901599127003.0499,24663983.83023055,-0.0028745092680017015,6420.85,sh000905,0.00015572321755312108
2022-08-15,0.9975193291443789,1.003295103283424,1.0063675223657471,0.995728512142518,858108919785.2999,23589251.558135368,0.0034201079296354298,6442.81,sh000905,0.00015572321755312108
2022-08-16,1.003910209992759,1.006780188892263,1.0110392188923407,1.00291669586477,872326536366.75,23506560.040145446,0.0034736396075623066,6465.19,sh000905,0.00015572321755312108
2022-08-17,1.008035318025741,1.0111887131811919,1.0124126976711594,1.001139893952489,938975711506.35,25746808.43367359,0.004378834960766964,6493.5,sh000905,0.00015572321755312108
2022-08-18,1.0092997905522725,1.0073439069398054,1.0096610684169955,1.0042200991956896,837715538182.35,23604689.311142776,-0.0038022638022637834,6468.81,sh000905,0.00015572321755312108
2022-08-19,1.0073454641719808,0.9953392040986352,1.008667554289007,0.9952161827567683,915668538324.1499,25192531.141311035,-0.011917184149789595,6391.72,sh000905,0.00015572321755312108
2022-08-22,0.9937227971004338,1.007946555791736,1.0079636853456666,0.9909010923983712,858802573575.0,24203978.408571005,0.012666387138360324,6472.68,sh000905,0.00015572321755312108
2022-08-23,1.0059984583401462,1.006968613985502,1.0084355266948526,1.0022470860292916,858422906362.0499,23796436.491073165,-0.000970231805063837,6466.4,sh000905,0.00015572321755312108
2022-08-24,1.007636666588805,0.9786550185699937,1.007946555791736,0.9776288025663187,1015287729628.7999,26772391.327088837,-0.028117654336261233,6284.58,sh000905,0.00015572321755312108
2022-08-25,0.9815452414877798,0.9845911876231187,0.985274812548177,0.969482921056115,911529887645.5499,23724202.391799614,0.006065640026859276,6322.7,sh000905,0.00015572321755312108
2022-08-26,0.9858961481862138,0.9808024417400513,0.9937445983508911,0.9789571216120468,837420643171.0499,22673956.922177322,-0.003848039603334019,6298.37,sh000905,0.00015572321755312108
2022-08-29,0.9675706399445625,0.9826757920472152,0.9827676687455716,0.9662828089353983,804432704180.85,20705956.92546308,0.0019100179887812097,6310.4,sh000905,0.00015572321755312108
2022-08-30,0.9825480990088218,0.9788652449136905,0.9840414846651562,0.9729804645223581,848359044180.0,21269177.75210421,-0.0038777256592290588,6285.93,sh000905,0.00015572321755312108
2022-08-31,0.97569783466866,0.9585931964526252,0.9779713936449355,0.9549305863757757,945751123783.2,23946578.019138385,-0.02070974382470059,6155.75,sh000905,0.00015572321755312108
2022-09-01,0.9582101173374444,0.9540803376079358,0.9666113849244353,0.9528049644561757,761447495519.1,19414147.092631955,-0.004707793526377735,6126.77,sh000905,0.00015572321755312108
2022-09-02,0.9554086566536638,0.9576090257176895,0.96177306455506,0.9526725997212554,684319176513.6,17786116.865322776,0.0036985230390564894,6149.43,sh000905,0.00015572321755312108
2022-09-05,0.957341181783498,0.962782151004804,0.9631169559225433,0.9534340862550902,754410587232.6,18649101.075113095,0.005402126701173904,6182.65,sh000905,0.00015572321755312108
2022-09-06,0.9652488067708456,0.97974352386069,0.979893018149541,0.9636074840578356,833825822766.0,21161535.985035002,0.017617041236362985,6291.57,sh000905,0.00015572321755312108
2022-09-07,0.9763830168258937,0.9812991988040458,0.9832550824165129,0.9742994401750329,771627339121.7999,20355889.25690438,0.0015878389654728764,6301.56,sh000905,0.00015572321755312108
2022-09-08,0.9810422554950831,0.9767863399593563,0.9825979304384387,0.9758426572609844,745966278023.85,18837874.29898858,-0.00459886123436104,6272.58,sh000905,0.00015572321755312108
2022-09-09,0.9773033410416326,0.9836988935865394,0.9844541511916719,0.9739334906137832,779519135986.2,19412197.431999564,0.0070768328183936635,6316.97,sh000905,0.00015572321755312108
2022-09-13,0.9864847819485646,0.9811216743360351,0.987872275816963,0.9797232798424081,758437411298.1,19288157.762755677,-0.002619926958652652,6300.42,sh000905,0.00015572321755312108
2022-09-14,0.9678057820030678,0.9732638807783047,0.9769498493377871,0.9665615534948184,700737897114.0,17852856.083545506,-0.00800898987686538,6249.96,sh000905,0.00015572321755312108
2022-09-15,0.9780118816814993,0.951126268170953,0.9783607016888183,0.9427172144230845,909584981775.0,23078547.57341182,-0.022745745572771647,6107.8,sh000905,0.00015572321755312108
2022-09-16,0.9485755218674329,0.9272538989200595,0.9503071640466236,0.9272538989200595,880871312289.75,20478861.34993343,-0.02509905366907894,5954.5,sh000905,0.00015572321755312108
2022-09-19,0.9262198967555068,0.9208147438742379,0.929301659230883,0.915728823588953,668014786969.7999,16290174.141536834,-0.006944327819296436,5913.15,sh000905,0.00015572321755312108
2022-09-20,0.9264503671174854,0.9278440899145859,0.9347737730956998,0.9250862317317201,570326001450.0,15073242.072691599,0.0076338330669778465,5958.29,sh000905,0.00015572321755312108
2022-09-21,0.9254770970077785,0.9310037139987387,0.9341368651359074,0.9151106024152672,664407309492.6,15572518.605467444,0.003405339451419742,5978.58,sh000905,0.00015572321755312108
2022-09-22,0.9247000381521884,0.9290275863679897,0.9366938403681297,0.9237080812563749,641314786383.2999,15928274.922286328,-0.002122577602039266,5965.89,sh000905,0.00015572321755312108
2022-09-23,0.9282754432272081,0.9171474621008621,0.9322868733113764,0.9094126898849985,646078591111.0499,16305251.20573373,-0.012787698063490893,5889.6,sh000905,0.00015572321755312108
2022-09-26,0.9096696331939611,0.904178832543038,0.9222427257792001,0.9029268178739109,662999144394.0,15972273.02028295,-0.014140179299103606,5806.32,sh000905,0.00015572321755312108
2022-09-27,0.9068619435814783,0.9218892340753545,0.9218892340753545,0.9044793783529156,625584440976.2999,16187987.051240727,0.019587277311619244,5920.05,sh000905,0.00015572321755312108
2022-09-28,0.9203320018998233,0.8984482181370833,0.9203320018998233,0.8984482181370833,601675552767.45,15424802.521330189,-0.025427150108529473,5769.52,sh000905,0.00015572321755312108
2022-09-29,0.9068183410805635,0.8988157249305085,0.9119400777058856,0.8940101064368193,612534209726.7,15192023.056737756,0.0004090461598191819,5771.88,sh000905,0.00015572321755312108
2022-09-30,0.8976119844588228,0.8898118084915871,0.9038486993218254,0.8898118084915871,549341128087.19995,13570200.628296467,-0.010017533282050128,5714.06,sh000905,0.00015572321755312108
2022-10-10,0.8922551057749956,0.8776108943963,0.8966605155995734,0.8749776147874768,625914019319.25,15155129.358186759,-0.013711791615768854,5635.71,sh000905,0.00015572321755312108
2022-10-11,0.8786651405791346,0.8852101874128924,0.8881315549741889,0.8731385235881743,555931673903.85,13817803.548714118,0.008659068688772198,5684.51,sh000905,0.00015572321755312108
2022-10-12,0.8845639360600469,0.9063792016070636,0.9063792016070636,0.8711623959574254,681348347839.0499,17256681.422811896,0.023914110451032755,5820.45,sh000905,0.00015572321755312108
2022-10-13,0.901584483738603,0.9079193042286641,0.9151043734865649,0.9001082276361995,678911402302.2,17896047.397444583,0.001699181334776645,5830.34,sh000905,0.00015572321755312108
2022-10-14,0.9136063161337039,0.9302032966605156,0.9337226413772162,0.9136063161337039,759117663104.25,21561905.318072457,0.024544023161599426,5973.44,sh000905,0.00015572321755312108
2022-10-17,0.9269237656988469,0.9367685875125553,0.9380034726277514,0.9258414893368527,715769111063.85,19801800.618361324,0.007057909680184382,6015.6,sh000905,0.00015572321755312108
2022-10-18,0.939174511223751,0.9398939524888464,0.9459204410081522,0.9337771445033598,679090739721.75,19797177.038736153,0.0033363255535607816,6035.67,sh000905,0.00015572321755312108
2022-10-19,0.9377340714613847,0.9300911759438775,0.9401695825839154,0.9297361270078562,602871341057.25,17486262.666619953,-0.010429662324149547,5972.72,sh000905,0.00015572321755312108
2022-10-20,0.925537829062624,0.9263756199730598,0.93987526570274,0.916649147804692,663923123504.25,18961938.290579524,-0.003994829826276858,5948.86,sh000905,0.00015572321755312108
2022-10-21,0.9279873552747347,0.927624520177836,0.9333862792273014,0.9232704990150508,621784577286.75,17481657.011001848,0.0013481574621021508,5956.88,sh000905,0.00015572321755312108
2022-10-24,0.9294402528945054,0.9182842415889997,0.9438711234651531,0.9122048071757258,767394116803.6499,21385308.73046647,-0.010069029424799592,5896.9,sh000905,0.00015572321755312108
2022-10-25,0.9131640621958532,0.914061027928959,0.9229045494538008,0.9009226600640022,687411008339.1,19256104.746319093,-0.004599026607200352,5869.78,sh000905,0.00015572321755312108
2022-10-26,0.9142634681117782,0.929916765940218,0.9369741421597254,0.9142634681117782,748315381810.35,22384053.51736703,0.017346476358568896,5971.6,sh000905,0.00015572321755312108
2022-10-27,0.9309569970334727,0.928577546269261,0.9375923633334113,0.9285728745727345,751899561541.35,23042327.501825858,-0.0014401500435394787,5963.0,sh000905,0.00015572321755312108
2022-10-28,0.9223205873879766,0.9003604992486356,0.9241861515342631,0.8969735192668552,845579317387.7999,22949462.86770534,-0.03038738889820558,5781.8,sh000905,0.00015572321755312108
2022-10-31,0.8946423427000849,0.9043018538849049,0.9124757655742683,0.8944056434094042,815652707385.6,23367704.338604566,0.004377529489086429,5807.11,sh000905,0.00015572321755312108
2022-11-01,0.9054074887295321,0.9251749939657253,0.925329159951103,0.9011500159616298,877305119600.3999,25721759.176660202,0.023082049418729822,5941.15,sh000905,0.00015572321755312108
2022-11-02,0.922761284093652,0.9339967142401097,0.9388194622877299,0.9212678984373176,913995281091.8999,28523230.826080523,0.009535190998375853,5997.8,sh000905,0.00015572321755312108
2022-11-03,0.9256982239767039,0.9338285331651524,0.937207726986055,0.9246237337755873,683179474914.8999,22605207.642864373,-0.00018006602420883588,5996.72,sh000905,0.00015572321755312108
2022-11-04,0.9337646866459556,0.9551221259333661,0.9588548114581145,0.9337646866459556,890728519353.1499,27167023.434615716,0.022802465347723455,6133.46,sh000905,0.00015572321755312108
2022-11-07,0.9550878668255044,0.9563601255129134,0.9602189468438797,0.950006618236746,886781118254.85,26051677.180600002,0.001296168883468729,6141.41,sh000905,0.00015572321755312108
2022-11-08,0.9561234262222327,0.9552467045074087,0.9562993934580678,0.9492015292019964,695256190446.1499,20924943.93830246,-0.0011642277587718963,6134.26,sh000905,0.00015572321755312108
2022-11-09,0.9562246463136422,0.9531553416956702,0.9627338768073627,0.9528283229388086,672746502712.5,19782683.912234396,-0.0021893431318529277,6120.83,sh000905,0.00015572321755312108
2022-11-10,0.9476193813116567,0.9483076779332414,0.9528750399040745,0.9439645573956851,747492440941.2,20110518.555729445,-0.005085911551211186,6089.7,sh000905,0.00015572321755312108
2022-11-11,0.9691013991731097,0.9559256577359402,0.9731688896155973,0.955312108258781,1133370628819.65,30860778.522357963,0.008033236448429237,6138.62,sh000905,0.00015572321755312108
2022-11-14,0.9561701431874985,0.9545070192240313,0.9638301682589366,0.9506793425365756,1024167927596.25,27105917.405448757,-0.0014840469030498182,6129.51,sh000905,0.00015572321755312108
2022-11-15,0.9538218370667975,0.9711491594839333,0.9711491594839333,0.951876854079559,962354665892.25,26703697.430909503,0.017435325172811433,6236.38,sh000905,0.00015572321755312108
2022-11-16,0.9714917505625502,0.9660943838421591,0.9753194272500059,0.9639282738859951,833339935040.3999,23647339.85497497,-0.005204942610937735,6203.92,sh000905,0.00015572321755312108
2022-11-17,0.9627883799335062,0.96816394540344,0.96816394540344,0.9574813326792958,792625518143.3999,23776405.232019812,0.002142193967684891,6217.21,sh000905,0.00015572321755312108
2022-11-18,0.9675223657471211,0.9641836599627821,0.9734429624784907,0.9626108554654957,842399065863.45,25630674.114503283,-0.004111168836182233,6191.65,sh000905,0.00015572321755312108
2022-11-21,0.9573427390156737,0.9638815569207292,0.9649622760505477,0.9524499155201546,724711374278.5499,22079916.535610005,-0.0003133252041054302,6189.71,sh000905,0.00015572321755312108
2022-11-22,0.9620829537579906,0.9538669967998878,0.9648922006026489,0.9499287566279695,745463816019.6,21425491.61910101,-0.010389824402112557,6125.4,sh000905,0.00015572321755312108
2022-11-23,0.9521337973885218,0.9523409092678674,0.9561576853300943,0.9413499645729682,739732448443.0499,20039521.64968505,-0.0015998955170273277,6115.6,sh000905,0.00015572321755312108
2022-11-24,0.9540538646609518,0.9530369920503298,0.9576915590229926,0.9498726962696504,643453818733.35,18294431.952893727,0.0007309176532146466,6120.07,sh000905,0.00015572321755312108
2022-11-25,0.9491532550045549,0.9480211472129437,0.9510125902221391,0.94399414480702,691883629769.25,17138867.697943676,-0.00526301169757859,6087.86,sh000905,0.00015572321755312108
2022-11-28,0.9343159468360936,0.9429476847850631,0.9435300896187119,0.9296816238817127,757370088116.5499,19574083.59105526,-0.005351634236004155,6055.28,sh000905,0.00015572321755312108
2022-11-29,0.9454657292128971,0.9598498828182788,0.9614117866903367,0.9454299128728598,997439389197.1499,24839738.82544206,0.017924852360254206,6163.82,sh000905,0.00015572321755312108
2022-11-30,0.9587520341345294,0.9586554857396463,0.961696760178459,0.9528547958857926,993095149393.7999,23845207.497777052,-0.0012443582064369796,6156.15,sh000905,0.00015572321755312108
2022-12-01,0.9672420639555255,0.9633193961053624,0.9701291724089603,0.9633193961053624,979451409986.25,26703292.746661685,0.004865053645541462,6186.1,sh000905,0.00015572321755312108
2022-12-02,0.9620455801857779,0.9605023630998265,0.966572454120047,0.9583533826975934,741706836108.75,20764097.167410247,-0.002924298022986993,6168.01,sh000905,0.00015572321755312108
2022-12-05,0.9657922808001059,0.9678384838787539,0.9697211775789712,0.9628335396665966,1094744982018.1499,27671819.123636447,0.00763779565856737,6215.12,sh000905,0.00015572321755312108
2022-12-06,0.9658763713375847,0.9672358350268234,0.9724354332609222,0.9632244049426549,959219937444.75,25572213.839698523,-0.0006226750247783075,6211.25,sh000905,0.00015572321755312108
2022-12-07,0.9651802885551222,0.9661083989317388,0.9723201980799328,0.9628880427927402,885039804375.8999,24174291.299992993,-0.001165626886697524,6204.01,sh000905,0.00015572321755312108
2022-12-08,0.9653531413266061,0.9633474262845219,0.9664400893851269,0.9606222699773422,841565741186.25,23257013.600819107,-0.002857829049276228,6186.28,sh000905,0.00015572321755312108
2022-12-09,0.9632711219079209,0.9642848800541918,0.967589326730669,0.9591771585184493,1077596697761.2499,28067444.745057736,0.0009731211649004479,6192.3,sh000905,0.00015572321755312108
2022-12-12,0.9625625812680542,0.9584468166281253,0.9626933887707988,0.9571138258858705,861132412411.5,25292605.046351016,-0.006054293235146835,6154.81,sh000905,0.00015572321755312108
2022-12-13,0.9582801927853434,0.9532845919662393,0.9583673977871732,0.951999875421426,673358261199.75,20480034.072613735,-0.005386031412830006,6121.66,sh000905,0.00015572321755312108
2022-12-14,0.9534044988437552,0.9493494662586719,0.9561000677395997,0.947432513450593,610634159081.4,19519298.17082837,-0.004127965290460334,6096.39,sh000905,0.00015572321755312108
2022-12-15,0.9483730816846138,0.9502043867230385,0.9513069071033147,0.94648571628787,566328228929.1,17610484.475236114,0.0009005329383453553,6101.88,sh000905,0.00015572321755312108
2022-12-16,0.9455451480538491,0.9456852989496469,0.9479588579259225,0.9399531273115166,603061466848.7999,17660901.164653946,-0.004755911292913084,6072.86,sh000905,0.00015572321755312108
2022-12-19,0.9435098456004299,0.9244477665397522,0.9470214041562527,0.9206169753879455,674955235651.6499,18855463.123418435,-0.022457293598074024,5936.48,sh000905,0.00015572321755312108
2022-12-20,0.9217303963934503,0.9153457444737724,0.9220356138998544,0.9122048071757258,504891141060.44995,15006995.231474778,-0.009845901948629443,5878.03,sh000905,0.00015572321755312108
2022-12-21,0.9155388412635383,0.9103330141007374,0.9176629059509628,0.9062577374973723,448124769681.14996,13276615.466289818,-0.005476324550912404,5845.84,sh000905,0.00015572321755312108
2022-12-22,0.9137402381007997,0.89993381763254,0.9149470930368364,0.8972740650767326,528064307250.44995,15174728.493829468,-0.01142350799885039,5779.06,sh000905,0.00015572321755312108
2022-12-23,0.8957121612046748,0.8974874058847805,0.9040526967368201,0.8926786729267401,427404892127.25,12755474.480530705,-0.00271843517803938,5763.35,sh000905,0.00015572321755312108
2022-12-26,0.8983781426891843,0.9099312481994504,0.9111225308137317,0.8983781426891843,484347383679.44995,14582871.575825527,0.01386519992712576,5843.26,sh000905,0.00015572321755312108
2022-12-27,0.9121876776217951,0.9165339126237027,0.91741997773158,0.9082198500385417,525165253357.94995,15770415.904635102,0.007256223409535023,5885.66,sh000905,0.00015572321755312108
2022-12-28,0.9140111964993421,0.9128650736181512,0.9171038595999471,0.9107067498228648,578583588341.7,15989540.570289567,-0.004002949541767498,5862.1,sh000905,0.00015572321755312108
2022-12-29,0.9100371399873864,0.9121331744956515,0.9181409762288508,0.908696363084254,510590490290.1,14704896.508903475,-0.0008017604612682305,5857.4,sh000905,0.00015572321755312108
2022-12-30,0.9149175056255012,0.913234137643752,0.91656972896374,0.9108173133073276,483839424742.8,13410562.647543857,0.0012070201796019475,5864.47,sh000905,0.00015572321755312108
2023-01-03,0.9127794258484969,0.9274719114246338,0.9288609625252077,0.910692734733285,639325583971.0499,18573300.906184547,0.015590496668923093,5955.9,sh000905,0.00015572321755312108
2023-01-04,0.9269440097171289,0.9269346663240756,0.9297579282583137,0.9223268163166788,623930345947.65,17808309.615192357,-0.0005792575429406366,5952.45,sh000905,0.00015572321755312108
2023-01-05,0.9280231716147719,0.9359681701743322,0.9370395459110977,0.9265671595306503,620523904645.35,18294360.662898164,0.009745566951423479,6010.46,sh000905,0.00015572321755312108
2023-01-06,0.9349886711359231,0.9363356769677575,0.9422640598600049,0.9341571091541894,637315864387.0499,18935382.61650822,0.0003926488155647778,6012.82,sh000905,0.00015572321755312108
2023-01-09,0.9387618446972351,0.9405713484852025,0.9452648462622535,0.9380206021816824,646639791947.85,19453150.76045876,0.00452366776321278,6040.02,sh000905,0.00015572321755312108
2023-01-10,0.9412907897502979,0.9418607367265424,0.9426829553152227,0.9370099584997625,619004362449.15,17747316.71800861,0.0013708563878926938,6048.3,sh000905,0.00015572321755312108
2023-01-11,0.9419759719075316,0.9365443460792787,0.9453100059953439,0.9349964572968008,606244787921.85,17577974.202502474,-0.0056445612816825586,6014.16,sh000905,0.00015572321755312108
2023-01-12,0.9378524211067251,0.9367203133151137,0.9418436071726114,0.9337023973589342,596572081284.6,16335832.222855497,0.00018788991313845038,6015.29,sh000905,0.00015572321755312108
2023-01-13,0.9391558244376447,0.943322977739366,0.9434055110446693,0.9367094126898851,578109169683.0,15953823.793495443,0.007048704218749258,6057.69,sh000905,0.00015572321755312108
2023-01-16,0.9450701922403121,0.9539884609095794,0.9606160410486402,0.9449502853627962,832372539154.5,22817616.929496314,0.01130629002144401,6126.18,sh000905,0.00015572321755312108
2023-01-17,0.9545412783318928,0.9549944328949725,0.9558555822880413,0.9511200392422509,615975578383.35,17001893.080610126,0.0010544907266845094,6132.64,sh000905,0.00015572321755312108
2023-01-18,0.956092281578722,0.9579251438493223,0.9605584234581456,0.9556687144269775,607204484249.4,16047673.946976246,0.0030688251715411674,6151.46,sh000905,0.00015572321755312108
2023-01-19,0.957015720258812,0.9661582303613557,0.9661582303613557,0.9546487273520046,640738064418.45,17826012.942841794,0.008594707597870954,6204.33,sh000905,0.00015572321755312108
2023-01-20,0.967668745571621,0.9734927939081078,0.9737793246284056,0.967668745571621,731455102134.2999,19988973.341804676,0.007591472407173727,6251.43,sh000905,0.00015572321755312108
2023-01-30,0.9860207267602564,0.9784603645480523,0.9876667211697928,0.9778561584639462,940886800968.0,27048766.887015022,0.005102832471930441,6283.33,sh000905,0.00015572321755312108
2023-01-31,0.9758083981531227,0.9793666736742115,0.9816651483652955,0.974754151970288,868862685513.45,22833758.302834943,0.0009262604383344364,6289.15,sh000905,0.00015572321755312108
2023-02-01,0.9811341321934395,0.9913199878535891,0.9917684707201421,0.980042512438392,978930582063.0,25919986.567922574,0.012205146959445967,6365.91,sh000905,0.00015572321755312108
2023-02-02,0.9940280146068379,0.9919786970638388,0.9969805268116451,0.9884889397584733,958706179758.1499,25883240.897822212,0.0006644768776185028,6370.14,sh000905,0.00015572321755312108
2023-02-03,0.9895758878169941,0.9878598179595587,0.9895758878169941,0.9759859226211332,780276595290.2999,21601049.509736598,-0.004152185038319489,6343.69,sh000905,0.00015572321755312108
2023-02-06,0.9833298295609385,0.9814191056815617,0.9858509884531235,0.9770915574657604,696654678118.2,19878390.04386723,-0.006519864621379656,6302.33,sh000905,0.00015572321755312108
2023-02-07,0.9824920386505027,0.9837409388552787,0.9839900960033637,0.9769451776412605,704215368286.95,19477558.73253759,0.0023657916992603223,6317.24,sh000905,0.00015572321755312108
2023-02-08,0.9840959877912999,0.9761167301238778,0.9847702693233049,0.9754128611805378,680662117476.75,18217478.359518193,-0.007750220032799127,6268.28,sh000905,0.00015572321755312108
2023-02-09,0.9742527232097671,0.9895525293343612,0.9895899029065739,0.9733401851549057,700159685326.35,20095186.46512968,0.013764541469111213,6354.56,sh000905,0.00015572321755312108
2023-02-10,0.9886867082447658,0.9863897907858573,0.9917217537548761,0.9805190254841046,771245488547.85,21021841.333535776,-0.003196130023164545,6334.25,sh000905,0.00015572321755312108
2023-02-13,0.9862293958717776,0.994110547912141,0.9945605880108696,0.9859413079193042,844872261614.5499,23572533.693801437,0.007827288155661583,6383.83,sh000905,0.00015572321755312108
2023-02-14,0.9957908014295391,0.9961941245630018,0.9979600258500542,0.9918899348298335,800615290121.85,22419022.986491013,0.002095920474072699,6397.21,sh000905,0.00015572321755312108
2023-02-15,0.9964526251041399,0.9941915239852687,0.9978354472760117,0.9912265539230573,744314327826.2999,22341971.98872564,-0.0020102513439451686,6384.35,sh000905,0.00015572321755312108
2023-02-16,0.9941697227348112,0.9794180623360039,1.0011523518098933,0.9724105175461135,1081331471606.3999,29710645.15730381,-0.014859774291823058,6289.48,sh000905,0.00015572321755312108
2023-02-17,0.9787079644639618,0.971309554398013,0.982390818559093,0.971309554398013,752687921825.25,22334205.098019984,-0.008278903820347572,6237.41,sh000905,0.00015572321755312108
2023-02-20,0.9729991513084644,0.9882304392173351,0.9887505547639626,0.9697429788294287,901176312723.75,24493590.452422664,0.01742069224245313,6346.07,sh000905,0.00015572321755312108
2023-02-21,0.9888284163727391,0.9940467013929443,0.9961209346507518,0.9869114635646603,910748674658.1,23935561.08182477,0.005885532305820895,6383.42,sh000905,0.00015572321755312108
2023-02-22,0.9891585495939518,0.9927464125263756,0.9961847811699486,0.9880622581423778,700493033177.85,19985723.299307812,-0.0013080762349962916,6375.07,sh000905,0.00015572321755312108
2023-02-23,0.9930921180693436,0.990449495067467,0.9961084767933476,0.9855161835353843,745326585359.1,21177150.246603288,-0.0023137000848617584,6360.32,sh000905,0.00015572321755312108
2023-02-24,0.9915878317877804,0.9874160067895323,0.9923446466250886,0.9823363154329495,622625723533.65,18667776.285440657,-0.003062738981686408,6340.84,sh000905,0.00015572321755312108
2023-02-27,0.9839589513598531,0.9821790349832209,0.9887007233343457,0.9792343089392914,649117964477.7,19447881.798540875,-0.005303713703547208,6307.21,sh000905,0.00015572321755312108
2023-02-28,0.9847687120911293,0.9900165845226695,0.9900165845226695,0.9799942382409507,620351701678.95,18545830.855792515,0.007979756500893442,6357.54,sh000905,0.00015572321755312108
2023-03-01,0.9898546323764142,0.9969618400255387,0.9982668005886339,0.9872851992867877,795691489984.35,22475164.498361014,0.0070152920783825845,6402.14,sh000905,0.00015572321755312108
2023-03-02,0.9963576339414326,0.993861390764056,0.9982216408555433,0.9927370691333225,804949313080.0499,22984295.745501548,-0.003109897627980751,6382.23,sh000905,0.00015572321755312108
2023-03-03,0.9941463642521783,0.9951211915940608,0.9963903358171188,0.9883690328809575,791370592878.75,21843818.855652362,0.0012675820207044275,6390.32,sh000905,0.00015572321755312108
2023-03-06,0.9963327182266241,0.9958842353600711,0.9975349014661341,0.9907842999852063,814558265576.1,24156359.50747861,0.0007667847619525769,6395.22,sh000905,0.00015572321755312108
2023-03-07,0.9950417727531088,0.9786114160690789,0.9960897900072412,0.9785989582116746,885730921613.85,23250767.667032618,-0.017344203952326942,6284.3,sh000905,0.00015572321755312108
2023-03-08,0.9755171957362984,0.9812929698753436,0.981634003721785,0.9745657268770488,633806304229.0499,17824671.385531757,0.0027401619909934727,6301.52,sh000905,0.00015572321755312108
2023-03-09,0.9827754549064494,0.9788683593780415,0.9828221718717153,0.9745859708953306,595215764588.1,17420223.074054178,-0.0024708324340795285,6285.95,sh000905,0.00015572321755312108
2023-03-10,0.9735130379263898,0.966246992595361,0.9750344537618837,0.9658903864271644,693873988078.5,20110808.70470985,-0.0128938346630183,6204.9,sh000905,0.00015572321755312108
2023-03-13,0.9639236021894684,0.9724914936192413,0.9724914936192413,0.9621623725989427,693580274650.7999,20629292.837868772,0.006462634369611253,6245.0,sh000905,0.00015572321755312108
2023-03-14,0.9713593858276299,0.9638332827232876,0.9722454509355073,0.9542236029680845,778304911139.25,23355018.517359246,-0.008903122497998406,6189.4,sh000905,0.00015572321755312108
2023-03-15,0.9671860035972064,0.9693209689098597,0.9739693069538203,0.9671860035972064,725315914831.2,20159272.950145215,0.005693605195980389,6224.64,sh000905,0.00015572321755312108
2023-03-16,0.9641291568366387,0.9562698060467326,0.9670365093083554,0.9551797435238607,819612431630.25,22386616.658039603,-0.01346423246966899,6140.83,sh000905,0.00015572321755312108
2023-03-17,0.9614647325843046,0.9628646843101073,0.9707396074217686,0.9607873365879487,880461733031.1,24483191.6041983,0.006896461878931781,6183.18,sh000905,0.00015572321755312108
2023-03-20,0.9647598358677288,0.9593095232533696,0.9657907235679305,0.9581353701930191,934869528690.1499,26134433.419245835,-0.003692274848864141,6160.35,sh000905,0.00015572321755312108
2023-03-21,0.9611065691839326,0.9708844300140931,0.9709358186758855,0.961011578021225,790025616816.1499,22451354.29451932,0.012065872880599349,6234.68,sh000905,0.00015572321755312108
2023-03-22,0.9723918307600071,0.9763440860215054,0.97662127334875,0.9720492396813903,823681837656.8999,23337914.89685673,0.005623384038956125,6269.74,sh000905,0.00015572321755312108
2023-03-23,0.973827598825847,0.9819532363177689,0.9819532363177689,0.9726441023724433,829546486579.2,25558003.484229133,0.005745054818860229,6305.76,sh000905,0.00015572321755312108
2023-03-24,0.9829919101788482,0.9826290750819494,0.9834980106358958,0.977870173553526,905587434011.85,27944428.3642989,0.0006882596229478288,6310.1,sh000905,0.00015572321755312108
2023-03-27,0.9817539105993008,0.9828626599082791,0.9842735122593104,0.9756075152024792,928987117483.95,28685665.90670622,0.00023771414082185416,6311.6,sh000905,0.00015572321755312108
2023-03-28,0.9833267150965874,0.9779293483761962,0.9859708953306394,0.9768081412098137,893611795251.6,27241485.071562603,-0.005019329488560764,6279.92,sh000905,0.00015572321755312108
2023-03-29,0.9788683593780415,0.9749129896521923,0.9801686482446101,0.9717035341384224,844757037948.6,25938103.76214836,-0.003084434196613972,6260.55,sh000905,0.00015572321755312108
2023-03-30,0.9744598350891127,0.9789041757180788,0.9791003869721956,0.9676594021785679,791266716268.35,24161803.39442355,0.004093889514499516,6286.18,sh000905,0.00015572321755312108
2023-03-31,0.9786970638387331,0.9872571691076281,0.9877881852794842,0.9782750539191641,831538398927.75,25560248.390600547,0.008533004145601764,6339.82,sh000905,0.00015572321755312108
2023-04-03,0.988326987612218,0.9987791299743837,0.9997228126727555,0.988326987612218,1052643597889.2,33531962.56370248,0.011670678347334817,6413.81,sh000905,0.00015572321755312108
2023-04-04,0.9989364104241122,0.9980145289761977,1.0002585005411384,0.9931294916415563,1011356928495.75,34063038.86561865,-0.0007655356176751171,6408.9,sh000905,0.00015572321755312108
2023-04-06,0.9946400068518215,0.9992525285557451,1.0011009631481007,0.9938302461205454,925131462499.2,32235141.242453266,0.0012404624818613819,6416.85,sh000905,0.00015572321755312108
2023-04-07,0.9994720982924951,1.0066680681756248,1.0075432326582732,0.9992260556087611,821744034131.25,27677845.497652475,0.007421086670250876,6464.47,sh000905,0.00015572321755312108
2023-04-10,1.0082984902634058,0.9982668005886339,1.0084978159818738,0.995907593842704,932000951948.5499,31673769.659884922,-0.008345618434303148,6410.52,sh000905,0.00015572321755312108
2023-04-11,0.997505314054799,0.9998800931224842,0.9999750842851916,0.9936791945995189,914437238309.85,29400596.084074967,0.001616093546233266,6420.88,sh000905,0.00015572321755312108
2023-04-12,0.999073446855559,1.0033932089104824,1.0044692563437747,0.9977497995063574,959702466647.3999,29301627.554211147,0.003513537085259255,6443.44,sh000905,0.00015572321755312108
2023-04-13,1.002570990321802,0.9973527053015969,1.0046934977770512,0.9960088139341137,1003058987955.45,30526580.399305478,-0.006020076232571392,6404.65,sh000905,0.00015572321755312108
2023-04-14,0.9997913308884789,1.0014669127093505,1.0036190075759346,0.9952146255245926,933070034662.2,29703118.48995196,0.004125127836806186,6431.07,sh000905,0.00015572321755312108
2023-04-17,1.0001899823254148,1.0058536357478218,1.0058536357478218,0.9999595119634362,1084122725260.35,30638896.28181231,0.004380297524362309,6459.24,sh000905,0.00015572321755312108
2023-04-18,1.0042216564278652,1.004391394734998,1.0063223626326567,1.0000622892870212,921322736932.6499,28746218.53037771,-0.0014537313987402767,6449.85,sh000905,0.00015572321755312108
2023-04-19,1.0036158931115835,0.9992712153418515,1.0053724510055826,0.997405651195565,954897903707.1,29961703.637336202,-0.005097792971929582,6416.97,sh000905,0.00015572321755312108
2023-04-20,0.998000513886618,0.9984598973783997,0.9986654520255698,0.9929457382448438,966466634615.1,30552871.183963627,-0.0008119096707636109,6411.76,sh000905,0.00015572321755312108
2023-04-21,0.9984209665740115,0.9733542002444855,0.9984209665740115,0.9733542002444855,1042319183680.0499,32826783.18316944,-0.025144422124346533,6250.54,sh000905,0.00015572321755312108
2023-04-24,0.9734196039958578,0.9668511986794671,0.9749114324200168,0.9631029408329635,948444601394.25,29775053.944827262,-0.006681022759633559,6208.78,sh000905,0.00015572321755312108
2023-04-25,0.9663591133119993,0.9527380034726277,0.966792023856797,0.9409793433151917,1043256616147.0499,31276579.2017005,-0.014597070600021245,6118.15,sh000905,0.00015572321755312108
2023-04-26,0.9491532550045549,0.9564753606939027,0.9620845109901661,0.9488527091946775,977159067164.1,30786454.097513877,0.003922754427400532,6142.15,sh000905,0.00015572321755312108
2023-04-27,0.954215816807207,0.9589342302990664,0.9639656474582078,0.9532768058053616,919170039311.3999,27922567.650121074,0.0025707610527259117,6157.94,sh000905,0.00015572321755312108
2023-04-28,0.9579531740284819,0.9719059743212415,0.9725771413888955,0.9579531740284819,1078044010635.2999,31041198.49661691,0.01352725099627472,6241.24,sh000905,0.00015572321755312108
2023-05-04,0.9691013991731097,0.97519952037249,0.9755312108258782,0.9684084308549984,1300306872550.5,33495869.145951588,0.0033887496715396814,6262.39,sh000905,0.00015572321755312108
2023-05-05,0.9741577320470596,0.9655742682955316,0.9742402653523627,0.9612311477579749,1144729859818.05,29932783.23603747,-0.00987003364530159,6200.58,sh000905,0.00015572321755312108
2023-05-08,0.9659012870523932,0.9730489827380814,0.9747790676850965,0.9655073073119836,1301785682220.75,30858501.099577215,0.0077412113060391086,6248.58,sh000905,0.00015572321755312108
2023-05-09,0.9721271012901669,0.9626778164490435,0.9771476178240794,0.9620035349170385,1440950620760.5498,33548551.282302838,-0.010658421593386036,6181.98,sh000905,0.00015572321755312108
2023-05-10,0.9603653266683797,0.9614055577616346,0.9653531413266061,0.9556967446061371,1126702425989.55,28105750.32555496,-0.0013215830526788208,6173.81,sh000905,0.00015572321755312108
2023-05-11,0.9632524351218146,0.9583938707341572,0.9639874487086654,0.9578644117944765,937977960480.8999,23712786.216065966,-0.003132587494594108,6154.47,sh000905,0.00015572321755312108
2023-05-12,0.9559754891655571,0.94861133820747,0.9614211300833898,0.9480772075712629,901668140475.6,22161970.72845764,-0.010207215243554835,6091.65,sh000905,0.00015572321755312108
2023-05-15,0.9490831795566561,0.9591600289645186,0.9591600289645186,0.940071476956857,962243044771.95,24856574.964378316,0.011120139863583844,6159.39,sh000905,0.00015572321755312108
2023-05-16,0.9591257698566569,0.9515981095201389,0.9591257698566569,0.9492404600063846,782421002561.3999,22182379.084347483,-0.007883897593755296,6110.83,sh000905,0.00015572321755312108
2023-05-17,0.9495970661745813,0.953345324021085,0.9556765005878552,0.9484914313299542,688826950055.85,19556585.77572742,0.0018360844598852566,6122.05,sh000905,0.00015572321755312108
2023-05-18,0.9549757461088663,0.9542999073446856,0.9583191235897316,0.9501047238638045,789491207103.1499,22510977.404950444,0.0010012985846243883,6128.18,sh000905,0.00015572321755312108
2023-05-19,0.9525340060576333,0.952571379629846,0.9575638659845991,0.947582007739444,766134285398.3999,22972992.303909432,-0.001811304498236077,6117.08,sh000905,0.00015572321755312108
2023-05-22,0.9517553899698676,0.9522973067669525,0.9556515848730467,0.9477673183683321,723820659315.2999,19677718.088590942,-0.000287718977028284,6115.32,sh000905,0.00015572321755312108
2023-05-23,0.9521244539954685,0.9425038736150367,0.9526149821307608,0.9425038736150367,713472568482.6,18784656.071523674,-0.010284008032286018,6052.43,sh000905,0.00015572321755312108
2023-05-24,0.939429897300538,0.9352409427483591,0.9434319839916533,0.9324752984046156,688551236513.1,18206250.169753883,-0.007705995773598429,6005.79,sh000905,0.00015572321755312108
2023-05-25,0.9343735644265883,0.9325002141194241,0.938799218269448,0.9228469318633061,705885954112.7999,19740913.504239567,-0.002930505395626559,5988.19,sh000905,0.00015572321755312108
2023-05-26,0.931713811870781,0.9397865034687346,0.9413670941268989,0.9271573505251767,683145324580.2,19194913.27580918,0.007813713325729443,6034.98,sh000905,0.00015572321755312108
2023-05-29,0.9415866638636488,0.9382573014723631,0.9435145172969565,0.9362702732163852,803601537178.0499,22861465.610489517,-0.0016271802060652263,6025.16,sh000905,0.00015572321755312108
2023-05-30,0.9356567237392259,0.9438866957869084,0.9438866957869084,0.9281633225105698,817553213968.0499,23646435.862994716,0.00599984066813164,6061.31,sh000905,0.00015572321755312108
2023-05-31,0.941194241355415,0.9417828751177658,0.9441794554359082,0.935779745081093,754390436094.8999,22525943.873848625,-0.002228891114297138,6047.8,sh000905,0.00015572321755312108
2023-06-01,0.9388241339842565,0.9423528220940102,0.9490146613409326,0.935627136327891,810735335319.75,24122660.36309983,0.0006051787426832878,6051.46,sh000905,0.00015572321755312108
2023-06-02,0.9439801297174403,0.950724502269666,0.9522583759625641,0.9439801297174403,785411064077.7,22124148.765971363,0.008883806552468343,6105.22,sh000905,0.00015572321755312108
2023-06-05,0.9502433175274269,0.9494615869753101,0.9510203763830168,0.946110423333567,743292842382.45,20418226.880599223,-0.0013283714591776352,6097.11,sh000905,0.00015572321755312108
2023-06-06,0.9481457257869862,0.9317574143716958,0.948209572306183,0.9295570453076702,790154409428.5499,20810264.158806536,-0.0186465390980316,5983.42,sh000905,0.00015572321755312108
2023-06-07,0.9315845616002119,0.9323164607227116,0.9359012091907843,0.9295368012893883,601052903161.7999,17689183.240709163,0.0005999913093182041,5987.01,sh000905,0.00015572321755312108
2023-06-08,0.9299354527263243,0.9290680744045533,0.9332445710993281,0.9222536264044289,699841897132.7999,19370082.406126153,-0.0034842099812761873,5966.15,sh000905,0.00015572321755312108
2023-06-09,0.9294651686093138,0.9358311337428854,0.9370302025180445,0.9281275061705325,819103496602.7999,24722680.415235963,0.007279401288938558,6009.58,sh000905,0.00015572321755312108
2023-06-12,0.9342801304960563,0.9386543956771235,0.9414496274322021,0.9323569487592754,729579524397.1499,23545834.37141545,0.003016849763211482,6027.71,sh000905,0.00015572321755312108
2023-06-13,0.9369383258196881,0.941197355819766,0.9416676399367765,0.9365287737575235,633690335651.7,20933225.814097624,0.0027091548863498183,6044.04,sh000905,0.00015572321755312108
2023-06-14,0.9415710915418934,0.9412035847484681,0.9443507509752167,0.9397070846277826,704384501704.6499,23054224.39617544,6.618089887000522e-06,6044.08,sh000905,0.00015572321755312108
2023-06-15,0.9420429328910795,0.9494148700100442,0.9499474434140758,0.9415274890409786,760437241541.1,25803342.61180538,0.008724239255602173,6096.81,sh000905,0.00015572321755312108
2023-06-16,0.9491080952714646,0.9573878987487641,0.9584655034142316,0.9485381482952202,740734553347.2,25801803.15316157,0.008397834277269478,6148.01,sh000905,0.00015572321755312108
2023-06-19,0.9575187062515087,0.9547982216408556,0.9575187062515087,0.9540211627852656,730701630674.85,25660141.41862294,-0.002704940297754921,6131.38,sh000905,0.00015572321755312108
2023-06-20,0.9534527730411966,0.9539775602843505,0.9567650058785515,0.9499334283244961,684745882312.7999,25136804.918798126,-0.0008595128665978002,6126.11,sh000905,0.00015572321755312108
2023-06-21,0.9505734507486394,0.9329144378781156,0.9505734507486394,0.9329050944850623,683570296533.8999,24012671.543964557,-0.022079264002768384,5990.85,sh000905,0.00015572321755312108
2023-06-26,0.9261747370224164,0.9167472534317505,0.9297625999548402,0.9150202829490863,713328383175.1499,23078745.260501586,-0.01732976121919272,5887.03,sh000905,0.00015572321755312108
2023-06-27,0.9184072629308667,0.9262416980059642,0.9275155139255489,0.91642334913924,597464889705.75,18472687.78832543,0.010356665415328425,5948.0,sh000905,0.00015572321755312108
2023-06-28,0.9258741912125389,0.9253556328980871,0.9267291116769055,0.9120911292269122,603277426938.2999,20003415.73625159,-0.0009566240753193789,5942.31,sh000905,0.00015572321755312108
2023-06-29,0.9232377971393646,0.9250862317317201,0.9288671914539098,0.9225479432856042,567525243754.0499,19229326.706812114,-0.0002911325730230452,5940.58,sh000905,0.00015572321755312108
2023-06-30,0.9237298825068324,0.9341415368324341,0.9369009522474754,0.9231178902618485,606875901262.2,20768411.781535897,0.009788606499701924,5998.73,sh000905,0.00015572321755312108
2023-07-03,0.935782859545444,0.9409279546533992,0.9430847212165098,0.9340045004009874,726133885343.25,23835810.036610533,0.0072648710643754555,6042.31,sh000905,0.00015572321755312108
2023-07-04,0.940991801172596,0.9429445703207121,0.9436157373883659,0.9385889919257512,678021984512.25,22499612.858066075,0.0021432200598776596,6055.26,sh000905,0.00015572321755312108
2023-07-05,0.9421799693225262,0.9375814627081824,0.9435861499770309,0.9361877399110821,668680256137.6499,22143608.85710059,-0.005687617046997273,6020.82,sh000905,0.00015572321755312108
2023-07-06,0.9359993148178428,0.9325562744777434,0.940924840189048,0.9317667577647489,603410586272.7,20552269.67564411,-0.005359735052700376,5988.55,sh000905,0.00015572321755312108
2023-07-07,0.9302873871979943,0.9283610909968621,0.9334485685143227,0.9244088357353639,604395076590.9,18949600.183597673,-0.004498584799325411,5961.61,sh000905,0.00015572321755312108
2023-07-10,0.9313198321303715,0.9318913363387914,0.9348687642584071,0.9279126081303092,546922709010.6,17743133.30211083,0.003802664045450932,5984.28,sh000905,0.00015572321755312108
2023-07-11,0.9329409108250996,0.9388910949678042,0.9388910949678042,0.9300008564776966,542834256370.05,18362834.636939105,0.007511346394219576,6029.23,sh000905,0.00015572321755312108
2023-07-12,0.9391106647045542,0.9285448443935749,0.9395684909641604,0.9281773376001496,620923729417.65,20932219.33968684,-0.01101964927528054,5962.79,sh000905,0.00015572321755312108
2023-07-13,0.9321981110773712,0.9412004702841171,0.9419790863718828,0.9321981110773712,639958508216.7,21636475.095185816,0.013629525775685547,6044.06,sh000905,0.00015572321755312108
2023-07-14,0.9425848496881643,0.9390919779184479,0.9429866155894513,0.9384394976369003,609820414015.0499,21471206.92530736,-0.002240216013739138,6030.52,sh000905,0.00015572321755312108
2023-07-17,0.9363263335747044,0.9363154329494756,0.9371532238599114,0.932071975271153,567803654389.7999,19464088.02742286,-0.0029566272891891066,6012.69,sh000905,0.00015572321755312108
2023-07-18,0.9368277623352254,0.9346196071103222,0.9386388233553682,0.9318570772309298,563306560051.5,18890812.77976844,-0.0018111693767680626,6001.8,sh000905,0.00015572321755312108
2023-07-19,0.9340870337062905,0.9333130893150514,0.9370566754650285,0.9285759890370855,499546793486.1,16203711.286211489,-0.0013979139591456802,5993.41,sh000905,0.00015572321755312108
2023-07-20,0.9338472199512587,0.9227348111466679,0.9358077752602525,0.9219048063971098,585624734917.2,19260615.80079886,-0.01133411530330819,5925.48,sh000905,0.00015572321755312108
2023-07-21,0.9210016117353018,0.9227581696293009,0.9282738859950325,0.9195128977754938,526416730196.55,16672570.741771974,2.531440490916026e-05,5925.63,sh000905,0.00015572321755312108
2023-07-24,0.9208801476256102,0.921369118528727,0.9272134108834957,0.9182141661411009,487583047621.64996,15513661.241441064,-0.001505325172175831,5916.71,sh000905,0.00015572321755312108
2023-07-25,0.9307529996184782,0.9369289824266349,0.9369476692127413,0.9299370099584997,846992465686.7999,22693987.860082693,0.0168877636389142,6016.63,sh000905,0.00015572321755312108
2023-07-26,0.9366377800098107,0.9345791190737583,0.9367654730482041,0.9319084658927224,782318917591.35,18772027.069335762,-0.002508048525503459,6001.54,sh000905,0.00015572321755312108
2023-07-27,0.9341602236185406,0.9282941300133144,0.9370909345728902,0.927003184539799,789868247861.25,18261988.984964926,-0.006724940598579643,5961.18,sh000905,0.00015572321755312108
2023-07-28,0.9259162364812782,0.9410727772457235,0.9420880926241699,0.9237594699181676,1047832645407.1499,23225725.11792141,0.013765730945886512,6043.24,sh000905,0.00015572321755312108
2023-07-31,0.9435441047082915,0.9480803220356139,0.95516261396993,0.9435441047082915,1197965890579.95,27967227.034017738,0.007446336733275549,6088.24,sh000905,0.00015572321755312108
2023-08-01,0.9478716529240927,0.9497372170703792,0.9520886376554312,0.9463471226242477,1204628333190.0,25947905.082556665,0.0017476314994153697,6098.88,sh000905,0.00015572321755312108
2023-08-02,0.9480647497138587,0.9464016257503913,0.9516619560393357,0.9436624543536319,944974881152.85,21140777.423964247,-0.0035121202581457345,6077.46,sh000905,0.00015572321755312108
2023-08-03,0.9440938076662541,0.949707629659044,0.9501934860978098,0.9417641883316594,940636940988.1499,21610873.206979517,0.0034932356609505,6098.69,sh000905,0.00015572321755312108
2023-08-04,0.9539837892130527,0.9543590821673559,0.9599028287122469,0.9507899060210383,1264702233196.65,29096897.77058856,0.0048977731283277315,6128.56,sh000905,0.00015572321755312108
2023-08-07,0.9523782828400801,0.9484680728473212,0.9527021871325906,0.9456354675200299,933188636116.0499,24046207.523471385,-0.006172738783662202,6090.73,sh000905,0.00015572321755312108
2023-08-08,0.9463767100355829,0.9446326099989879,0.9480585207851566,0.9412285004632766,780524124211.2,20455389.428931817,-0.004043850244551783,6066.1,sh000905,0.00015572321755312108
2023-08-09,0.9420398184267283,0.937726285300507,0.9439972592713712,0.9362469147337523,634517932217.1,18109781.497574612,-0.007311122467483333,6021.75,sh000905,0.00015572321755312108
2023-08-10,0.9364182102730608,0.939277288547336,0.9406398667009258,0.9342707871030033,641154476312.7,16187475.394844005,0.0016540042346493422,6031.71,sh000905,0.00015572321755312108
2023-08-11,0.9390187880061979,0.9208458885177486,0.9390187880061979,0.9208458885177486,726108853751.5499,17969434.699228395,-0.01962295932662539,5913.35,sh000905,0.00015572321755312108
2023-08-14,0.9132356948759275,0.9213831336183069,0.9218503032709663,0.9084051606674298,665769097434.8999,18113893.18821487,0.000583425638597479,5916.8,sh000905,0.00015572321755312108
2023-08-15,0.9218456315744397,0.9156182601044903,0.9228811909711679,0.9080174098557225,593472074698.65,16759899.845351273,-0.006256760411033069,5879.78,sh000905,0.00015572321755312108
2023-08-16,0.9123200423567153,0.908367787095217,0.9174916104116544,0.908367787095217,673954896701.25,17754578.555355713,-0.007918663623468825,5833.22,sh000905,0.00015572321755312108
2023-08-17,0.9045821556765006,0.9147742402653524,0.9159873241300912,0.8998512843272368,729347786313.6,18819613.880638156,0.007052708452621292,5874.36,sh000905,0.00015572321755312108
2023-08-18,0.9148910326785172,0.899737606378423,0.9174277638924575,0.899737606378423,660992282444.25,17093170.539409652,-0.016437535322996855,5777.8,sh000905,0.00015572321755312108
2023-08-21,0.8976929605319506,0.8893010363380128,0.9035855270841607,0.8893010363380128,596158360061.7,15057187.346803393,-0.011599570770881695,5710.78,sh000905,0.00015572321755312108
2023-08-22,0.8928001370364315,0.8940163353655214,0.896120156034664,0.8792927051458738,681819928128.45,18692264.281625442,0.005302252932174012,5741.06,sh000905,0.00015572321755312108
2023-08-23,0.8926662150693359,0.8766438532152951,0.8926662150693359,0.8766438532152951,604834182596.25,15863731.153644314,-0.019431951590821228,5629.5,sh000905,0.00015572321755312108
2023-08-24,0.8798922395334532,0.880251960166001,0.8878278946999603,0.8750601480927799,694095412992.1499,18786586.45170634,0.004115818456346121,5652.67,sh000905,0.00015572321755312108
2023-08-25,0.875907282396269,0.869123979039655,0.8796212811349109,0.865855348703215,682246383483.2999,17866171.20465924,-0.012641813514675415,5581.21,sh000905,0.00015572321755312108
2023-08-28,0.9165681717315644,0.8789236411202729,0.916822000576176,0.8769848870617365,1192793354251.3499,28257074.486370325,0.011275332768342361,5644.14,sh000905,0.00015572321755312108
2023-08-29,0.8768789952738004,0.8985727967111257,0.901631200703869,0.876179798026987,1032934571526.75,25768498.55826774,0.022355930221433118,5770.32,sh000905,0.00015572321755312108
2023-08-30,0.9001237999579548,0.8993249398519072,0.9059556344553191,0.8959099296909674,873372552513.6,22592101.0029821,0.0008370419664767148,5775.15,sh000905,0.00015572321755312108
2023-08-31,0.8986709023381841,0.8937578348243831,0.8996784315557529,0.8920557800565276,747063513251.1,18881875.555488076,-0.00619031540306314,5739.4,sh000905,0.00015572321755312108
2023-09-01,0.8948494545794305,0.8955330795044888,0.8993296115484339,0.8927565345355166,669001736779.95,16671947.01994036,0.001986270341847618,5750.8,sh000905,0.00015572321755312108
2023-09-04,0.8988390834131414,0.9078320992268343,0.9078320992268343,0.8966589583673978,871089585300.45,21177431.685174372,0.01373374139250183,5829.78,sh000905,0.00015572321755312108
2023-09-05,0.9063044544626382,0.9014365466819276,0.9066299159873242,0.8999820918299815,684019118495.7,17903767.116348602,-0.00704486275639904,5788.71,sh000905,0.00015572321755312108
2023-09-06,0.898811053233982,0.9016966044552414,0.9033441560969533,0.8951982745867495,581034115668.2999,16586508.667492002,0.00028849260025110013,5790.38,sh000905,0.00015572321755312108
2023-09-07,0.9004025445173748,0.8880427927401836,0.9004025445173748,0.8879026418443858,596703044414.7,16461994.545918886,-0.015142356805598278,5702.7,sh000905,0.00015572321755312108
2023-09-08,0.8852335458955253,0.8889646741880981,0.8926631006049848,0.8850373346414083,510649787806.19995,14491466.106872845,0.0010381047573957414,5708.62,sh000905,0.00015572321755312108
2023-09-11,0.8912070885208632,0.8992595361005349,0.9035388101188947,0.8883542391752899,724600600816.0499,20621752.679529406,0.011580732296071483,5774.73,sh000905,0.00015572321755312108
2023-09-12,0.8992190480639712,0.8986677878738332,0.9022338495557995,0.8974796197239028,552526516931.5499,16355939.143039562,-0.0006580394234880771,5770.93,sh000905,0.00015572321755312108
2023-09-13,0.8977163190145835,0.8900204776031082,0.8985868118007054,0.8847414605280575,587404206240.45,15873364.718024185,-0.009622365892499207,5715.4,sh000905,0.00015572321755312108
2023-09-14,0.8899067996542945,0.8879493588096519,0.890925229497092,0.8843832971276853,579539733496.7999,15257724.345113795,-0.002327046225985785,5702.1,sh000905,0.00015572321755312108
2023-09-15,0.8901590712667306,0.8883480102465877,0.8940178925976968,0.8846480265975255,631736009220.6,17216428.207719203,0.0004489574016588449,5704.66,sh000905,0.00015572321755312108
2023-09-18,0.8854188565244137,0.8906885302064111,0.8929465168609314,0.8822623469046118,592755039681.2999,17012725.30511629,0.0026346881321586135,5719.69,sh000905,0.00015572321755312108
2023-09-19,0.8897230462575818,0.8857380891203974,0.8897401758115128,0.8830160472775689,546560129808.3,14722823.49319879,-0.005557993527621208,5687.9,sh000905,0.00015572321755312108
2023-09-20,0.8841839714092173,0.8799934596248629,0.886038634930275,0.8799934596248629,498539390720.69995,13093252.133081062,-0.006485697709171956,5651.01,sh000905,0.00015572321755312108
2023-09-21,0.87803601878022,0.8739062390507113,0.8824367569082713,0.8734842291311423,526135474769.85,13212657.492638187,-0.006917347518408223,5611.92,sh000905,0.00015572321755312108
2023-09-22,0.8731136078733659,0.8874385866560774,0.8876721714824072,0.8726433237563556,668615660760.2999,18729825.82722509,0.01548489643473161,5698.82,sh000905,0.00015572321755312108
2023-09-25,0.8868281516432692,0.8824305279795691,0.88748997531787,0.8812875195627292,599401428166.35,17779275.2560479,-0.005643273519781222,5666.66,sh000905,0.00015572321755312108
2023-09-26,0.881553806264745,0.8793145063963311,0.8848629246377488,0.8793145063963311,477190339164.75,15638415.000786403,-0.0035311806249184174,5646.65,sh000905,0.00015572321755312108
2023-09-27,0.8786511254895549,0.8836280395225528,0.8878574821112954,0.8785670349520763,520707453096.0,15906994.568934778,0.004905563475689156,5674.35,sh000905,0.00015572321755312108
2023-09-28,0.8856976010838337,0.886185014754775,0.8883417813178857,0.8841232393543715,510375647567.69995,15799203.05804583,0.0028937235101818004,5690.77,sh000905,0.00015572321755312108
2023-10-09,0.8844518153434088,0.8810944227729633,0.8846558127584032,0.8773991108204279,578140096349.4,16988668.39331013,-0.005744389599298572,5658.08,sh000905,0.00015572321755312108
2023-10-10,0.882274804762016,0.8767793324145664,0.884268061946696,0.8763183916906091,563348397101.25,16291956.24347325,-0.004897421033283389,5630.37,sh000905,0.00015572321755312108
2023-10-11,0.8781341244072786,0.8766890129483856,0.8836124672007973,0.8748327921951524,582089346882.9,17472476.88485047,-0.00010301276825497307,5629.79,sh000905,0.00015572321755312108
2023-10-12,0.8807097864256072,0.8832060296029838,0.8841683990874619,0.8786666978113102,645395000046.9,18678607.271230917,0.007433669817169086,5671.64,sh000905,0.00015572321755312108
2023-10-13,0.8791260813030919,0.8772480592994013,0.8792241869301504,0.8746739545132483,574042223148.2999,17266338.154944602,-0.006745844235529819,5633.38,sh000905,0.00015572321755312108
2023-10-16,0.8772356014419971,0.8690398885021763,0.8777058855590074,0.8657307701291724,577097952457.5,16768957.016623454,-0.009356727222378014,5580.67,sh000905,0.00015572321755312108
2023-10-17,0.8697359712846388,0.8713243481036805,0.8719596988312973,0.865286958959146,594110104156.0499,16360343.473795677,0.0026287166236311776,5595.34,sh000905,0.00015572321755312108
2023-10-18,0.8698730077160856,0.8603084876939728,0.8698730077160856,0.8595080703557497,635445141417.2999,17177920.117181722,-0.012642663359152428,5524.6,sh000905,0.00015572321755312108
2023-10-19,0.855973153317294,0.8508763324067802,0.8611291490504777,0.85081715758411,694041239952.75,18273682.821860425,-0.010963689678890942,5464.03,sh000905,0.00015572321755312108
2023-10-20,0.8476731058217125,0.8445913433463362,0.8523058715439179,0.8429328910793956,609646502889.75,16773497.71876387,-0.007386489459245249,5423.67,sh000905,0.00015572321755312108
2023-10-23,0.8409894653243326,0.8238272095178031,0.8410283961287208,0.8206348835579641,661963756077.8999,17476464.37867215,-0.024584829091740534,5290.33,sh000905,0.00015572321755312108
2023-10-24,0.8271503429803867,0.8334322175764797,0.835174760380899,0.8238536824647872,736856910632.85,19650836.775735207,0.011659008039196062,5352.01,sh000905,0.00015572321755312108
2023-10-25,0.838792210724658,0.837168017565579,0.8444885660227512,0.837168017565579,737984006532.6,20203747.804333776,0.004482428097107416,5376.0,sh000905,0.00015572321755312108
2023-10-26,0.8332998528415594,0.8407387509440721,0.8416824336424439,0.8311711164576082,658123082802.6,18202960.872221317,0.0042652529761906255,5398.93,sh000905,0.00015572321755312108
2023-10-27,0.8389230182274028,0.8552365824982676,0.8587060957853512,0.8379372902602913,722710497306.6,20676346.316009127,0.017244157638643065,5492.03,sh000905,0.00015572321755312108
2023-10-30,0.854082673456199,0.8637016966044554,0.8657868304874915,0.8538553175585715,790082474105.25,23836031.456728414,0.009897979435655069,5546.39,sh000905,0.00015572321755312108
2023-10-31,0.8638465191967797,0.8608753202058661,0.8649163377013696,0.857401135222256,678635958468.75,19858925.441109374,-0.0032723988035462392,5528.24,sh000905,0.00015572321755312108
2023-11-01,0.8619108796025945,0.8580302570211706,0.861918665763472,0.8559840539425226,559876596245.25,16450513.435409904,-0.0033048492829543807,5509.97,sh000905,0.00015572321755312108
2023-11-02,0.8587387976610373,0.850163120070387,0.861593204238786,0.8498983906005466,579249815264.25,15851967.329907425,-0.009168833950094157,5459.45,sh000905,0.00015572321755312108
2023-11-03,0.8505820155256049,0.8580909890760163,0.8623531335404452,0.8505820155256049,629261182370.4,17753994.04083063,0.00932511516727863,5510.36,sh000905,0.00015572321755312108
2023-11-06,0.8641532939353593,0.872837977778297,0.87349201529202,0.8641532939353593,894157263045.8999,24396362.15324722,0.017185810001524526,5605.06,sh000905,0.00015572321755312108
2023-11-07,0.8711888689044094,0.8737785460123179,0.8768930103633802,0.8687035263522616,774318196699.6499,21785497.00217234,0.0010775977420403038,5611.1,sh000905,0.00015572321755312108
2023-11-08,0.8725125162536109,0.8732989185022542,0.8773399359977577,0.8685291163486021,789828003380.7,21755857.300102003,-0.0005489119780435203,5608.02,sh000905,0.00015572321755312108
2023-11-09,0.8724377691091854,0.8708135759501064,0.8779799584219009,0.8692656871676283,683024674620.0,19160108.498345442,-0.0028459242299421206,5592.06,sh000905,0.00015572321755312108
2023-11-10,0.8685213301877244,0.8678610637452993,0.8697468719098674,0.8643915504582156,605715868719.6,17078463.941136625,-0.003390521560927451,5573.1,sh000905,0.00015572321755312108
2023-11-13,0.8703464062974471,0.8729173966192489,0.8729173966192489,0.8666137207726987,656028905677.7999,18349454.174332146,0.005826200857691255,5605.57,sh000905,0.00015572321755312108
2023-11-14,0.8725140734857864,0.8768073625937259,0.8781528111933848,0.8721714824071695,649056303794.3999,18075207.521602705,0.004456281876776158,5630.55,sh000905,0.00015572321755312108
2023-11-15,0.8841263538187227,0.8821128526157608,0.8852475609851052,0.8797925766742193,726211150636.0499,20534339.71340699,0.006050918649155079,5664.62,sh000905,0.00015572321755312108
2023-11-16,0.879378352915528,0.8735075876137752,0.8802099148972616,0.8735075876137752,607890579757.0499,16470077.777642818,-0.009755288086403024,5609.36,sh000905,0.00015572321755312108
2023-11-17,0.8718865089190473,0.8769428417929972,0.8770938933140238,0.8710362601512073,574238982504.2999,15797161.044809356,0.003932712466306443,5631.42,sh000905,0.00015572321755312108
2023-11-20,0.8775922076101937,0.8813575950106283,0.8828540951313136,0.8734935725241956,662104685608.7999,18668881.79570671,0.005034254237829883,5659.77,sh000905,0.00015572321755312108
2023-11-21,0.8828213932556275,0.8784471280745603,0.8870134622721575,0.8773866529630236,737598457088.25,19736455.745408114,-0.003302254331889909,5641.08,sh000905,0.00015572321755312108
2023-11-22,0.8756098510507424,0.8678299191017885,0.8781232237820499,0.8678299191017885,672464964733.2,17125161.291692946,-0.012086338077105907,5572.9,sh000905,0.00015572321755312108
2023-11-23,0.8668691068494857,0.8756300950690243,0.8763775665132794,0.8641034625057424,629594183452.7999,15751591.044295471,0.008988139029948439,5622.99,sh000905,0.00015572321755312108
2023-11-24,0.8750585908606043,0.8674437255222568,0.8750585908606043,0.8653087602096035,650179501752.6,15681500.04626537,-0.009349118529465628,5570.42,sh000905,0.00015572321755312108
2023-11-27,0.8662493284436243,0.8668348477416241,0.8688919514455009,0.8614063363777222,630725813037.45,16769953.534963757,-0.0007019219376636077,5566.51,sh000905,0.00015572321755312108
2023-11-28,0.8660671322790872,0.8707263709482765,0.8712277997087977,0.8610777603886852,573923872138.7999,15405850.617567137,0.004489347903803287,5591.5,sh000905,0.00015572321755312108
2023-11-29,0.8703012465643566,0.864782415734274,0.8710175733651009,0.8639274952699073,574796439519.15,15093330.281189414,-0.006826432978628283,5553.33,sh000905,0.00015572321755312108
2023-11-30,0.8640333870578435,0.8634930274929341,0.8658724782571458,0.8580286997889951,564087400583.25,14848283.78985152,-0.0014909972935157612,5545.05,sh000905,0.00015572321755312108
2023-12-01,0.8628981648018811,0.8668909080999432,0.8684263390250169,0.8597572275038348,599600428678.2,16733214.099444848,0.003935041162838937,5566.87,sh000905,0.00015572321755312108
2023-12-04,0.8686895112626818,0.8656762670030288,0.8706235936246915,0.8656762670030288,637711861855.95,18628917.534963757,-0.0014011464251905137,5559.07,sh000905,0.00015572321755312108
2023-12-05,0.8631535508786683,0.8503126143592379,0.8631535508786683,0.8503126143592379,586285394269.2,16167863.33289731,-0.017747572885392637,5460.41,sh000905,0.00015572321755312108
2023-12-06,0.8484517219094782,0.8536466484470502,0.8585161134599364,0.8476123737668668,567506877835.0499,15896931.303232035,0.00392095099085954,5481.82,sh000905,0.00015572321755312108
2023-12-07,0.8526266613720774,0.8535407566591142,0.8567081669041445,0.8476466328747285,571839500873.5499,16136347.172580257,-0.0001240463933509517,5481.14,sh000905,0.00015572321755312108
2023-12-08,0.8540920168492522,0.8561646928748842,0.859912950721388,0.8529785958437474,758549533307.1,21923964.66828619,0.003074177999467187,5497.99,sh000905,0.00015572321755312108
2023-12-11,0.8523743897596412,0.8665763472004859,0.8680199014272033,0.8454898663116177,761645648373.1499,21899558.185559787,0.012160807858872191,5564.85,sh000905,0.00015572321755312108
2023-12-12,0.8658896078110766,0.8667834590798316,0.8683142183083787,0.863510157046865,540910548366.14996,17229076.14694043,0.00023900015274436193,5566.18,sh000905,0.00015572321755312108
2023-12-13,0.8653617061035715,0.85764717790599,0.8655189865533003,0.85764717790599,487595203805.1,15021784.323701853,-0.01054044245784358,5507.51,sh000905,0.00015572321755312108
2023-12-14,0.8616150054892434,0.8548161298108742,0.8654115375331886,0.8545700871271402,475960477600.05,14015086.82444543,-0.0033009472520250105,5489.33,sh000905,0.00015572321755312108
2023-12-15,0.8563795909151075,0.8486588337888238,0.8590035271308777,0.8469053903591756,514537390499.69995,14736383.539993618,-0.007203064854909402,5449.79,sh000905,0.00015572321755312108
2023-12-18,0.8466655766041438,0.8386115717922965,0.8483925470868079,0.8369484478288292,501033142173.44995,13712025.49715416,-0.011838988291291819,5385.27,sh000905,0.00015572321755312108
2023-12-19,0.8379045883846051,0.8377706664175095,0.8419892083810236,0.8321895463004056,451594329381.3,12799110.456066588,-0.0010027352389018196,5379.87,sh000905,0.00015572321755312108
2023-12-20,0.8387252497411102,0.8267797217226103,0.8391083288562908,0.826667601005972,484109551450.05,13424768.291202417,-0.013119276116337342,5309.29,sh000905,0.00015572321755312108
2023-12-21,0.8232230034336969,0.8313688849439008,0.8335085219530807,0.818063893236162,523507793384.69995,15102199.960664315,0.005550648015083093,5338.76,sh000905,0.00015572321755312108
2023-12-22,0.8311539869036775,0.8271534574447377,0.835646601730085,0.8242772496165317,580433704236.6,16961129.86660749,-0.00507046580104753,5311.69,sh000905,0.00015572321755312108
2023-12-25,0.8255775384831001,0.8277265188853332,0.8315090358396986,0.8235375643331544,423307282213.8,12616407.29695639,0.0006928115157323056,5315.37,sh000905,0.00015572321755312108
2023-12-26,0.8273263102162217,0.8188362803952255,0.8275007202198812,0.8156844424719504,433666912751.55,12599622.354971075,-0.01074055051670908,5258.28,sh000905,0.00015572321755312108
2023-12-27,0.8193486097809753,0.8230797380735481,0.8243675690827125,0.8152826765706633,484179040124.69995,13120217.499458862,0.005182302958381735,5285.53,sh000905,0.00015572321755312108
2023-12-28,0.822326037700591,0.8382269354449402,0.8409427483590666,0.821502261879735,691606818124.35,19760685.30693825,0.01840307405312247,5382.8,sh000905,0.00015572321755312108
2023-12-29,0.837320626318781,0.8454571644359316,0.8466904923189523,0.8369640201505844,583931975133.9,17524096.30770908,0.00862562235267883,5429.23,sh000905,0.00015572321755312108
2024-01-02,0.845807541675426,0.8423785164249065,0.847053327415851,0.8423785164249065,596987067572.5499,16637456.524320073,-0.0036414003459053212,5409.46,sh000905,0.00015572321755312108
2024-01-03,0.840639088084838,0.8411233872914282,0.845346600951469,0.8368300981834887,556790633807.85,15554195.404311977,-0.0014899823642287036,5401.4,sh000905,0.00015572321755312108
2024-01-04,0.8401485599495457,0.8339476614265804,0.8401485599495457,0.8302990664393108,506325063397.19995,14172588.985120649,-0.008531121561076715,5355.32,sh000905,0.00015572321755312108
2024-01-05,0.8326629448817672,0.8225097910973037,0.8368067397008558,0.8191960010277733,574987374438.6,15741214.42253938,-0.013715333537491659,5281.87,sh000905,0.00015572321755312108
2024-01-08,0.8203857264098791,0.8047308713492638,0.8205025188230439,0.8047308713492638,538038940605.75,14449992.039351258,-0.021615450588522656,5167.7,sh000905,0.00015572321755312108
2024-01-09,0.8060405036088856,0.8067474870165767,0.8129468283073665,0.802441740051233,505643405249.69995,14164556.422648385,0.002505950422818648,5180.65,sh000905,0.00015572321755312108
2024-01-10,0.8047355430457904,0.8032328139964028,0.8116013797077075,0.7970583884204216,457054170330.89996,13116225.213831335,-0.004356596180015937,5158.08,sh000905,0.00015572321755312108
2024-01-11,0.8023420771919989,0.8134762872470471,0.8164786308814713,0.8014918284241589,546105432036.74994,16530322.76622052,0.012752807246106945,5223.86,sh000905,0.00015572321755312108
2024-01-12,0.8118069343548777,0.810723100760708,0.8195121191594061,0.8107199862963569,492025737741.14996,14524521.716396878,-0.003384470487340696,5206.18,sh000905,0.00015572321755312108
2024-01-15,0.8081303091884484,0.8087173857186238,0.8158277078320992,0.8052821315394019,474721099150.05,13707970.51376204,-0.002473982843466782,5193.3,sh000905,0.00015572321755312108
2024-01-16,0.8079496702560869,0.8082657883877197,0.8113304213091651,0.7979382245995967,533448847932.14996,14379109.31064446,-0.0005584117998190807,5190.4,sh000905,0.00015572321755312108
2024-01-17,0.8067910895174917,0.7881992945738245,0.8067910895174917,0.7881992945738245,505652594630.85,13692842.073999673,-0.024826602959309385,5061.54,sh000905,0.00015572321755312108
2024-01-18,0.7837705262666138,0.7890433144129625,0.789396806116808,0.7668870150195044,762577712340.75,19221916.442845687,0.001070820343215706,5066.96,sh000905,0.00015572321755312108
2024-01-19,0.7874113350930056,0.7814860666651096,0.791741997773158,0.7809161196888651,503890070041.94995,14332674.822576752,-0.009577734973238328,5018.43,sh000905,0.00015572321755312108
2024-01-22,0.7799677652939666,0.7445080314249454,0.7799817803835464,0.740250558657043,704509537651.7999,18005163.335747045,-0.04731758737294334,4780.97,sh000905,0.00015572321755312108
2024-01-23,0.7430333325547173,0.7577086885769234,0.7613962143685813,0.7362406858050502,641809998344.7,16788341.492030866,0.01773071155016659,4865.74,sh000905,0.00015572321755312108
2024-01-24,0.7608947856080602,0.7682916384418335,0.7694969361456946,0.7423014334322177,732233810678.25,17547401.445858933,0.013967043039702087,4933.7,sh000905,0.00015572321755312108
2024-01-25,0.7679692913814986,0.7900119128261429,0.7902159102411375,0.7647504924746755,849634165533.8999,20995048.317363918,0.02827087175953147,5073.18,sh000905,0.00015572321755312108
2024-01-26,0.7872260244641175,0.7828346297291195,0.7920285284934558,0.7801686482446101,751396213349.3999,18567333.78147361,-0.009085031479269423,5027.09,sh000905,0.00015572321755312108
2024-01-29,0.7836163602812362,0.7673900010122009,0.7864193781971923,0.7673900010122009,750540984424.0499,18349647.067482658,-0.019729107694511194,4927.91,sh000905,0.00015572321755312108
2024-01-30,0.7627883799335062,0.7498057352861025,0.7691714746210088,0.7490442487522678,640083171708.15,14867536.151238391,-0.02291437952397668,4814.99,sh000905,0.00015572321755312108
2024-01-31,0.7454174550154556,0.7314288383826586,0.7525168765037024,0.7304882701486378,777617878070.7,18156164.968987722,-0.02450887748468844,4696.98,sh000905,0.00015572321755312108
2024-02-01,0.7269019644483895,0.7285868896623142,0.7429632571068184,0.7209969400387751,715833590851.5,16741620.235858386,-0.003885475347989553,4678.73,sh000905,0.00015572321755312108
2024-02-02,0.7297345697756809,0.7105993008027532,0.7356442658818217,0.6907196748499218,882988639462.7999,19458095.316437367,-0.02468832354078976,4563.22,sh000905,0.00015572321755312108
2024-02-05,0.7050695693474419,0.694566038323484,0.716024697702304,0.6666884679171241,1065726354796.0499,22353603.421612825,-0.022563014713294582,4460.26,sh000905,0.00015572321755312108
2024-02-06,0.686941829592083,0.7483902112385445,0.7501374257394906,0.68600904751894,1111320056952.75,24368378.66112292,0.07749324030437665,4805.9,sh000905,0.00015572321755312108
2024-02-07,0.7496437831398473,0.7956786807129009,0.7958702202704913,0.749531662423209,1458992034521.0999,33109603.626451146,0.06318691608231553,5109.57,sh000905,0.00015572321755312108
2024-02-08,0.7991404078391069,0.8020103867386108,0.8358007677154626,0.7988258469396494,1372153275262.95,33053135.112284224,0.007957616785756905,5150.23,sh000905,0.00015572321755312108
2024-02-19,0.8136756129655152,0.8006664953711274,0.8136756129655152,0.7902579555098769,1046407180383.45,26909880.311072703,-0.0016756533203370338,5141.6,sh000905,0.00015572321755312108
2024-02-20,0.7953672342777947,0.8005668325118934,0.802242414332765,0.789965195860877,781170469705.35,20748904.97668045,-0.00012447487163536053,5140.96,sh000905,0.00015572321755312108
2024-02-21,0.7944079792576675,0.8002678439341914,0.8179953750204387,0.7902672989029299,968850396046.6499,24224499.8437629,-0.0003734711026734949,5139.04,sh000905,0.00015572321755312108
2024-02-22,0.7994129234698248,0.8060763199489228,0.8073657081902627,0.7969415960072568,748859468949.8999,19861954.153418515,0.00725816494909548,5176.34,sh000905,0.00015572321755312108
2024-02-23,0.8083047191921079,0.8094041251080331,0.8094041251080331,0.797080189670879,868624512936.6,22648765.843171146,0.004128399602808086,5197.71,sh000905,0.00015572321755312108
2024-02-26,0.8089416271519002,0.8090537478685386,0.8183815685999704,0.8039911860658865,924839251737.6,23763498.381553028,-0.00043288294268051253,5195.46,sh000905,0.00015572321755312108
2024-02-27,0.805839620658242,0.8265476941284562,0.8265476941284562,0.8036688390055516,892427944809.1499,24479938.447346088,0.021622724455582443,5307.8,sh000905,0.00015572321755312108
2024-02-28,0.827112969408174,0.8072769459562574,0.8383079115180678,0.8072769459562574,1300775749325.25,33345857.677388214,-0.023314744338520654,5184.05,sh000905,0.00015572321755312108
2024-02-29,0.802620821751419,0.8326193423808523,0.8330833975691607,0.802620821751419,1032538163072.25,27870718.571270626,0.03139244413151876,5346.79,sh000905,0.00015572321755312108
2024-03-01,0.8332531358762935,0.8376429733791161,0.8390024370683548,0.8286904456019871,913790488251.75,26644751.753988463,0.006033526658050903,5379.05,sh000905,0.00015572321755312108
2024-03-04,0.8388716295656101,0.83916438921461,0.8409240615729603,0.8293756277592208,924258252953.85,27392711.12081786,0.0018163058532638665,5388.82,sh000905,0.00015572321755312108
2024-03-05,0.8343992587574846,0.83340418739732,0.8382549656240997,0.8300000778616089,904274142370.35,27139858.915154207,-0.0068642114600226956,5351.83,sh000905,0.00015572321755312108
2024-03-06,0.8304454462638108,0.8331347862309532,0.8417602952512205,0.8243909275653454,777659015160.6,22866919.18662649,-0.0003232539150158642,5350.1,sh000905,0.00015572321755312108
2024-03-07,0.8337934954412028,0.8217981359930859,0.838516580629589,0.8217981359930859,897947937354.2999,24517403.33855006,-0.013607222294910404,5277.3,sh000905,0.00015572321755312108
2024-03-08,0.8225938816347823,0.8330569246221766,0.8349427327867449,0.820432443375145,780024840923.7,22424698.014669128,0.013700187595929725,5349.6,sh000905,0.00015572321755312108
2024-03-11,0.8319014583479325,0.8472978128674096,0.8476077020703402,0.8314467465526774,918178639297.7999,27031816.550341424,0.0170947360550322,5441.05,sh000905,0.00015572321755312108
2024-03-12,0.8480499560081911,0.8445991295072139,0.8523183294013221,0.8385913277740146,944448350804.3999,27850904.57715696,-0.003185047003795183,5423.72,sh000905,0.00015572321755312108
2024-03-13,0.8455833002421497,0.8432583526040816,0.850142876052105,0.8392749526990727,833185333816.6499,25620569.613899857,-0.0015874713296409881,5415.11,sh000905,0.00015572321755312108
2024-03-14,0.8432645815327836,0.8398044116387534,0.8483084565493293,0.8334493471304104,846934446079.0499,24501050.006727245,-0.00409594634273347,5392.93,sh000905,0.00015572321755312108
2024-03-15,0.8377940249001427,0.8493377870173553,0.8497395529186423,0.8342373066112293,875945360899.5,24716195.466461115,0.01135189961672034,5454.15,sh000905,0.00015572321755312108
2024-03-18,0.8521657206481201,0.8609080220815523,0.8609080220815523,0.8501786923921423,1026581909312.7,29711073.498446662,0.013622654309104032,5528.45,sh000905,0.00015572321755312108
2024-03-19,0.858743469357564,0.8530860448638591,0.8617162255806531,0.8529147493245506,942552063246.0,27510335.868133582,-0.009085729273123455,5478.22,sh000905,0.00015572321755312108
2024-03-20,0.8517452679607266,0.855451480538491,0.8563593468968256,0.849588501397616,810882692922.2999,24454187.073696014,0.0027727984637344605,5493.41,sh000905,0.00015572321755312108
2024-03-21,0.8573653188822188,0.8511566341983758,0.8591966239206436,0.8493502448747596,831535977965.7,24799294.23151371,-0.005020560999452028,5465.83,sh000905,0.00015572321755312108
2024-03-22,0.8493782750539192,0.8385025655400092,0.8508000280301792,0.8340706827684473,880382714627.85,25411843.334423397,-0.01486690950871139,5384.57,sh000905,0.00015572321755312108
2024-03-25,0.8361994191523985,0.8245155061393878,0.8411545319349389,0.8241869301503508,839812174799.1,24332012.13499646,-0.016680997739838,5294.75,sh000905,0.00015572321755312108
2024-03-26,0.8240125201466914,0.8229068853020641,0.8282731073789448,0.8156626412214929,747917451424.7999,22625994.35968949,-0.001950989187402552,5284.42,sh000905,0.00015572321755312108
2024-03-27,0.822332266629293,0.8030148014918285,0.8226390413678728,0.8030148014918285,707069528424.2999,20217344.079683572,-0.02417294613221499,5156.68,sh000905,0.00015572321755312108
2024-03-28,0.8029836568483177,0.8134685010861695,0.8216953586695009,0.8029836568483177,746954717656.7999,21896647.608060233,0.013018065887353991,5223.81,sh000905,0.00015572321755312108
2024-03-29,0.8129608433969463,0.8231778437006065,0.8233148801320533,0.811503274080649,700262624375.85,19710515.42471172,0.011935732731473747,5286.16,sh000905,0.00015572321755312108
2024-04-01,0.826863812260089,0.8410953571122688,0.8411825621140984,0.826863812260089,878063375189.1,25936185.46780033,0.021766272681871257,5401.22,sh000905,0.00015572321755312108
2024-04-02,0.8402015058435137,0.8379824499933818,0.8412417369367686,0.8336346577592987,848612326899.2999,24258549.60731276,-0.0037010156964538687,5381.23,sh000905,0.00015572321755312108
2024-04-03,0.8367787095216962,0.8369500050610047,0.8387781956350783,0.8331441296240063,858112586547.45,23999189.95365677,-0.001232060328214768,5374.6,sh000905,0.00015572321755312108
2024-04-08,0.8345144939384738,0.825113483294792,0.8383608574120359,0.8249530883807122,954183719902.35,25112075.337335423,-0.01414244781006968,5298.59,sh000905,0.00015572321755312108
2024-04-09,0.8244719036384731,0.8320135790645706,0.8320135790645706,0.8229909758395428,727577729129.25,20752102.22878855,0.008362602126225971,5342.9,sh000905,0.00015572321755312108
2024-04-10,0.8308970435947147,0.8215131625049638,0.8308970435947147,0.8164350283805564,757167876779.7,20594554.510694295,-0.012620487001441028,5275.47,sh000905,0.00015572321755312108
2024-04-11,0.8166203390094446,0.825614912055313,0.8337125193680753,0.8160690788193067,820334597545.95,22002275.561171975,0.004992920062098838,5301.81,sh000905,0.00015572321755312108
2024-04-12,0.826535236271052,0.8217856781356817,0.831009164311353,0.8207329891850226,761125635999.45,21200955.771647476,-0.004638038707535763,5277.22,sh000905,0.00015572321755312108
2024-04-15,0.8206675854336503,0.8315183792327518,0.8371758037264567,0.8127864333932868,1022439855159.6,26359159.36120779,0.01184335691898375,5339.72,sh000905,0.00015572321755312108
2024-04-16,0.8267501343112752,0.8084448700879058,0.8326146706843257,0.8073703798867892,1044057370215.45,26282730.971276857,-0.027748645996419352,5191.55,sh000905,0.00015572321755312108
2024-04-17,0.8115126174737023,0.8315230509292784,0.8315230509292784,0.8115126174737023,947800554850.7999,24239990.17845881,0.02854638788030539,5339.75,sh000905,0.00015572321755312108
2024-04-18,0.8281049263039874,0.8330942981943894,0.8425716132146722,0.8252131461540259,985708389615.2999,26058545.725631263,0.0018896015731073579,5349.84,sh000905,0.00015572321755312108
2024-04-19,0.8288150241760295,0.8276486572765567,0.8362258920993826,0.8240903817554679,912736188176.3999,24294433.2275817,-0.00653664408655219,5314.87,sh000905,0.00015572321755312108
2024-04-22,0.8236839441576542,0.8202845063184696,0.8316600873607252,0.8197566046109644,868636572795.2999,23388138.015572324,-0.008897677647807023,5267.58,sh000905,0.00015572321755312108
2024-04-23,0.8187568615542735,0.811048562285394,0.8222279320735326,0.8092873326948682,807850762248.0,21648465.442713324,-0.011259439818664285,5208.27,sh000905,0.00015572321755312108
2024-04-24,0.8113459936309205,0.8195775229107785,0.8195775229107785,0.8072224428301138,753241692813.0,21718887.638924576,0.010515967874169307,5263.04,sh000905,0.00015572321755312108
2024-04-25,0.81606440712278,0.8190013470058319,0.8248907990936909,0.8144043976236637,711736700162.85,19861656.005123295,-0.0007030157475527155,5259.34,sh000905,0.00015572321755312108
2024-04-26,0.8188518527169809,0.8365638114814729,0.8377395217739989,0.8188518527169809,1115939573626.65,30177424.679358114,0.02144375530009457,5372.12,sh000905,0.00015572321755312108
2024-04-29,0.8364221033534995,0.8531280901325984,0.8546526204324434,0.8364221033534995,1226124517590.75,33036501.5605958,0.019800376760012783,5478.49,sh000905,0.00015572321755312108
2024-04-30,0.8519881961801096,0.8473118279569893,0.8530580146846994,0.8466017300849471,1045427564097.6,27273938.8749309,-0.006817571995202942,5441.14,sh000905,0.00015572321755312108
2024-05-06,0.8562347683227831,0.8609313805641853,0.8620759462132007,0.8559965117999269,1064655795102.8999,29261458.326473728,0.01607383746788349,5528.6,sh000905,0.00015572321755312108
2024-05-07,0.8615106709334829,0.8606946812735045,0.8631940389152322,0.8576456206738144,876782564253.2999,25251414.334353324,-0.0002749339796694894,5527.08,sh000905,0.00015572321755312108
2024-05-08,0.8590393434709148,0.8500556710502754,0.8590393434709148,0.8494499077339936,795999613594.6499,21719183.82133875,-0.012360957322853916,5458.76,sh000905,0.00015572321755312108
2024-05-09,0.8504605514159134,0.8653181036026567,0.867180553284592,0.8504605514159134,842014646629.5,23981355.37631294,0.017954627058159867,5556.77,sh000905,0.00015572321755312108
2024-05-10,0.8661621234417946,0.8619902984435465,0.8674670840048897,0.8560883884982832,826389487849.5,22428343.173623603,-0.003845759317013475,5535.4,sh000905,0.00015572321755312108
2024-05-13,0.8569651102131073,0.8572968006664955,0.8607133680596109,0.8506396331160996,845266300480.2,22760492.858081646,-0.005444954294179127,5505.26,sh000905,0.00015572321755312108
2024-05-14,0.857796672194841,0.8565929317231553,0.8625104139901739,0.854135619350167,764140382338.35,20647662.58914765,-0.0008210329757359913,5500.74,sh000905,0.00015572321755312108
2024-05-15,0.8557862854562303,0.8481714201178825,0.8560229847469109,0.8473445298326755,707184135611.85,18924387.588548116,-0.009831404501939756,5446.66,sh000905,0.00015572321755312108
2024-05-16,0.850421620611525,0.8447470665638894,0.8526422336938326,0.8421714045455608,784135602376.35,20734353.563647974,-0.0040373366430068724,5424.67,sh000905,0.00015572321755312108
2024-05-17,0.8438111700263952,0.8552147812478103,0.8554187786628048,0.8424158899971191,815011210237.2,21683618.58165736,0.012391537181063672,5491.89,sh000905,0.00015572321755312108
2024-05-20,0.8559778250138205,0.8601371921546643,0.8621865096976634,0.8540421854196352,930955899049.2,25471970.579726394,0.005755759856806986,5523.5,sh000905,0.00015572321755312108
2024-05-21,0.8582653990796758,0.8531934938839707,0.8585675021217289,0.8504013765932431,697976793106.7999,19283575.819080766,-0.008072779940255348,5478.91,sh000905,0.00015572321755312108
2024-05-22,0.8521190036828542,0.8515895447431735,0.8543442884616883,0.8494826096096798,726017505780.2999,19710311.0881627,-0.0018799359726661136,5468.61,sh000905,0.00015572321755312108
2024-05-23,0.8485264690539036,0.8350361667172769,0.8485264690539036,0.8334913923991498,813350577968.85,21139301.740206957,-0.019438211903938907,5362.31,sh000905,0.00015572321755312108
2024-05-24,0.8328871863150438,0.8274275303076313,0.8409302905016623,0.8271223128012272,684317834388.75,18281304.964440603,-0.009111744751795547,5313.45,sh000905,0.00015572321755312108
2024-05-27,0.8293584982052901,0.836447019068308,0.8367179774668504,0.822920900391644,742620341507.85,19432020.509495225,0.010900638944565166,5371.37,sh000905,0.00015572321755312108
2024-05-28,0.8351950043991809,0.8278448685306736,0.8355282520847447,0.82694011663669,712580787525.45,18839251.74807098,-0.010284154694239933,5316.13,sh000905,0.00015572321755312108
2024-05-29,0.8266707154703231,0.8297415773204707,0.8349474044832714,0.8262611634081584,670171530230.5499,17559754.23319552,0.0022911403596226343,5328.31,sh000905,0.00015572321755312108
2024-05-30,0.8278869137994129,0.8266816160955518,0.8330709397117563,0.8247864645379303,689365328348.5499,17870424.92465332,-0.003687848492298751,5308.66,sh000905,0.00015572321755312108
2024-05-31,0.8270024059237113,0.8266629293094454,0.8342123908964209,0.8266629293094454,668822213132.5499,17599792.0059642,-2.2604574412388168e-05,5308.54,sh000905,0.00015572321755312108
2024-06-03,0.8254560743734087,0.8212951500003893,0.8278775704063598,0.8148513232580411,815347364349.75,20172970.96193346,-0.006493310778481476,5274.07,sh000905,0.00015572321755312108
2024-06-04,0.8196071103221134,0.8318656420078951,0.8334742628452189,0.8171700419674072,694072121667.6,18349740.451270312,0.012870515560089224,5341.95,sh000905,0.00015572321755312108
2024-06-05,0.8298287823223004,0.8218977988523198,0.8327190052400864,0.8218977988523198,679364057989.0499,17380018.57357533,-0.011982515747994693,5277.94,sh000905,0.00015572321755312108
2024-06-06,0.8240125201466914,0.8142455599417596,0.8262487055507541,0.8118879104280052,856444100601.1499,21137866.665171724,-0.00931045066825309,5228.8,sh000905,0.00015572321755312108
2024-06-07,0.8171030809838593,0.8111591257698566,0.8189203709327042,0.80540826734562,729033729098.7,18461574.442580957,-0.0037905446756426597,5208.98,sh000905,0.00015572321755312108
2024-06-11,0.8070215598794702,0.8124812158868827,0.8148762389728498,0.8034274680183442,747718405961.3999,18633937.797824547,0.00162987763439304,5217.47,sh000905,0.00015572321755312108
2024-06-12,0.8111824842524897,0.814891811294605,0.8169224420514977,0.8106281095980005,661851011168.85,17338421.07615644,0.0029669552484248296,5232.95,sh000905,0.00015572321755312108
2024-06-13,0.8147298591483497,0.8089182686692673,0.8150241760295251,0.8070729485412628,759249428940.6,19184203.69828627,-0.007330473251225378,5194.59,sh000905,0.00015572321755312108
2024-06-14,0.8066914266582577,0.811799148194,0.8153480803220357,0.8040581470494343,860492238123.0,22737031.97785616,0.003561397530892796,5213.09,sh000905,0.00015572321755312108
2024-06-17,0.8080913783840602,0.8108710378173835,0.8134342419783078,0.8073625937259117,693349814475.6,21132326.990259513,-0.0011432758690143041,5207.13,sh000905,0.00015572321755312108
2024-06-18,0.8110034025523035,0.8145710214664457,0.8165487063293703,0.8105346756674687,604218847249.95,18747716.371088427,0.004562974229566086,5230.89,sh000905,0.00015572321755312108
2024-06-19,0.8152857910350143,0.8049052813529233,0.815413484073408,0.8049052813529233,564139319623.5,17400594.83514362,-0.011866049563267533,5168.82,sh000905,0.00015572321755312108
2024-06-20,0.8038681647240196,0.793342832449604,0.8073859522085446,0.792987783513583,613967554114.95,17606499.48637811,-0.014364980788652004,5094.57,sh000905,0.00015572321755312108
2024-06-21,0.7910614873124509,0.7945512446178163,0.7985704608628624,0.7897736563032866,538384117136.55,15274944.825597784,0.0015231903772054967,5102.33,sh000905,0.00015572321755312108
2024-06-24,0.7899527380034727,0.7775120101531539,0.7909119930235999,0.7765558695973778,643363575285.9,17613614.099444848,-0.021445104491477407,4992.91,sh000905,0.00015572321755312108
2024-06-25,0.7769140329977497,0.7706165860799017,0.7797590961824454,0.7658530128549517,588459321865.35,16301690.765831212,-0.008868575640257781,4948.63,sh000905,0.00015572321755312108
2024-06-26,0.7696106140945085,0.7817975131002157,0.7824733518643964,0.7654823915971752,599747567944.65,15907477.833578598,0.014509066145579785,5020.43,sh000905,0.00015572321755312108
2024-06-27,0.7784588073158768,0.7674118022626584,0.7786441179447651,0.7669617621639299,568554826898.5499,15161987.246159477,-0.018400814272880983,4928.05,sh000905,0.00015572321755312108
2024-06-28,0.7653282256117977,0.7697056052572159,0.7791471039374616,0.7653095388256913,682674964404.2999,17868188.36263266,0.0029890118809670074,4942.78,sh000905,0.00015572321755312108
2024-07-01,0.7698628857069445,0.7791081731330733,0.7813583736267159,0.7675737544089136,624908697168.45,17257414.22623469,0.012215797587592503,5003.16,sh000905,0.00015572321755312108
2024-07-02,0.7787064072317863,0.7707489508148218,0.779042769381701,0.7683570421932058,617822669681.1,16491542.051186223,-0.010729219133507661,4949.48,sh000905,0.00015572321755312108
2024-07-03,0.770113600087205,0.7647442635459735,0.7709093457289016,0.7638831141529048,542811356766.14996,14968291.068806304,-0.007790717408697412,4910.92,sh000905,0.00015572321755312108
2024-07-04,0.7657595789244197,0.7528438952605639,0.76858906978736,0.7517289170228836,584424515688.9,15381033.068868594,-0.015561239034641128,4834.5,sh000905,0.00015572321755312108
2024-07-05,0.7519656163135643,0.757789664650051,0.759606954598896,0.7465573489679445,533852821090.35,14595101.54349739,0.006569448753749096,4866.26,sh000905,0.00015572321755312108
2024-07-08,0.7563507821198603,0.7449206979514611,0.7563897129242485,0.7425755062951112,579582809925.0,15072325.683663856,-0.016982240981780694,4783.62,sh000905,0.00015572321755312108
2024-07-09,0.7436266380135947,0.7594465596848162,0.7612498345440813,0.7389564987191766,715384447807.2,19730839.94601076,0.019499876662443905,4876.9,sh000905,0.00015572321755312108
2024-07-10,0.7564224147999346,0.754348181542127,0.7616998746428099,0.7531039530338777,648286026876.8999,18257755.563445535,-0.006713280977670211,4844.16,sh000905,0.00015572321755312108
2024-07-11,0.7634813482516177,0.7692306494436788,0.7695374241822585,0.7585542656482369,740258876045.1,20731046.902665205,0.019728910688334045,4939.73,sh000905,0.00015572321755312108
2024-07-12,0.7672451784198765,0.7660585675021218,0.7688600281859025,0.7639469606721014,624024519444.9,18000710.300249938,-0.004123707166181156,4919.36,sh000905,0.00015572321755312108
2024-07-15,0.7635919117360804,0.760536622207688,0.7635919117360804,0.7581758582295828,557555343154.7999,15998179.816293322,-0.007208254732322894,4883.9,sh000905,0.00015572321755312108
2024-07-16,0.7595555659371035,0.7627883799335062,0.7642630788037342,0.7553245661161851,560404410923.7,17697676.51577087,0.002960748582075734,4898.36,sh000905,0.00015572321755312108
2024-07-17,0.7620175500066183,0.7562822639041368,0.7630998263686124,0.7558182087158286,622319192492.5499,18364891.047269784,-0.008529385345299234,4856.58,sh000905,0.00015572321755312108
2024-07-18,0.7509175990594318,0.7595695810266831,0.7598810274617894,0.7464483427156573,620682975337.5,17952371.713827446,0.004346680174114326,4877.69,sh000905,0.00015572321755312108
2024-07-19,0.7557310037139988,0.7586913020796836,0.7631029408329636,0.7541566419845368,599080519050.9,17439346.969750766,-0.0011562850447649486,4872.05,sh000905,0.00015572321755312108
2024-07-22,0.75878317877804,0.7577460621491361,0.7607639781053156,0.7535617792934838,595354112615.7,17177467.3426923,-0.0012458821235415973,4865.98,sh000905,0.00015572321755312108
2024-07-23,0.7572773352643013,0.7354496118598803,0.7572773352643013,0.7354496118598803,657600797164.7999,17219608.294332456,-0.02942469964940242,4722.8,sh000905,0.00015572321755312108
2024-07-24,0.733812960843397,0.7269253229310225,0.7379349544120282,0.7259551672856664,723557069847.75,16043654.179533299,-0.011590581858219706,4668.06,sh000905,0.00015572321755312108
2024-07-25,0.7232440260680667,0.7265188853332087,0.7335279873552748,0.721814486930929,568958665202.1,14931544.676243644,-0.0005591187773937856,4665.45,sh000905,0.00015572321755312108
2024-07-26,0.7272975014209744,0.7375643331542517,0.7388210195199053,0.7272975014209744,555293233460.85,14656453.1245085,0.015203249418598519,4736.38,sh000905,0.00015572321755312108
2024-07-29,0.7382059128105706,0.7332757157428388,0.7384628561195331,0.7323631776879773,520808908744.35,14167578.74253502,-0.0058145672433377316,4708.84,sh000905,0.00015572321755312108
2024-07-30,0.7310457592674781,0.7317870017830308,0.7337740300390087,0.7242001666238429,535266245520.3,13420387.846363476,-0.002030224004213488,4699.28,sh000905,0.00015572321755312108
2024-07-31,0.7310784611431641,0.7609274874837464,0.7611626295422517,0.7298825068323562,919457748496.35,22829283.15585558,0.03982099385437765,4886.41,sh000905,0.00015572321755312108
2024-08-01,0.7620891826866927,0.7557201030887701,0.7674413896739934,0.7528672537431969,727016785158.45,18650273.494927317,-0.006843469950331582,4852.97,sh000905,0.00015572321755312108
2024-08-02,0.7501093955603311,0.7456993140392267,0.7591055258383749,0.7448428363426846,632724172722.6,16452896.15245303,-0.013259921244104245,4788.62,sh000905,0.00015572321755312108
2024-08-05,0.7406320805400481,0.7309414247117175,0.7547188027999034,0.7309367530151908,727817918104.2,19229865.167270094,-0.01979067038102822,4693.85,sh000905,0.00015572321755312108
2024-08-06,0.7381981266496929,0.7398067474870166,0.7435674631909246,0.7317714294612756,692091851770.5,16395524.863251658,0.012128636407213511,4750.78,sh000905,0.00015572321755312108
2024-08-07,0.7393707224778678,0.7399873864193782,0.7448895533079505,0.7350042434576783,622832500663.65,15079422.14278262,0.0002441704309608106,4751.94,sh000905,0.00015572321755312108
2024-08-08,0.7376748966387144,0.7405900352713088,0.7461727126205882,0.7321778670590892,669837514527.45,14850412.152951345,0.0008144042222757442,4755.81,sh000905,0.00015572321755312108
2024-08-09,0.7440860215053764,0.7350618610481731,0.7482656326645022,0.7350618610481731,698801294436.8999,13712597.958811209,-0.007464553882514213,4720.31,sh000905,0.00015572321755312108
2024-08-12,0.7345401882693701,0.7341041632602213,0.7376904689604696,0.7312840157903343,572174357812.7999,11893494.130028889,-0.0013028805311516845,4714.16,sh000905,0.00015572321755312108
2024-08-13,0.7340730186167107,0.7368573497465605,0.7368573497465605,0.728876534846963,522498663195.44995,11072140.875242345,0.003750403041050898,4731.84,sh000905,0.00015572321755312108
2024-08-14,0.7365412316149277,0.7267711569456448,0.7366081925984754,0.7267711569456448,478978222849.5,10637167.065504972,-0.01368812132278363,4667.07,sh000905,0.00015572321755312108
2024-08-15,0.725156307179619,0.7316468508872331,0.7391262370263094,0.7237688133112207,584198646993.45,13036041.768408433,0.006708705890419608,4698.38,sh000905,0.00015572321755312108
2024-08-16,0.7324597260828605,0.7272866007957457,0.7331480227044452,0.7259987697865813,561121079907.0,12757978.060591904,-0.005959500934364592,4670.38,sh000905,0.00015572321755312108
2024-08-19,0.7266559217646555,0.7292455988725639,0.7365505750079808,0.7266450211394269,559562461970.5499,12573460.314109303,0.002693570972811532,4682.96,sh000905,0.00015572321755312108
2024-08-20,0.7294527107519095,0.7166398044116389,0.7297750578122445,0.7148303006236716,589803803460.9,12668346.1703612,-0.017286075473632034,4602.01,sh000905,0.00015572321755312108
2024-08-21,0.7146278604408525,0.7143210857022728,0.7180195121191594,0.7135658280971402,536380581601.5,11649648.426666046,-0.003235542730241847,4587.12,sh000905,0.00015572321755312108
2024-08-22,0.7146917069600492,0.7059509627587925,0.7155559708174691,0.7048422134498143,551342756392.2,12177941.29527458,-0.011717591865920252,4533.37,sh000905,0.00015572321755312108
2024-08-23,0.7044902789781442,0.7065302531280901,0.7084316336144139,0.7028100254607461,486622131180.6,11113964.743593937,0.0008205815982371689,4537.09,sh000905,0.00015572321755312108
2024-08-26,0.7074287760933716,0.7076623609197014,0.7098783023054823,0.7044497909415804,559443205508.4,13137627.831927931,0.001602348641970952,4544.36,sh000905,0.00015572321755312108
2024-08-27,0.7058139263273457,0.7000210226343697,0.7058139263273457,0.6987440922504341,529973669288.25,12262092.864715455,-0.010798000158438126,4495.29,sh000905,0.00015572321755312108
2024-08-28,0.6986413149268491,0.7007560362212205,0.7050789127404952,0.6979561327696153,530949721558.35,11561600.092297152,0.0010499878761993653,4500.01,sh000905,0.00015572321755312108
2024-08-29,0.6981928320602961,0.7097708532853706,0.7128681880825022,0.6968956576580786,662172048717.2999,15078674.466126308,0.012864415856853606,4557.9,sh000905,0.00015572321755312108
2024-08-30,0.7097085639983494,0.7224171357828595,0.7325749612638497,0.7082883682542649,973479506665.6499,22540806.2154275,0.017817415915224233,4639.11,sh000905,0.00015572321755312108
2024-09-02,0.7212943713843015,0.7080547834279353,0.7213582179034984,0.7080485544992331,811494387193.0499,18047235.1884796,-0.019880968547846378,4546.88,sh000905,0.00015572321755312108
2024-09-03,0.7074848364516908,0.71577865501857,0.7182390818559093,0.7074848364516908,633108457101.9,14443197.569549883,0.010908579069603741,4596.48,sh000905,0.00015572321755312108
2024-09-04,0.7112953835852156,0.7135362406858051,0.719967609570749,0.7088988032670732,593589616580.25,13804243.161087882,-0.0031328320802004317,4582.08,sh000905,0.00015572321755312108
2024-09-05,0.7140174254280443,0.7164965390514899,0.7210981601301847,0.7135315689892785,517480464802.94995,12481002.979094159,0.004148770863887208,4601.09,sh000905,0.00015572321755312108
2024-09-06,0.7177812555963032,0.7065863134864093,0.7183994767699892,0.7062592947295478,578896309853.4,12491454.54878419,-0.013831505143346523,4537.45,sh000905,0.00015572321755312108
2024-09-09,0.7034905359214532,0.7018741289232517,0.7072621522505899,0.698860884663599,590436091963.2,12754912.65246471,-0.006668944010402411,4507.19,sh000905,0.00015572321755312108
2024-09-10,0.70220581937664,0.7019551049963795,0.7052190636362929,0.690307008323406,632722233384.2999,13549751.202837277,0.00011537121798732564,4507.71,sh000905,0.00015572321755312108
2024-09-11,0.6992268342248488,0.7030778693949374,0.7053249554242291,0.697488963116956,547168516929.3,12723812.11369352,0.0015994817767779335,4514.92,sh000905,0.00015572321755312108
2024-09-12,0.7037116628903787,0.7002234628171888,0.7114604501958219,0.7002234628171888,556463611281.6,12600579.504566584,-0.0040598726001789265,4496.59,sh000905,0.00015572321755312108
2024-09-13,0.7008152110438907,0.6931178124002398,0.7021668885722516,0.6931178124002398,594219400639.0499,13347132.631006049,-0.010147689693745687,4450.96,sh000905,0.00015572321755312108
2024-09-18,0.6929823332009687,0.6949724759212975,0.696817796049302,0.684739903295882,584303897836.95,12318099.498991692,0.002675827237270223,4462.87,sh000905,0.00015572321755312108
2024-09-19,0.6978673705356101,0.7039296753949531,0.7109372201848435,0.691028006820677,742418952142.2,16414146.551836368,0.012888567222437697,4520.39,sh000905,0.00015572321755312108
2024-09-20,0.7030840983236396,0.7005037646087844,0.7032164630585598,0.6963848855045043,605638937352.6,13872514.969626186,-0.004866836710991751,4498.39,sh000905,0.00015572321755312108
2024-09-23,0.7000973270109707,0.6999275887038378,0.7078461143164141,0.6981274283089238,577532550464.5499,13252799.216089323,-0.0008225165003480361,4494.69,sh000905,0.00015572321755312108
2024-09-24,0.7045260953181816,0.7302796010371168,0.7304306525581431,0.7012403354278106,1137561282019.95,24907472.64066089,0.0433645034474015,4689.6,sh000905,0.00015572321755312108
2024-09-25,0.7386933264815119,0.7368012893882413,0.7548215801234885,0.7357034407044919,1313827971286.3499,28374261.09353515,0.00893039918116667,4731.48,sh000905,0.00015572321755312108
2024-09-26,0.7359479261560503,0.7689892784564716,0.7689892784564716,0.734912366759322,1476532058692.95,30540836.126089092,0.0436861193537752,4938.18,sh000905,0.00015572321755312108
2024-09-27,0.7828611026761035,0.8100207890495434,0.814114752439015,0.7819656941751731,1478119394248.2,36228486.1386871,0.053357714785609245,5201.67,sh000905,0.00015572321755312108
2024-09-30,0.8486588337888238,0.8943526975154361,0.896641828813467,0.8389339188526314,2496115904280.0,65214496.20712745,0.10411079518693045,5743.22,sh000905,0.00015572321755312108
2024-10-08,0.9994020228445961,0.9585667235056411,0.9994020228445961,0.9139162053366348,3169382367993.0,90204748.56490156,0.07179944351774781,6155.58,sh000905,0.00015572321755312108
2024-10-09,0.9364727133992042,0.8931723155263835,0.9480554063208054,0.8883199800674282,2768735598806.4,82447272.95378914,-0.06822102872515667,5735.64,sh000905,0.00015572321755312108
2024-10-10,0.8983065100091098,0.8862021443087058,0.9150202829490863,0.8716575957892442,2269926415304.25,60858848.435059525,-0.007803837060903485,5690.88,sh000905,0.00015572321755312108
2024-10-11,0.8798439653360118,0.8519321358217905,0.8802799903451606,0.84228663972655,1569344487225.45,41539053.531724714,-0.03867064496176331,5470.81,sh000905,0.00015572321755312108
2024-10-14,0.8570460862862348,0.873319162520536,0.8757827038222264,0.8422118925821246,1609320337312.65,43482795.30784144,0.02510414362772595,5608.15,sh000905,0.00015572321755312108
2024-10-15,0.8686645955478733,0.8522046514525085,0.8815600351934472,0.8520987596645723,1534755207061.3499,43106773.90245498,-0.024177313374285525,5472.56,sh000905,0.00015572321755312108
2024-10-16,0.8399196468197426,0.8504185061471741,0.8636689947287692,0.8399196468197426,1319333938947.9,34636853.3506809,-0.0020959112371541355,5461.09,sh000905,0.00015572321755312108
2024-10-17,0.8564418802021289,0.8438625586881876,0.8628670201583705,0.8436897059167037,1302109526030.25,36510699.350385025,-0.007709083717719389,5418.99,sh000905,0.00015572321755312108
2024-10-18,0.8434016179642304,0.878282061463954,0.8991676594021787,0.841559412300577,1843747024441.3499,54824248.719114244,0.0407880435284067,5640.02,sh000905,0.00015572321755312108
2024-10-21,0.8845950807035576,0.8882810492630399,0.9028645285868897,0.876913254381662,1713843254676.9,56055021.90863719,0.011384711401732472,5704.23,sh000905,0.00015572321755312108
2024-10-22,0.8881393411350665,0.8960080353180259,0.8999711912047528,0.883540834520723,1522082755059.5999,48676637.48721902,0.008698807726897462,5753.85,sh000905,0.00015572321755312108
2024-10-23,0.8946470143966114,0.8995164794094976,0.9115196250184922,0.8919467738042405,1755760279656.0,52349123.58325353,0.003915639093824197,5776.38,sh000905,0.00015572321755312108
2024-10-24,0.8950285362796168,0.8917801499614585,0.8969454890876956,0.8868094648571629,1333712783895.9,40057033.76694463,-0.008600542208095807,5726.7,sh000905,0.00015572321755312108
2024-10-25,0.8931178124002399,0.904703619786192,0.9117999268100878,0.8922068315775541,1520169642778.2,46653146.8599659,0.01449176663698104,5809.69,sh000905,0.00015572321755312108
2024-10-28,0.9057376219507448,0.9162318095816496,0.9162318095816496,0.9012450071243372,1738043891288.5498,48688994.676414944,0.012742504333277838,5883.72,sh000905,0.00015572321755312108
2024-10-29,0.9192824274135153,0.9051458737240429,0.9214469801375037,0.9043298840640646,1768337100445.95,51775089.71789183,-0.012099488078970544,5812.53,sh000905,0.00015572321755312108
2024-10-30,0.9022338495557995,0.9091012434498923,0.9139566933731985,0.8996799887879284,1618392420603.75,49201771.27314632,0.004369869918950942,5837.93,sh000905,0.00015572321755312108
2024-10-31,0.9094204760458761,0.9189678665140579,0.9242453263569332,0.9050680121152663,2013503233023.2998,58778367.333115324,0.010853161994062832,5901.29,sh000905,0.00015572321755312108
2024-11-01,0.9177267524701596,0.9081497745906426,0.9240927176037311,0.902428503577741,2374987152277.65,66845353.93084332,-0.011772002392697267,5831.82,sh000905,0.00015572321755312108
2024-11-04,0.9087057064773073,0.9232689417828751,0.9232689417828751,0.9087057064773073,1840138538765.0999,53378316.75346679,0.016648319049627824,5928.91,sh000905,0.00015572321755312108
2024-11-05,0.9227955432015137,0.9517756339881496,0.9529092990119362,0.920462809402568,2352536107051.8,68746017.50241761,0.030875827091320307,6111.97,sh000905,0.00015572321755312108
2024-11-06,0.9553494818309937,0.9539277288547336,0.9661893750048663,0.9470790217467474,2666190331306.05,78223525.83479324,0.00226113675296169,6125.79,sh000905,0.00015572321755312108
2024-11-07,0.9439520995382806,0.9716443593157523,0.971831227176816,0.9420616196771858,2686903915642.9497,72538203.706088,0.018572298430080014,6239.56,sh000905,0.00015572321755312108
2024-11-08,0.9821151884640241,0.9689799350634183,0.9863010285518521,0.9664634478677598,2476498707512.55,73202401.50255775,-0.002742180538371386,6222.45,sh000905,0.00015572321755312108
2024-11-11,0.9672015759189616,0.9858245155061395,0.985852545685299,0.9653375690048509,2145453492739.65,70593747.64316025,0.017383827913442396,6330.62,sh000905,0.00015572321755312108
2024-11-12,0.9887225245848029,0.9754315479666441,0.9939781831772208,0.9662781372388718,2137490633896.3499,70493633.38223043,-0.010542411327800427,6263.88,sh000905,0.00015572321755312108
2024-11-13,0.9708034539409653,0.9748024261677296,0.9782968551696215,0.9597066174581299,1672201981770.45,54162555.78033683,-0.0006449676558298867,6259.84,sh000905,0.00015572321755312108
2024-11-14,0.971807868694183,0.9465339904853115,0.971807868694183,0.9450312614359239,1539546522137.7,49416566.17450344,-0.02899914374808299,6078.31,sh000905,0.00015572321755312108
2024-11-15,0.9429881728216268,0.9225790879291148,0.9488869683025392,0.922558843910833,1516960962609.2998,48224334.116745695,-0.025308021473074094,5924.48,sh000905,0.00015572321755312108
2024-11-18,0.9250722166421402,0.9083397569160574,0.9308339756916058,0.9031806467185225,1814290947999.5999,46159984.44860745,-0.015434265960894367,5833.04,sh000905,0.00015572321755312108
2024-11-19,0.9088956888027221,0.9244664533258588,0.9245178419876513,0.899488449230338,1550213377254.75,40873876.745026596,0.017754035631506015,5936.6,sh000905,0.00015572321755312108
2024-11-20,0.9219312793440938,0.9331542516331474,0.9367109699220605,0.9201856220753233,1395714957699.5999,40644607.16638248,0.009397635009938288,5992.39,sh000905,0.00015572321755312108
2024-11-21,0.9301581369274252,0.9320517312528712,0.9358389199037631,0.924654878419098,1324137429472.65,39354731.867214814,-0.0011814985339738682,5985.31,sh000905,0.00015572321755312108
2024-11-22,0.929524343431984,0.8954474317348345,0.9317449565142916,0.8954474317348345,1445299811656.0498,41683326.29346041,-0.03927281962003648,5750.25,sh000905,0.00015572321755312108
2024-11-25,0.896117041570313,0.893173872758559,0.8992735511901147,0.8817188728753514,1194459393549.0,33521224.556165475,-0.0025390200426068654,5735.65,sh000905,0.00015572321755312108
2024-11-26,0.8918844845172191,0.8861398550216845,0.8990461952924871,0.8858439809083336,947597072027.25,26502027.5659371,-0.007875306198948717,5690.48,sh000905,0.00015572321755312108
2024-11-27,0.8828805680782977,0.9039639345028146,0.904072940755102,0.8726729111676906,1125800665788.3,31849870.606541935,0.020114296157793365,5804.94,sh000905,0.00015572321755312108
2024-11-28,0.9036306868172511,0.8965919973838501,0.9073197698410844,0.8952979374459835,1105702410376.05,31823330.329603765,-0.008155123050367363,5757.6,sh000905,0.00015572321755312108
2024-11-29,0.895123527442324,0.9112829257278113,0.9187467395451325,0.8932922224038994,1311657614127.5999,37929690.4913379,0.016385299430317968,5851.94,sh000905,0.00015572321755312108
2024-12-02,0.9115585558228805,0.9255596303130815,0.9275809176769212,0.9107347800020245,1516673696518.2,40054007.229465954,0.015666599452489383,5943.62,sh000905,0.00015572321755312108
2024-12-03,0.9260454867518473,0.9237688133112206,0.927278814634868,0.9153099281337351,1347714954119.8499,35714645.29002671,-0.0019348477863658786,5932.12,sh000905,0.00015572321755312108
2024-12-04,0.9233577040168803,0.9155388412635383,0.9251282770004595,0.9111225308137317,1387022676476.0999,36472393.03900088,-0.00890912523684606,5879.27,sh000905,0.00015572321755312108
2024-12-05,0.9118746739545133,0.9190768727663451,0.9224451659620192,0.9115305256437208,1274968749809.4,33052545.946446788,0.0038644253453232746,5901.99,sh000905,0.00015572321755312108
2024-12-06,0.9193120148248504,0.9311002623936216,0.9361721675893269,0.9151915784883947,1703853414854.4,39802940.53215295,0.013082028265042789,5979.2,sh000905,0.00015572321755312108
2024-12-09,0.931743399282116,0.9261031043423419,0.9349980145289761,0.9205359993148179,1826716744424.8499,36952288.33578598,-0.005366938720899106,5947.11,sh000905,0.00015572321755312108
2024-12-10,0.9549399297688289,0.9331075346678814,0.9563071796189453,0.9316266068689512,2058317494567.95,50565086.61034158,0.00756333748661131,5992.09,sh000905,0.00015572321755312108
2024-12-11,0.9301861671065847,0.941675426097654,0.9423543793261857,0.9300211004959785,1630353809722.65,38932591.2326427,0.009182105075190794,6047.11,sh000905,0.00015572321755312108
2024-12-12,0.9419354838709677,0.9499723591288844,0.9511122530813733,0.9379567556624855,1564658718388.5,40235888.84022019,0.008810820375352968,6100.39,sh000905,0.00015572321755312108
2024-12-13,0.9446092515163549,0.9325157864411795,0.9446092515163549,0.9325157864411795,1838699472686.7,47856270.76810478,-0.018375874329346176,5988.29,sh000905,0.00015572321755312108
2024-12-16,0.9317169263351319,0.9207290961045839,0.9330281158269292,0.9169045338814791,1378390739497.65,37652450.519290216,-0.012639668419532013,5912.6,sh000905,0.00015572321755312108
2024-12-17,0.9182951422142285,0.9106942919654606,0.9226008891795723,0.9089953516619561,1240075500842.55,31865679.745501548,-0.01089875858336442,5848.16,sh000905,0.00015572321755312108
2024-12-18,0.9127342661154065,0.91699485334766,0.922189779885232,0.9114729080532262,1207246375678.5,30098500.910046484,0.006918415364832731,5888.62,sh000905,0.00015572321755312108
2024-12-19,0.9077511231537067,0.9190659721411164,0.9216463058559716,0.9057594232012023,1262054541950.0999,32902368.12414255,0.002258593694278055,5901.92,sh000905,0.00015572321755312108
2024-12-20,0.9172019652270056,0.9214423084409771,0.9284872268030803,0.9172019652270056,1143634210738.3499,34435467.09422033,0.0025855992626129254,5917.18,sh000905,0.00015572321755312108
2024-12-23,0.921521727281929,0.9060833274937128,0.9242406546604066,0.9055834559653673,1138657990671.9,33845981.51370754,-0.01666841299402755,5818.55,sh000905,0.00015572321755312108
2024-12-24,0.9074241043968451,0.9180288555122127,0.9183294013220901,0.9074241043968451,1074764743689.6,30539273.449300416,0.013183696969176095,5895.26,sh000905,0.00015572321755312108
2024-12-25,0.9182110516767499,0.9094687502433175,0.9183792327517072,0.9026729890292993,1009991538007.7999,29785093.608075805,-0.009324440313065119,5840.29,sh000905,0.00015572321755312108
2024-12-26,0.9079784790513342,0.9167519251282771,0.9183745610551806,0.9079784790513342,933190607562.6,31412997.840461567,0.008008163978158622,5887.06,sh000905,0.00015572321755312108
2024-12-27,0.9176286468431011,0.9186377332928454,0.9305692462217655,0.9159203631465435,1150024388231.7,36856669.81783498,0.002057053945432763,5899.17,sh000905,0.00015572321755312108
2024-12-30,0.9172813840679577,0.918592573559755,0.923215995888907,0.9137604821190817,998987745336.8999,30550182.425124384,-4.9159458025416214e-05,5898.88,sh000905,0.00015572321755312108
2024-12-31,0.9190831016950473,0.8916290984404319,0.9196172323312545,0.8916290984404319,1169760411210.75,33822149.927012525,-0.02935302972767717,5725.73,sh000905,0.00015572321755312108
2025-01-02,0.8904129001113421,0.86361293437045,0.8910653803928896,0.8562939431454533,1244279177149.05,34271409.849026345,-0.03142132094946848,5545.82,sh000905,0.00015572321755312108
2025-01-03,0.8646920962680932,0.8452344802348307,0.86915356645099,0.8439793511013525,1117863557761.5,29156536.913550258,-0.021280892636255655,5427.8,sh000905,0.00015572321755312108
2025-01-06,0.8441864629806981,0.8451254739825436,0.8537727842532683,0.8384651919677965,939266862695.7,24408629.149221774,-0.00012896569512510503,5427.1,sh000905,0.00015572321755312108
2025-01-07,0.8454478210428784,0.8540920168492522,0.85423216774505,0.8417042348929015,931558442468.7,24890227.10334572,0.01060971789721954,5484.68,sh000905,0.00015572321755312108
2025-01-08,0.8506100457047644,0.8504963677559506,0.8567361970833042,0.8295266792802474,1052186806659.75,28207896.26901186,-0.004209908326465728,5461.59,sh000905,0.00015572321755312108
2025-01-09,0.8467932696425374,0.8497177516681851,0.8554935258072304,0.8466204168710534,833739689174.5499,24417224.205710374,-0.0009154843186690576,5456.59,sh000905,0.00015572321755312108
2025-01-10,0.8485358124469569,0.8361215575436219,0.8559139784946237,0.8361215575436219,835967526522.45,24913239.375113875,-0.01600083568675681,5369.28,sh000905,0.00015572321755312108
2025-01-13,0.8284008004173382,0.8380556399056317,0.8443328428051982,0.8283338394337905,768561932386.0499,21708835.107643675,0.002313159306275736,5381.7,sh000905,0.00015572321755312108
2025-01-14,0.8399336619093225,0.8677318134747302,0.8693778078842666,0.8375713406990416,1105441196919.0,32403467.634673335,0.035410743817009704,5572.27,sh000905,0.00015572321755312108
2025-01-15,0.865755685843981,0.8599752400084091,0.8672521859646664,0.8579695249663248,888712968910.95,26326637.704234894,-0.008938906406186442,5522.46,sh000905,0.00015572321755312108
2025-01-16,0.8637499708018967,0.863583346959115,0.8773212492116513,0.8578651904105643,958868480540.25,28496706.240872677,0.0041955939925322205,5545.63,sh000905,0.00015572321755312108
2025-01-17,0.860247755639127,0.8700707762023779,0.8754665856905935,0.859500284194872,813566377517.1,25606726.577624135,0.00751222133463636,5587.29,sh000905,0.00015572321755312108
2025-01-20,0.8754634712262426,0.8742815320050144,0.8822000576175906,0.8717634875771804,871498220576.5499,27006471.48823122,0.004839555491123582,5614.33,sh000905,0.00015572321755312108
2025-01-21,0.8782166577125817,0.87733214983688,0.8787336587948581,0.8679233530323204,812282856645.0,26614520.443001408,0.0034892854534736006,5633.92,sh000905,0.00015572321755312108
2025-01-22,0.8731167223377171,0.8731494242134032,0.8749433556796151,0.8670326162279165,740897843063.3999,24620866.21796579,-0.004767550834942624,5607.06,sh000905,0.00015572321755312108
2025-01-23,0.8812953057236069,0.8695973776210164,0.8903770837713049,0.8695973776210164,1049425959518.5499,31710504.504169494,-0.004068085592092929,5584.25,sh000905,0.00015572321755312108
2025-01-24,0.8674530689153099,0.8798283930142565,0.8814603723342133,0.8674530689153099,895422405155.7,28163921.315549742,0.011765232573756501,5649.95,sh000905,0.00015572321755312108
2025-01-27,0.8814681584950909,0.8703900087983618,0.8838896545280419,0.8703900087983618,876850980512.3999,25396251.983166322,-0.010727528562199606,5589.34,sh000905,0.00015572321755312108
2025-02-05,0.8787725895992463,0.8742908753980676,0.8792195152336238,0.8702685446886704,999684847552.6499,33480415.81911191,0.004481745608605037,5614.39,sh000905,0.00015572321755312108
2025-02-06,0.8731198368020681,0.8950814821735846,0.8952558921772443,0.8716326800744357,1165068355578.45,40039878.69778017,0.023779965410311688,5747.9,sh000905,0.00015572321755312108
2025-02-07,0.8954536606635367,0.9084876939727329,0.917120989153878,0.8941206699212819,1494439086583.95,51069302.249499746,0.014977644009116498,5833.99,sh000905,0.00015572321755312108
2025-02-10,0.9122639819983961,0.9169839527224313,0.9180522139948456,0.9088271705869987,1344057156593.25,44576281.412176,0.009352090079002506,5888.55,sh000905,0.00015572321755312108
2025-02-11,0.9172673689783779,0.9122702109270981,0.9172673689783779,0.9074583635047068,1168229830198.2,40531805.63258664,-0.005140484499579712,5858.28,sh000905,0.00015572321755312108
2025-02-12,0.9096353740860994,0.9250784455708424,0.9250800028030179,0.9096291451573972,1255086801255.75,44449458.6093761,0.014039957120520086,5940.53,sh000905,0.00015572321755312108
2025-02-13,0.9247156104739437,0.918496025164872,0.9277335264301232,0.9171630344226173,1465946071414.3499,48753850.31980877,-0.007115526729096433,5898.26,sh000905,0.00015572321755312108
2025-02-14,0.9178217436328671,0.9262105533624536,0.9272507844557084,0.9167347955743462,1360839214150.65,47749019.99705683,0.00839908718842497,5947.8,sh000905,0.00015572321755312108
2025-02-17,0.9311999252528557,0.9263538187226026,0.9320595174137488,0.9197433681374726,1502034781166.8499,55583891.013026245,0.00015467904098986907,5948.72,sh000905,0.00015572321755312108
2025-02-18,0.9242951577865502,0.9095341539946898,0.9262307973807355,0.90569401944983,1380278967885.2998,47792337.00509994,-0.018156847187294156,5840.71,sh000905,0.00015572321755312108
2025-02-19,0.9086371882615839,0.9256001183496454,0.9258290314794485,0.9080968286966745,1318353860303.25,48890913.01713734,0.017663948389836204,5943.88,sh000905,0.00015572321755312108
2025-02-20,0.9252450694136244,0.9277288547335966,0.9308713492638184,0.9219702101484821,1272818620848.15,47633458.546168044,0.002299844545986751,5957.55,sh000905,0.00015572321755312108
2025-02-21,0.9296131056659893,0.9432248721123077,0.9439661146278604,0.9254926693295337,1620292285021.2,61816008.24612055,0.016703174962862333,6057.06,sh000905,0.00015572321755312108
2025-02-24,0.9432747035419247,0.9413421784120904,0.9466445539697742,0.935457398020758,1565686875926.7,59542741.86083016,-0.0019960178700557663,6044.97,sh000905,0.00015572321755312108
2025-02-25,0.9292066680681756,0.9312201692711376,0.9413094765364043,0.9275155139255489,1328215254282.45,52995172.449136905,-0.010752741535524524,5979.97,sh000905,0.00015572321755312108
2025-02-26,0.9328272328762858,0.942396424594925,0.9430395614834194,0.9302687004118879,1354074885641.7,50962811.220169276,0.012001732450162672,6051.74,sh000905,0.00015572321755312108
2025-02-27,0.9421550536077177,0.9388537213955915,0.9443818956187273,0.9250488581595073,1391269287934.5,51116887.628989436,-0.0037592494059559556,6028.99,sh000905,0.00015572321755312108
2025-02-28,0.934015401026216,0.9125178108430076,0.9355025577538484,0.910537011515732,1317875505173.0999,46450778.80748717,-0.02805113294266537,5859.87,sh000905,0.00015572321755312108
2025-03-03,0.9150218401812619,0.9165510421776336,0.9287753147555536,0.9112237509051413,1188163100578.65,41571194.2998762,0.004419893274082876,5885.77,sh000905,0.00015572321755312108
2025-03-04,0.9102753965102428,0.9246268482399383,0.9254755397756029,0.909962392842961,988434566268.1499,35994692.14368582,0.008811081642673635,5937.63,sh000905,0.00015572321755312108
2025-03-05,0.9245458721668107,0.9266621506933577,0.9274719114246338,0.9176037311282926,1047188097975.0,37644223.07237237,0.002201214962872289,5950.7,sh000905,0.00015572321755312108
2025-03-06,0.9312840157903344,0.9417782034212392,0.9440782353444988,0.9300724891577711,1368086630545.7998,49915940.89735504,0.016312366612331486,6047.77,sh000905,0.00015572321755312108
2025-03-07,0.9389144534504372,0.9364836140244331,0.9448272640209293,0.9326761813552592,1332088767875.8499,46891706.969283596,-0.005621906917756436,6013.77,sh000905,0.00015572321755312108
2025-03-10,0.9378711078928313,0.9364602555418,0.9408049333115323,0.9299494678159042,1111230160274.4,38699315.95452882,-2.4942756374213282e-05,6013.62,sh000905,0.00015572321755312108
2025-03-11,0.9256842088871241,0.9413421784120904,0.9413421784120904,0.9254490668286188,1116440089870.95,38184128.100924216,0.005213166112923773,6044.97,sh000905,0.00015572321755312108
2025-03-12,0.944987658935009,0.940646095629628,0.9496375542111452,0.9403844806241387,1186486767376.05,41719231.22664736,-0.000739457764058371,6040.5,sh000905,0.00015572321755312108
2025-03-13,0.9394548130153466,0.9334002943168813,0.9421534963755422,0.9262074388981025,1243942425823.05,39494900.44402918,-0.00770300471815244,5993.97,sh000905,0.00015572321755312108
2025-03-14,0.9334002943168813,0.9499085126096876,0.9499085126096876,0.930995927837861,1407920009906.0999,45009939.89488683,0.017686107871744294,6099.98,sh000905,0.00015572321755312108
2025-03-17,0.9529653593702553,0.9511605272788147,0.9545599651179993,0.9496795994798846,1183621016160.45,38955824.61017028,0.0013180371083185705,6108.02,sh000905,0.00015572321755312108
2025-03-18,0.953966659659122,0.9550972102185576,0.9594465596848162,0.9521244539954685,1066141874080.95,36803966.176013954,0.004138820763520679,6133.3,sh000905,0.00015572321755312108
2025-03-19,0.952624325523814,0.9501358685073151,0.9543076935055632,0.9462614748545936,988251992337.0,34083450.85655556,-0.005194593448877516,6101.44,sh000905,0.00015572321755312108
2025-03-20,0.9491080952714646,0.9436032795309617,0.9513411662111764,0.9429632571068184,945188953277.25,31744113.459297843,-0.006875426128913786,6059.49,sh000905,0.00015572321755312108
2025-03-21,0.9404109535711227,0.9299681546020104,0.9454081116224023,0.9268334462326662,1118033570945.25,35162458.77846037,-0.01445006097872914,5971.93,sh000905,0.00015572321755312108
2025-03-24,0.9301425646056699,0.929524343431984,0.9323242468835892,0.916101002078905,1086494600217.7499,34273797.11687806,-0.0004772326534303595,5969.08,sh000905,0.00015572321755312108
2025-03-25,0.9295772893259521,0.9260781886275334,0.9333940653881792,0.9233872914282155,947090294674.2,29934209.248557616,-0.0037074390023252857,5946.95,sh000905,0.00015572321755312108
2025-03-26,0.9243496609126939,0.9263195596147408,0.9317652005325735,0.9243496609126939,877853111103.1499,26737028.95930174,0.00026063780593421626,5948.5,sh000905,0.00015572321755312108
2025-03-27,0.923831102598242,0.9277366408944743,0.9344420826423115,0.9174853814829523,865053433371.6,27499237.32156066,0.0015297974279231408,5957.6,sh000905,0.00015572321755312108
2025-03-28,0.9272897152600967,0.921263226740791,0.9302593570188348,0.9195331417937758,862183103519.5499,26301570.253641978,-0.006977642003491491,5916.03,sh000905,0.00015572321755312108
2025-03-31,0.9167363528065218,0.9121907920861462,0.9200594862691054,0.9035715119945809,990578620348.5,29519421.360740624,-0.009847820244319183,5857.77,sh000905,0.00015572321755312108
2025-04-01,0.9142416668613207,0.9176535625579096,0.9236722649163378,0.9137604821190817,876225165033.2999,27925525.45294434,0.005988627071394026,5892.85,sh000905,0.00015572321755312108
2025-04-02,0.9164140057461868,0.9186252754354411,0.9244742394867362,0.9162925416364953,720252007134.0,21901237.13551813,0.0010589103744367279,5899.09,sh000905,0.00015572321755312108
2025-04-03,0.9098315853402164,0.9102800682067693,0.9198118863531959,0.9059930080275319,866528621231.25,27043227.237828285,-0.009084452008699673,5845.5,sh000905,0.00015572321755312108
2025-04-07,0.8602088248347388,0.8233133228998778,0.8701579812042077,0.8117353016748033,1518865713902.4,41639983.58823667,-0.09553844837909509,5287.03,sh000905,0.00015572321755312108
2025-04-08,0.8221812151082667,0.8295235648158963,0.836417431656973,0.8174269852763698,1437426406397.25,40780072.006478086,0.007542987272627588,5326.91,sh000905,0.00015572321755312108
2025-04-09,0.8174970607242688,0.8470984871489415,0.8510491851782642,0.7997897736563033,1574062178084.5498,44888375.38699556,0.0211867668122796,5439.77,sh000905,0.00015572321755312108
2025-04-10,0.8618594909408019,0.8633388615075566,0.8736368378843443,0.858650035427032,1361152423707.75,41837601.12689107,0.01917176645336105,5544.06,sh000905,0.00015572321755312108
2025-04-11,0.8586874089992448,0.8691411085935857,0.8769708719721568,0.8581735223813195,1055794155703.95,35451914.95889686,0.006720706485860317,5581.32,sh000905,0.00015572321755312108
2025-04-14,0.8773103485864225,0.8762763464218699,0.8816737131422611,0.8734094819867168,998483588017.0499,32307968.620292295,0.008209527495288027,5627.14,sh000905,0.00015572321755312108
2025-04-15,0.8759430987363062,0.8724439980378874,0.8762047137417954,0.8669158238147516,791620606978.2,25211726.707699735,-0.004373447257399077,5602.53,sh000905,0.00015572321755312108
2025-04-16,0.8704585270140852,0.8653321186922364,0.8709085671128137,0.8553331308931506,851107664499.6,25499838.4605047,-0.008151674332846026,5556.86,sh000905,0.00015572321755312108
2025-04-17,0.8607741001144567,0.8653554771748695,0.8727694595625736,0.8606650938621695,729835818870.2999,23091143.591351133,2.6993661888186082e-05,5557.01,sh000905,0.00015572321755312108
2025-04-18,0.8637920160706362,0.8659332103119916,0.868854577873288,0.8604330662680152,716940349385.7,21770751.568817984,0.0006676252157185036,5560.72,sh000905,0.00015572321755312108
2025-04-21,0.865277615566093,0.8786495682573794,0.8792475454127834,0.8620370154088124,790581423466.95,24956952.37733293,0.014685148685781746,5642.38,sh000905,0.00015572321755312108
2025-04-22,0.8774832013579066,0.8758200773944392,0.8800775501623416,0.874834349427328,800565843416.85,25610913.289652973,-0.0032202722964422836,5624.21,sh000905,0.00015572321755312108
2025-04-23,0.8795107176504481,0.8774925447509596,0.8829911315627604,0.8743500502207378,815599407690.6,27717376.80583651,0.0019096015262587418,5634.95,sh000905,0.00015572321755312108
2025-04-24,0.8771919989410822,0.8729656708166905,0.8800744356979904,0.869469684582623,787915237868.3999,24588570.591763802,-0.005158874524174961,5605.88,sh000905,0.00015572321755312108
2025-04-25,0.8740962213761262,0.876282575350572,0.8816410112665749,0.8715096587325687,899036137320.0,26774087.232004236,0.0037995818676104243,5627.18,sh000905,0.00015572321755312108
2025-04-28,0.8758527792701254,0.8717852888276378,0.8764227262463697,0.8701486378111545,874744923335.1,26101747.537984785,-0.005132233196734393,5598.3,sh000905,0.00015572321755312108
2025-04-29,0.8695148443157134,0.872814619295664,0.8754790435479979,0.8675714185606503,813898717169.5499,24609407.853090715,0.0011807155743708275,5604.91,sh000905,0.00015572321755312108
2025-04-30,0.8727741312591001,0.8770051310800184,0.8794904736321661,0.8725436608971215,888670444744.6499,28281918.902852073,0.0048011475652596225,5631.82,sh000905,0.00015572321755312108
2025-05-06,0.8827762335225371,0.8939026574167076,0.8939026574167076,0.8824009405682341,1045275126969.8999,33801277.83128946,0.019267306128391892,5740.33,sh000905,0.00015572321755312108
2025-05-07,0.904076055219453,0.8954536606635367,0.9061907765138243,0.8896887871497202,1098177649339.0499,35437341.6206271,0.0017350918849612373,5750.29,sh000905,0.00015572321755312108
2025-05-08,0.8925618805135752,0.8991162707403861,0.9006703884515662,0.8915076343307405,874245498771.2999,29125323.15819143,0.004090228492823922,5773.81,sh000905,0.00015572321755312108
2025-05-09,0.8985914834972321,0.891004648338044,0.8985914834972321,0.8884274290875399,795892924301.5499,27744002.971121132,-0.00902177245181257,5721.72,sh000905,0.00015572321755312108
2025-05-12,0.8956327423637227,0.9022089338409911,0.9023412985759113,0.8934557317823302,872216546345.5499,31055388.213496536,0.012574890068021372,5793.67,sh000905,0.00015572321755312108
2025-05-13,0.9091168157716475,0.9003402552303537,0.9091168157716475,0.8988453123418436,887928487303.6499,30249588.58341704,-0.002071226010456284,5781.67,sh000905,0.00015572321755312108
2025-05-14,0.8997812088793379,0.9030576253766556,0.9087212787990626,0.8954925914679249,1003575423470.1,29298564.518511597,0.0030181591131974717,5799.12,sh000905,0.00015572321755312108
2025-05-15,0.90113600087205,0.890004905281353,0.90113600087205,0.8900033480491775,867955145827.2,25715617.320143577,-0.01445391714604971,5715.3,sh000905,0.00015572321755312108
2025-05-16,0.8882047448864389,0.8900905530510073,0.8930742098993251,0.8882047448864389,749465223194.3999,22094340.690554608,9.62329186569022e-05,5715.85,sh000905,0.00015572321755312108
2025-05-19,0.8906495994020228,0.8908598257457196,0.8921492139870594,0.8829070410252817,740961693529.35,21972342.312193908,0.0008642634078919187,5720.79,sh000905,0.00015572321755312108
2025-05-20,0.8912833928974642,0.8949989488682816,0.8968816425684988,0.8888385383818802,750669147714.75,23631182.928624265,0.004646211449817139,5747.37,sh000905,0.00015572321755312108
2025-05-21,0.8941144409925798,0.896641828813467,0.8974453606160411,0.8928904565026123,743656237134.2999,24160048.89808694,0.0018356222063309335,5757.92,sh000905,0.00015572321755312108
2025-05-22,0.8937251329486969,0.8881331122063644,0.8966215847951851,0.8878029789851518,700330507638.0,22053659.701836754,-0.00948953788868212,5703.28,sh000905,0.00015572321755312108
2025-05-23,0.8871769716505884,0.8803095777564957,0.8935522801772131,0.8803095777564957,734387587136.7,23066284.03461727,-0.008808966068648227,5653.04,sh000905,0.00015572321755312108
2025-05-26,0.8803360507034796,0.8828665529887179,0.8866303831569768,0.8789921593359963,623998081511.85,19830355.67086341,0.0029046318441050545,5669.46,sh000905,0.00015572321755312108
2025-05-27,0.88237446762125,0.8801709840928733,0.8826189530728085,0.8765862356248005,611015906908.95,19508333.528329946,-0.0030532008339418937,5652.15,sh000905,0.00015572321755312108
2025-05-28,0.880128938824134,0.8778491509191563,0.8814666012629154,0.8764756721403378,609471628516.95,18680530.295017637,-0.002637934237414097,5637.24,sh000905,0.00015572321755312108
2025-05-29,0.8778211207399969,0.8907227893142728,0.8914406733471928,0.8778211207399969,736450773378.6,23061844.380525257,0.014664977896984954,5719.91,sh000905,0.00015572321755312108
2025-05-30,0.8883651398005187,0.8831172673689783,0.8883651398005187,0.8822530035115587,705743875106.5499,21438505.563819267,-0.008538595886998235,5671.07,sh000905,0.00015572321755312108
2025-06-03,0.8804076833835541,0.8868188082502161,0.8892449759796938,0.8803500657930595,788924766199.95,24915223.268178742,0.004191448880017434,5694.84,sh000905,0.00015572321755312108
2025-06-04,0.887088209416583,0.8936971027695375,0.8945442370730264,0.887088209416583,746170537867.0499,23407526.16509776,0.007756144158571621,5739.01,sh000905,0.00015572321755312108
2025-06-05,0.8940116636689948,0.8985182935849821,0.8997843233436891,0.8906667289559538,804142028193.6,27246907.59480819,0.00539465866064015,5769.97,sh000905,0.00015572321755312108
2025-06-06,0.8982738081334236,0.897289637398488,0.8987970381444023,0.8955112782540313,694935936339.0,23050520.05405153,-0.0013674247873040057,5762.08,sh000905,0.00015572321755312108
2025-06-09,0.8989558758263063,0.9040744979872775,0.9069164467076218,0.8977988523198868,823182445201.35,26703792.8298646,0.007561505567433846,5805.65,sh000905,0.00015572321755312108
2025-06-10,0.9047254210366495,0.8966527294386957,0.9048951593437824,0.8901092398371137,887916286168.6499,28494281.063605152,-0.008209244442913377,5757.99,sh000905,0.00015572321755312108
2025-06-11,0.8967368199761744,0.9020968131243527,0.9060864419580638,0.8967368199761744,794465391506.5499,25126513.03356614,0.006071563167007854,5792.95,sh000905,0.00015572321755312108
2025-06-12,0.9002312489780665,0.9031837611828737,0.9045650261225698,0.897981048484424,806660997465.8999,25755613.9563975,0.001204912868227881,5799.93,sh000905,0.00015572321755312108
2025-06-13,0.9005722828245077,0.8938886423271277,0.9023646570585442,0.8920152920199638,1076354423147.1,33637826.97015565,-0.010291503518146006,5740.24,sh000905,0.00015572321755312108
2025-06-16,0.8915154204916182,0.8981819314350674,0.8994495184259498,0.8915154204916182,823529464745.7,26626984.626863815,0.004802935068917158,5767.81,sh000905,0.00015572321755312108
