date,open,close,high,low,volume,money,change,adjclose,symbol,factor
2020-11-09,0.9893716023853887,1.0,1.002081607677945,0.9893716023853887,480717696001.13995,35818628.32835886,,5082.61,sh000903,0.00019674930793430934
2020-11-10,1.00242591896683,0.9956046204607477,1.0024928137315277,0.9908432872087373,436912815107.33997,32222620.437924612,-0.0043953795392522865,5060.27,sh000903,0.00019674930793430934
2020-11-11,0.9936174524506111,0.9898162558213203,0.998239093693988,0.9891414056951056,411602072964.02997,29167422.74067851,-0.005813919020131397,5030.85,sh000903,0.00019674930793430934
2020-11-12,0.9913390954647318,0.9892909351691357,0.9931688640285209,0.986264930813106,300054132946.23,21777299.433165245,-0.0005307254241331272,5028.18,sh000903,0.00019674930793430934
2020-11-13,0.9841085583981459,0.975455523835195,0.9841085583981459,0.9692539856491056,322003201257.26996,23710127.96653688,-0.013985179528179348,4957.86,sh000903,0.00019674930793430934
2020-11-16,0.9810392691943707,0.9854130063097504,0.9854130063097504,0.9742435480983196,327222248840.11,24554973.650152188,0.01020803330469211,5008.47,sh000903,0.00019674930793430934
2020-11-17,0.9857769925294287,0.9859934167681565,0.9892260078975174,0.9805001760906307,339968829889.51996,25917461.940223627,0.0005890022302219577,5011.42,sh000903,0.00019674930793430934
2020-11-18,0.9851021424032143,0.9879333649443888,0.9929366998451583,0.9836580024829764,424887004064.63995,29225001.62396879,0.0019675062158031054,5021.28,sh000903,0.00019674930793430934
2020-11-19,0.9859717743442838,0.995594782995351,0.9980600518237678,0.9840318261680515,322844393542.70996,23986817.35564995,0.007754994742376509,5060.22,sh000903,0.00019674930793430934
2020-11-20,0.9954452535213208,0.9970605653394615,0.9978337901196433,0.9935210452897233,293064614078.6,21495915.762964305,0.001472268004157895,5067.67,sh000903,0.00019674930793430934
2020-11-23,0.9996360137803216,1.0103922984450904,1.0146243760587572,0.997562276074694,471128091748.86,32860502.722813673,0.013371036393451163,5135.43,sh000903,0.00019674930793430934
2020-11-24,1.0088399464054887,1.0037539767953867,1.009776473111256,1.0007063300154841,341389241493.17,25374263.103405535,-0.006570043793801217,5101.69,sh000903,0.00019674930793430934
2020-11-25,1.0079230946305147,0.9928639026012227,1.010504445550613,0.9928639026012227,397535217893.19,26637068.233840488,-0.010849346001030935,5046.34,sh000903,0.00019674930793430934
2020-11-26,0.9927124056341132,0.9968382386214957,0.997121557624921,0.9868296013268774,325263670159.22,23564855.077214267,0.004002901112489354,5066.54,sh000903,0.00019674930793430934
2020-11-27,0.9996320787941628,1.0105556003706757,1.0105556003706757,0.9975957234570428,438106903170.3,25774480.988311127,0.013760870337548026,5136.26,sh000903,0.00019674930793430934
2020-11-30,1.013436010238834,1.0028981173058724,1.0278774094412124,1.0028981173058724,756416353188.34,43565819.205486946,-0.00757749802385399,5097.34,sh000903,0.00019674930793430934
2020-12-01,1.0044740792624263,1.0246566232703278,1.0256836546577448,1.0035218126120242,520892963111.3,32873833.67521805,0.021695629485182444,5207.93,sh000903,0.00019674930793430934
2020-12-02,1.025959103688853,1.0244303615662032,1.0303780931450575,1.020145161639394,471130694045.18,29504119.14508491,-0.0002208171000763759,5206.78,sh000903,0.00019674930793430934
2020-12-03,1.0238656910524317,1.0218234332360736,1.0251445615540047,1.0155943501468734,393323934973.31995,24495280.93007333,-0.0025447589489089317,5193.53,sh000903,0.00019674930793430934
2020-12-04,1.0208573941341161,1.023499737339674,1.0252980260141935,1.0141856251020638,345739538879.14996,25418920.42395541,0.0016405027024009033,5202.05,sh000903,0.00019674930793430934
2020-12-07,1.0241785224520474,1.013367147981057,1.0244441340177588,1.011279637823874,338587600126.36,25063219.635580935,-0.009899943291586943,5150.55,sh000903,0.00019674930793430934
2020-12-08,1.0148526052559612,1.00982369294516,1.0178431947365627,1.0078719398104519,288913326287.17,22584874.53965581,-0.0034967139431711924,5132.54,sh000903,0.00019674930793430934
2020-12-09,1.01275919261954,0.9975012837892343,1.0149745898268805,0.9975012837892343,309100848376.57996,22953932.874645114,-0.012202535196997988,5069.91,sh000903,0.00019674930793430934
2020-12-10,0.9960925587444247,0.9969189058377488,1.0017569713198535,0.9925471362154483,293897531874.95996,20654788.433501687,-0.0005838367939470235,5066.95,sh000903,0.00019674930793430934
2020-12-11,1.0008007696832928,0.9872388398873808,1.0008007696832928,0.9799886278900014,380946229427.26996,25365006.70639691,-0.009709983323300975,5017.75,sh000903,0.00019674930793430934
2020-12-14,0.9904320811551545,0.9968461085938131,0.9975209587200278,0.9876677533786776,292030043730.49,25071808.75967269,0.009731453340640739,5066.58,sh000903,0.00019674930793430934
2020-12-15,0.9960630463482346,0.9969700606578117,0.9991402055243271,0.9884547506104149,289366085185.97,26247213.226275478,0.00012434423220408775,5067.21,sh000903,0.00019674930793430934
2020-12-16,1.000458425887487,1.0018297685637891,1.0043442247191896,0.9981682639431316,244178093963.31,23434434.651488114,0.004874477276449962,5091.91,sh000903,0.00019674930793430934
2020-12-17,1.0045685189302347,1.016871253155367,1.0178609021742768,1.003360478179518,289748973445.1,28456959.214261964,0.015014012423628875,5168.36,sh000903,0.00019674930793430934
2020-12-18,1.0154861380275095,1.0118580807892008,1.0186341269544585,1.0077637276910878,284614876605.8,26846067.29849428,-0.004929997136422282,5142.88,sh000903,0.00019674930793430934
2020-12-21,1.0108822042218468,1.0171781820757446,1.0177074377140878,1.0034962352019927,322699564570.75995,29914085.016949955,0.005257754409980331,5169.92,sh000903,0.00019674930793430934
2020-12-22,1.0156415699807777,1.0038208715600843,1.019950379824539,1.0030023944390776,377369855983.38,33769409.02410376,-0.013131731245357825,5102.03,sh000903,0.00019674930793430934
2020-12-23,1.0065655244057679,1.0105713403153105,1.016853545717653,1.0030850291484101,321003009683.19995,31005843.438705705,0.006724774256521515,5136.34,sh000903,0.00019674930793430934
2020-12-24,1.0103785259935347,1.0111851981560656,1.0164147947609594,1.0063530351531988,254899387075.58,23591990.842500214,0.0006074364236012819,5139.46,sh000903,0.00019674930793430934
2020-12-25,1.008245763495527,1.0171171897902849,1.017410346259107,1.00617005829682,255604375578.24,23142564.803516306,0.005866375066641227,5169.61,sh000903,0.00019674930793430934
2020-12-28,1.0174477286276147,1.024802217758199,1.0297484953596676,1.016837805773018,295410101363.13,28355755.34931856,0.007555695690777631,5208.67,sh000903,0.00019674930793430934
2020-12-29,1.0268484105607159,1.0213315599662378,1.028070223762988,1.020117616736283,312471172811.07,27237825.806819726,-0.003386661086227427,5191.03,sh000903,0.00019674930793430934
2020-12-30,1.0206468723746265,1.035674584514649,1.035674584514649,1.0202907561272654,349811273658.86,30148990.87201261,0.014043455730365695,5263.93,sh000903,0.00019674930793430934
2020-12-31,1.0367035833951455,1.054214271801299,1.0555265896852208,1.0367035833951455,403120797896.18,37239128.26205434,0.01790107391245699,5358.16,sh000903,0.00019674930793430934
2021-01-04,1.0525596101215715,1.0604059725219916,1.0644235933900104,1.047577917644675,510490741006.99994,48802074.99060522,0.005873284858981531,5389.63,sh000903,0.00019674930793430934
2021-01-05,1.056319489396196,1.0810666173481736,1.0810666173481736,1.0541473770366012,544439648223.63995,52111842.140947275,0.019483712239986906,5494.64,sh000903,0.00019674930793430934
2021-01-06,1.0851334255431757,1.0969029691438061,1.098394328897948,1.0795575501563175,494728683022.86,48722225.47077191,0.014648821396852085,5575.13,sh000903,0.00019674930793430934
2021-01-07,1.1000824379600245,1.1183171638193763,1.1183171638193763,1.0958661002909922,497935637124.12,48551282.72127903,0.019522414723961656,5683.97,sh000903,0.00019674930793430934
2021-01-08,1.1214474453086112,1.112042828389351,1.1262441934360496,1.1009323949703007,484222714683.24,50491459.31558786,-0.005610515185688891,5652.08,sh000903,0.00019674930793430934
2021-01-11,1.1129793550951186,1.101660367409658,1.1235408579450323,1.0962871438099717,544446682555.87994,52740608.25284647,-0.009336385896873245,5599.31,sh000903,0.00019674930793430934
2021-01-12,1.0970328236870428,1.1356842252307378,1.1356842252307378,1.0969678964154244,554139458708.5499,51660145.117567554,0.03088416251288084,5772.24,sh000903,0.00019674930793430934
2021-01-13,1.1377914103187143,1.1304270837227333,1.143632897271284,1.1215222100456264,641921546388.2,55158173.489604756,-0.004629052153063529,5745.52,sh000903,0.00019674930793430934
2021-01-14,1.126366178006969,1.1081098097237443,1.1281231493268224,1.1054792714766628,624707996640.26,51857532.18287455,-0.01974233837842354,5632.09,sh000903,0.00019674930793430934
2021-01-15,1.1098726835228359,1.1068545491391235,1.118228626630806,1.0952463399709993,677451739980.21,53361468.63127409,-0.001132794397816772,5625.71,sh000903,0.00019674930793430934
2021-01-18,1.1029333354319926,1.1162139137175586,1.1221596778033334,1.0978867156834777,542018638437.12,45215423.4269401,0.008455821576298872,5673.28,sh000903,0.00019674930793430934
2021-01-19,1.1181499269076323,1.1012098114944882,1.1195114321185375,1.0967514721766967,524898623961.00995,45961986.57933621,-0.013441959501381828,5597.02,sh000903,0.00019674930793430934
2021-01-20,1.1019613938507973,1.1055697761583125,1.1109882520988235,1.0982841492855049,419733598389.94995,40278535.445371576,0.003959249743613613,5619.18,sh000903,0.00019674930793430934
2021-01-21,1.1092057033689384,1.1225216965299325,1.1282608738423763,1.1080940697791097,466792239140.5,46734006.032333784,0.015333198082282395,5705.34,sh000903,0.00019674930793430934
2021-01-22,1.121813399021369,1.1213982579816277,1.1237238348014111,1.1122710575865549,429385881388.75,43543297.13277234,-0.0010008167786670352,5699.63,sh000903,0.00019674930793430934
2021-01-25,1.1207548877446825,1.140599022942937,1.142824257615674,1.1171838878056748,441092946710.51996,51611229.499804236,0.017122164070299428,5797.22,sh000903,0.00019674930793430934
2021-01-26,1.1351785795093468,1.1163122883715257,1.1351785795093468,1.115326574338775,392024006639.72,41985132.67159983,-0.02129296455887486,5673.78,sh000903,0.00019674930793430934
2021-01-27,1.1154131440342658,1.1190766161480028,1.1203948365111627,1.10575668800085,363719652949.89996,38526794.1439536,0.0024763032757704195,5687.83,sh000903,0.00019674930793430934
2021-01-28,1.1041413761827095,1.0907407808193037,1.1048359012397175,1.086729062430523,397394017904.77997,38337165.335132934,-0.02532072864343682,5543.81,sh000903,0.00019674930793430934
2021-01-29,1.0977194787717335,1.086603142873445,1.1015580577695319,1.0750815034008119,426455888871.61,40468334.29596212,-0.0037934200486670067,5522.78,sh000903,0.00019674930793430934
2021-02-01,1.088047282793683,1.0989255520293708,1.1002083575171027,1.0850389858753673,370482670385.49,34619994.221866325,0.011340303253071893,5585.41,sh000903,0.00019674930793430934
2021-02-02,1.1002103250101818,1.1121903903703019,1.1127098085432485,1.0969462539915518,369322290192.05,39380894.6128072,0.012070734288082807,5652.83,sh000903,0.00019674930793430934
2021-02-03,1.1116335898288479,1.1119188763253525,1.1184332459110577,1.1064177656755092,386247391657.26996,41956469.753925644,-0.00024412550881591777,5651.45,sh000903,0.00019674930793430934
2021-02-04,1.1058865425440867,1.1141696884081211,1.1213589081200408,1.1031576296430379,403687148045.87,42881321.29909633,0.002024259260897665,5662.89,sh000903,0.00019674930793430934
2021-02-05,1.1186260602328333,1.1246210116455917,1.1366325568949813,1.117713143444018,445151644595.57996,42373363.0146716,0.009380369387362197,5716.01,sh000903,0.00019674930793430934
2021-02-08,1.1297620710619152,1.138070794335981,1.140284224050242,1.1224075819313306,370720831324.87,38985532.9919077,0.011959391253689056,5784.37,sh000903,0.00019674930793430934
2021-02-09,1.1411774659082636,1.1597250231672311,1.1597250231672311,1.133994148675582,376740969400.25,39824626.267213106,0.019027136922430632,5894.43,sh000903,0.00019674930793430934
2021-02-10,1.1649034649520622,1.1865045714701699,1.189664365355595,1.1648778875420307,409627631457.32996,45259052.43801905,0.023091291269893732,6030.54,sh000903,0.00019674930793430934
2021-02-18,1.2085700063550027,1.1750144118868062,1.2109034531471037,1.1704163805603816,510755209535.74,54897460.77389373,-0.009684041561783818,5972.14,sh000903,0.00019674930793430934
2021-02-19,1.1684843023564666,1.1792760018966635,1.1815051715555591,1.156783621013613,510720520722.49,48912089.59806084,0.0036268406299919675,5993.8,sh000903,0.00019674930793430934
2021-02-22,1.1803128707494772,1.1356645502999445,1.1803128707494772,1.1356645502999445,671941118309.5,59865982.165855736,-0.036981547599185816,5772.14,sh000903,0.00019674930793430934
2021-02-23,1.1252506094309813,1.1340807183710733,1.1470819126393723,1.1252506094309813,507109341565.31995,43949651.02732652,-0.0013946300678777668,5764.09,sh000903,0.00019674930793430934
2021-02-24,1.1374018466890043,1.1060065596219266,1.139206037842762,1.0934303438587654,480382274236.8,50029228.567212515,-0.024754991681254168,5621.4,sh000903,0.00019674930793430934
2021-02-25,1.1176541186516378,1.1168002266552028,1.127444364214449,1.1091427435903995,522624191564.27997,44758923.3279752,0.009759134735119579,5676.26,sh000903,0.00019674930793430934
2021-02-26,1.0916576325942775,1.0883246993178701,1.1060990317966557,1.0859578051434204,482356949543.56,44822717.19766026,-0.02549742259868304,5531.53,sh000903,0.00019674930793430934
2021-03-01,1.0990888539549561,1.1013396660377248,1.103043515044436,1.0889503621171013,384947636132.41,37751943.616370335,0.011958716666094382,5597.68,sh000903,0.00019674930793430934
2021-03-02,1.1090069865679248,1.0851137506123822,1.1098549760851217,1.0759314604110881,406937263671.25,39793997.795620754,-0.014732889339869382,5515.21,sh000903,0.00019674930793430934
2021-03-03,1.0816726052166112,1.1101914174016894,1.1102366697425141,1.0801202531770095,433859914915.18,35528607.180956244,0.023110634046572986,5642.67,sh000903,0.00019674930793430934
2021-03-04,1.0966629349881263,1.0762167469075927,1.097660453979353,1.0704126423235307,442899174156.66,40290287.66873713,-0.030602533906820772,5469.99,sh000903,0.00019674930793430934
2021-03-05,1.0583243648440468,1.070540529373688,1.0800061385784077,1.052315640979733,440416924002.25,37191016.91768599,-0.005274232676842128,5441.14,sh000903,0.00019674930793430934
2021-03-08,1.077737619057925,1.033811368568511,1.0831738024361501,1.0337503762830513,488005975767.18,42947437.72982779,-0.034308986719694845,5254.46,sh000903,0.00019674930793430934
2021-03-09,1.0316628661258684,1.0136524344775617,1.037882111749672,1.004391444553094,514845267124.49994,45428626.79450125,-0.019499625080407923,5152.0,sh000903,0.00019674930793430934
2021-03-10,1.0293136793891329,1.0215755291080766,1.0321114545479586,1.0180281390860209,357154135573.69,32885253.8738955,0.007816381987577614,5192.27,sh000903,0.00019674930793430934
2021-03-11,1.026722491003638,1.0471883540149647,1.0501612360578523,1.0260378034120266,412663159288.50995,35839069.605576664,0.025071885707022012,5322.45,sh000903,0.00019674930793430934
2021-03-12,1.0533584123117847,1.0520028095801175,1.0533584123117847,1.040616927129959,444945229638.25995,33823022.1464956,0.004597506787287875,5346.92,sh000903,0.00019674930793430934
2021-03-15,1.0465154713818294,1.0290893851780878,1.0478395942242273,1.0198952900183174,438074892892.51996,36024726.20641757,-0.021780763504971046,5230.46,sh000903,0.00019674930793430934
2021-03-16,1.03333523524331,1.040691691866974,1.0407428466870368,1.026569026543449,328347248985.33997,28118604.298185382,0.011274342983217611,5289.43,sh000903,0.00019674930793430934
2021-03-17,1.0374413932998992,1.0417738130606127,1.0482744101947623,1.0280328413944806,328460174414.32,28221592.39288476,0.0010398095825070452,5294.93,sh000903,0.00019674930793430934
2021-03-18,1.0450929738854644,1.0499546492845213,1.0537361709830186,1.0443689364322661,293655635217.23,26649354.759070635,0.00785279503222891,5336.51,sh000903,0.00019674930793430934
2021-03-19,1.0358614963571866,1.0198893875390793,1.0386809139398854,1.014301707193745,372199545547.82996,30331481.15003906,-0.028634819385703447,5183.7,sh000903,0.00019674930793430934
2021-03-22,1.0199641522760945,1.0274524309360744,1.031110000570573,1.0168692856622878,352152156098.73,27264797.17153195,0.0074155525975654335,5222.14,sh000903,0.00019674930793430934
2021-03-23,1.0286545692075528,1.0205032453798344,1.0295261686417019,1.011159620746034,321705380641.70996,24996614.032554142,-0.006763510744637324,5186.82,sh000903,0.00019674930793430934
2021-03-24,1.0168574807038118,1.0062310505822796,1.024778607841247,1.0040353283057328,324029195677.19995,26461035.51364358,-0.01398544773097965,5114.28,sh000903,0.00019674930793430934
2021-03-25,1.0019340456969943,1.0044327619077602,1.0088851987463137,0.9965667245765464,289959164781.64996,23150825.932345785,-0.0017871528348075705,5105.14,sh000903,0.00019674930793430934
2021-03-26,1.0103195012011548,1.0251032441993386,1.027881344427371,1.0097351557565897,323727522443.25995,29195392.597110543,0.02057925933470961,5210.2,sh000903,0.00019674930793430934
2021-03-29,1.027881344427371,1.0277160750087062,1.0358260814817584,1.0194506365823859,347990631930.75995,29150366.987040125,0.00254884649341669,5223.48,sh000903,0.00019674930793430934
2021-03-30,1.0275114557284544,1.0377719321372287,1.0402922907718672,1.0244480690039173,306834039894.85,26924549.23120208,0.009784664629710615,5274.59,sh000903,0.00019674930793430934
2021-03-31,1.0360444732135656,1.0267500359067487,1.0360444732135656,1.0200861368470138,331162049229.44,26034322.54215846,-0.010620730710823145,5218.57,sh000903,0.00019674930793430934
2021-04-01,1.0295005912316704,1.0401427612978373,1.0410910929620807,1.0285994794013313,254015973548.87,21497615.37477792,0.013043803187463343,5286.64,sh000903,0.00019674930793430934
2021-04-02,1.0441348047558243,1.0504170101581667,1.0518218002168178,1.0407054643185294,290725134439.08997,26714581.4925796,0.009877729521964751,5338.86,sh000903,0.00019674930793430934
2021-04-06,1.0533288999155945,1.043806233411574,1.0533288999155945,1.0402883557857086,241790837789.8,22162775.260742024,-0.006293478383025519,5305.26,sh000903,0.00019674930793430934
2021-04-07,1.043971502830239,1.0329023867658547,1.043971502830239,1.0263919521663083,321351315863.88995,25896103.56568771,-0.010446236376728035,5249.84,sh000903,0.00019674930793430934
2021-04-08,1.0271336970572207,1.0358969112326148,1.0387104263360754,1.0241391725904605,262220830871.87,21189218.433836162,0.0028991359736678657,5265.06,sh000903,0.00019674930793430934
2021-04-09,1.0328472969596332,1.0188839985755351,1.0328472969596332,1.0163164201069923,266143960300.4,21526627.240728684,-0.016423364596034995,5178.59,sh000903,0.00019674930793430934
2021-04-12,1.017518558378471,1.0044248919354428,1.0209872486773528,1.0012119757368756,331569649138.38995,27086260.566126462,-0.014191121521495154,5105.1,sh000903,0.00019674930793430934
2021-04-13,1.0054519233228598,1.0019733955585812,1.0138354113339407,0.9987467069084585,314409934395.57,23814103.270563748,-0.002440696558343669,5092.64,sh000903,0.00019674930793430934
2021-04-14,1.0037008544822443,1.0077204428433424,1.009662358512654,1.0001003421470465,302585272726.23,23973723.333484177,0.0057357284237644635,5121.85,sh000903,0.00019674930793430934
2021-04-15,1.0053673211204481,0.9991559454689618,1.0053673211204481,0.9892870001829769,267755681344.44998,24294357.640661,-0.008498882239815764,5078.32,sh000903,0.00019674930793430934
2021-04-16,1.0030437117937439,1.003142086447711,1.0060874235874877,0.9933144585163922,248682058980.03,21709351.225453068,0.0039895083413412635,5098.58,sh000903,0.00019674930793430934
2021-04-19,1.0033840880964702,1.0248435351128653,1.0253590182996533,0.9973537218082835,343308343542.19,31155296.454380725,0.021633474418367493,5208.88,sh000903,0.00019674930793430934
2021-04-20,1.0203851957950738,1.0246094034364235,1.0315448165411079,1.0186360944475379,266613141112.11,26487607.15931382,-0.000228456021256096,5207.69,sh000903,0.00019674930793430934
2021-04-21,1.0189705682710262,1.0280485813391151,1.0304863052644213,1.0184491826050002,261271719528.3,23728594.01921454,0.0033565746040951083,5225.17,sh000903,0.00019674930793430934
2021-04-22,1.0309407961657495,1.0238243736977655,1.03195799008777,1.0198834850598413,267534562396.4,23161089.68581103,-0.004108957220530618,5203.7,sh000903,0.00019674930793430934
2021-04-23,1.0245129962755357,1.036402556954006,1.0387891260592492,1.0239896431164304,283898894417.70996,27878515.795624692,0.012285489171166786,5267.63,sh000903,0.00019674930793430934
2021-04-26,1.041254394887666,1.0218588481115018,1.0439301854755727,1.0208357517102435,351837542539.73,32851728.2451339,-0.014032876265037575,5193.71,sh000903,0.00019674930793430934
2021-04-27,1.021750635992138,1.0253196684380663,1.0262837400469444,1.0157084647454753,272335631380.66998,25366315.463905357,0.0033867890197951667,5211.3,sh000903,0.00019674930793430934
2021-04-28,1.0204324156289781,1.0289851080448826,1.029061840274977,1.0182484983109072,264722613496.50998,27128757.308548167,0.003574923723447254,5229.93,sh000903,0.00019674930793430934
2021-04-29,1.0318438754891681,1.0402981932511053,1.041311452186967,1.0287844237507895,318978824672.43,30149687.156795427,0.01099441101506149,5287.43,sh000903,0.00019674930793430934
2021-04-30,1.0402411359518045,1.0306987945169903,1.0407467816731955,1.0252567086595272,380159959825.49,30958255.113809638,-0.009227545329205333,5238.64,sh000903,0.00019674930793430934
2021-05-06,1.0250619268446723,1.016149183195248,1.0335260820720065,1.0133277981194702,361639594807.39996,32055708.726028558,-0.014116259181772506,5164.69,sh000903,0.00019674930793430934
2021-05-07,1.0194467015962272,1.0037598792746247,1.0227796348726346,1.0032758759771063,380300168704.94995,29757023.63942935,-0.012192406514234033,5101.72,sh000903,0.00019674930793430934
2021-05-10,1.0041317354666206,1.0014775873025867,1.007671255516359,0.9937118921184195,340317268218.07,27289447.586968113,-0.002273742972958237,5090.12,sh000903,0.00019674930793430934
2021-05-11,0.9944083846685069,1.010350981090424,1.0118718532407562,0.9910518414751477,292030653643.69,24515884.99609453,0.008860301918226066,5135.22,sh000903,0.00019674930793430934
2021-05-12,1.006852778395352,1.013378952939533,1.0151005093839582,1.0053181337934645,264567970004.65,21747808.871426295,0.0029969504714499884,5150.61,sh000903,0.00019674930793430934
2021-05-13,1.0036083823075153,1.0021740798526741,1.0088005965439018,0.9976803256594545,276287335242.62,21729882.761809386,-0.011056942769885447,5093.66,sh000903,0.00019674930793430934
2021-05-14,1.0052807514249569,1.0254318155435889,1.0260181284812333,0.9993113774222299,365098387151.55,32306923.27918137,0.023207281208404096,5211.87,sh000903,0.00019674930793430934
2021-05-17,1.025742679450125,1.0387812560869318,1.0432769777732307,1.025742679450125,336844829066.07,32764610.446994755,0.013018360012816865,5279.72,sh000903,0.00019674930793430934
2021-05-18,1.0407153017839261,1.039218039550546,1.0426159000985715,1.0332565355201364,255732096484.93,21015671.063489035,0.00042047684346879777,5281.94,sh000903,0.00019674930793430934
2021-05-19,1.036591436289623,1.0337366038314961,1.0388324109069946,1.0309644060827017,255040444750.90997,23123793.320360996,-0.005274577144003811,5254.08,sh000903,0.00019674930793430934
2021-05-20,1.0340553377103496,1.038639596585219,1.0405933172130069,1.0306299322592134,284968112918.19,25712920.226419106,0.004742980693099419,5279.0,sh000903,0.00019674930793430934
2021-05-21,1.040910083598781,1.027003842513984,1.0444928884962648,1.0250894717477832,257666029589.93,26066162.259154256,-0.011202879333207072,5219.86,sh000903,0.00019674930793430934
2021-05-24,1.0278321571003874,1.0304312154581996,1.030439085430517,1.0180812613991632,275133958885.76,27245459.956990603,0.0033372542558611773,5237.28,sh000903,0.00019674930793430934
2021-05-25,1.0326171002693498,1.0669144396284587,1.068159862747683,1.0324144484821776,450935405727.68994,44958678.083897844,0.03540578315461462,5422.71,sh000903,0.00019674930793430934
2021-05-26,1.0691868941351,1.0676699569709265,1.0731336852522622,1.0647108473795945,354547066682.89996,34073174.54300055,0.0007081330183615897,5426.55,sh000903,0.00019674930793430934
2021-05-27,1.0664678186994476,1.0697968169896963,1.0806278663914801,1.059943611648346,309384717227.69,30282941.074762773,0.00199205756880505,5437.36,sh000903,0.00019674930793430934
2021-05-28,1.0698715817267113,1.0662140120922126,1.073804600392318,1.0590188899010549,348505337680.24,30588394.92308086,-0.0033490517457001046,5419.15,sh000903,0.00019674930793430934
2021-05-31,1.0641146969765534,1.06343591186418,1.0641146969765534,1.052878344000425,293819955998.52997,29172270.139947783,-0.0026055746749951147,5405.03,sh000903,0.00019674930793430934
2021-06-01,1.0616415581758192,1.0656985289054246,1.0660979300005313,1.051674238235867,300394291703.08997,30913287.527471125,0.002127647765137297,5416.53,sh000903,0.00019674930793430934
2021-06-02,1.067185953673408,1.0569569571539033,1.068114610406858,1.0521267616441161,301133694558.06,28418328.302978195,-0.008202668498097365,5372.1,sh000903,0.00019674930793430934
2021-06-03,1.0563116194238786,1.051524708761837,1.062869273857329,1.0509639732342242,306451009322.63995,27834622.45421152,-0.005139517134826299,5344.49,sh000903,0.00019674930793430934
2021-06-04,1.0461888675306585,1.0570809092179019,1.0677545591733382,1.0451106813231785,327644003817.91,28635473.254882827,0.005283946644113913,5372.73,sh000903,0.00019674930793430934
2021-06-07,1.0567306954497788,1.0537538784207328,1.0570454943424739,1.0470801418956008,281180277485.25,26637372.85843297,-0.0031473757289124382,5355.82,sh000903,0.00019674930793430934
2021-06-08,1.0533682497771815,1.0445912631502319,1.061704517954358,1.038450717249602,288011940651.5,30532168.315097954,-0.008695213804795432,5309.25,sh000903,0.00019674930793430934
2021-06-09,1.0431608956815495,1.046031468084311,1.0498818520405855,1.0417600406090572,273975703223.3,24478467.7478697,0.001378725808729886,5316.57,sh000903,0.00019674930793430934
2021-06-10,1.0461672251067857,1.0515719285957412,1.058212217738524,1.0441603821658558,329781907144.82,30261006.492333665,0.005296648026829276,5344.73,sh000903,0.00019674930793430934
2021-06-11,1.0518040927791037,1.0421279618148942,1.0520441269347836,1.0392652593844502,435031222720.12,37160921.1361879,-0.00898080913348287,5296.73,sh000903,0.00019674930793430934
2021-06-15,1.0410576455797318,1.0291857923389756,1.0425372003753979,1.0226064954816523,350903318160.85,34363685.66858366,-0.012418983032927766,5230.95,sh000903,0.00019674930793430934
2021-06-16,1.0285325846366336,1.0155195854098584,1.0296088033510344,1.0144413992023784,309180111679.52997,30578982.990235332,-0.013278658752234329,5161.49,sh000903,0.00019674930793430934
2021-06-17,1.0136917843391486,1.0141600476920323,1.0214259996340465,1.0105319904537238,283451665398.58997,26908362.22177189,-0.0013387607066951412,5154.58,sh000903,0.00019674930793430934
2021-06-18,1.0135481573443565,1.0087140268484105,1.0171998244996174,1.0017923861952818,369565711632.77997,36153162.54286676,-0.0053699816473893325,5126.9,sh000903,0.00019674930793430934
2021-06-21,1.0052276291118147,1.0025754484408602,1.009776473111256,0.9975976909501221,322929933869.00995,33080740.661982723,-0.006085548772162497,5095.7,sh000903,0.00019674930793430934
2021-06-22,1.0060913585736462,1.00925508744523,1.0112835728100327,1.0023432842574977,322967143656.82,31920508.59538702,0.006662480130305903,5129.65,sh000903,0.00019674930793430934
2021-06-23,1.0101168494139823,1.0123047017182116,1.0173355815220921,1.006778013658337,295842656887.18,33105506.318997525,0.003021648650492814,5145.15,sh000903,0.00019674930793430934
2021-06-24,1.0142643248252374,1.0168751881415259,1.0175382333092644,1.007242342025062,276967718830.26996,29666013.415941812,0.004514931537467515,5168.38,sh000903,0.00019674930793430934
2021-06-25,1.0172568817989183,1.033398195021849,1.0358221464956,1.0166017066034971,345344421860.36,36830816.06654849,0.016248805234909014,5252.36,sh000903,0.00019674930793430934
2021-06-28,1.0364812566771797,1.0331778357969625,1.0372603839365995,1.0282807455224778,299313769477.97,32117084.13433256,-0.00021323747800983117,5251.24,sh000903,0.00019674930793430934
2021-06-29,1.0323691961413526,1.0200546569577442,1.0324085460029395,1.0183291655271605,289107598889.19995,30392510.833607145,-0.012701761869577388,5184.54,sh000903,0.00019674930793430934
2021-06-30,1.018687249267601,1.0241509775489366,1.0259433637442181,1.0181599611223369,230445816943.55,25494320.65179111,0.00401578539272518,5205.36,sh000903,0.00019674930793430934
2021-07-01,1.028082028721464,1.031212310210699,1.0312339526345715,1.0176739903317389,292237276988.01996,31930545.895120814,0.006894816112622326,5241.25,sh000903,0.00019674930793430934
2021-07-02,1.020993151156591,0.997562276074694,1.020993151156591,0.9962538931769308,325910981203.6,34997044.5200399,-0.03263152873837338,5070.22,sh000903,0.00019674930793430934
2021-07-05,0.995199316886403,0.9948707455421526,0.9977314804795174,0.9879432024097856,295511316458.67,31145987.674836356,-0.0026981077744161475,5056.54,sh000903,0.00019674930793430934
2021-07-06,0.9948254932013278,0.9957797273448091,0.9964545774710238,0.9849545804222635,300444152107.19,33589894.074107595,0.000913668239547194,5061.16,sh000903,0.00019674930793430934
2021-07-07,0.9910026541481641,1.0019202732454389,1.004708210938868,0.990032680060048,270710639641.90997,29448343.026909404,0.006166570509527514,5092.37,sh000903,0.00019674930793430934
2021-07-08,1.0037520093023073,0.9876598834063602,1.0043186473091583,0.9851946145779432,343928147501.25,35765566.43142008,-0.014233058477683191,5019.89,sh000903,0.00019674930793430934
2021-07-09,0.9829870873429204,0.9824558642114977,0.9861665561591388,0.9735765679444224,303325336320.5,30301885.82322862,-0.005269039759835503,4993.44,sh000903,0.00019674930793430934
2021-07-12,0.9894443996293244,0.9912899081377482,0.9975839184985668,0.980513948542186,393949827899.16,39252094.0162633,0.008991797237976273,5038.34,sh000903,0.00019674930793430934
2021-07-13,0.9909396943696251,0.9940896507896534,0.9971884523896187,0.9887577445446337,321373628521.79,31720467.750230692,0.0028243429383485452,5052.57,sh000903,0.00019674930793430934
2021-07-14,0.9926553483348123,0.9835832377459613,0.9926553483348123,0.9809940168535458,390461876621.44,35425801.21630422,-0.010568878808210447,4999.17,sh000903,0.00019674930793430934
2021-07-15,0.9821272928672475,0.9983355008548758,0.9991303680589303,0.9809408945404035,362589331312.0,35255899.67044491,0.014998489749298294,5074.15,sh000903,0.00019674930793430934
2021-07-16,0.9962243807807407,0.9859068470726654,0.996690676640545,0.9849978652700089,314556547363.63,31302343.09695216,-0.012449375757516035,5010.98,sh000903,0.00019674930793430934
2021-07-19,0.9837996619846892,0.9915358447726661,0.9930822943330297,0.9753827265912592,307419505740.75,30192362.80572383,0.005709462021401102,5039.59,sh000903,0.00019674930793430934
2021-07-20,0.9849270355191526,0.9875831511762658,0.990136957193253,0.9819167711077577,249316770234.21997,24203025.06310734,-0.003986435404467414,5019.5,sh000903,0.00019674930793430934
2021-07-21,0.9897139461811943,0.9888875990878703,0.9966198468896886,0.9869063335569719,312028899336.69995,33836052.50373332,0.0013208486901086225,5026.13,sh000903,0.00019674930793430934
2021-07-22,0.9893932448092614,0.9876323385032494,0.9945972640041238,0.9861094988598379,340570666822.23,37245448.81940578,-0.001269366291759333,5019.75,sh000903,0.00019674930793430934
2021-07-23,0.9860052217266325,0.974847568473678,0.9860052217266325,0.9733444037610599,385274808820.72,38067172.8517435,-0.012944867772299307,4954.77,sh000903,0.00019674930793430934
2021-07-26,0.9692795630591371,0.937114986198036,0.9692795630591371,0.9277989064673466,449773556659.95996,46717274.24453185,-0.03870613570357462,4762.99,sh000903,0.00019674930793430934
2021-07-27,0.9365326082465505,0.9035574242367603,0.9381636600093259,0.9022136264635691,460754972669.42,45874576.24488206,-0.03580943902884526,4592.43,sh000903,0.00019674930793430934
2021-07-28,0.8977316772288253,0.9094421960370755,0.9130269684276386,0.8925532354439943,399736084592.77997,38475670.40083737,0.006512891867703985,4622.34,sh000903,0.00019674930793430934
2021-07-29,0.9244226883431937,0.9174262829530497,0.925134920837916,0.9123521183014239,341921345016.68,36652799.25707462,0.008779103224773488,4662.92,sh000903,0.00019674930793430934
2021-07-30,0.9117913827738111,0.9037954908993608,0.9117913827738111,0.8970233797202619,333022599611.25995,36884263.98248144,-0.014857642850402697,4593.64,sh000903,0.00019674930793430934
2021-08-02,0.8984202998065954,0.9293355185623134,0.9305337218476335,0.8905365550376677,451855058263.69995,48118934.19483297,0.028258635853048775,4723.45,sh000903,0.00019674930793430934
2021-08-03,0.9249696514192512,0.9355173818176095,0.9366447553520731,0.9219161021601107,358184136655.41,40144500.62467906,0.006651917560257958,4754.87,sh000903,0.00019674930793430934
2021-08-04,0.9343959107623839,0.9368828220146737,0.9382797421010072,0.9300792309463051,308656104753.75,36627772.493266255,0.0014595562023778097,4761.81,sh000903,0.00019674930793430934
2021-08-05,0.9299454414169099,0.9312243119184829,0.9428482610312419,0.9255067770299118,307047219806.07996,34914305.90188899,-0.006039720190431863,4733.05,sh000903,0.00019674930793430934
2021-08-06,0.9281983075624533,0.9250463836493455,0.9282258524655641,0.9209284206342805,268988168525.96,30157015.07060349,-0.006634199934503204,4701.65,sh000903,0.00019674930793430934
2021-08-09,0.9194390283732177,0.9404125045990152,0.9453804246243565,0.9188173005601453,371842705664.94995,37556547.893306784,0.016611189688726435,4779.75,sh000903,0.00019674930793430934
2021-08-10,0.9392969360230276,0.9558356828479857,0.9558612602580172,0.9298096843944351,315623814141.87,37096665.49430313,0.016400439353522644,4858.14,sh000903,0.00019674930793430934
2021-08-11,0.9545882922356822,0.9495180625702149,0.9600736629408907,0.9485008686481945,365070427713.94,33084685.46986686,-0.006609525456244714,4826.03,sh000903,0.00019674930793430934
2021-08-12,0.9465432130342482,0.9396924021319756,0.9496321771688168,0.9388581850663341,293726507131.07,30708080.152520064,-0.010348050053563651,4776.09,sh000903,0.00019674930793430934
2021-08-13,0.9364794859334084,0.9369713592032441,0.942997790505272,0.9317378276121914,274429427817.99997,27409813.789371997,-0.002895674076493493,4762.26,sh000903,0.00019674930793430934
2021-08-16,0.9357947983417968,0.9389683646787773,0.9444635728493825,0.9341224292243552,294824727004.20996,28303720.150080375,0.002131341001961218,4772.41,sh000903,0.00019674930793430934
2021-08-17,0.9376658842602522,0.918775983205479,0.9433224268633635,0.916596000873567,357942946480.47,33521168.99309607,-0.021504858132473936,4669.78,sh000903,0.00019674930793430934
2021-08-18,0.9183057523595162,0.9299651163477032,0.9338705901101994,0.9131351805470024,404383277559.3,36289722.20178216,0.01217830390296748,4726.65,sh000903,0.00019674930793430934
2021-08-19,0.9279405659690592,0.9175679424547626,0.929160411678252,0.9132433926663663,397347827145.1,34737273.07820195,-0.013330794537357193,4663.64,sh000903,0.00019674930793430934
2021-08-20,0.906439801597998,0.8965177339988707,0.9091175596789838,0.8884765897835954,350120753781.75995,36787938.94632876,-0.022941307648103315,4556.65,sh000903,0.00019674930793430934
2021-08-23,0.8968935251770254,0.9040099476450091,0.9063473294232688,0.8948433973883498,297197812861.04,32130674.58176016,0.008357016667946748,4594.73,sh000903,0.00019674930793430934
2021-08-24,0.906107295267589,0.9147878747336508,0.9182172151709456,0.9057669189648626,349041176922.1,35774514.98029556,0.011922354523552059,4649.51,sh000903,0.00019674930793430934
2021-08-25,0.9157539138356081,0.9162300471608092,0.9195865903541685,0.9115690560558453,341442552989.45996,32643481.071339335,0.0015765102129041697,4656.84,sh000903,0.00019674930793430934
2021-08-26,0.9157204664532593,0.89556153236231,0.9157204664532593,0.8953274006858682,340085872232.6,30074722.912834156,-0.022558215442231244,4551.79,sh000903,0.00019674930793430934
2021-08-27,0.8943534916115933,0.9015033614619261,0.9095563106356774,0.8941901896860078,334086898145.25995,30559586.94607692,0.006634752481990525,4581.99,sh000903,0.00019674930793430934
2021-08-30,0.9056901867347683,0.8956638420024359,0.9060226930651772,0.8899325346623095,446126397706.6,42091468.41327586,-0.006477534870219959,4552.31,sh000903,0.00019674930793430934
2021-08-31,0.8946545180527329,0.8939383505718519,0.9000847989517197,0.8825898504902009,506547972373.43,41468023.561123125,-0.0019264944610539736,4543.54,sh000903,0.00019674930793430934
2021-09-01,0.8926555450841203,0.9143668312146712,0.9211251699422148,0.8861923303184782,702458481054.2,53974873.76603753,0.022852225357320455,4647.37,sh000903,0.00019674930793430934
2021-09-02,0.9148626394706658,0.9136919810884565,0.9198108845652136,0.9080019911029964,533557012739.52997,41460273.36348844,-0.000738051844376586,4643.94,sh000903,0.00019674930793430934
2021-09-03,0.9148429645398722,0.9137254284708054,0.9200233738177827,0.9038741906225345,541156160180.99994,41450213.49897002,3.660684677231352e-05,4644.11,sh000903,0.00019674930793430934
2021-09-06,0.912834154105863,0.9289971097526665,0.9324205477107235,0.9121140516388234,510610614363.85,44112846.802725375,0.016713643733675454,4721.73,sh000903,0.00019674930793430934
2021-09-07,0.9286488634776228,0.9378764060197419,0.941185729379197,0.9234172993796494,524336919316.86,37497616.734709136,0.009557937450892062,4766.86,sh000903,0.00019674930793430934
2021-09-08,0.9362158418607763,0.9314053212817826,0.9412447541715772,0.9285977086575599,520837130640.44995,36475763.209846914,-0.006899720151210542,4733.97,sh000903,0.00019674930793430934
2021-09-09,0.9276336370486817,0.9306537389254733,0.9307344061417265,0.9243321836615441,537785861159.55994,33239300.18002562,-0.0008069337152539768,4730.15,sh000903,0.00019674930793430934
2021-09-10,0.9303074601435091,0.9417503998929685,0.9477158389095367,0.9296444149757704,618225778159.34,41572818.45036311,0.011923511939367692,4786.55,sh000903,0.00019674930793430934
2021-09-13,0.9400288434485433,0.938795225287795,0.9460985595983166,0.9332842771725552,522196062993.54,37223102.429657206,-0.003137959490656206,4771.53,sh000903,0.00019674930793430934
2021-09-14,0.9392949685299482,0.9234389418035222,0.9416264478289699,0.9218551098746511,549695514233.31995,37961131.258152805,-0.01635743671317169,4693.48,sh000903,0.00019674930793430934
2021-09-15,0.9205113121014599,0.9114155915956565,0.9205113121014599,0.9066640958090431,407712132978.8,31580659.56821397,-0.013020189709980534,4632.37,sh000903,0.00019674930793430934
2021-09-16,0.9109138808604241,0.9066562258367258,0.9142566516022281,0.9031186732800668,462911239466.25995,34202586.80638491,-0.005221949023933692,4608.18,sh000903,0.00019674930793430934
2021-09-17,0.9044762435048136,0.9170859066503233,0.9171134515534342,0.9031009658423527,408083727678.50995,31793082.033049952,0.011503456896214903,4661.19,sh000903,0.00019674930793430934
2021-09-22,0.8996440805019469,0.9063689718471416,0.9082223503278829,0.8984832595851345,435509018555.77997,28383233.61579976,-0.011685857045089176,4606.72,sh000903,0.00019674930793430934
2021-09-23,0.9103629827982082,0.9089070379194941,0.9170544267610539,0.9054678600168025,438156956713.57996,30240566.82688619,0.002800257015837637,4619.62,sh000903,0.00019674930793430934
2021-09-24,0.9069179024162783,0.9117677728568591,0.9202397980565105,0.9066188434682181,402071203352.91,32457605.269733466,0.003147445027946061,4634.16,sh000903,0.00019674930793430934
2021-09-27,0.9171036140880374,0.9279523709275354,0.9346221724665084,0.9171036140880374,458007481429.55,42564547.987746455,0.017750789787145838,4716.42,sh000903,0.00019674930793430934
2021-09-28,0.9269135345816423,0.9306714463631874,0.9341637465790215,0.9211054950114214,392177099935.52997,31456027.81563016,0.0029301885752328616,4730.24,sh000903,0.00019674930793430934
2021-09-29,0.9242239715421802,0.9277890690019499,0.9337171256500106,0.9168655474254369,418811241905.42,31114600.059418295,-0.0030970944391827127,4715.59,sh000903,0.00019674930793430934
2021-09-30,0.9286370585191467,0.93063406399468,0.9335912060929327,0.9274900100538896,310502459405.83997,27562857.829343587,0.0030664243498692567,4730.05,sh000903,0.00019674930793430934
2021-10-08,0.9406190913723462,0.949431492874724,0.9519695589470765,0.9367647724299131,410879803587.37,36955002.16463589,0.020198517986067754,4825.59,sh000903,0.00019674930793430934
2021-10-11,0.9522961627982474,0.9524417572861189,0.9646795642396329,0.9519380790578069,385905347252.1,32887782.74154421,0.0031705967560444748,4840.89,sh000903,0.00019674930793430934
2021-10-12,0.9491835887467266,0.9467419298352618,0.9531520222877616,0.9389290148171905,374457403553.35,29178481.90280191,-0.00598443674613558,4811.92,sh000903,0.00019674930793430934
2021-10-13,0.9455968488630843,0.9569807638201633,0.960998384688182,0.9434463789273622,300400329843.76996,29159416.271561265,0.010814809888776145,4863.96,sh000903,0.00019674930793430934
2021-10-14,0.9563354260901389,0.9497207143573874,0.9600736629408907,0.9479853854614066,246517065341.81998,23213389.215383437,-0.007586411072459387,4827.06,sh000903,0.00019674930793430934
2021-10-15,0.9459293551934932,0.9529041181597644,0.9544564701993662,0.9438792274048177,326170077413.57,28835874.33070804,0.0033519367896812646,4843.24,sh000903,0.00019674930793430934
2021-10-18,0.9504900041514105,0.9361214021929678,0.9504900041514105,0.931448606129528,317784868757.32996,30548800.97902456,-0.017612176972439997,4757.94,sh000903,0.00019674930793430934
2021-10-19,0.9345710176464456,0.945882135359589,0.9479617755444546,0.9345690501533662,296766121380.69,27574031.427160457,0.010426781338142233,4807.55,sh000903,0.00019674930793430934
2021-10-20,0.9485677634128922,0.9434227690104101,0.9525539043916413,0.9408315806249152,289925685629.57996,25975148.00624089,-0.0026000769622780417,4795.05,sh000903,0.00019674930793430934
2021-10-21,0.9441704163805605,0.9499135286791629,0.9527998410265592,0.9427066015295291,330227474150.47,27083012.04302514,0.006880011678710218,4828.04,sh000903,0.00019674930793430934
2021-10-22,0.9524614322169122,0.9595168623994367,0.964852703630615,0.9511156669506415,308737187631.07996,28370366.853250597,0.010109692546043547,4876.85,sh000903,0.00019674930793430934
2021-10-25,0.9547397892027915,0.9581199423131029,0.9587888899600796,0.9504231093867128,300416101182.6,28717678.37705431,-0.001455857777048819,4869.75,sh000903,0.00019674930793430934
2021-10-26,0.957580849209363,0.9521663082550107,0.9616692998282379,0.9508756327949618,275375138895.48,26054144.09368415,-0.006213871348631939,4839.49,sh000903,0.00019674930793430934
2021-10-27,0.9485972758090825,0.9380692203415175,0.9485972758090825,0.9352320953211047,307973312008.95996,27591856.801131703,-0.014805279068662136,4767.84,sh000903,0.00019674930793430934
2021-10-28,0.9346615223280954,0.9339807697226427,0.9384312390681167,0.9311318397437538,311423931516.23,27757884.457001425,-0.004358367730460722,4747.06,sh000903,0.00019674930793430934
2021-10-29,0.9342640887260679,0.9415418456265581,0.9415418456265581,0.9330403080307165,346588253427.38995,34837725.8581713,0.008095537027128286,4785.49,sh000903,0.00019674930793430934
2021-11-01,0.9330186656068438,0.9377445839834259,0.9405876114830767,0.9279995907614396,379526260010.69,36100458.45894137,-0.00403302483131307,4766.19,sh000903,0.00019674930793430934
2021-11-02,0.9362473217500458,0.925323800173533,0.9412054043099903,0.917524657607017,429505780158.64996,36970272.882633135,-0.013245380482103997,4703.06,sh000903,0.00019674930793430934
2021-11-03,0.9241059219574196,0.9196731600496596,0.9282770072856269,0.917743049338824,310134569928.82,27353731.43483368,-0.006106662470816926,4674.34,sh000903,0.00019674930793430934
2021-11-04,0.9237773506131692,0.9288101979101289,0.9307107962247743,0.9224532277707714,288318477943.20996,29198625.80839372,0.009935092440857884,4720.78,sh000903,0.00019674930793430934
2021-11-05,0.9263764089709815,0.9253218326804536,0.9333275620203006,0.9237084883553923,281731237491.86,26380663.780223154,-0.0037557352810340117,4703.05,sh000903,0.00019674930793430934
2021-11-08,0.9246509175403976,0.9242672563899257,0.9286350910260674,0.9209736729751054,260354908171.27997,23878879.51426531,-0.0011396859484803512,4697.69,sh000903,0.00019674930793430934
2021-11-09,0.9259593004381608,0.9213750415632913,0.9285819687129251,0.9173475832298761,245600757163.18997,22222045.696994264,-0.0031291975417705453,4682.99,sh000903,0.00019674930793430934
2021-11-10,0.91883304050478,0.9154764973114208,0.919159644355951,0.9037089212038697,302396448682.12,27693524.050045155,-0.006401892807800014,4653.01,sh000903,0.00019674930793430934
2021-11-11,0.9147819722544126,0.9329675107867809,0.9330029256622091,0.9133830846749997,381982970049.85,31127685.216847252,0.01910591208701451,4741.91,sh000903,0.00019674930793430934
2021-11-12,0.9345887250841595,0.9290994193927924,0.9353403074404687,0.9270807714933863,271730673725.41998,23399819.46598303,-0.004146008675828927,4722.25,sh000903,0.00019674930793430934
2021-11-15,0.9312026694946101,0.930765886030996,0.9340948843212445,0.9269410794847529,240960461298.43997,22229964.32462849,0.0017936365080206684,4730.72,sh000903,0.00019674930793430934
2021-11-16,0.9312912066831807,0.9329301284182734,0.9380515129038034,0.9308642606849632,250993548686.27,24209979.046198707,0.00232522744952135,4741.72,sh000903,0.00019674930793430934
2021-11-17,0.9322926606605662,0.9302917201988743,0.9344647730201611,0.9278658012320441,211794925418.05,19836335.48904992,-0.002828087698134807,4728.31,sh000903,0.00019674930793430934
2021-11-18,0.9273955703860812,0.920375555078985,0.9273955703860812,0.9193327837469332,212045045738.75998,18461255.243270684,-0.010659199587167656,4677.91,sh000903,0.00019674930793430934
2021-11-19,0.9189825699788101,0.9309488628873748,0.9322847906882488,0.9187877881639552,259133755210.06998,23300926.879693702,0.01148803632391382,4731.65,sh000903,0.00019674930793430934
2021-11-22,0.9320782039149178,0.9309646028320095,0.9350983057917094,0.9297290171781821,266796186228.65,26362578.911228683,1.6907421301226577e-05,4731.73,sh000903,0.00019674930793430934
2021-11-23,0.929361095972345,0.932257245785138,0.9358616931064946,0.9281786326316597,277390409008.31,25130330.528606366,0.0013884984984351423,4738.3,sh000903,0.00019674930793430934
2021-11-24,0.9333314970064593,0.935818408258749,0.9394385955247403,0.9304884695068086,242066345747.46,25791680.189508934,0.0038199354198762414,4756.4,sh000903,0.00019674930793430934
2021-11-25,0.936369306320965,0.9315528832627332,0.9373215729713671,0.9301362882456062,214023954859.65,22697136.760837447,-0.00455806912791179,4734.72,sh000903,0.00019674930793430934
2021-11-26,0.9299513438961479,0.9229195236305757,0.9299611813615446,0.9209559655373912,223885661720.88998,20785563.44870057,-0.009267707488510468,4690.84,sh000903,0.00019674930793430934
2021-11-29,0.9163087468839829,0.9205703368938399,0.9222604134489957,0.9152817154965659,249356328187.84998,23317474.92567795,-0.002545386327395649,4678.9,sh000903,0.00019674930793430934
2021-11-30,0.9207238013540289,0.9139497226818505,0.9233307296841584,0.9108273111649331,241554679398.75998,21480711.12755061,-0.007191861334929106,4645.25,sh000903,0.00019674930793430934
2021-12-01,0.9147013050381595,0.9176072923163494,0.9178551964443467,0.9127613568619273,232287632824.90997,20648847.4480631,0.004001937462999816,4663.84,sh000903,0.00019674930793430934
2021-12-02,0.9162300471608092,0.9204581897883175,0.9224414228122952,0.9135483540936645,283055765657.86,22824994.471737947,0.003106881882740442,4678.33,sh000903,0.00019674930793430934
2021-12-03,0.9205801743592367,0.9293709334377417,0.9293709334377417,0.9197577622520714,272632059361.09,27483016.368361928,0.009682942417486684,4723.63,sh000903,0.00019674930793430934
2021-12-06,0.9317279901467946,0.931391548830227,0.9401173806371137,0.9305573317645855,364337174817.06995,31633462.776014686,0.00217417536936626,4733.9,sh000903,0.00019674930793430934
2021-12-07,0.9386811106891931,0.9394110506216294,0.9413273888809096,0.9348543366498709,366814693061.56995,31939499.279307287,0.008610236802636395,4774.66,sh000903,0.00019674930793430934
2021-12-08,0.9416539927320807,0.9531028349607781,0.9533389341302992,0.9362748666531566,316911976233.32,31470519.242672566,0.014574859780591698,4844.25,sh000903,0.00019674930793430934
2021-12-09,0.9544486002270488,0.9703203668981095,0.9788868317655693,0.9540216542288313,489621635833.98,42520031.697100505,0.018064715900294237,4931.76,sh000903,0.00019674930793430934
2021-12-10,0.9639968441411008,0.9669244738431633,0.9675678440801085,0.9622674177243582,417903106563.67,31860154.24358745,-0.0034997647898519224,4914.5,sh000903,0.00019674930793430934
2021-12-13,0.9749951304546288,0.9731161745638561,0.9869496184047173,0.9726479112109724,491604768603.77997,45978835.22048712,0.006403499847390526,4945.97,sh000903,0.00019674930793430934
2021-12-14,0.9697812737943696,0.9669815311424642,0.9720655332594869,0.9647818738797587,356668975036.13995,31912368.349332333,-0.006304122346071694,4914.79,sh000903,0.00019674930793430934
2021-12-15,0.9642545857344949,0.9584917985050989,0.9697360214535445,0.9583481715103067,298042481651.72,27514177.530048538,-0.00877962232363938,4871.64,sh000903,0.00019674930793430934
2021-12-16,0.9584406436850359,0.9628419257035264,0.9628419257035264,0.9540393616665455,287772010963.83997,28744926.160378233,0.004538512697982444,4893.75,sh000903,0.00019674930793430934
2021-12-17,0.9596821318181014,0.9478929132866777,0.960282217207301,0.9473557876760169,302011725600.77997,30294055.03707741,-0.015525925925925832,4817.77,sh000903,0.00019674930793430934
2021-12-20,0.9446819645811896,0.9368572446046423,0.9518278994453638,0.934820889267522,305197520796.61,29643077.11825224,-0.011642315843222062,4761.68,sh000903,0.00019674930793430934
2021-12-21,0.9358282457241457,0.9422245657250902,0.9436549331937725,0.9350687933955193,274181050832.52,25161297.471968144,0.005729070412123338,4788.96,sh000903,0.00019674930793430934
2021-12-22,0.9444242229877957,0.9415634880504309,0.9471039485618611,0.9390785442912206,251617200181.09998,23194292.960506514,-0.0007016137115364307,4785.6,sh000903,0.00019674930793430934
2021-12-23,0.9436588681799313,0.9494806802017075,0.9494806802017075,0.9389506572410632,268976600505.59998,24957836.45017029,0.008408559010364414,4825.84,sh000903,0.00019674930793430934
2021-12-24,0.9502814498850001,0.9455476615361007,0.9530221677445251,0.941907799339316,281487399277.11,29817870.387064915,-0.004142284037597532,4805.85,sh000903,0.00019674930793430934
2021-12-27,0.9446190048026507,0.9441527089428464,0.9481801672762615,0.9395586126025802,251285112608.91998,25441817.233271882,-0.0014752853293382717,4798.76,sh000903,0.00019674930793430934
2021-12-28,0.9449338036953455,0.9512258465630847,0.9521977881442802,0.9440228543996098,281487841464.18,27228749.122202963,0.0074915186423158975,4834.71,sh000903,0.00019674930793430934
2021-12-29,0.9522332030197084,0.934149974127466,0.9522332030197084,0.934149974127466,239861016516.28998,27997825.482576866,-0.017951438659195684,4747.92,sh000903,0.00019674930793430934
2021-12-30,0.9340830793627684,0.9405344891699344,0.9446131023234127,0.9328907785566866,260589216492.27997,25754708.595780514,0.006834571770375275,4780.37,sh000903,0.00019674930793430934
2021-12-31,0.9438083976539614,0.9430017254914306,0.946094624612158,0.9396294423534367,249199956608.59,25648461.50147267,0.002623227909136716,4792.91,sh000903,0.00019674930793430934
2022-01-04,0.9468835893369746,0.9403593822858728,0.9476981314718226,0.9299395389376719,336755476782.26996,34213171.30214595,-0.002802055536198278,4779.48,sh000903,0.00019674930793430934
2022-01-05,0.9380829927930728,0.9348877840322197,0.9442412461314168,0.9317279901467946,429370135462.97,38726331.310881615,-0.005818624620251511,4751.67,sh000903,0.00019674930793430934
2022-01-06,0.9302582728165255,0.9222486084905197,0.9329084859944005,0.9178965137990128,344498950017.3,32887951.171543755,-0.013519457369724708,4687.43,sh000903,0.00019674930793430934
2022-01-07,0.9240921495058642,0.9256582739970213,0.9310098551728345,0.9233838519973007,444556343899.32996,33273326.26347487,0.003697121877020093,4704.76,sh000903,0.00019674930793430934
2022-01-10,0.923185135196287,0.9295519428010413,0.9302051505033831,0.9171941187696873,362754770267.5,31142959.15838516,0.004206378221205842,4724.55,sh000903,0.00019674930793430934
2022-01-11,0.928564261275211,0.9220774365926169,0.9321096838041874,0.9210366327536444,339978354700.66,29204556.317325156,-0.008040977447587583,4686.56,sh000903,0.00019674930793430934
2022-01-12,0.9264413362425998,0.9305514292853476,0.932188383527361,0.9245210629971609,335749806154.62,30730500.683703847,0.009190109589976458,4729.63,sh000903,0.00019674930793430934
2022-01-13,0.9327432165757359,0.915736206397894,0.9331819675324292,0.9155768394584674,343685417295.48,29740473.98167477,-0.015920907132270457,4654.33,sh000903,0.00019674930793430934
2022-01-14,0.9115021612911478,0.9062194423731115,0.9146206378219065,0.9058239762641636,352080267662.88995,27610546.08400015,-0.010392473245343536,4605.96,sh000903,0.00019674930793430934
2022-01-17,0.907128424175768,0.9131037006577329,0.9148606719775864,0.9063099470547613,266632658334.50998,26340448.498704407,0.007596679085358993,4640.95,sh000903,0.00019674930793430934
2022-01-18,0.9131351805470024,0.9227030993918479,0.924991293843124,0.909141169595936,343782627294.33997,27636278.803213313,0.010512933774335043,4689.74,sh000903,0.00019674930793430934
2022-01-19,0.9245643478449065,0.9182900124148815,0.9269528844432291,0.9133653772372856,311895399502.44,28442245.362913936,-0.004782781134988201,4667.31,sh000903,0.00019674930793430934
2022-01-20,0.917359388188352,0.9311672546191819,0.9356019840200213,0.9172610135343849,408151544943.74,32440697.798965495,0.014023066820074037,4732.76,sh000903,0.00019674930793430934
2022-01-21,0.9282809422717857,0.9242003616252281,0.9306714463631874,0.9197931771274995,331980095308.94,27886751.13612888,-0.007481892172854665,4697.35,sh000903,0.00019674930793430934
2022-01-24,0.9191498068905544,0.9230769230769232,0.926396083901775,0.916239884626206,279915835934.67,25472108.84486514,-0.001215578996668354,4691.64,sh000903,0.00019674930793430934
2022-01-25,0.9174518603630812,0.9035770991675537,0.9208634933626623,0.9035239768544115,314964721607.51,24904062.150745388,-0.021124809235150255,4592.53,sh000903,0.00019674930793430934
2022-01-26,0.9076163624594452,0.9114903563326716,0.9116477557790191,0.8990125152234777,248517397663.86,23275797.768469352,0.008757700004137225,4632.75,sh000903,0.00019674930793430934
2022-01-27,0.910614821912364,0.8945836883018764,0.9107820588241081,0.8938124310147739,295437440722.32,27562612.034368172,-0.018548378392963194,4546.82,sh000903,0.00019674930793430934
2022-01-28,0.8991463047528732,0.882796437263532,0.9027782969773405,0.8815588841166252,321007873740.97,30803134.307767075,-0.013176241856946103,4486.91,sh000903,0.00019674930793430934
2022-02-07,0.8978910441682523,0.8962403174746832,0.9033685449011434,0.8919413450963187,348667945621.97,29208972.568030994,0.01522874316623235,4555.24,sh000903,0.00019674930793430934
2022-02-08,0.89448334615483,0.8909635010358852,0.89448334615483,0.874257517299183,393824226440.83997,30703738.043249436,-0.005887724905822678,4528.42,sh000903,0.00019674930793430934
2022-02-09,0.8911268029614706,0.8994591361524887,0.9013144821263092,0.8894091815032042,368964789569.87,29488970.11574762,0.009535334620021985,4571.6,sh000903,0.00019674930793430934
2022-02-10,0.9007202992163476,0.8964252618241416,0.9007202992163476,0.8899148272245954,352255897251.44,31490694.577785823,-0.0033729985125557915,4556.18,sh000903,0.00019674930793430934
2022-02-11,0.892039719750286,0.8911700878092162,0.9017315906591299,0.8900564867263081,407219246874.05,35043648.85914914,-0.005862367158452897,4529.47,sh000903,0.00019674930793430934
2022-02-14,0.8873019964152278,0.8817418609730041,0.8897259478889784,0.8778206472658733,379577314828.13995,30990452.64381883,-0.010579604236257256,4481.55,sh000903,0.00019674930793430934
2022-02-15,0.8818953254331928,0.8890432277904463,0.8897554602851685,0.8810315959713612,295783713859.01,27411587.54262082,0.008280617197174989,4518.66,sh000903,0.00019674930793430934
2022-02-16,0.8928581968712926,0.8930136288245607,0.8976333025748582,0.8910185908421068,246484185937.72998,21397142.44767944,0.004465925739046694,4538.84,sh000903,0.00019674930793430934
2022-02-17,0.8931690607778288,0.8941410023590242,0.8985245769398007,0.8913806095687059,246782225105.52,22014104.75956251,0.0012624370984655187,4544.57,sh000903,0.00019674930793430934
2022-02-18,0.8895291985810441,0.8989475879518595,0.8989515229380182,0.8883782151296283,241852632162.18,19511576.661597095,0.005375646100731268,4569.0,sh000903,0.00019674930793430934
2022-02-21,0.8970292821995,0.8937042188954102,0.8970292821995,0.8896295407280906,279362039831.68,21477833.311625328,-0.0058327861676514825,4542.35,sh000903,0.00019674930793430934
2022-02-22,0.8867038785191075,0.8805908775215884,0.8867451958737735,0.875593445100057,293277494115.83997,25536468.445936244,-0.014673021673803355,4475.7,sh000903,0.00019674930793430934
2022-02-23,0.8827236400195962,0.8875184206539554,0.888037838826902,0.879912092409215,298906428782.13,26013468.65173602,0.00786692584400206,4510.91,sh000903,0.00019674930793430934
2022-02-24,0.8811712879799946,0.8690259532012097,0.8835578570852377,0.8620748001518905,443126422732.37,34476351.63823312,-0.020836150577156265,4416.92,sh000903,0.00019674930793430934
2022-02-25,0.8758413492280542,0.8764237271795398,0.8843192769069435,0.8745546087541638,331206247606.0,26934663.090026584,0.008512719270441949,4454.52,sh000903,0.00019674930793430934
2022-02-28,0.8739171409964566,0.8776140604925422,0.8776140604925422,0.8677884000543029,314772619279.94995,24751289.694074504,0.001358171026283328,4460.57,sh000903,0.00019674930793430934
2022-03-01,0.8812027678692641,0.8872606790605615,0.8880614487438541,0.8797960103175337,283198942781.56,26720119.535435535,0.01099186875219993,4509.6,sh000903,0.00019674930793430934
2022-03-02,0.8818422031200507,0.8776455403818116,0.8818658130370027,0.8748792451122553,266772755396.55,21623317.342861246,-0.010836881319851166,4460.73,sh000903,0.00019674930793430934
2022-03-03,0.8809804411512984,0.8730396390830695,0.8818736830093201,0.8716938738167989,334958072747.08997,25138321.68590547,-0.00524801994292412,4437.32,sh000903,0.00019674930793430934
2022-03-04,0.8647860056152252,0.8604712932922258,0.8678493923397624,0.857736477911939,303167038432.05,26231144.681964584,-0.014396076911288858,4373.44,sh000903,0.00019674930793430934
2022-03-07,0.8522766846167619,0.8313720706487415,0.8522766846167619,0.8287848172494054,399943394089.45996,33876709.41032265,-0.033817772737250285,4225.54,sh000903,0.00019674930793430934
2022-03-08,0.8341560733560119,0.8188568471710402,0.8386498275492316,0.815748208105678,396604963032.72,33157309.423308104,-0.01505369727892758,4161.93,sh000903,0.00019674930793430934
2022-03-09,0.8220146735633858,0.8130370026423434,0.8272344327028831,0.783284572296517,476388257646.6,36500776.27360746,-0.007107279555398582,4132.35,sh000903,0.00019674930793430934
2022-03-10,0.8324502568562216,0.8247455539575139,0.833410393478941,0.8239270768365072,358383552858.75995,32584610.35412908,0.014401006691107776,4191.86,sh000903,0.00019674930793430934
2022-03-11,0.8133065491942133,0.8266363148067628,0.828765142318612,0.8018459020070398,375054955845.82996,31687704.48883546,0.0022925383958434242,4201.47,sh000903,0.00019674930793430934
2022-03-14,0.8139381144726825,0.7986723356700594,0.8196399094166187,0.7986723356700594,318686589845.26,27618961.136896204,-0.033828636167817505,4059.34,sh000903,0.00019674930793430934
2022-03-15,0.7887128857024246,0.7616146035206321,0.7953708822829216,0.7616146035206321,523164727137.77997,38546262.717776895,-0.046399168337710184,3870.99,sh000903,0.00019674930793430934
2022-03-16,0.7748440269861351,0.7961657494869762,0.798865149991835,0.7557908240057766,502397894243.18,42585324.513193026,0.045365655814145756,4046.6,sh000903,0.00019674930793430934
2022-03-17,0.8136744704000505,0.8134147613135773,0.8255325511892512,0.8085904682830278,447350884859.97,42362962.26072825,0.021665101566747502,4134.27,sh000903,0.00019674930793430934
2022-03-18,0.8098831112361562,0.8195257948180168,0.8236201479161298,0.8045649774426918,402095793020.08997,30380516.844692,0.007512813628524295,4165.33,sh000903,0.00019674930793430934
2022-03-21,0.8230043225822954,0.8149415359431473,0.8230043225822954,0.8092751558746392,314866637399.73,26248119.041201275,-0.005593794489272219,4142.03,sh000903,0.00019674930793430934
2022-03-22,0.8144595001387083,0.8157049232579324,0.8210328945167935,0.8113449585941082,305130069479.3,21673409.552965898,0.0009367387488743439,4145.91,sh000903,0.00019674930793430934
2022-03-23,0.8188863595672302,0.8202439297919769,0.8228567606013447,0.8131786621440559,276849639634.75,22828575.825412534,0.005564520213897417,4168.98,sh000903,0.00019674930793430934
2022-03-24,0.8150851629379394,0.8157167282164086,0.81990552098233,0.8093282781877815,255832859228.18,22476462.83779397,-0.005519335664838754,4145.97,sh000903,0.00019674930793430934
2022-03-25,0.8148451287822596,0.8004450469345474,0.8166099700744304,0.8002227202165817,260353149588.21997,22161962.122610234,-0.018721794899625555,4068.35,sh000903,0.00019674930793430934
2022-03-28,0.7912253743647457,0.795717161064886,0.8002601025850892,0.7837292257324485,300282652174.44,23335757.236537922,-0.005906571460174259,4044.32,sh000903,0.00019674930793430934
2022-03-29,0.7965867930059556,0.7925652371517784,0.8015173306627895,0.7907315336018306,238546648487.68,19064330.541985318,-0.0039611108913241155,4028.3,sh000903,0.00019674930793430934
2022-03-30,0.7985346111545053,0.8172612102836928,0.8172612102836928,0.7985110012375531,352645708025.38995,28859492.407247458,0.031159546210560274,4153.82,sh000903,0.00019674930793430934
2022-03-31,0.8130783199970095,0.812920920550662,0.8162381138824345,0.8094443602794628,336216760783.14996,23991179.612049717,-0.00531077417894843,4131.76,sh000903,0.00019674930793430934
2022-04-01,0.8090469266774354,0.8256506007740119,0.8283342613342359,0.8070243437918707,352503821884.63,26893984.42453779,0.015659186399984426,4196.46,sh000903,0.00019674930793430934
2022-04-06,0.8209010724804775,0.8235335782206387,0.8261464090300062,0.8184712185274889,416765638776.11,27273742.49686677,-0.002564065903166046,4185.7,sh000903,0.00019674930793430934
2022-04-07,0.8188391397333261,0.8141860186006795,0.8264474354711459,0.8126179266164433,340459128945.77997,22449468.102411952,-0.011350550684473326,4138.19,sh000903,0.00019674930793430934
2022-04-08,0.8147762665244824,0.8190752389028472,0.8205036388784503,0.8096076622050482,338892119621.89996,23314395.638461344,0.006005040851193577,4163.04,sh000903,0.00019674930793430934
2022-04-11,0.8133891839035458,0.7961401720769448,0.8133891839035458,0.7941589065460463,356575449929.52997,28148015.077292968,-0.02800117222030063,4046.47,sh000903,0.00019674930793430934
2022-04-12,0.7978755009729254,0.8123719899815254,0.8123719899815254,0.792643936874952,349597107721.29,26847576.721408885,0.020388140774551866,4128.97,sh000903,0.00019674930793430934
2022-04-13,0.8078093735305286,0.8072132231274877,0.8175032119324521,0.8050804606294798,300167673371.01996,22956352.94779651,-0.006350251999893475,4102.75,sh000903,0.00019674930793430934
2022-04-14,0.8140187816889355,0.8171903805328365,0.822715101099632,0.8108747277481452,304017481067.69,27131572.26543056,0.01236000243738955,4153.46,sh000903,0.00019674930793430934
2022-04-15,0.8112544539124584,0.8161476092007847,0.8200865303456296,0.809410912897114,288579464884.1,23077712.806609206,-0.0012760445508083196,4148.16,sh000903,0.00019674930793430934
2022-04-18,0.8090705365943875,0.808029732755415,0.8100818280371699,0.8020288788634187,282882219939.41,22464237.559836384,-0.009946578724060795,4106.9,sh000903,0.00019674930793430934
2022-04-19,0.8073981674769459,0.8019914964949111,0.8128422208274882,0.7977731913327996,275444567348.07996,23561247.129329223,-0.007472789695390558,4076.21,sh000903,0.00019674930793430934
2022-04-20,0.8006240888047678,0.7899071540015858,0.8016885025606924,0.7880045881938611,286564520058.31,24951092.803107068,-0.01506791848310074,4014.79,sh000903,0.00019674930793430934
2022-04-21,0.7859406879536301,0.7785153690721893,0.7931574525686607,0.7746374402128041,334787632503.35,24989033.070804175,-0.014421675853531601,3956.89,sh000903,0.00019674930793430934
2022-04-22,0.7728175091144117,0.7849451364554826,0.7887738779878842,0.7712946694710002,321991780632.6,22905354.116880894,0.008259011496402513,3989.57,sh000903,0.00019674930793430934
2022-04-25,0.7680896232447503,0.7487235888647762,0.7742045917353486,0.7486311166900471,436719020270.64996,31078494.79224257,-0.046145323932153204,3805.47,sh000903,0.00019674930793430934
2022-04-26,0.7496306031743534,0.7464904842197218,0.7618762801001848,0.7441845823307317,389471362336.81,28723182.5727333,-0.0029825488047467985,3794.12,sh000903,0.00019674930793430934
2022-04-27,0.7428171746405882,0.7657227290703005,0.7657227290703005,0.7427443773966526,424267566053.5,32645489.33717126,0.025763549914077588,3891.87,sh000903,0.00019674930793430934
2022-04-28,0.7637394960463227,0.7716252083083298,0.7747731972352787,0.762198948965197,383211604612.98,28997439.800417505,0.007708376692952212,3921.87,sh000903,0.00019674930793430934
2022-04-29,0.7746492451712801,0.7861157948376917,0.7878983435675765,0.7646209329458684,459788392395.27997,35907077.44879108,0.018779306810271734,3995.52,sh000903,0.00019674930793430934
2022-05-05,0.7813603640649195,0.7824346152862408,0.7882288824049062,0.7797312797952234,395459144516.93,32463231.15407242,-0.004682744674034955,3976.81,sh000903,0.00019674930793430934
2022-05-06,0.7676252948780253,0.7620730294081192,0.7703089554382493,0.7608964685466719,302526538085.07,23336642.904334586,-0.02602337049041814,3873.32,sh000903,0.00019674930793430934
2022-05-09,0.7570185396872867,0.7543053667308726,0.7618841500725022,0.7496443756259088,219387750092.68,18356494.20120765,-0.010192806171449798,3833.84,sh000903,0.00019674930793430934
2022-05-10,0.7429608016353803,0.7615162288666649,0.7645756806050436,0.7398305201461455,340583297108.07996,25656604.971068017,0.009559606034680534,3870.49,sh000903,0.00019674930793430934
2022-05-11,0.7608630211643231,0.7716763631283927,0.7810357277068278,0.760506904916962,393388575607.3,32257997.184910905,0.013341979956026373,3922.13,sh000903,0.00019674930793430934
2022-05-12,0.766614003435243,0.7671334216081895,0.7725715724794938,0.7635171693283569,260804012673.49,20867339.839964114,-0.005887107260595714,3899.04,sh000903,0.00019674930793430934
2022-05-13,0.7727643868012695,0.7736536936731325,0.7767859426554468,0.7676056199472319,267576941198.58,21734416.671749357,0.00849952808896548,3932.18,sh000903,0.00019674930793430934
2022-05-16,0.7789108351811374,0.767227861275998,0.7794538632710359,0.7650223015340544,273469932702.19998,21819367.444679014,-0.008305825267408862,3899.52,sh000903,0.00019674930793430934
2022-05-17,0.7692386392030867,0.7774922726709309,0.7774922726709309,0.7680856882585916,263222674294.18997,21706964.999478616,0.013378569670113194,3951.69,sh000903,0.00019674930793430934
2022-05-18,0.7793377811793548,0.7736556611662119,0.7793377811793548,0.7672219587967599,249580435710.58,21060778.06796115,-0.004934597602544777,3932.19,sh000903,0.00019674930793430934
2022-05-19,0.7635427467383884,0.7729827785330765,0.7736399212215772,0.7628482216813803,264316238496.56998,21357543.668312147,-0.000869744340939782,3928.77,sh000903,0.00019674930793430934
2022-05-20,0.7776949244581032,0.7899032190154271,0.7900094636417117,0.7776850869927066,354960608162.94,29411822.728873555,0.021889802660883584,4014.77,sh000903,0.00019674930793430934
2022-05-23,0.7904777269945954,0.7819761893987538,0.7904777269945954,0.77824385502724,282359417592.2,23355841.506627504,-0.010035444122577397,3974.48,sh000903,0.00019674930793430934
2022-05-24,0.7816122031790754,0.7654590849976686,0.7816122031790754,0.7654453125461131,309895199328.26,24164962.30086511,-0.021122260018920702,3890.53,sh000903,0.00019674930793430934
2022-05-25,0.7663346194179762,0.7686503587723631,0.7693842336909581,0.7629800437176962,229135601407.31,18977024.166717496,0.004169097783592424,3906.75,sh000903,0.00019674930793430934
2022-05-26,0.7696596827220661,0.7696026254227651,0.7743560887024581,0.7604183677283916,289336824600.19995,22857163.79576635,0.001238881423177851,3911.59,sh000903,0.00019674930793430934
2022-05-27,0.7763983465188162,0.7731244380347893,0.7827199017827455,0.7700708887756488,280771757623.88995,22904294.377888527,0.004576144227794732,3929.49,sh000903,0.00019674930793430934
2022-05-30,0.7772561735014097,0.778381579542794,0.7815216984974256,0.7749128892439121,279315640684.99,23456067.8328654,0.006799864613474149,3956.21,sh000903,0.00019674930793430934
2022-05-31,0.7790859420651989,0.7903754173544695,0.7914457335896322,0.7767406903146219,336766211254.58997,29244499.20965803,0.015408686596515286,4017.17,sh000903,0.00019674930793430934
2022-06-01,0.7898500967022849,0.7886971457577898,0.7907708834634174,0.7844906455541544,268536670114.43997,22940406.89803074,-0.002123385368306585,4008.64,sh000903,0.00019674930793430934
2022-06-02,0.7847110047790408,0.7873887628600267,0.7881482151886531,0.7838138279348603,248259653428.15,21809985.329584606,-0.0016589167398419757,4001.99,sh000903,0.00019674930793430934
2022-06-06,0.7882347848841442,0.8012123692354912,0.8013776386541561,0.7820253767257375,412865162540.35,34186241.03757715,0.01755626575778546,4072.25,sh000903,0.00019674930793430934
2022-06-07,0.8011238320469208,0.8052437625550652,0.8087124528539471,0.7991799488845298,344419031057.66,30271784.400534373,0.0050316164282644404,4092.74,sh000903,0.00019674930793430934
2022-06-08,0.807490639651675,0.8141899535868383,0.8142961982131228,0.802432214944684,349185878828.8,34354055.34085834,0.011109916584000068,4138.21,sh000903,0.00019674930793430934
2022-06-09,0.8127379436942831,0.8069240016448243,0.8162538538270692,0.8044607003094868,379927028891.8,29569806.039023258,-0.008924148363664508,4101.28,sh000903,0.00019674930793430934
2022-06-10,0.8009093753012725,0.81801869511924,0.8186640328492645,0.7997052695367145,411223881036.54,32684576.379458588,0.013749366051574174,4157.67,sh000903,0.00019674930793430934
2022-06-13,0.8085786633245517,0.8077109988765615,0.8133419640696413,0.8013304188202518,409327991267.38995,37340096.80852948,-0.012600807663908031,4105.28,sh000903,0.00019674930793430934
2022-06-14,0.798544448619902,0.8114413657549959,0.8116813999106759,0.7900606184617747,406887855619.44,36190656.35018229,0.0046184425910047455,4124.24,sh000903,0.00019674930793430934
2022-06-15,0.8124152748292708,0.8220422184664966,0.8354723262260926,0.812375924967684,587563962555.83,48176899.09711743,0.013064225166333765,4178.12,sh000903,0.00019674930793430934
2022-06-16,0.8238700195372063,0.817703896226545,0.8285742954899156,0.8157777205018681,425478299664.20996,34257558.65116545,-0.005277493226618746,4156.07,sh000903,0.00019674930793430934
2022-06-17,0.8117600996338495,0.8319859284894966,0.8341049185359491,0.8114374307688373,379078731117.57996,38285406.55450644,0.01746601958099836,4228.66,sh000903,0.00019674930793430934
2022-06-20,0.8350060303662883,0.8356749780132648,0.8433600059811791,0.8296800266005064,422839347560.88995,40354013.03818314,0.004434028746695073,4247.41,sh000903,0.00019674930793430934
2022-06-21,0.8355097085946,0.8346892639805139,0.840814069936509,0.8269943985472031,428987430177.8,34680935.25806623,-0.0011795423564007201,4242.4,sh000903,0.00019674930793430934
2022-06-22,0.8366823344698885,0.8235965379991778,0.8368102215200459,0.8232482917241339,460673950783.41,33892754.58396375,-0.013289647369413404,4186.02,sh000903,0.00019674930793430934
2022-06-23,0.8252315247481118,0.8372017526428351,0.8372017526428351,0.820702355679464,478322516038.63995,36056346.722648405,0.016519271288718107,4255.17,sh000903,0.00019674930793430934
2022-06-24,0.8402926842704832,0.850797129821096,0.8514778824265485,0.8385002980752017,464209846321.25995,40110753.377496995,0.016239069179374788,4324.27,sh000903,0.00019674930793430934
2022-06-27,0.8548678730022568,0.8583326283149799,0.8647643631913525,0.853893963927982,474192829339.70996,42137691.56870191,0.008856986265889821,4362.57,sh000903,0.00019674930793430934
2022-06-28,0.8581811313478706,0.8674952435854808,0.8689669284088294,0.8500553849301835,473861244945.92,39607253.249806695,0.01067490034543872,4409.14,sh000903,0.00019674930793430934
2022-06-29,0.8642213351014538,0.8538408416148396,0.8707553796179522,0.8522609446721272,463957997913.14996,42489524.10828295,-0.01574003093573817,4339.74,sh000903,0.00019674930793430934
2022-06-30,0.8527331430111694,0.8668794182516464,0.8733209905934156,0.8527331430111694,377172533815.35,37361949.19067173,0.015270500076041582,4406.01,sh000903,0.00019674930793430934
2022-07-01,0.8686324545853411,0.8640934480512966,0.8712610253393434,0.8602351941227047,361456732664.81995,33693426.947178714,-0.003213792070376531,4391.85,sh000903,0.00019674930793430934
2022-07-04,0.8588481115017678,0.8699762523585324,0.8699821548377704,0.8558398145834522,351931911359.6,39359120.40152599,0.006808064938465419,4421.75,sh000903,0.00019674930793430934
2022-07-05,0.8724356187077112,0.8701552942287526,0.8778658996066983,0.8596646211296952,407423110361.14996,41330139.83288114,0.0002058008706959935,4422.66,sh000903,0.00019674930793430934
2022-07-06,0.8672847218259909,0.8555250156907575,0.8685793322721987,0.8493903722693655,391930989794.11,39403211.99068983,-0.016813410933691375,4348.3,sh000903,0.00019674930793430934
2022-07-07,0.8567074790314426,0.8608175720741903,0.8640422932312336,0.8502403292796418,351252478220.01996,37706301.50414846,0.0061863256904997055,4375.2,sh000903,0.00019674930793430934
2022-07-08,0.8665547818935547,0.8573429792960704,0.8691735151821605,0.8569022608462976,318923058275.51,34453988.32489607,-0.00403638690802699,4357.54,sh000903,0.00019674930793430934
2022-07-11,0.8529574372222146,0.8412843007824721,0.8529574372222146,0.836306543291734,350963455602.37,34550239.219613545,-0.018730751754430175,4275.92,sh000903,0.00019674930793430934
2022-07-12,0.8414298952703434,0.8330247648353897,0.8445680467318956,0.8292156982337815,293586562547.32996,32435666.210037757,-0.009817770210855281,4233.94,sh000903,0.00019674930793430934
2022-07-13,0.8330227973423104,0.8365072275858271,0.8402198870265475,0.8276338337979897,298378721716.26996,31791455.058582105,0.004180503266461244,4251.64,sh000903,0.00019674930793430934
2022-07-14,0.8346813940081965,0.8377369107604166,0.844219800456852,0.8317439268407375,329190230349.5,33335803.395361833,0.001470020980139486,4257.89,sh000903,0.00019674930793430934
2022-07-15,0.8329736100153269,0.8225990190079506,0.8421834451197318,0.8225990190079506,361851737866.19,34623399.87980585,-0.018069983019758706,4180.95,sh000903,0.00019674930793430934
2022-07-18,0.8263136459417504,0.8325899488648548,0.8342150981483922,0.8162243414308791,317269502268.55,30960692.502100304,0.01214556500316899,4231.73,sh000903,0.00019674930793430934
2022-07-19,0.8318836188493708,0.8251272476149066,0.8318836188493708,0.8194707050117952,262850271459.49,25425113.712659445,-0.008963237257575307,4193.8,sh000903,0.00019674930793430934
2022-07-20,0.8301718998703422,0.8267602668707614,0.8319111637524815,0.8242615506599955,222414927195.62997,22012678.423211697,0.001979112022509444,4202.1,sh000903,0.00019674930793430934
2022-07-21,0.8236417903400025,0.8173044951314384,0.8260677093068326,0.8172710477490895,298349572947.92,25958748.95970771,-0.011437138573570427,4154.04,sh000903,0.00019674930793430934
2022-07-22,0.820977804710572,0.818237086851047,0.8260775467722293,0.8119725888864185,262020103355.13998,24600404.776541974,0.0011410578617441214,4158.78,sh000903,0.00019674930793430934
2022-07-25,0.8173497474722634,0.8128638632513611,0.8182606967679991,0.8107429057118292,207382899733.62,20040289.63194107,-0.006566829695247023,4131.47,sh000903,0.00019674930793430934
2022-07-26,0.814256848351536,0.8185538532368214,0.8215896950582476,0.8125805442479356,208327899245.69998,20325652.278632436,0.0069999298070662075,4160.39,sh000903,0.00019674930793430934
2022-07-27,0.8165647177336054,0.8133518015350382,0.8169936312249022,0.8114767806304242,195065041920.31998,20878235.750903573,-0.006355173433259975,4133.95,sh000903,0.00019674930793430934
2022-07-28,0.8171274207542976,0.8130822549831681,0.8226855887034419,0.8126690814365061,269061266622.97998,26991798.31930839,-0.0003314021698375136,4132.58,sh000903,0.00019674930793430934
2022-07-29,0.8139951717719834,0.8031621548771203,0.8186660003423438,0.8014465009119331,280867041313.56,26114066.92770053,-0.012200610756476604,4082.16,sh000903,0.00019674930793430934
2022-08-01,0.8013166463686965,0.8073430776707243,0.8090961140044189,0.7947196420736591,257850879033.02,25626714.209982667,0.005205577439394871,4103.41,sh000903,0.00019674930793430934
2022-08-02,0.7983044144642222,0.7912883341432847,0.7983044144642222,0.7842427414261571,345668646634.87,28776549.825030845,-0.01988589977603994,4021.81,sh000903,0.00019674930793430934
2022-08-03,0.7928485561552038,0.7825251199678905,0.8002404276542958,0.7803175927328676,282708277777.38,28792087.871506967,-0.011074615658124065,3977.27,sh000903,0.00019674930793430934
2022-08-04,0.7870287116265069,0.7897832019375872,0.7915047583820124,0.7827139993035075,213096226056.34998,23543775.8779446,0.009275206360141564,4014.16,sh000903,0.00019674930793430934
2022-08-05,0.7912194718855077,0.8002679725574066,0.8009880750244461,0.7884787540259828,253507072140.00998,26307891.081963796,0.013275504713314845,4067.45,sh000903,0.00019674930793430934
2022-08-08,0.7966950051253195,0.7977613863743235,0.7989851670696748,0.7946370073643266,216943080756.61,23320067.16334718,-0.0031321835548070442,4054.71,sh000903,0.00019674930793430934
2022-08-09,0.7970727637965535,0.8012556540832367,0.8025719069533173,0.7943399159093458,210409858284.34,23194833.85374837,0.004380091301227296,4072.47,sh000903,0.00019674930793430934
2022-08-10,0.7999590761439498,0.7917762724269618,0.8015881604136458,0.788073450451638,221553013109.21997,23449663.91962004,-0.011830658052729648,4024.29,sh000903,0.00019674930793430934
2022-08-11,0.7960949197361198,0.80831501925192,0.8084724186982672,0.7928701985790765,285626336326.24,28321810.69832232,0.020888156668629865,4108.35,sh000903,0.00019674930793430934
2022-08-12,0.8068492369078092,0.8081281074093821,0.8101644627465023,0.8047027019582459,243736252510.78998,22654579.76437303,-0.00023123638443678374,4107.4,sh000903,0.00019674930793430934
2022-08-15,0.8065127955912414,0.8098181839645379,0.8161771215969749,0.8057120259079489,265873346896.16998,27048543.394614186,0.0020913473243415748,4115.99,sh000903,0.00019674930793430934
2022-08-16,0.8109042401443354,0.8077483812450691,0.8145657447649928,0.806325883748704,236682840152.84998,26043055.51043657,-0.002555885704289773,4105.47,sh000903,0.00019674930793430934
2022-08-17,0.8088383724110252,0.8158800301419941,0.8172336653805822,0.8031818298079137,269857609957.77997,27111342.082099553,0.010067056877775205,4146.8,sh000903,0.00019674930793430934
2022-08-18,0.8138810571733816,0.8084232313712836,0.8152425623842869,0.8074788346931991,233726153767.99,24268074.828877293,-0.009139577505546614,4108.9,sh000903,0.00019674930793430934
2022-08-19,0.8080356352346532,0.8026624116349671,0.8087203228262645,0.802569939460238,281058731949.70996,28014450.12261417,-0.007125994791793322,4079.62,sh000903,0.00019674930793430934
2022-08-22,0.7999826860609018,0.8092613834230838,0.8099421360285366,0.7990815742305627,266916669498.69998,28197893.630752705,0.008221353949632526,4113.16,sh000903,0.00019674930793430934
2022-08-23,0.8080769525893193,0.8053618121398258,0.8108176704488442,0.8025738744463967,228013788058.55,25103124.252480518,-0.004818679555378291,4093.34,sh000903,0.00019674930793430934
2022-08-24,0.8078920082398611,0.7887660080155668,0.8086121107069005,0.7878747336506244,283331385432.94,28899385.715350974,-0.02060664396312062,4008.99,sh000903,0.00019674930793430934
2022-08-25,0.7908299082557978,0.7943536883609013,0.7950226360078779,0.7822772158398934,275097170954.57996,26178535.752693992,0.007084078533496019,4037.39,sh000903,0.00019674930793430934
2022-08-26,0.7969507792256342,0.7917113451553435,0.7977062965681019,0.7908122008180837,236174492748.47998,23421490.258823715,-0.0033264064160261064,4023.96,sh000903,0.00019674930793430934
2022-08-29,0.7828438538467442,0.7885692587076325,0.7891417991937214,0.7819151971132943,217882031962.78998,20253232.486360356,-0.00396872732333331,4007.99,sh000903,0.00019674930793430934
2022-08-30,0.7882013375017953,0.7844729381164403,0.7888683176556928,0.7790210147935805,226264053822.56,20425232.796968486,-0.0051946237390810834,3987.17,sh000903,0.00019674930793430934
2022-08-31,0.7800027938401727,0.7851576257080516,0.7914417986034735,0.7781415453871141,325400295798.63,32666650.257741597,0.0008727995044104375,3990.65,sh000903,0.00019674930793430934
2022-09-01,0.7826215271287784,0.7776575420895958,0.7878885061021799,0.7771361564235698,236648029356.96,22597627.833396625,-0.00955232856802779,3952.53,sh000903,0.00019674930793430934
2022-09-02,0.7802782428712808,0.7736438562077359,0.7804710571930563,0.7698190496614928,195497587279.15,19064365.642809503,-0.005161251147998924,3932.13,sh000903,0.00019674930793430934
2022-09-05,0.7705607945524052,0.7714796138204585,0.7722567735867989,0.7652190508419887,223734413412.50998,21783719.780132648,-0.0027974660044302047,3921.13,sh000903,0.00019674930793430934
2022-09-06,0.773134275500186,0.7774214429200745,0.7778129740428639,0.768788083287917,257973700303.66998,25611307.703778177,0.007701861453203396,3951.33,sh000903,0.00019674930793430934
2022-09-07,0.7730516407908535,0.77851340157911,0.7808743932743217,0.7723059609137826,254119572388.49997,23586608.234371714,0.001404590353121682,3956.88,sh000903,0.00019674930793430934
2022-09-08,0.7792846588662126,0.7737658407786551,0.7807681486480372,0.7734333344482461,222402063109.71997,19516514.1518039,-0.006098239016599005,3932.75,sh000903,0.00019674930793430934
2022-09-09,0.7769571145533496,0.7860764449761048,0.7870798664465698,0.7750761911694976,272120159212.33,23880967.223945968,0.015909986650562535,3995.32,sh000903,0.00019674930793430934
2022-09-13,0.7901393181849483,0.789478240510289,0.7925711396310163,0.786438463702704,247198922886.37,22777295.722335573,0.004327563249001409,4012.61,sh000903,0.00019674930793430934
2022-09-14,0.7790898770513575,0.7797017673990332,0.7847838020229765,0.7761760198008504,215239882897.78,20284878.767857462,-0.012383461138760099,3962.92,sh000903,0.00019674930793430934
2022-09-15,0.7822457359506239,0.7719970645003257,0.7839830323396838,0.7665195637674345,292395762933.04,27463625.521238107,-0.009881602454755556,3923.76,sh000903,0.00019674930793430934
2022-09-16,0.769234704216928,0.7545729457896632,0.7704899648015489,0.7545434333934731,332964474883.3,26395930.60299728,-0.022570187779069162,3835.2,sh000903,0.00019674930793430934
2022-09-19,0.7535360769368494,0.7540692675613514,0.7594503611333547,0.7506300896586596,238876291324.44998,19762018.366370823,-0.0006675010429704198,3832.64,sh000903,0.00019674930793430934
2022-09-20,0.7573864608931239,0.7545591733381078,0.7597317126437009,0.7523280361861328,207632521958.55,19661266.907179583,0.0006496827252233661,3835.13,sh000903,0.00019674930793430934
2022-09-21,0.7521489943159125,0.7471850092767299,0.7522808163522285,0.7442278671784772,215594862545.4,18964447.710703753,-0.009772810830402157,3797.65,sh000903,0.00019674930793430934
2022-09-22,0.7410877482238456,0.7393445493555477,0.7456720070987151,0.7374675609578544,208512281088.66998,18217388.4520158,-0.010493331402314565,3757.8,sh000903,0.00019674930793430934
2022-09-23,0.7387051141047613,0.7369638827295425,0.7431890308325841,0.7319526778564557,234970620661.27,18640507.468623407,-0.0032199691308745226,3745.7,sh000903,0.00019674930793430934
2022-09-26,0.7313683324118908,0.7342625147316044,0.7450955316264676,0.7310889483946241,268261289222.02997,21315354.00384842,-0.003665536481832543,3731.97,sh000903,0.00019674930793430934
2022-09-27,0.735722394596477,0.744507251195744,0.7447413828721858,0.7320589224827402,225542551920.00998,19524678.441076532,0.013952416552115876,3784.04,sh000903,0.00019674930793430934
2022-09-28,0.7419593476579947,0.7306206850417404,0.7419593476579947,0.7303649109414257,216554388156.86,18432918.109081753,-0.018652022705891058,3713.46,sh000903,0.00019674930793430934
2022-09-29,0.7381975008902907,0.7320844998927717,0.7399406997585887,0.7285607197876681,216235535701.12,19209508.030637804,0.0020035223215006948,3720.9,sh000903,0.00019674930793430934
2022-09-30,0.7338532761711011,0.7275513958379652,0.7362398452763442,0.7264259897965809,201992761332.96,18087951.460135642,-0.006192050310408814,3697.86,sh000903,0.00019674930793430934
2022-10-10,0.7295543037927364,0.7119550781980125,0.7295700437373712,0.7108709895112945,247383599520.71997,20787343.7111248,-0.02143672286133058,3618.59,sh000903,0.00019674930793430934
2022-10-11,0.7146682511544267,0.7145993888966496,0.7165294996074852,0.7105247107293301,201881025234.72,18170619.83931484,0.0037141538555072184,3632.03,sh000903,0.00019674930793430934
2022-10-12,0.713346095805108,0.7253320636444661,0.7253438686029422,0.700557390789378,297580411411.39996,24079691.615724992,0.015019149070905069,3686.58,sh000903,0.00019674930793430934
2022-10-13,0.7190833056244725,0.7169780880295754,0.7233488306204884,0.7160297563653321,260813354510.66998,22131381.422556523,-0.011517449777300404,3644.12,sh000903,0.00019674930793430934
2022-10-14,0.7238584113280382,0.736513326814373,0.7408969013951494,0.722927787101509,307180185966.29,29457893.91542928,0.02724663293195606,3743.41,sh000903,0.00019674930793430934
2022-10-17,0.7320825323996923,0.7373947637139187,0.7380597763747366,0.7292945947062631,278083204329.57996,24450794.58299968,0.0011967697901111851,3747.89,sh000903,0.00019674930793430934
2022-10-18,0.7417370209400289,0.7355630276570503,0.742219056744468,0.7342487422800491,214527001101.78998,20314748.54084811,-0.0024840643668837536,3738.58,sh000903,0.00019674930793430934
2022-10-19,0.7336152095085006,0.7232524234596006,0.7366707262607204,0.7232524234596006,206456685548.09998,20706921.20506984,-0.016736300948488436,3676.01,sh000903,0.00019674930793430934
2022-10-20,0.7163288153133922,0.7174896362302046,0.7273625165023483,0.7116934016184598,212184695531.12,21732223.947243642,-0.007967878215783042,3646.72,sh000903,0.00019674930793430934
2022-10-21,0.7163091403825987,0.7144774043257303,0.7196342036866885,0.7104814258815845,210466773351.12,18577053.175238706,-0.00419829326079324,3631.41,sh000903,0.00019674930793430934
2022-10-24,0.7102413917259047,0.6920322432765843,0.7174522538616971,0.6891931507630923,304678459250.36,28585387.130057197,-0.031414794804222046,3517.33,sh000903,0.00019674930793430934
2022-10-25,0.6898404559861961,0.6900903276072727,0.6991427632653302,0.6839714241305157,259252286757.87997,23999610.348167576,-0.0028061057677272183,3507.46,sh000903,0.00019674930793430934
2022-10-26,0.6915069226243997,0.6952569644336276,0.7046871587629191,0.6911449038978006,297526901693.32,26087948.805790726,0.007486899351667464,3533.72,sh000903,0.00019674930793430934
2022-10-27,0.6982318139695944,0.690407093993047,0.7019090585348867,0.6899624405571154,282616831458.26,27684230.725985274,-0.006975651721132348,3509.07,sh000903,0.00019674930793430934
2022-10-28,0.6850574803103131,0.6702245499851455,0.6870761282097191,0.6686603929870677,284537793742.54,26968807.784838893,-0.02923281667222377,3406.49,sh000903,0.00019674930793430934
2022-10-31,0.6624509848286609,0.6640033368682626,0.673358766460539,0.6616167677630194,348581068569.24,28076752.27058539,-0.009282281762165723,3374.87,sh000903,0.00019674930793430934
2022-11-01,0.6664705731897588,0.6899348956540046,0.6899348956540046,0.6653864845030408,369707714673.56995,32687629.350884687,0.03905335612927319,3506.67,sh000903,0.00019674930793430934
2022-11-02,0.6876880185573948,0.6983518310474343,0.7031033268340479,0.6853073519313897,351602593809.87,30953517.829343587,0.012199608175277321,3549.45,sh000903,0.00019674930793430934
2022-11-03,0.6920617556727745,0.6915777523752561,0.6971969126098599,0.6877391733774577,298686422925.67,23309928.26390378,-0.009700094380819535,3515.02,sh000903,0.00019674930793430934
2022-11-04,0.6915088901174791,0.7158408770297151,0.7187960516348885,0.6915088901174791,382711323310.68,33971461.90911756,0.03508372640838453,3638.34,sh000903,0.00019674930793430934
2022-11-07,0.7138241966233885,0.7183612356643536,0.722349344136182,0.7126830506373695,355714293152.00995,27997108.593931075,0.0035208364254026847,3651.15,sh000903,0.00019674930793430934
2022-11-08,0.718369105636671,0.7137828792687222,0.720112304504969,0.7082719311534822,261811258910.24,21541058.387009826,-0.006373334428878552,3627.88,sh000903,0.00019674930793430934
2022-11-09,0.7140583282998303,0.7058538821589695,0.7159038368082541,0.7051357471850093,232978400184.78998,18749311.874470007,-0.011108415934374949,3587.58,sh000903,0.00019674930793430934
2022-11-10,0.6994064073379622,0.6981904966149283,0.7016060646006678,0.6940154763005622,288566107785.01996,19957332.314499836,-0.010856900752038934,3548.63,sh000903,0.00019674930793430934
2022-11-11,0.7196007563043397,0.7201319794357623,0.7279547319192305,0.7115969944575721,511741322280.11,38548954.54819473,0.03142621236928056,3660.15,sh000903,0.00019674930793430934
2022-11-14,0.727515980962537,0.721660721558412,0.7332649957403775,0.7191698753199637,425686961135.14996,34740220.88728035,0.0021228638170567304,3667.92,sh000903,0.00019674930793430934
2022-11-15,0.7210468637176569,0.736468074473548,0.7371803069682703,0.7174837337509666,375642764774.94,31226823.20223271,0.020518440969268692,3743.18,sh000903,0.00019674930793430934
2022-11-16,0.7358522491397137,0.7304908304985038,0.7385103322899063,0.7295051164657529,304118940128.51,25374186.281693853,-0.008116093802595592,3712.8,sh000903,0.00019674930793430934
2022-11-17,0.7283462630420198,0.7259951088122047,0.7283462630420198,0.7178378825052483,274407440447.13998,24055345.134979863,-0.006154384830855508,3689.95,sh000903,0.00019674930793430934
2022-11-18,0.7274215412947285,0.7237364267571189,0.7313270150572246,0.7237285567848015,286284524156.01996,23815403.178327672,-0.003111153267659428,3678.47,sh000903,0.00019674930793430934
2022-11-21,0.717314529346143,0.7173912615762374,0.7177237679066464,0.7103633762968239,238900337152.36,20052008.503721517,-0.008767232028533578,3646.22,sh000903,0.00019674930793430934
2022-11-22,0.7167852737077998,0.7164527673773907,0.7247595231583773,0.713208371289554,320297030071.58997,20610545.683634985,-0.0013082041127523425,3641.45,sh000903,0.00019674930793430934
2022-11-23,0.7140209459313228,0.7168482334863387,0.720714357387248,0.7126673106927347,313887121883.13995,20538977.756113496,0.0005519779208831288,3643.46,sh000903,0.00019674930793430934
2022-11-24,0.7209170091744203,0.7136353172877715,0.7235003275875977,0.7125335211633393,222475237445.88998,16445487.765813233,-0.004482003370422594,3627.13,sh000903,0.00019674930793430934
2022-11-25,0.7125453261218154,0.7171669673651924,0.7202697039513164,0.7109418192621508,341050236488.77997,20428809.580884624,0.004948816281743262,3645.08,sh000903,0.00019674930793430934
2022-11-28,0.7019877582580604,0.7076246259303783,0.7084450705444644,0.6955147060270216,298643317310.26,20690430.876183696,-0.01330560646131218,3596.58,sh000903,0.00019674930793430934
2022-11-29,0.7154709883307986,0.7306423274656132,0.7321848420398182,0.7150381398533432,382989723273.43,29104129.71967159,0.03252812393996529,3713.57,sh000903,0.00019674930793430934
2022-11-30,0.7281062288863399,0.7315690167059838,0.7337863814064035,0.7274864685663469,361390801047.89996,25263323.684465267,0.0012683213188386944,3718.28,sh000903,0.00019674930793430934
2022-12-01,0.7455205101316057,0.7408614865197213,0.7499749144632384,0.7406450622809935,422210699860.43,32039978.109042402,0.012702109577546583,3765.51,sh000903,0.00019674930793430934
2022-12-02,0.7391792799368829,0.7359919411483471,0.7416248738345063,0.7353033185705771,283370806156.1,20724636.990699664,-0.006572814837830787,3740.76,sh000903,0.00019674930793430934
2022-12-05,0.7424748308447826,0.7492430070377228,0.7494318863733398,0.7405230777100742,501828037092.58997,31345869.118425377,0.018004362749815428,3808.11,sh000903,0.00019674930793430934
2022-12-06,0.7458097316142691,0.7535341094437701,0.756688000849957,0.7446666181351708,369756705951.36,27958258.422877226,0.005727250525851435,3829.92,sh000903,0.00019674930793430934
2022-12-07,0.7512360775270973,0.7528258119352066,0.7608217038096569,0.7501519888403793,343190437155.41,27054874.217242714,-0.0009399674144628944,3826.32,sh000903,0.00019674930793430934
2022-12-08,0.751773203137758,0.7528592593175554,0.7554819275923198,0.7492430070377228,262864594254.46997,20105734.555041604,4.442911204494138e-05,3826.49,sh000903,0.00019674930793430934
2022-12-09,0.7537643061340532,0.761722815639996,0.7626475373872873,0.7511081904769401,370479437845.52997,27563961.74103463,0.011773191619473877,3871.54,sh000903,0.00019674930793430934
2022-12-12,0.7570106697149693,0.7540830400129068,0.7600288040986816,0.753459344706755,299157926490.14996,23648264.76694061,-0.010029600624041013,3832.71,sh000903,0.00019674930793430934
2022-12-13,0.754256179403889,0.7510865480530673,0.7551592587273075,0.750167728785014,241961201794.38998,19060873.23015144,-0.003973689634749311,3817.48,sh000903,0.00019674930793430934
2022-12-14,0.7523044262691807,0.7517240158107744,0.7551533562480695,0.7485248720637626,249875974234.24997,20815006.90627453,0.0008487274327566574,3820.72,sh000903,0.00019674930793430934
2022-12-15,0.7520014323349619,0.7530855210216798,0.7542856918000791,0.7468485679601623,223155275416.06,19784495.566490445,0.00181117695094124,3827.64,sh000903,0.00019674930793430934
2022-12-16,0.7488593458872509,0.7527274372812395,0.7538823557188138,0.7478382169790718,216614637415.8,17732886.784132563,-0.000475488812949898,3825.82,sh000903,0.00019674930793430934
2022-12-19,0.7525149480286704,0.7423390738223079,0.7556137496286357,0.7392402722223425,260344427829.46,19491481.81760946,-0.013800962930822669,3773.02,sh000903,0.00019674930793430934
2022-12-20,0.7395904859904656,0.7293319770747707,0.7395904859904656,0.7256940823710654,197698077865.59998,17546585.41351786,-0.017521773009419594,3706.91,sh000903,0.00019674930793430934
2022-12-21,0.7309276139621179,0.7297038332667666,0.7341149527506537,0.7279940817808174,159062267250.50998,13055848.701474244,0.0005098586153966522,3708.8,sh000903,0.00019674930793430934
2022-12-22,0.7358640540981898,0.7304377081853616,0.7391989548676763,0.7276045181511075,210848426536.02,17573948.944243215,0.0010057161345988774,3712.53,sh000903,0.00019674930793430934
2022-12-23,0.7256744074402719,0.7291568701907092,0.733072181418602,0.7239056311619424,167536177616.47,13915317.94670455,-0.0017535211836672282,3706.02,sh000903,0.00019674930793430934
2022-12-26,0.7295149539311496,0.7320195726211534,0.7346678183059492,0.7290781704675354,175666960981.33,16288736.387879455,0.003926044651674898,3720.57,sh000903,0.00019674930793430934
2022-12-27,0.734988519677882,0.7393484843417064,0.7401925388727446,0.7338375362264664,178763678354.3,15909146.717395198,0.0100119067777249,3757.82,sh000903,0.00019674930793430934
2022-12-28,0.7366136689614194,0.7358837290289832,0.7380951912501648,0.7316634563737923,196763014856.06998,17058251.495983362,-0.004686227653267094,3740.21,sh000903,0.00019674930793430934
2022-12-29,0.7321848420398182,0.7331626861002517,0.735509905343908,0.7293713269363575,195427614987.28,15954345.21891312,-0.0036976533403204614,3726.38,sh000903,0.00019674930793430934
2022-12-30,0.736800580803957,0.7348783400654388,0.7397773978330032,0.7348783400654388,180272740841.56998,15859580.699207693,0.002340072671064064,3735.1,sh000903,0.00019674930793430934
2023-01-03,0.7336663643285636,0.7395885184973863,0.7410680732930522,0.7274235087878079,272704984649.37,20986836.376310598,0.006409466948676057,3759.04,sh000903,0.00019674930793430934
2023-01-04,0.7393465168486271,0.7398423251046214,0.7429175167876347,0.7358896315082212,267905709826.43,22082490.20369456,0.0003431727249509908,3760.33,sh000903,0.00019674930793430934
2023-01-05,0.7443262418324443,0.75646960911815,0.7574494206716629,0.7441098175937166,299392219563.32,29210839.965588547,0.022474091369640403,3844.84,sh000903,0.00019674930793430934
2023-01-06,0.7565404388690062,0.7593795313824985,0.7640031401189546,0.7563063071925645,295221719506.08997,26585067.803234953,0.003846714037515131,3859.63,sh000903,0.00019674930793430934
2023-01-09,0.7632436877903283,0.7653744827952568,0.7676626772465328,0.7615870586175213,288307748553.5,24510285.816145644,0.007894539113852739,3890.1,sh000903,0.00019674930793430934
2023-01-10,0.7657089566187452,0.7669386397933347,0.7696616502151454,0.7632948426103912,228554877636.53998,23112406.732092373,0.0020436492635151904,3898.05,sh000903,0.00019674930793430934
2023-01-11,0.7679263213191648,0.7662441147363265,0.7731716578686935,0.76587422603741,247376773575.49,21876284.63940771,-0.0009055809956260985,3894.52,sh000903,0.00019674930793430934
2023-01-12,0.7690064750197242,0.7682352177326216,0.7720836341958167,0.7659391533090283,231716809978.41998,20677739.512297817,0.0025985230529050884,3904.64,sh000903,0.00019674930793430934
2023-01-13,0.7721465939743557,0.7791056169959922,0.7791056169959922,0.7708342760904339,224905878778.36,22521063.446437955,0.014149831994755058,3959.89,sh000903,0.00019674930793430934
2023-01-16,0.7792177641015148,0.7918431671916595,0.7993275108654806,0.7788695178264711,332366200860.19995,32897215.90005922,0.016348938985679018,4024.63,sh000903,0.00019674930793430934
2023-01-17,0.7918962895048017,0.7918569396432148,0.7942198988315059,0.7884846565052208,227610579524.63998,21593462.562699087,1.7392903198576448e-05,4024.7,sh000903,0.00019674930793430934
2023-01-18,0.7927757589112681,0.790601679058594,0.7945583076411529,0.7895077529064792,206390194844.08,17677891.46654967,-0.0015852113200982565,4018.32,sh000903,0.00019674930793430934
2023-01-19,0.7897399170898417,0.7962228067862771,0.7962228067862771,0.7858698582027738,247904943158.86,21355664.165163174,0.007109936490871771,4046.89,sh000903,0.00019674930793430934
2023-01-20,0.7987077505454875,0.8026112568149042,0.8046869620136111,0.7981234051009226,356794703559.70996,25573351.441188682,0.008023445164064391,4079.36,sh000903,0.00019674930793430934
2023-01-30,0.8214322956119003,0.8068334969631744,0.8214322956119003,0.8059618975290256,443339821195.82996,37458418.239880696,0.005260629118293059,4100.82,sh000903,0.00019674930793430934
2023-01-31,0.8068866192763168,0.7992822585246557,0.8095781498088582,0.7983575367773644,327691998904.13995,27858554.337338496,-0.00935910378899818,4062.44,sh000903,0.00019674930793430934
2023-02-01,0.802575841939476,0.8072447030167572,0.8072447030167572,0.7963329863987204,366283387507.82996,29327100.42373899,0.009961993284823834,4102.91,sh000903,0.00019674930793430934
2023-02-02,0.8090744715805462,0.8042659184946317,0.8091079189628951,0.8022059532405595,318754981445.42,28054678.212788314,-0.0036900638814889586,4087.77,sh000903,0.00019674930793430934
2023-02-03,0.8001971428065503,0.7956837136825372,0.8001971428065503,0.7878707986644657,299176030746.97,25651712.48063495,-0.010670854769226246,4044.15,sh000903,0.00019674930793430934
2023-02-06,0.7876878218080868,0.7846165651112323,0.7878747336506244,0.7792138291153562,298303809127.48,25606469.74489485,-0.013908979637253793,3987.9,sh000903,0.00019674930793430934
2023-02-07,0.786788677470827,0.7852776427858916,0.7883646394273808,0.7821965486236403,224525394593.75998,19044958.431927692,0.0008425487098473461,3991.26,sh000903,0.00019674930793430934
2023-02-08,0.7864994559881636,0.78228705330529,0.7892460763269266,0.7813820064887922,218677663732.18997,18579633.053313162,-0.003808321181782315,3976.06,sh000903,0.00019674930793430934
2023-02-09,0.7800342737294422,0.7919985991449275,0.7919985991449275,0.7793318787001167,237622040406.91998,21347513.888710722,0.012414299583004329,4025.42,sh000903,0.00019674930793430934
2023-02-10,0.7903832873267869,0.7861669496577547,0.7907984283665282,0.7835344439175936,214332555691.02,19500922.248726543,-0.007363206820654722,3995.78,sh000903,0.00019674930793430934
2023-02-13,0.784781834529897,0.7936965456724007,0.7941844839560778,0.7835305089314349,277515222662.07996,24706330.45750117,0.009577604372613013,4034.05,sh000903,0.00019674930793430934
2023-02-14,0.795660103765585,0.7936414558661791,0.7958804629904715,0.7894447931279402,234466014057.86,20369661.8201672,-6.940915457176455e-05,4033.77,sh000903,0.00019674930793430934
2023-02-15,0.7938913274872557,0.7891044168252139,0.7957486409541555,0.7875973171264371,332811661131.04,23336980.435307845,-0.005716736452499704,4010.71,sh000903,0.00019674930793430934
2023-02-16,0.789741884582921,0.7841896191130148,0.7983339268604123,0.7790328197520565,406624007169.12,28976420.947524995,-0.006228323663391322,3985.73,sh000903,0.00019674930793430934
2023-02-17,0.7827297392481423,0.7712258072132232,0.7858285408481076,0.7709011708551315,294207149228.32996,24053096.096533082,-0.016531476040775428,3919.84,sh000903,0.00019674930793430934
2023-02-20,0.7714756788342998,0.7911230647246198,0.7914063837280453,0.7708834634174174,422877777175.1,31011287.756625045,0.02579952242948691,4020.97,sh000903,0.00019674930793430934
2023-02-21,0.7905761016485625,0.7940506944266824,0.7959709676721213,0.7883154521003972,391550149826.81,27194067.53315718,0.00370059960656266,4035.85,sh000903,0.00019674930793430934
2023-02-22,0.7884236642197612,0.7848723392115469,0.7906429964132602,0.78387482022032,278332618167.5,20933116.894843396,-0.011558903328914627,3989.2,sh000903,0.00019674930793430934
2023-02-23,0.7848408593222774,0.784282091287744,0.789885511577713,0.7811537772915884,261756686926.66998,20773949.188428782,-0.0007520304823022128,3986.2,sh000903,0.00019674930793430934
2023-02-24,0.7833475320750559,0.7750132313909587,0.7837823480455908,0.7725656700002559,257961695178.84998,19527248.581221066,-0.011818273041994787,3939.09,sh000903,0.00019674930793430934
2023-02-27,0.7704368424884066,0.7704584849122794,0.7753437702282883,0.7689848325958514,235460599513.09998,19494249.398812816,-0.005876991894066874,3915.94,sh000903,0.00019674930793430934
2023-02-28,0.7735986038669109,0.7759182782074565,0.777039749262682,0.7670783318019679,295956354872.88,21922238.658917367,0.007086421140262589,3943.69,sh000903,0.00019674930793430934
2023-03-01,0.775692016503332,0.7881383777232565,0.7904049297506597,0.7744151134948384,397401962024.20996,27223883.20713177,0.015749209496689787,4005.8,sh000903,0.00019674930793430934
2023-03-02,0.7865368383566711,0.7858285408481076,0.7903183600551685,0.7848979166215784,373379132924.45996,25100142.12682067,-0.002930750411902827,3994.06,sh000903,0.00019674930793430934
2023-03-03,0.7876327320018652,0.7876228945364685,0.7892362388615298,0.7821886786513229,376585853225.66,22841359.774859767,0.0022833908353905308,4003.18,sh000903,0.00019674930793430934
2023-03-06,0.7877999689136094,0.7836721684331476,0.7881521501748118,0.7779625035168939,384729846293.91,28938189.085332144,-0.005016012270245174,3983.1,sh000903,0.00019674930793430934
2023-03-07,0.7822949232776074,0.7717491603723284,0.7867847424846683,0.7711353025315734,470155768125.42,27491412.980870068,-0.015214280334412855,3922.5,sh000903,0.00019674930793430934
2023-03-08,0.7678043367482456,0.7679853461115451,0.7693527538016885,0.7634246971536278,287386794869.32996,19473434.403249513,-0.004876991714467871,3903.37,sh000903,0.00019674930793430934
2023-03-09,0.7681998028571935,0.7661004877415344,0.7703227278898047,0.7617838079254556,296411639828.85,21329494.57054545,-0.002454289498561524,3893.79,sh000903,0.00019674930793430934
2023-03-10,0.7604852624930892,0.7567332531907819,0.763408957208993,0.756532568896689,308198446218.91,22933844.82325026,-0.012227161711340417,3846.18,sh000903,0.00019674930793430934
2023-03-13,0.7556944168448888,0.7645560056742501,0.764864902087707,0.7556944168448888,379114172157.11,26190771.341082633,0.010337529704798065,3885.94,sh000903,0.00019674930793430934
2023-03-14,0.7628619941329357,0.7603180255813451,0.7638496756587659,0.7525149480286704,384816819916.23,28951193.00937904,-0.005543060366346331,3864.4,sh000903,0.00019674930793430934
2023-03-15,0.7658348761758231,0.7607843214411494,0.7675406926756135,0.7607390691003245,341463940612.33997,24410930.40388698,0.0006132905496325503,3866.77,sh000903,0.00019674930793430934
2023-03-16,0.7541853496530326,0.7498057100584149,0.7582934752027011,0.7492252996000087,353429868344.01996,25295179.212825693,-0.014430648836108784,3810.97,sh000903,0.00019674930793430934
2023-03-17,0.7566761958914809,0.7539669579212256,0.7631158007401709,0.751114092956178,436252040229.06995,33510850.312752705,0.005549768169258673,3832.12,sh000903,0.00019674930793430934
2023-03-20,0.7546241006097262,0.7495086186034341,0.7578783341629596,0.748544546994556,473752222961.42,32586619.692618556,-0.005913175996576259,3809.46,sh000903,0.00019674930793430934
2023-03-21,0.7512006626516692,0.7591375297337393,0.7592162294569129,0.7510727756015119,328031227543.37,25375292.321445085,0.012846965186666948,3858.4,sh000903,0.00019674930793430934
2023-03-22,0.761773970460059,0.7627990343543968,0.7660670403591856,0.7599402669101112,372410331549.75,27803294.1650648,0.004823242794940841,3877.01,sh000903,0.00019674930793430934
2023-03-23,0.7598910795831276,0.7691540370006749,0.7691540370006749,0.7593992063132918,393225952417.74,29917922.91946461,0.008331162416398197,3909.31,sh000903,0.00019674930793430934
2023-03-24,0.768512634256809,0.7663660993072458,0.768512634256809,0.7642923616016181,395037323465.19995,30781186.082229406,-0.003624680570228578,3895.14,sh000903,0.00019674930793430934
2023-03-27,0.7654590849976686,0.7640326525151449,0.7654590849976686,0.7591552371714533,412370990535.26996,32532983.911907468,-0.0030448199551235122,3883.28,sh000903,0.00019674930793430934
2023-03-28,0.7648196497468821,0.7602609682820441,0.7661083577138518,0.7593264090693562,327030187173.43,24316303.64299051,-0.004936548484786085,3864.11,sh000903,0.00019674930793430934
2023-03-29,0.7634797869598494,0.7617385555846308,0.7645087858403459,0.759985519250936,307665717534.37,25892396.810654372,0.001943526452404143,3871.62,sh000903,0.00019674930793430934
2023-03-30,0.762267811222974,0.768231282746463,0.7684732843952222,0.7577189672235328,365286331904.13,29488757.594346214,0.00852356377950314,3904.62,sh000903,0.00019674930793430934
2023-03-31,0.7702597681112657,0.7707083565333559,0.7731480479517414,0.7685677240630306,332118891222.82,29483619.624877773,0.0032243854715696685,3917.21,sh000903,0.00019674930793430934
2023-04-03,0.7726168248203187,0.7772620759806478,0.7780392357469883,0.7708696909658621,454920964854.85,41279501.73198416,0.008503501216426956,3950.52,sh000903,0.00019674930793430934
2023-04-04,0.7770771316311895,0.7773624181276944,0.7775532649563905,0.7728352165521258,486695434943.89996,41134252.14484291,0.00012909692901197367,3951.03,sh000903,0.00019674930793430934
2023-04-06,0.7728942413445061,0.7763511266849119,0.776713145411511,0.771666525662996,374412127663.47,33621710.85865333,-0.0013009265938249692,3945.89,sh000903,0.00019674930793430934
2023-04-07,0.776878414830176,0.7835757612722598,0.7852068130350353,0.7766856005084003,316809917424.51996,30285157.09603924,0.009305885364265132,3982.61,sh000903,0.00019674930793430934
2023-04-10,0.7857321336872198,0.7821709712136088,0.7859426554467095,0.7802152830927418,376389944023.20996,35446652.92034998,-0.001792794172665757,3975.47,sh000903,0.00019674930793430934
2023-04-11,0.7828950086668071,0.7816456505614242,0.7847719970645004,0.7783992869805081,371844301604.49,32890088.74688398,-0.0006716187016879704,3972.8,sh000903,0.00019674930793430934
2023-04-12,0.782023409232658,0.7816495855475829,0.7837351282116866,0.7800696886048704,420349559895.85,33690975.05045637,5.034232782863413e-06,3972.82,sh000903,0.00019674930793430934
2023-04-13,0.7782281150826053,0.7750998010864497,0.7789678924804383,0.773128373020948,357849456952.13,30039703.24785888,-0.008379438283133922,3939.53,sh000903,0.00019674930793430934
2023-04-14,0.7771302539443318,0.7805477894231507,0.7823578830561464,0.7767780726831294,345373214846.00995,32338765.42864788,0.0070287572375384855,3967.22,sh000903,0.00019674930793430934
2023-04-17,0.7797529222190961,0.7909991126606213,0.7909991126606213,0.7791567718160552,418876070595.97,35183934.76825883,0.013389728827743363,4020.34,sh000903,0.00019674930793430934
2023-04-18,0.7886086085692194,0.7927246040912052,0.7950954332518135,0.7884020217958884,380527600254.62,33548937.68770376,0.002181407542645619,4029.11,sh000903,0.00019674930793430934
2023-04-19,0.7926222944510793,0.7854074973291282,0.7926222944510793,0.7843273436285688,393197073027.72,31684306.817265145,-0.009230326300349256,3991.92,sh000903,0.00019674930793430934
2023-04-20,0.7848565992669121,0.7810888500199701,0.7850061287409422,0.7774883376847722,386489369636.75995,34635566.5402618,-0.005498607186516846,3969.97,sh000903,0.00019674930793430934
2023-04-21,0.7818778147447867,0.7660021130875673,0.7818778147447867,0.7656637042779203,414193507746.45996,36004906.21060833,-0.01931500741819203,3893.29,sh000903,0.00019674930793430934
2023-04-24,0.765691249181031,0.7559482234521241,0.7661398376031212,0.7529694389299987,394109299870.51996,33937812.59148351,-0.013125146084673855,3842.19,sh000903,0.00019674930793430934
2023-04-25,0.756257119865581,0.7492823568993097,0.7569359049779543,0.7428093046682709,380529206359.38,33115289.00861959,-0.008817887715079187,3808.31,sh000903,0.00019674930793430934
2023-04-26,0.7467679007439092,0.7513285497018265,0.7543761964817289,0.7447590903099,349682485404.07,32798025.919498056,0.0027308701234931565,3818.71,sh000903,0.00019674930793430934
2023-04-27,0.749215462134612,0.7576796173619459,0.7598655021730961,0.7483064803319555,323246433076.32,30521516.679442257,0.008453116366521574,3850.99,sh000903,0.00019674930793430934
2023-04-28,0.7589230729880908,0.7645737131119642,0.764681925231328,0.7589230729880908,349248679557.95996,30768241.418169014,0.009098958968992488,3886.03,sh000903,0.00019674930793430934
2023-05-04,0.7612840646833026,0.7618251252801219,0.7638181957694964,0.7580317986231484,447086309596.42,32223555.557872828,-0.0035949285002947473,3872.06,sh000903,0.00019674930793430934
2023-05-05,0.7622874861537675,0.7574199082754727,0.7627045946865882,0.7528612268106347,394842562932.61,28201049.6950189,-0.005782451718206794,3849.67,sh000903,0.00019674930793430934
2023-05-08,0.7601075038218553,0.7635014293837222,0.7643297439701257,0.7566132361129421,464019563568.07996,32992280.548359998,0.008029259650827125,3880.58,sh000903,0.00019674930793430934
2023-05-09,0.7630764508785841,0.75578098654038,0.7669720871756833,0.7554583176753676,487830661300.44995,33797470.78237363,-0.010111890490596687,3841.34,sh000903,0.00019674930793430934
2023-05-10,0.7542581468969684,0.7543742289886496,0.7574238432616314,0.751371834549572,366640156234.17,28253941.70445893,-0.0018613296401777113,3834.19,sh000903,0.00019674930793430934
2023-05-11,0.7557377016926343,0.7536915088901175,0.757353013510775,0.7534337672967235,273729450768.8,23302692.124085855,-0.0009050151400948891,3830.72,sh000903,0.00019674930793430934
2023-05-12,0.7534888571029452,0.743033598879316,0.7552340234643226,0.7430198264277605,310027743631.83997,23414011.983941324,-0.014140944783226028,3776.55,sh000903,0.00019674930793430934
2023-05-15,0.7434585773844541,0.7548306873830573,0.7548306873830573,0.7412195702601616,347513013986.44995,27500731.66770616,0.015876924706411888,3836.51,sh000903,0.00019674930793430934
2023-05-16,0.7558439463189188,0.7512832973610016,0.7558439463189188,0.7489754279789321,255611328588.71997,22504300.68142155,-0.004699583736260338,3818.48,sh000903,0.00019674930793430934
2023-05-17,0.7501854362227282,0.7475489954964084,0.7517987805477895,0.7450660192302774,245809606690.69998,19591762.862702433,-0.004970564203557459,3799.5,sh000903,0.00019674930793430934
2023-05-18,0.748825898504902,0.7446154633151079,0.7504333403507253,0.7416858661199659,260812500632.18997,21077582.66390693,-0.00392420055270426,3784.59,sh000903,0.00019674930793430934
2023-05-19,0.7421816743759604,0.7429352242253489,0.7472027167144439,0.7390848402690744,233255900525.56998,19030080.703083653,-0.0022565192002304,3776.05,sh000903,0.00019674930793430934
2023-05-22,0.7425377906233216,0.748676369030872,0.7513383871672232,0.7418098181839645,216335180270.16998,18317420.602210283,0.007727651911388911,3805.23,sh000903,0.00019674930793430934
2023-05-23,0.7488908257765204,0.7387365939940307,0.7496384731466708,0.7387365939940307,247473038208.88998,17899125.66781634,-0.013276464234750596,3754.71,sh000903,0.00019674930793430934
2023-05-24,0.7373790237692839,0.7291706426422646,0.7374892033817271,0.7291706426422646,280037610187.66,20259867.29021113,-0.012949069302289673,3706.09,sh000903,0.00019674930793430934
2023-05-25,0.727309394189206,0.7258613192828095,0.729265082310073,0.7200729546433821,276795311616.45996,20643145.66960676,-0.004538475860003444,3689.27,sh000903,0.00019674930793430934
2023-05-26,0.7253261611652282,0.7236557595408658,0.7253261611652282,0.717245667088366,208789796677.28,18221440.602348007,-0.003038541500079983,3678.06,sh000903,0.00019674930793430934
2023-05-29,0.7263040052256616,0.7193922020379293,0.7269847578311144,0.7165767194413893,287195017828.81,21581695.15184128,-0.005891692903324031,3656.39,sh000903,0.00019674930793430934
2023-05-30,0.7183513981989569,0.7212573854771466,0.722418206393959,0.7114199200804311,317102945138.85,24078050.83766018,0.0025927212359730945,3665.87,sh000903,0.00019674930793430934
2023-05-31,0.7187921166487298,0.7117012715907772,0.7188314665103166,0.7088208617226189,286948567152.51996,23052804.57896632,-0.013249242335380051,3617.3,sh000903,0.00019674930793430934
2023-06-01,0.7098636330546708,0.7150519123048985,0.7200886945880168,0.7097219735529581,285987364279.76,22989262.29852379,0.004707931329997361,3634.33,sh000903,0.00019674930793430934
2023-06-02,0.7184104229913372,0.728100326407102,0.7287594365886818,0.7184104229913372,277730008678.07,23701859.61840472,0.0182482053088191,3700.65,sh000903,0.00019674930793430934
2023-06-05,0.7275691032756793,0.724029583225941,0.7275769732479966,0.7219046907002504,235265554354.34998,20753133.066810165,-0.0055909097050518275,3679.96,sh000903,0.00019674930793430934
2023-06-06,0.7232878383350287,0.7179992169377545,0.7286020371423344,0.7170941701212566,274893454863.17,22151740.512236822,-0.008328894879292226,3649.31,sh000903,0.00019674930793430934
2023-06-07,0.7199667100170976,0.7134267630213611,0.721271157928702,0.7118980208987116,214414680503.4,19580440.252842538,-0.0063683271632171135,3626.07,sh000903,0.00019674930793430934
2023-06-08,0.7143396798101763,0.7191108505275833,0.7220935700358674,0.7117681663554749,248530048280.15,19457119.245997626,0.007967303444224694,3654.96,sh000903,0.00019674930793430934
2023-06-09,0.7196578136036407,0.7216626890514912,0.7217118763784749,0.7166141018098969,317902282130.94,24569481.658439267,0.003548602447085658,3667.93,sh000903,0.00019674930793430934
2023-06-12,0.7195594389496734,0.7228294124475418,0.7258475468312541,0.717164999872113,280311181670.91,23602944.15357464,0.0016167156952286987,3673.86,sh000903,0.00019674930793430934
2023-06-13,0.7215210295497786,0.7268214559055289,0.727521883441775,0.7201752642835079,249865382075.00998,21768371.5857404,0.005522801630982066,3694.15,sh000903,0.00019674930793430934
2023-06-14,0.7288558437495696,0.7267368537031171,0.7318346282716951,0.7262449804332813,271020826247.59998,23427047.034004185,-0.0001164002544564724,3693.72,sh000903,0.00019674930793430934
2023-06-15,0.7284348002305903,0.7409657636529264,0.7409657636529264,0.7283836454105274,288582199328.27997,30226980.83510244,0.019579177631222855,3766.04,sh000903,0.00019674930793430934
2023-06-16,0.7422938214814829,0.7487334263301729,0.7496325706674327,0.7416661911891725,303856392826.35,28419839.78300519,0.010483160030164251,3805.52,sh000903,0.00019674930793430934
2023-06-19,0.7477890296520882,0.7410070810075926,0.7477890296520882,0.7396003234558622,292779779531.58997,25603435.953417636,-0.010319220500746296,3766.25,sh000903,0.00019674930793430934
2023-06-20,0.7403381333606159,0.7409539586944504,0.7435333421214692,0.7397498529298924,264766954186.15,26067857.10621118,-7.16893461666368e-05,3765.98,sh000903,0.00019674930793430934
2023-06-21,0.7383175179681306,0.7297864679760989,0.740883128943594,0.7297864679760989,270883092599.21,24562549.356118213,-0.015071774146437344,3709.22,sh000903,0.00019674930793430934
2023-06-26,0.7238800537519109,0.7215643143975241,0.7273526790369516,0.7192249651261852,296829394792.57996,23269356.24248172,-0.011266519645639739,3667.43,sh000903,0.00019674930793430934
2023-06-27,0.722010935326535,0.7283010107011949,0.7299655098463191,0.7211963931916869,272655363127.93997,20850958.52026813,0.009336238183141887,3701.67,sh000903,0.00019674930793430934
2023-06-28,0.7266227391045152,0.727366451488507,0.7285194024330021,0.7210389937453396,245481468306.49,21143949.008285116,-0.0012832046076500792,3696.92,sh000903,0.00019674930793430934
2023-06-29,0.7269493429556863,0.7231442113402367,0.7278524222791046,0.7221034075012642,226847171502.63998,20014329.475053173,-0.005804832130530291,3675.46,sh000903,0.00019674930793430934
2023-06-30,0.7214993871259058,0.7256389925648437,0.7295602062719745,0.7204428433422986,238190266039.69998,20926272.11354009,0.00344990831079639,3688.14,sh000903,0.00019674930793430934
2023-07-03,0.7284151252997968,0.7342585797454457,0.7357420695272704,0.7281849286095137,309952099147.20996,25753378.98062216,0.01187861632150633,3731.95,sh000903,0.00019674930793430934
2023-07-04,0.7335502822368822,0.7351892039719751,0.7355394177400981,0.7317637985208387,250193754259.28,21178892.322074685,0.0012674339152454195,3736.68,sh000903,0.00019674930793430934
2023-07-05,0.7344395891087453,0.7303904883514573,0.735785354375016,0.7294244492494998,245500299376.53998,18922035.204884894,-0.006527184559555477,3712.29,sh000903,0.00019674930793430934
2023-07-06,0.7281632861856409,0.7246808234352036,0.7318031483824256,0.7235554173938193,251631563636.96,18808191.50369594,-0.007817277206252693,3683.27,sh000903,0.00019674930793430934
2023-07-07,0.7223670515738961,0.7202303540897296,0.7239272735858152,0.7189928009428228,263837014447.49997,17837539.829398677,-0.006141282067293474,3660.65,sh000903,0.00019674930793430934
2023-07-10,0.7235180350253119,0.7252376239766577,0.7295090514519116,0.722996649359286,239184836247.11,19975954.60881319,0.006952317211424086,3686.1,sh000903,0.00019674930793430934
2023-07-11,0.7274313787601253,0.72999305474943,0.7304160657614888,0.7253045187413554,207614931045.34,18048965.539358716,0.006557065733431067,3710.27,sh000903,0.00019674930793430934
2023-07-12,0.7294087093048651,0.7263610625249626,0.7319566128426144,0.725233688990499,264751182847.31998,21304527.37929922,-0.0049753791503044376,3691.81,sh000903,0.00019674930793430934
2023-07-13,0.7285174349399226,0.7357066546518423,0.7361099907331077,0.7285174349399226,285186009491.5,23911568.88759909,0.012866317605727318,3739.31,sh000903,0.00019674930793430934
2023-07-14,0.7374872358886478,0.7362890326033279,0.7385614871099692,0.7351518216034675,311603149427.44,22276696.673461076,0.0007915898922528086,3742.27,sh000903,0.00019674930793430934
2023-07-17,0.733158751114093,0.7298632002061933,0.733158751114093,0.7270142702273046,246033038226.3,16825594.27032568,-0.008727323255670938,3709.61,sh000903,0.00019674930793430934
2023-07-18,0.7310102486714504,0.7274490861978393,0.7310102486714504,0.7252730388520859,202807137768.03998,15889860.772614859,-0.0033076253298863767,3697.34,sh000903,0.00019674930793430934
2023-07-19,0.7263708999903593,0.7269395054902895,0.7288401038049349,0.7231756912295061,183899086506.97998,15323869.325818824,-0.0007005036052946112,3694.75,sh000903,0.00019674930793430934
2023-07-20,0.7283915153828447,0.7227684201620822,0.7326393329411464,0.7218220559909181,218954269533.61,17852662.480831698,-0.00573787130387704,3673.55,sh000903,0.00019674930793430934
2023-07-21,0.721402979965018,0.721879113290219,0.7273330041061581,0.7192800549324069,199460899822.34,16375658.4433785,-0.0012304174436171822,3669.03,sh000903,0.00019674930793430934
2023-07-24,0.7176745805796628,0.7175801409118544,0.7225519959233544,0.7164645723358669,172732104406.41998,15168565.218578646,-0.005955252478175521,3647.18,sh000903,0.00019674930793430934
2023-07-25,0.7291883500799786,0.7389884331081865,0.7389884331081865,0.7291883500799786,359848721926.07,28877483.628431067,0.02983400874099984,3755.99,sh000903,0.00019674930793430934
2023-07-26,0.7375954480080117,0.7376151229388052,0.738343095378162,0.7349786822124854,241030438672.91998,18351946.9372232,-0.0018583649051248097,3749.01,sh000903,0.00019674930793430934
2023-07-27,0.7391045151998679,0.7361985279216781,0.7421442920074529,0.7347484855222023,237770330636.28,18177080.02530196,-0.0019205070138517133,3741.81,sh000903,0.00019674930793430934
2023-07-28,0.7338808210742119,0.7525031430701943,0.7540653325751927,0.7333023781088851,364877293616.55,27599930.123558566,0.022147035792838166,3824.68,sh000903,0.00019674930793430934
2023-07-31,0.7578960416006737,0.7562256399763114,0.7655731995962705,0.7538469408433857,397460559434.89996,33959918.6447711,0.004946819080289044,3843.6,sh000903,0.00019674930793430934
2023-08-01,0.7555311149193034,0.7534278648174856,0.759377563889419,0.7506871469579606,303662648815.76,24128016.967699666,-0.0036996565719636942,3829.38,sh000903,0.00019674930793430934
2023-08-02,0.7513678995634133,0.7482631954842099,0.7551690961927042,0.7460930506176945,254742324261.36,19033211.90589087,-0.006854895570562292,3803.13,sh000903,0.00019674930793430934
2023-08-03,0.746274059980994,0.7541479672845252,0.7542168295423021,0.7462465150778833,254505464470.13998,20671201.82703375,0.007864574705571448,3833.04,sh000903,0.00019674930793430934
2023-08-04,0.7597022002475107,0.7568040829416383,0.763660796323149,0.7551061364141651,362487857003.35,28760965.35323387,0.0035220086406611006,3846.54,sh000903,0.00019674930793430934
2023-08-07,0.7537505336824978,0.7508465138973874,0.7537505336824978,0.7482946753734794,264102773959.18,22154989.503601495,-0.007872009650231049,3816.26,sh000903,0.00019674930793430934
2023-08-08,0.7495145210826721,0.7492430070377228,0.7534495072413583,0.7461678153547096,217082354435.83,18460299.291308995,-0.002135598727549981,3808.11,sh000903,0.00019674930793430934
2023-08-09,0.7470492522542552,0.7475096456348216,0.7503743155583451,0.7464963866989599,195154846556.40997,15998932.977426952,-0.002313483591597887,3799.3,sh000903,0.00019674930793430934
2023-08-10,0.7465672164498163,0.7482081056779883,0.7489498505689006,0.7424807333240205,193509605699.40997,15769826.63053038,0.0009343826494354612,3802.85,sh000903,0.00019674930793430934
2023-08-11,0.7490600301813438,0.7310220536299264,0.7490600301813438,0.7310220536299264,271967345460.06998,19267542.098901942,-0.02296961489409255,3715.5,sh000903,0.00019674930793430934
2023-08-14,0.7226857854527498,0.7255622603347494,0.7261741506824251,0.7175427585433468,256266939535.22998,19514315.43777705,-0.007468712151796564,3687.75,sh000903,0.00019674930793430934
2023-08-15,0.7258160669419845,0.722762517682844,0.7270123027342251,0.7163524252303443,215334353369.84998,17100513.004775107,-0.0038587214426140104,3673.52,sh000903,0.00019674930793430934
2023-08-16,0.7197758631884013,0.7166928015330707,0.7227684201620822,0.7165668819759927,203695262874.22,17088321.59652226,-0.00839793985060644,3642.67,sh000903,0.00019674930793430934
2023-08-17,0.713546780099201,0.7195259915673248,0.720525478051631,0.7095330942173411,193785220391.87997,16142816.071054045,0.003953144259567942,3657.07,sh000903,0.00019674930793430934
2023-08-18,0.7193115348216763,0.7099757801601934,0.7209780014598799,0.7099757801601934,194409425891.19998,15758031.706190323,-0.01327292067146646,3608.53,sh000903,0.00019674930793430934
2023-08-21,0.7074869014148243,0.7008151323827718,0.7106152154109798,0.7008151323827718,206662587161.81,16759203.30249616,-0.01290276095806342,3561.97,sh000903,0.00019674930793430934
2023-08-22,0.7043703923771448,0.7052262518666591,0.7079984496154536,0.6955560233816878,298736689938.57,20912581.36069854,0.006294269743990055,3584.39,sh000903,0.00019674930793430934
2023-08-23,0.7041500331522584,0.6930258272816526,0.7049035830016468,0.6927031584166403,228129864705.72998,16335464.477168228,-0.01730001478633736,3522.38,sh000903,0.00019674930793430934
2023-08-24,0.6961167589093006,0.6994319847479937,0.704193318000004,0.6948319859284895,269318649993.37997,19182790.20233699,0.009243749964512604,3554.94,sh000903,0.00019674930793430934
2023-08-25,0.6959436195183184,0.6972362624714469,0.7021963125244707,0.6944857071465252,241222876452.74,17306723.277902495,-0.0031392934901854908,3543.78,sh000903,0.00019674930793430934
2023-08-28,0.7352816761467043,0.7072881846138106,0.7352816761467043,0.7048327532507904,416732789867.68,31826402.68875637,0.014416809169869316,3594.87,sh000903,0.00019674930793430934
2023-08-29,0.7058676546105249,0.7153962235937835,0.7197581557506872,0.7057378000672883,320989118910.07,25408171.692949098,0.011463557792075862,3636.08,sh000903,0.00019674930793430934
2023-08-30,0.7187547342802222,0.7169918604811308,0.7214226548958115,0.7150676522495333,295559123488.32996,21791606.415601436,0.0022304239730699393,3644.19,sh000903,0.00019674930793430934
2023-08-31,0.7171433574482402,0.7133421608189493,0.7183573006781949,0.7123702192377538,243916446283.12,18005203.342141144,-0.005090294413847896,3625.64,sh000903,0.00019674930793430934
2023-09-01,0.7159726990660311,0.7180779166609282,0.7216744940099673,0.7156775751041297,230470025414.97998,16474542.813967627,0.006638827903487465,3649.71,sh000903,0.00019674930793430934
2023-09-04,0.7230655116170629,0.7295090514519116,0.7307111897233902,0.7210330912661015,327876568803.68,23313066.895236894,0.01591907302224005,3707.81,sh000903,0.00019674930793430934
2023-09-05,0.727779625035169,0.7246670509836481,0.7278819346752948,0.7235455799284226,224404713101.91998,17909951.810192008,-0.006637341179833944,3683.2,sh000903,0.00019674930793430934
2023-09-06,0.7224496862832285,0.7224851011586567,0.7237147843332462,0.7185245375899391,205090022545.19998,16478804.871807989,-0.0030109687228495607,3672.11,sh000903,0.00019674930793430934
2023-09-07,0.7204782582177267,0.7114061476288758,0.7204782582177267,0.7111680809662753,212546323232.62,16803362.933748607,-0.015334507953193133,3615.8,sh000903,0.00019674930793430934
2023-09-08,0.7092989625408993,0.7060545664530625,0.7103397663798718,0.7035656877076935,155673477693.88998,12765769.03950923,-0.007522539963493613,3588.6,sh000903,0.00019674930793430934
2023-09-11,0.7061706485447438,0.710318123955999,0.7146446412374745,0.7050058926417727,216115072761.50998,17847959.393579282,0.006038566571922255,3610.27,sh000903,0.00019674930793430934
2023-09-12,0.7098006732761317,0.7092714176377884,0.7117642313693162,0.7077131631189488,175978585965.65,13699770.586529363,-0.001473573998620692,3604.95,sh000903,0.00019674930793430934
2023-09-13,0.7089920336205219,0.7047461835552994,0.7110421614091973,0.7013640629519087,192168782685.75,14082938.259398224,-0.006380116229073862,3581.95,sh000903,0.00019674930793430934
2023-09-14,0.7047422485691407,0.7037506320571517,0.7071406226328599,0.7007147902357254,213307779532.37997,15158066.198252473,-0.0014126383673697118,3576.89,sh000903,0.00019674930793430934
2023-09-15,0.7050845923649464,0.6987354921979062,0.706682196745373,0.6969076911271965,248758816556.24997,19012206.377766542,-0.00712630245828072,3551.4,sh000903,0.00019674930793430934
2023-09-18,0.6968407963624988,0.7032922061696648,0.7055863031001789,0.6957783500996535,197436379359.31,16594394.063856956,0.0065213718533536635,3574.56,sh000903,0.00019674930793430934
2023-09-19,0.7024442166524679,0.701560812259843,0.7024442166524679,0.6979839098415972,173221971440.83,13333587.224477189,-0.002461841457410019,3565.76,sh000903,0.00019674930793430934
2023-09-20,0.7006577329364244,0.6983577335266724,0.7008879296267077,0.6979898123208352,161663902831.21,11696601.145730246,-0.004565646594274497,3549.48,sh000903,0.00019674930793430934
2023-09-21,0.6966538845199612,0.691485280200527,0.6986804023916846,0.691485280200527,183714608094.41998,13363386.076110505,-0.009840878100454087,3514.55,sh000903,0.00019674930793430934
2023-09-22,0.6918728763371575,0.7058755245828423,0.7060034116329996,0.6899289931747665,253640912509.13998,19776433.219094127,0.020810630094891147,3587.69,sh000903,0.00019674930793430934
2023-09-25,0.7059404518544606,0.7006223180609962,0.7059404518544606,0.6998766381839252,192753414983.61,15059726.243386764,-0.0074421145639673725,3560.99,sh000903,0.00019674930793430934
2023-09-26,0.6995520018258337,0.6950916950149628,0.701905123548728,0.6949303605824567,177957429012.61,13948264.578474445,-0.007893872209694397,3532.88,sh000903,0.00019674930793430934
2023-09-27,0.6953612415668329,0.697145757789797,0.7031131642994446,0.6952058096135647,201968029352.69998,17069181.29905698,0.0029550961255406794,3543.32,sh000903,0.00019674930793430934
2023-09-28,0.6994772370888186,0.69411188346145,0.7001894695835408,0.6932875038612052,191510096760.19,15613809.350884683,-0.004351850806588176,3527.9,sh000903,0.00019674930793430934
2023-10-09,0.6919850234426801,0.6932816013819671,0.6950267677433446,0.6848213811407918,229363210848.33,19055018.03980632,-0.0011961790300178965,3523.68,sh000903,0.00019674930793430934
2023-10-10,0.6955029010685455,0.6883490962320541,0.696531899949042,0.6882015342511033,220188769428.68,16599012.112851467,-0.007114720973527611,3498.61,sh000903,0.00019674930793430934
2023-10-11,0.6921660328059797,0.6915069226243997,0.6957763826065743,0.6896496091574998,225449438504.81,20030722.812728107,0.004587536192945052,3514.66,sh000903,0.00019674930793430934
2023-10-12,0.6973444745908106,0.6980547395924536,0.7001993070489375,0.6943322426863364,235704437727.84998,19602125.44580442,0.009468910221756888,3547.94,sh000903,0.00019674930793430934
2023-10-13,0.6930277947747319,0.6899211232024491,0.6930277947747319,0.6876309612580939,204971455419.12,17044614.965755787,-0.011651831767166332,3506.6,sh000903,0.00019674930793430934
2023-10-16,0.6901513198927324,0.6818937514387294,0.6901513198927324,0.679816078746943,209810633813.16998,16317126.588465376,-0.01163520219015568,3465.8,sh000903,0.00019674930793430934
2023-10-17,0.6840147089782612,0.6839497817066429,0.685195204825867,0.6806188159233151,198772099432.53,14525000.517509706,0.0030151768711408344,3476.25,sh000903,0.00019674930793430934
2023-10-18,0.6829404577569399,0.6792927255878378,0.6829404577569399,0.6788893895065725,207719424424.33,16236766.708777577,-0.006809061488673107,3452.58,sh000903,0.00019674930793430934
2023-10-19,0.6747615890261107,0.6636629605655362,0.6748540612008398,0.663334389221286,237174653826.88998,19575305.44665044,-0.02300888031559012,3373.14,sh000903,0.00019674930793430934
2023-10-20,0.6605425165416982,0.6594033380487584,0.6642492735031805,0.6574751948310023,227828532006.65997,18553099.781391844,-0.006418352039939124,3351.49,sh000903,0.00019674930793430934
2023-10-23,0.6580260928932182,0.6531112951810193,0.6586852030747983,0.6482279773580897,223204063389.44998,16007452.759409044,-0.009542024592047005,3319.51,sh000903,0.00019674930793430934
2023-10-24,0.6548171116808097,0.6543075309732599,0.6565189931944415,0.6483263520120568,258946496609.84,19564610.665012665,0.0018315956270653633,3325.59,sh000903,0.00019674930793430934
2023-10-25,0.6615144581228936,0.6565976929176152,0.6630254928078291,0.6561510719886043,314327789252.75,21468023.174805857,0.0035001308038573598,3337.23,sh000903,0.00019674930793430934
2023-10-26,0.6529086433938469,0.6577919612167765,0.6580831501925193,0.6508093282781878,242353467468.96997,18781107.89460533,0.0018188737366020558,3343.3,sh000903,0.00019674930793430934
2023-10-27,0.655133878066584,0.6677868260598394,0.67072035824114,0.6540261794629137,271996438319.71,24272980.982329946,0.01519456824095955,3394.1,sh000903,0.00019674930793430934
2023-10-30,0.6662895638264592,0.6739234369743105,0.6757118881834334,0.666185286693254,335163166225.81,25911337.698288873,0.0091894758551605,3425.29,sh000903,0.00019674930793430934
2023-10-31,0.6726071841042299,0.6703839169245723,0.6726071841042299,0.6670352437035304,255772020386.47998,20053603.116017167,-0.00525211004031767,3407.3,sh000903,0.00019674930793430934
2023-11-01,0.6774688595032867,0.6701517527412097,0.677659706331983,0.6687292552448447,234707366876.31998,19576755.611664087,-0.00034631526428563486,3406.12,sh000903,0.00019674930793430934
2023-11-02,0.6724202722616924,0.6674011974162881,0.675835840247432,0.6673441401169872,209294870880.81,15824531.895836983,-0.004104376827592682,3392.14,sh000903,0.00019674930793430934
2023-11-03,0.668375106490563,0.6736263455193298,0.6755072689031817,0.6682531219196437,232295892066.15997,17436708.006752435,0.009327445211577468,3423.78,sh000903,0.00019674930793430934
2023-11-06,0.6776754462766178,0.6834697133952832,0.684237035696227,0.6775613316780159,372821113172.56,26843892.924403016,0.01461250430810379,3473.81,sh000903,0.00019674930793430934
2023-11-07,0.6818268566740316,0.6795642396327871,0.6818268566740316,0.6771934104721786,247324554840.34998,19232875.971695647,-0.005714187016561012,3453.96,sh000903,0.00019674930793430934
2023-11-08,0.6776164214842375,0.6785490132038461,0.6815277977259716,0.6750409730433773,247124498228.13998,19637937.765242662,-0.0014939373936003753,3448.8,sh000903,0.00019674930793430934
2023-11-09,0.676587422603741,0.677911545446139,0.6807152230842028,0.676123094237016,237486187324.22998,18341533.989623442,-0.0009394572025053227,3445.56,sh000903,0.00019674930793430934
2023-11-10,0.6743011956455444,0.6725875091734366,0.6748737361316332,0.6707360981857747,201576002560.78998,15412010.938022,-0.007853585483927117,3418.5,sh000903,0.00019674930793430934
2023-11-13,0.6740965763652927,0.670921042535233,0.6754757890139121,0.6678222409352675,214465653999.09,16488679.154725626,-0.0024776948954219336,3410.03,sh000903,0.00019674930793430934
2023-11-14,0.6713617609850058,0.6700337031564492,0.6744566275988124,0.6676491015442854,201625715569.19998,15026247.69142232,-0.001322569009656882,3405.52,sh000903,0.00019674930793430934
2023-11-15,0.6772150528960514,0.6755721961748,0.677866293105314,0.6734177912529192,229172801029.9,18436567.356141824,0.00826599168408948,3433.67,sh000903,0.00019674930793430934
2023-11-16,0.6744113752579876,0.6683200166843414,0.6747792964638247,0.6680052177916465,187679979094.65997,14264517.75650699,-0.010734869687535564,3396.81,sh000903,0.00019674930793430934
2023-11-17,0.6658429428974484,0.6666909324146453,0.6679343880407901,0.6625237820725965,188135685907.25998,13259015.387684675,-0.002437581142306966,3388.53,sh000903,0.00019674930793430934
2023-11-20,0.6670372111966096,0.6680189902432019,0.6704881940577774,0.6622522680276473,194444384082.78,14891998.265615502,0.001992014236261719,3395.28,sh000903,0.00019674930793430934
2023-11-21,0.6707400331719334,0.669453292698043,0.6758004253720038,0.6684833186099268,234745217072.99,16942385.446729142,0.002147098324733143,3402.57,sh000903,0.00019674930793430934
2023-11-22,0.6671828056844811,0.6619118917249208,0.6680052177916465,0.6619118917249208,195546934339.63998,13703661.86746573,-0.011265014386184657,3364.24,sh000903,0.00019674930793430934
2023-11-23,0.6612272041333096,0.6652428575082487,0.6654041919407548,0.658643885720132,170482312502.97,12411380.155353256,0.005032340142201663,3381.17,sh000903,0.00019674930793430934
2023-11-24,0.665290077342153,0.6602670675105901,0.665290077342153,0.6595548350158679,172842788404.38998,13442663.286067592,-0.007479659407838124,3355.88,sh000903,0.00019674930793430934
2023-11-27,0.6592321661508556,0.6544314830372584,0.6592321661508556,0.6509745976968526,210281522381.84,15239859.765573202,-0.008838218291476574,3326.22,sh000903,0.00019674930793430934
2023-11-28,0.6539671546705336,0.6561117221270175,0.6563163414072691,0.652255435691505,176228563973.28,12820046.961698813,0.002567479000186612,3334.76,sh000903,0.00019674930793430934
2023-11-29,0.6562632190941269,0.650512236823207,0.6565760504937425,0.6493533833994739,199484452637.08,14302529.940384962,-0.008534347299355871,3306.3,sh000903,0.00019674930793430934
2023-11-30,0.6497645894530566,0.6515077883213547,0.65367793318787,0.648957917290526,202634908445.58,14217188.223097978,0.0015304116383874078,3311.36,sh000903,0.00019674930793430934
2023-12-01,0.6511378996224382,0.6481591151003127,0.6511378996224382,0.6417883725093998,238556422346.71,17758779.206706792,-0.005139882102821791,3294.34,sh000903,0.00019674930793430934
2023-12-04,0.6476692093235562,0.6432502198673516,0.6485821261123714,0.6430515030663381,217357984376.12997,15875709.961476488,-0.007573595925132293,3269.39,sh000903,0.00019674930793430934
2023-12-05,0.6411410672862958,0.6303296928153055,0.6411410672862958,0.6302411556267351,224755072657.05,16701883.258109516,-0.020086315795913023,3203.72,sh000903,0.00019674930793430934
2023-12-06,0.6290272123967804,0.6322007787337608,0.6363128392695879,0.6282284102065672,244542974535.21,18329050.807872336,0.002968424206859499,3213.23,sh000903,0.00019674930793430934
2023-12-07,0.6309061682875531,0.6300699837288323,0.632958263569308,0.625985468096116,210763795996.90997,16311870.066599641,-0.0033704403357369683,3202.4,sh000903,0.00019674930793430934
2023-12-08,0.6303670751838131,0.6321594613790946,0.6338554404134884,0.628612071357039,276005590922.49,19002042.617474094,0.0033162628028977625,3213.02,sh000903,0.00019674930793430934
2023-12-11,0.6278919688899994,0.6364230188820311,0.6379694684423949,0.6227902593352629,309710258398.19,20622729.854739986,0.006744433585847531,3234.69,sh000903,0.00019674930793430934
2023-12-12,0.6346581775898603,0.6375484249234153,0.6377451742313497,0.6338652778788851,233129246966.97998,15547184.674665183,0.00176833019547451,3240.41,sh000903,0.00019674930793430934
2023-12-13,0.6357206238527057,0.6264065116150954,0.6357206238527057,0.6263651942604292,210517238585.81,15531793.74433608,-0.01747618356936298,3183.78,sh000903,0.00019674930793430934
2023-12-14,0.6303493677460991,0.6234788819130329,0.632643464676613,0.6231522780618619,189974757179.22,15103220.119210407,-0.0046736897649963804,3168.9,sh000903,0.00019674930793430934
2023-12-15,0.6267095055493143,0.6219757172004148,0.6312327721387241,0.6215566411745147,232611339173.19998,17683831.676855005,-0.002410931237968983,3161.26,sh000903,0.00019674930793430934
2023-12-18,0.619309764077905,0.6194042037457134,0.6237366235064269,0.6165375663291105,198669816988.88998,14669726.317305481,-0.004134427411854769,3148.19,sh000903,0.00019674930793430934
2023-12-19,0.6185758891593099,0.6212457772679786,0.6232939375635747,0.6164057442927945,180686561865.15997,13458440.833685843,0.0029731369453558365,3157.55,sh000903,0.00019674930793430934
2023-12-20,0.6208896610206174,0.6149242220040492,0.6218084802886706,0.6148612622255102,205277484449.83,14388260.852534426,-0.010175610837516502,3125.42,sh000903,0.00019674930793430934
2023-12-21,0.6125730677742341,0.6223121585169824,0.6240042025652176,0.6123684484939824,240843784903.28,18440567.44757123,0.012014385266620131,3162.97,sh000903,0.00019674930793430934
2023-12-22,0.6218438951640989,0.6239904301136621,0.6282028327965357,0.6193628863910472,255343098928.58,17554895.77451349,0.0026968324075158367,3171.5,sh000903,0.00019674930793430934
2023-12-25,0.6226446648473914,0.6250902587450149,0.6261212251185907,0.6220622868959058,170851137180.22998,11904063.434396897,0.001762572915024574,3177.09,sh000903,0.00019674930793430934
2023-12-26,0.6247223375391777,0.6213166070188348,0.6247223375391777,0.6195438957543468,164887095871.41998,11694773.737941727,-0.006036970938815167,3157.91,sh000903,0.00019674930793430934
2023-12-27,0.6219403023249866,0.6237838433403311,0.6249781116394924,0.6189044605035602,225515258304.31,14358607.018362615,0.00397098080692615,3170.45,sh000903,0.00019674930793430934
2023-12-28,0.6236815337002052,0.639559202850504,0.6410348226600113,0.6228630565791985,343384943557.5,25830395.270107288,0.025289785361699568,3250.63,sh000903,0.00019674930793430934
2023-12-29,0.6390437196637162,0.6420028292550481,0.6431675851580192,0.6387544981810527,286004640071.14996,20397253.685567062,0.003820797814577448,3263.05,sh000903,0.00019674930793430934
2024-01-02,0.6414479962066734,0.6332356800934953,0.6414479962066734,0.6332356800934953,267719025561.12997,18752567.993412834,-0.013655935397864138,3218.49,sh000903,0.00019674930793430934
2024-01-03,0.6318781098687486,0.6313665616681193,0.6343689561071969,0.6283130124089789,238482185745.05,16754940.178117149,-0.002951694738837163,3208.99,sh000903,0.00019674930793430934
2024-01-04,0.6307290939104122,0.6253184879422187,0.6308491109882521,0.6206653668095723,247985573683.9,17083177.04935063,-0.009579338047173702,3178.25,sh000903,0.00019674930793430934
2024-01-05,0.6241694719838823,0.6221272141675243,0.6301211385488952,0.6189359403928297,277956794736.26996,18750052.18865898,-0.0051034374262565185,3162.03,sh000903,0.00019674930793430934
2024-01-08,0.6211788825032808,0.6145208859227838,0.6239117303904884,0.6137791410318715,281586449180.79,17349751.93990883,-0.012226322963412861,3123.37,sh000903,0.00019674930793430934
2024-01-09,0.6147333751753529,0.6158154963689916,0.6182984726351226,0.6123330336185543,254189387119.46,17810242.895244766,0.002106698854122291,3129.95,sh000903,0.00019674930793430934
2024-01-10,0.6135273019177155,0.6121598942275721,0.6195812781228542,0.6110659680754573,223640939132.0,16438868.241277613,-0.0059361970638508454,3111.37,sh000903,0.00019674930793430934
2024-01-11,0.6120064297673834,0.6161184903032103,0.6190579249637489,0.6104285003177502,252644263514.24,19350614.684699398,0.006466604743248006,3131.49,sh000903,0.00019674930793430934
2024-01-12,0.6136748638986663,0.6137378236772052,0.6185227668461677,0.6123507410562684,224050602580.61,16433348.42098843,-0.003863975296105049,3119.39,sh000903,0.00019674930793430934
2024-01-15,0.6107551041689211,0.6130590385648319,0.6179777712631896,0.6091574997884945,202731920222.65,14620355.624334743,-0.0011059854651068735,3115.94,sh000903,0.00019674930793430934
2024-01-16,0.6114004418989457,0.6165670787253006,0.6165670787253006,0.6090079703144644,243301226838.28,17567622.03328605,0.005722189772588759,3133.77,sh000903,0.00019674930793430934
2024-01-17,0.6146566429452585,0.6021473219467951,0.6146566429452585,0.6021473219467951,236357476873.69998,17863528.468641113,-0.02338716625661741,3060.48,sh000903,0.00019674930793430934
2024-01-18,0.5993338068433345,0.6121461217760167,0.6130806809887047,0.5926974526867101,391260959483.02997,26860417.715740535,0.01660523839397743,3111.3,sh000903,0.00019674930793430934
2024-01-19,0.609653308044489,0.6123172936739195,0.6154239652462022,0.6082072006311718,281196729893.82,20892891.405262258,0.00027962587985719267,3112.17,sh000903,0.00019674930793430934
2024-01-22,0.6109184060945065,0.6044433863703885,0.6154416726839164,0.5993633192395246,334716862241.70996,24008834.860967103,-0.01285919470980057,3072.15,sh000903,0.00019674930793430934
2024-01-23,0.6024837632633627,0.606218065127956,0.6096060882105847,0.5991547649731143,279619128410.7,20715927.580927912,0.002936054554627754,3081.17,sh000903,0.00019674930793430934
2024-01-24,0.6092224270601129,0.6134899195492081,0.6142316644401203,0.5979349192639215,333408816979.94,22046702.713507432,0.011995443289399832,3118.13,sh000903,0.00019674930793430934
2024-01-25,0.6130885509610221,0.6254719524024075,0.6257336289819602,0.611758525639386,443738104680.64996,25963228.74558544,0.019530936811486432,3179.03,sh000903,0.00019674930793430934
2024-01-26,0.6222019789045392,0.6224223381294257,0.6258890609352282,0.6194061712387927,414182463234.93,24156844.70577125,-0.00487570107863089,3163.53,sh000903,0.00019674930793430934
2024-01-29,0.6225659651242178,0.6152823057444895,0.6250509088834281,0.6152823057444895,401052460252.33997,24912538.228449557,-0.011471362686619191,3127.24,sh000903,0.00019674930793430934
2024-01-30,0.6117683631047829,0.6043351742510246,0.6142159244954857,0.6043273042787072,315520626993.64996,20546597.484402698,-0.017792046660953353,3071.6,sh000903,0.00019674930793430934
2024-01-31,0.6024660558256486,0.599973242094121,0.606430554380525,0.5974056636255782,328543381822.63,22573694.06694592,-0.007217736684464127,3049.43,sh000903,0.00019674930793430934
2024-02-01,0.5977637473660187,0.6004710178431948,0.6071624618060406,0.5959221738437536,312233748850.13995,20549482.194286007,0.0008296632485416122,3051.96,sh000903,0.00019674930793430934
2024-02-02,0.6007543368466202,0.592530215774966,0.602806432128375,0.5799166176432974,374191115450.23,23706874.241974104,-0.013224288653848726,3011.6,sh000903,0.00019674930793430934
2024-02-05,0.5893664869033823,0.5986137043762949,0.6045594684620696,0.581777866096356,444741259416.35,29161691.579680517,0.010266967724797516,3042.52,sh000903,0.00019674930793430934
2024-02-06,0.5957982217797549,0.6192290968616518,0.6194612610450143,0.595420463108521,440459363795.75,29266941.37586791,0.03443855751153646,3147.3,sh000903,0.00019674930793430934
2024-02-07,0.6197917998823439,0.6262766570718588,0.6262766570718588,0.6151858985836017,476107865300.73,30598915.268848095,0.011381183871890022,3183.12,sh000903,0.00019674930793430934
2024-02-08,0.6276243898312087,0.6310143804069169,0.6325136101333765,0.6263002669888109,407961999169.00995,27101493.26995382,0.007564904873206046,3207.2,sh000903,0.00019674930793430934
2024-02-19,0.6366355081346001,0.63645646626438,0.6366355081346001,0.6305716944640647,405366625363.82996,26917835.91023116,0.008624345223247731,3234.86,sh000903,0.00019674930793430934
2024-02-20,0.6352523604998219,0.6371352513767533,0.6380402981932511,0.63175415780475,298320475005.67,21409419.082184155,0.0010665067421773422,3238.31,sh000903,0.00019674930793430934
2024-02-21,0.6334383318806677,0.6448871741093651,0.6528496186014666,0.6321496239136979,396711890981.89996,27922340.889661025,0.012166840111045518,3277.71,sh000903,0.00019674930793430934
2024-02-22,0.6438148903811232,0.6496937597022002,0.6497429470291839,0.6435886286769987,300554078796.26996,20977549.223273084,0.007453374459607476,3302.14,sh000903,0.00019674930793430934
2024-02-23,0.6503823822799704,0.6489244699081771,0.6521787034614106,0.6456348214795156,309040466969.77997,22152581.483843934,-0.0011840806265027704,3298.23,sh000903,0.00019674930793430934
2024-02-26,0.6482909371366287,0.6425143774556774,0.6495875150759157,0.641032855166932,323427033457.44995,23038589.395094253,-0.009878025486397268,3265.65,sh000903,0.00019674930793430934
2024-02-27,0.6400569785995778,0.6502997475706379,0.6502997475706379,0.6395159180027584,301919389824.91,23906995.71641342,0.01211703642460149,3305.22,sh000903,0.00019674930793430934
2024-02-28,0.6514920483767199,0.642111041374412,0.6554368720008028,0.642111041374412,407311963845.67,31994392.978587773,-0.01259220263704075,3263.6,sh000903,0.00019674930793430934
2024-02-29,0.6400077912725942,0.6545278901981463,0.6546577447413829,0.6400077912725942,348970548973.54,28680888.00738204,0.019337541365363364,3326.71,sh000903,0.00019674930793430934
2024-03-01,0.6544393530095759,0.6588721149173358,0.6599817810140853,0.6520527839043326,372593244518.43,29173054.7556472,0.006637188092740276,3348.79,sh000903,0.00019674930793430934
2024-03-04,0.6593895655972031,0.6596787870798665,0.6619020542595242,0.6563497887896179,373318070447.92,30184420.60036084,0.0012243228151063157,3352.89,sh000903,0.00019674930793430934
2024-03-05,0.6565367006321556,0.6644420878249561,0.6653904194891995,0.6554014571253747,384623299540.48,30413072.879249047,0.007220636525504975,3377.1,sh000903,0.00019674930793430934
2024-03-06,0.6625513269757074,0.6622955528753928,0.6673854574716533,0.6606920460157282,322786832984.45996,24348309.613446634,-0.0032305824523999327,3366.19,sh000903,0.00019674930793430934
2024-03-07,0.6615872553668293,0.6589724570643823,0.6658960652105906,0.6572449981407191,357541161077.36,25682231.64033833,-0.005017542087642046,3349.3,sh000903,0.00019674930793430934
2024-03-08,0.6586832355817188,0.6608612504205517,0.6617053049515899,0.6548485915700792,301439535532.19995,23141772.771627177,0.002866270563998352,3358.9,sh000903,0.00019674930793430934
2024-03-11,0.6617053049515899,0.671070572009263,0.671070572009263,0.6615046206574969,350316922197.32,30476378.314861853,0.015448509928845722,3410.79,sh000903,0.00019674930793430934
2024-03-12,0.6719893912773163,0.6727960634398469,0.674356285451766,0.6678340458937436,427479989043.12,35506821.079209305,0.002571251821425591,3419.56,sh000903,0.00019674930793430934
2024-03-13,0.6724340447132477,0.6679855428608531,0.6724340447132477,0.6659452525375742,320572314394.41,25622989.506867535,-0.007150042695551417,3395.11,sh000903,0.00019674930793430934
2024-03-14,0.6691011114368406,0.66643712580741,0.6738722821542477,0.6635370410084583,331360459076.00995,27102459.208300464,-0.0023180397689619436,3387.24,sh000903,0.00019674930793430934
2024-03-15,0.6647824641276825,0.6664056459181406,0.6671690332329256,0.6592479060954903,316468238967.26996,24818997.297569558,-4.7236097825864576e-05,3387.08,sh000903,0.00019674930793430934
2024-03-18,0.6682393494680883,0.6717985444486199,0.671942171443412,0.6664174508766165,345599518056.25995,28531457.378472872,0.008092516267699468,3414.49,sh000903,0.00019674930793430934
2024-03-19,0.6697621891114999,0.666700769880042,0.6733410590228249,0.6666496150599791,359933123747.73,25921372.14425266,-0.007588248903935835,3388.58,sh000903,0.00019674930793430934
2024-03-20,0.6647037644045087,0.6687508976687175,0.6696146271305491,0.6647037644045087,316322525621.18,22461425.295999497,0.0030750343801828617,3399.0,sh000903,0.00019674930793430934
2024-03-21,0.6706357560387282,0.6679855428608531,0.6726976887858798,0.6673992299232088,297217696031.36,22919981.73806371,-0.0011444542512503153,3395.11,sh000903,0.00019674930793430934
2024-03-22,0.6660042773299545,0.6623447402023764,0.667257570421496,0.6576896515766507,329286373000.25995,25463302.79025934,-0.008444498116408572,3366.44,sh000903,0.00019674930793430934
2024-03-25,0.6609773325122329,0.6597299418999294,0.6669821213903881,0.6594072730349172,314946688507.23,23139797.470315453,-0.003947790544313823,3353.15,sh000903,0.00019674930793430934
2024-03-26,0.6599483336317366,0.6628444834445295,0.6638400349426771,0.6586930730471157,280784042292.26,23223036.487218183,0.004720934047089953,3368.98,sh000903,0.00019674930793430934
2024-03-27,0.6618764768494927,0.6556513287464512,0.6629763054808455,0.6556513287464512,287370876134.81,21610579.19433126,-0.01085194925467059,3332.42,sh000903,0.00019674930793430934
2024-03-28,0.6551181381219492,0.6599503011248158,0.6658075280220203,0.6536031684508551,309174576717.24,23046315.83296771,0.006556796562257938,3354.27,sh000903,0.00019674930793430934
2024-03-29,0.6598893088393563,0.6638046200672489,0.6644578277695908,0.6598893088393563,276206186291.36,19299063.962137565,0.005840316969117021,3373.86,sh000903,0.00019674930793430934
2024-04-01,0.6668739092710242,0.6755721961748,0.6768372942248176,0.6668739092710242,414132526591.68,26130957.728273466,0.017727469426709996,3433.67,sh000903,0.00019674930793430934
2024-04-02,0.6751491851627412,0.6734335311975541,0.6756489284048943,0.6711118893639292,347661543098.48,22860881.446697664,-0.0031657089935840377,3422.8,sh000903,0.00019674930793430934
2024-04-03,0.6734984584691724,0.6722569703361069,0.6741792110746251,0.6704232667861592,357464408583.75,22919446.003706757,-0.0017471076311791345,3416.82,sh000903,0.00019674930793430934
2024-04-08,0.6699904183087037,0.6669211291049284,0.6731659521387634,0.6668129169855646,388738028118.18,25971035.246044848,-0.007937204769347006,3389.7,sh000903,0.00019674930793430934
2024-04-09,0.6660888795323663,0.6657426007504019,0.668318049191262,0.6630845176002094,332603894199.45996,21185662.77558184,-0.0017671180340442794,3383.71,sh000903,0.00019674930793430934
2024-04-10,0.664882806274729,0.6603949545607474,0.6649851159148549,0.6576011143880802,311795007789.72,20833387.349944223,-0.00803260326682842,3356.53,sh000903,0.00019674930793430934
2024-04-11,0.6561117221270175,0.6596551771629143,0.6626910189843407,0.6561077871408587,292566614868.19,20639860.555934846,-0.0011202044969060854,3352.77,sh000903,0.00019674930793430934
2024-04-12,0.6598873413462768,0.6544432879957346,0.6615715154221946,0.6532372147380973,303381168791.35,21468113.28661849,-0.007900929679041435,3326.28,sh000903,0.00019674930793430934
2024-04-15,0.6539100973712326,0.6683967489144357,0.6687961500095424,0.6539100973712326,426127059252.44,27530415.92006863,0.021321115480356312,3397.2,sh000903,0.00019674930793430934
2024-04-16,0.6654553467608179,0.6627067589289756,0.6686662954663057,0.660518906624746,404863426643.38995,25726237.414792795,-0.008512892970681585,3368.28,sh000903,0.00019674930793430934
2024-04-17,0.6618371269879059,0.6718339593240481,0.6720228386596651,0.6601175380365599,385837143708.50995,25028695.745886464,0.013772607977958984,3414.67,sh000903,0.00019674930793430934
2024-04-18,0.668845337336526,0.6714817780628457,0.6777246336036014,0.6681881946480254,382274244263.73,25543795.134173192,-0.0005242087815220398,3412.88,sh000903,0.00019674930793430934
2024-04-19,0.6680583401047887,0.6663781010150297,0.6705177064539676,0.6635055611191888,347541161480.63,23510438.72742548,-0.007600618832188655,3386.94,sh000903,0.00019674930793430934
2024-04-22,0.665709153368053,0.6646644145429219,0.6698330188623562,0.6641076140014678,352246413101.18,23779842.261987444,-0.002571642839849564,3378.23,sh000903,0.00019674930793430934
2024-04-23,0.663289136880461,0.6588347325488283,0.664556202423558,0.6575873419365248,357165337646.13,23200469.055859096,-0.008770865216400359,3348.6,sh000903,0.00019674930793430934
2024-04-24,0.6599916184794821,0.6606782735641727,0.6614790432474654,0.6561569744678423,285188982818.35,20114095.246438347,0.002798184315833341,3357.97,sh000903,0.00019674930793430934
2024-04-25,0.6583881116198174,0.6626536366158333,0.6655222415255155,0.6576896515766507,274833322504.25998,19449371.978432342,0.002989901637000969,3368.01,sh000903,0.00019674930793430934
2024-04-26,0.6622325930968538,0.67317578960416,0.6740395190659918,0.6621952107283463,411797077461.89996,29622961.979593165,0.0158788127113636,3421.49,sh000903,0.00019674930793430934
2024-04-29,0.6728432832737512,0.6808411426412808,0.6855257436631967,0.6721153108343941,479517559632.27997,34533740.89426496,0.01138685192708433,3460.45,sh000903,0.00019674930793430934
2024-04-30,0.6792612456985683,0.6758712551228602,0.6816261723799387,0.6758712551228602,441170380273.87,27537790.96169094,-0.007299628661012192,3435.19,sh000903,0.00019674930793430934
2024-05-06,0.6864012780835044,0.6881621843895164,0.6889413116489363,0.6845990544228261,512021409669.37994,34942998.702300586,0.018185311438377427,3497.66,sh000903,0.00019674930793430934
2024-05-07,0.6881720218549132,0.6886363502216382,0.6902811744359689,0.6869915260073073,385530479351.55,23991731.860008933,0.0006890320957440021,3500.07,sh000903,0.00019674930793430934
2024-05-08,0.687001363472704,0.6826827161635459,0.6870308758688941,0.6824289095563106,300132999805.6,19758301.6066942,-0.008645541374886823,3469.81,sh000903,0.00019674930793430934
2024-05-09,0.6829404577569399,0.6897125689360388,0.6909993094099292,0.6829404577569399,341118170654.04,23696284.687335838,0.010297393805424493,3505.54,sh000903,0.00019674930793430934
2024-05-10,0.6910111143684052,0.6894981121903904,0.691979120963442,0.6852030747981844,351365398566.38995,24012521.819655653,-0.00031093640352131136,3504.45,sh000903,0.00019674930793430934
2024-05-13,0.6852680020698028,0.6885183006368775,0.6903087193390798,0.683302476483539,362388075203.82996,25648424.6634308,-0.001421050378804134,3499.47,sh000903,0.00019674930793430934
2024-05-14,0.6894351524118515,0.6857638103257971,0.6905703959186325,0.6841839133830847,308039380856.35,21825181.725550458,-0.004000605806022017,3485.47,sh000903,0.00019674930793430934
2024-05-15,0.6845439646166045,0.68030401703062,0.6859153072929066,0.6798495261292918,291378554780.69,19380256.336232767,-0.007961623540010399,3457.72,sh000903,0.00019674930793430934
2024-05-16,0.6825154792518018,0.682344307353899,0.6857067530264962,0.6798593635946886,374988648115.76996,25123180.5471795,0.0029990861029811633,3468.09,sh000903,0.00019674930793430934
2024-05-17,0.6825548291133886,0.6900883601141933,0.6900883601141933,0.6798278837054191,416318140378.66,27286849.74760999,0.011349186439798098,3507.45,sh000903,0.00019674930793430934
2024-05-20,0.6912413110586884,0.6917430217939209,0.6941276234060847,0.6889354091696983,457336703974.8,29650196.437263533,0.0023977533535759488,3515.86,sh000903,0.00019674930793430934
2024-05-21,0.6901631248512083,0.6878139381144727,0.6907907551435188,0.6858169326389394,312664352651.94995,20125253.973037474,-0.005679975880723442,3495.89,sh000903,0.00019674930793430934
2024-05-22,0.6878001656629174,0.6894764697665177,0.6911035865431344,0.685923177265224,368277605450.04,24718397.129329223,0.0024171241085961803,3504.34,sh000903,0.00019674930793430934
2024-05-23,0.6867160769761993,0.6813684307865447,0.686875443915626,0.679591784535898,345222581533.44,22504850.110140264,-0.011759703681720413,3463.13,sh000903,0.00019674930793430934
2024-05-24,0.67907630134911,0.6737935824310739,0.6825764715372614,0.6734374661837128,282424744378.52997,19586806.64205989,-0.011117110821713294,3424.63,sh000903,0.00019674930793430934
2024-05-27,0.6746651818652228,0.6795445647019938,0.680079722819575,0.6740316490936744,303283308218.41,21275416.7956424,0.008535228623238078,3453.86,sh000903,0.00019674930793430934
2024-05-28,0.6793379779286627,0.6747458490814758,0.6805027338316338,0.673972624301294,313423272729.32,19533972.4872654,-0.007061664340766605,3429.47,sh000903,0.00019674930793430934
2024-05-29,0.6749150534862994,0.6769828887126891,0.6802843420998267,0.6749150534862994,275592578033.88995,19007091.819222804,0.00331538109387175,3440.84,sh000903,0.00019674930793430934
2024-05-30,0.67626081875257,0.6731836595764775,0.6789936666397777,0.6717946094624612,292343305315.23,20505418.921912167,-0.005612001720510129,3421.53,sh000903,0.00019674930793430934
2024-05-31,0.6742736507424336,0.6690617615752537,0.6767448220500885,0.6690617615752537,260186734771.59998,18541775.864605,-0.006122991760995844,3400.58,sh000903,0.00019674930793430934
2024-06-03,0.668926004552779,0.6730656099917168,0.6752475598167084,0.6676668089819994,311800197134.52997,23094018.048286214,0.005984273271030238,3420.93,sh000903,0.00019674930793430934
2024-06-04,0.6722845152392177,0.6789641542435875,0.68030401703062,0.6712850287549115,306932459554.88995,21115504.88943673,0.008763698760278604,3450.91,sh000903,0.00019674930793430934
2024-06-05,0.6778249757506478,0.675044908029536,0.680825402696646,0.6749996556887112,259686529708.44998,19116702.991081353,-0.005772390470919264,3430.99,sh000903,0.00019674930793430934
2024-06-06,0.676638577423804,0.6759027350121296,0.6824348120355488,0.6741890485400218,329106992445.52997,23909925.66140231,0.0012707702441570046,3435.35,sh000903,0.00019674930793430934
2024-06-07,0.6759991421730175,0.67113943426704,0.6773547449046848,0.6670372111966096,303556234210.19,22811208.45219287,-0.007047316867276998,3411.14,sh000903,0.00019674930793430934
2024-06-11,0.6664351583143306,0.6649497010394266,0.6688669797603988,0.6613531236903875,306262871430.88,23650131.201823473,-0.00922272319517814,3379.68,sh000903,0.00019674930793430934
2024-06-12,0.6641666387938481,0.6647037644045087,0.6662738238818245,0.6627165963943722,286377454597.26,21598036.5320967,-0.00036985750130191786,3378.43,sh000903,0.00019674930793430934
2024-06-13,0.6658744227867179,0.6603221573168117,0.6658803252659559,0.6591672388792372,271188811590.71,21998351.175006546,-0.006591819277001476,3356.16,sh000903,0.00019674930793430934
2024-06-14,0.6586714306232428,0.6638065875603283,0.6649044486986017,0.6562553491218095,339545494220.00995,28694712.84137481,0.005276864035087758,3373.87,sh000903,0.00019674930793430934
2024-06-17,0.6597751942407544,0.6630392652593845,0.6644775027003843,0.6597751942407544,300895640353.49,23562829.414631464,-0.0011559425822571523,3369.97,sh000903,0.00019674930793430934
2024-06-18,0.6623053903407895,0.6646467071052078,0.6658311379389723,0.662268007972282,278701061649.01,21206465.696364664,0.0024243539259993785,3378.14,sh000903,0.00019674930793430934
2024-06-19,0.6639403770897236,0.6613826360865777,0.6639403770897236,0.6600388383133863,239824609780.86,18488490.664324038,-0.004910986519208738,3361.55,sh000903,0.00019674930793430934
2024-06-20,0.6609104377475353,0.6571899083344974,0.6629310531400207,0.6564816108259339,270223430812.52997,19347158.726854905,-0.00633933750799498,3340.24,sh000903,0.00019674930793430934
2024-06-21,0.6562828940249203,0.6551850328866469,0.6575755369780487,0.6510100125722807,258970013846.31,19339300.061897334,-0.0030506789931261658,3330.05,sh000903,0.00019674930793430934
2024-06-24,0.6508112957712672,0.6533710042674925,0.6583841766336587,0.6499613387609909,273080696263.18,20616843.928965632,-0.002768727196288401,3320.83,sh000903,0.00019674930793430934
2024-06-25,0.6528043662606416,0.6503154875152728,0.6547305419853185,0.6471438886713716,274814272881.97998,20209675.550553754,-0.004676541707946402,3305.3,sh000903,0.00019674930793430934
2024-06-26,0.6489638197697639,0.6540399519144692,0.6555706615301982,0.6473032556107984,240544236200.31998,17546823.755432744,0.005727165461531403,3324.23,sh000903,0.00019674930793430934
2024-06-27,0.651608130468401,0.6493238710032838,0.6520744263282053,0.6487926478718612,269939597539.68997,18246162.575074617,-0.007210692400946961,3300.26,sh000903,0.00019674930793430934
2024-06-28,0.6470514164966426,0.6512382417694845,0.6552342202136304,0.6470514164966426,320186813673.74,21300300.82134966,0.002948252561919329,3309.99,sh000903,0.00019674930793430934
2024-07-01,0.6508939304805995,0.6529106108869263,0.6535697210685062,0.6470435465243252,290934192353.61,19831434.9042913,0.0025679835890743963,3318.49,sh000903,0.00019674930793430934
2024-07-02,0.6514566335012917,0.6516789602192574,0.6546675822067797,0.6503017150637173,280062032128.70996,19451067.57972774,-0.0018864001398225527,3312.23,sh000903,0.00019674930793430934
2024-07-03,0.6517812698593833,0.651785204845542,0.6531978648765103,0.6488379002126861,238110164106.09998,17124187.104204338,0.00016303215658330927,3312.77,sh000903,0.00019674930793430934
2024-07-04,0.652920448352323,0.6492097564046818,0.6565701480145044,0.649170406543095,243173841383.84998,16508904.002431823,-0.003951376038783261,3299.68,sh000903,0.00019674930793430934
2024-07-05,0.6487847778995438,0.6467680974932171,0.6504866594131755,0.6403501350684,263134480845.46997,18710244.732725903,-0.0037609707608009524,3287.27,sh000903,0.00019674930793430934
2024-07-08,0.6445664727374322,0.6410800750008363,0.6460027426853526,0.6400254987103083,269472368450.21997,18969399.372468084,-0.00879453163263133,3258.36,sh000903,0.00019674930793430934
2024-07-09,0.6405449168832549,0.6480666429255836,0.6501816979858773,0.6382783648558517,306438404449.83997,22291197.842919286,0.010898120526890764,3293.87,sh000903,0.00019674930793430934
2024-07-10,0.6462093294586836,0.6464257536974114,0.6507463684996488,0.6453672424207249,298367814435.20996,20296433.335746795,-0.002531976064629071,3285.53,sh000903,0.00019674930793430934
2024-07-11,0.6498511591485477,0.6539671546705336,0.6550197634679821,0.6473327680069886,340779124988.76996,24024471.04235816,0.011666306501538548,3323.86,sh000903,0.00019674930793430934
2024-07-12,0.6535638185892682,0.6568160846494223,0.6581520124502963,0.6532332797519386,319016964577.87,22045281.966273237,0.004356380834331208,3338.34,sh000903,0.00019674930793430934
2024-07-15,0.654543630142781,0.6558815254367344,0.6577467088759517,0.6539671546705336,301649299929.51,17917459.12051092,-0.0014228628599842752,3333.59,sh000903,0.00019674930793430934
2024-07-16,0.6537467954456471,0.6598558614570074,0.6602572300451933,0.6528102687398798,290589418586.87,20794326.817284822,0.006059533415927021,3353.79,sh000903,0.00019674930793430934
2024-07-17,0.659291190943236,0.6601372129673534,0.6624549198148196,0.6572312256891636,315509125047.22,23340109.612344842,0.00042638328577515594,3355.22,sh000903,0.00019674930793430934
2024-07-18,0.6566468802445988,0.6648513263854594,0.6652172800982173,0.6561589419609217,297274794072.1,23052458.82513118,0.007141111462139582,3379.18,sh000903,0.00019674930793430934
2024-07-19,0.6601254080088773,0.667818305949109,0.6689574844420485,0.6583290868274372,316464228787.98,23944327.66507759,0.0044626211092633206,3394.26,sh000903,0.00019674930793430934
2024-07-22,0.6675428569180009,0.6633186492766512,0.6680524376255507,0.6593167683532674,307646530681.62,22202459.885846052,-0.006737845657080022,3371.39,sh000903,0.00019674930793430934
2024-07-23,0.662336870230059,0.6482083024272963,0.662336870230059,0.6482083024272963,303421570458.24,20996057.14914188,-0.022779921634696554,3294.59,sh000903,0.00019674930793430934
2024-07-24,0.6469195944603265,0.643785377984933,0.6507758808958389,0.6417195102516228,309352712032.51996,19077835.775221787,-0.0068233073007567535,3272.11,sh000903,0.00019674930793430934
2024-07-25,0.6410722050285189,0.6400038562864355,0.6436909383171245,0.6371037714874839,312555498393.57996,19938484.755725898,-0.005873885657878275,3252.89,sh000903,0.00019674930793430934
2024-07-26,0.6414420937274353,0.6428665587168798,0.6447179697045415,0.6381878601742018,297507069349.1,20560831.05392702,0.004472945596069922,3267.44,sh000903,0.00019674930793430934
2024-07-29,0.6417018028139087,0.6373005207954182,0.6417018028139087,0.6373005207954182,242931146756.34998,17249937.85657369,-0.00865815439610218,3239.15,sh000903,0.00019674930793430934
2024-07-30,0.6349808464548726,0.63256279746036,0.635045773726491,0.6291787093638899,242820112058.28998,17187065.709251743,-0.0074340490560794725,3215.07,sh000903,0.00019674930793430934
2024-07-31,0.6311225925262808,0.6465851206368383,0.6471674985883238,0.6311225925262808,382785783547.18,25539659.923503872,0.02216748002376301,3286.34,sh000903,0.00019674930793430934
2024-08-01,0.6468979520364537,0.6415699807775926,0.6480135206124412,0.6413437190734682,293953140710.97,19909059.058633264,-0.007756349008319341,3260.85,sh000903,0.00019674930793430934
2024-08-02,0.6363561241173334,0.6346758850275744,0.641640810528449,0.6340718646522161,258476695719.71,17852330.44754565,-0.010745664473986838,3225.81,sh000903,0.00019674930793430934
2024-08-05,0.6300404713326422,0.6272367936945782,0.6397874320477078,0.6272367936945782,326836458410.67,22580423.25968351,-0.011721087106804196,3188.0,sh000903,0.00019674930793430934
2024-08-06,0.6318840123479866,0.6264596339282378,0.6336901709948236,0.6220996692644134,267355441054.77997,18723434.976813097,-0.001239021329987433,3184.05,sh000903,0.00019674930793430934
2024-08-07,0.6256805066688179,0.6257001815996113,0.6298830718862947,0.6238605755704255,203123372679.62997,13949646.459751979,-0.0012122925205321211,3180.19,sh000903,0.00019674930793430934
2024-08-08,0.6239058279112504,0.6261192576255113,0.6298456895177872,0.6215133563267692,208216229221.38998,14382717.088779192,0.0006697713029724106,3182.32,sh000903,0.00019674930793430934
2024-08-09,0.6294502234088392,0.6246003529682584,0.6315928233722438,0.6246003529682584,223507235993.34,14841390.540017828,-0.002425903114708805,3174.6,sh000903,0.00019674930793430934
2024-08-12,0.6239628852105513,0.6235280692400165,0.6260385904092582,0.6224065981847909,180190097602.97,11638012.985808473,-0.0017167517167516744,3169.15,sh000903,0.00019674930793430934
2024-08-13,0.6238054857642038,0.6249997540633652,0.6252240482744102,0.6204941949116695,182301932223.19,12394220.118482435,0.002360254326869926,3176.63,sh000903,0.00019674930793430934
2024-08-14,0.6247439799630505,0.6197012952006942,0.6247439799630505,0.619665880325266,160564686766.50998,11139536.222688738,-0.008477537516172862,3149.7,sh000903,0.00019674930793430934
2024-08-15,0.6181764880642032,0.6264084791081748,0.6291865793362071,0.6174229382148149,233187676651.53998,14797164.992985887,0.010823253008223066,3183.79,sh000903,0.00019674930793430934
2024-08-16,0.6265796510060776,0.6273922256478464,0.6294423534365219,0.6253125854629806,213067168774.97998,13276274.122232476,0.001570455337820631,3188.79,sh000903,0.00019674930793430934
2024-08-19,0.6274551854263853,0.6287222509694823,0.6338770828373611,0.6273804206893703,218916099132.50998,13830416.202167785,0.002119926367054603,3195.55,sh000903,0.00019674930793430934
2024-08-20,0.6299381616925163,0.6254345700339,0.6300837561803876,0.6233391899043995,211638345451.78,13345223.288566308,-0.005229146782244065,3178.84,sh000903,0.00019674930793430934
2024-08-21,0.6236775987140465,0.624179309449279,0.6273823881824495,0.62073226157427,197975003871.44998,13114012.416022478,-0.002007021429200617,3172.46,sh000903,0.00019674930793430934
2024-08-22,0.6244941083419739,0.6237700708887757,0.6255329446878671,0.6213795667973738,216531760377.13998,14925501.951202236,-0.0006556426243357061,3170.38,sh000903,0.00019674930793430934
2024-08-23,0.6221449216052383,0.6268157501755989,0.6284940217722784,0.6219934246381289,197436323450.59998,13961984.724914955,0.004882695449756724,3185.86,sh000903,0.00019674930793430934
2024-08-26,0.6276893171028272,0.6263789667119846,0.628800950692656,0.6236264438939837,226902302573.31,14899296.634701464,-0.0006968291136459914,3183.64,sh000903,0.00019674930793430934
2024-08-27,0.6246003529682584,0.6231719529926554,0.6259402157552911,0.6221862389599044,224485572344.40997,13288039.382876122,-0.005119925619730736,3167.34,sh000903,0.00019674930793430934
2024-08-28,0.6220780268405407,0.6194337161419036,0.6234060846690973,0.6169212274795824,210959557803.66998,13885186.002054062,-0.005998724481741768,3148.34,sh000903,0.00019674930793430934
2024-08-29,0.6167166081993307,0.6187687034810856,0.6212615172126132,0.6165415013152692,285409995031.58997,17571517.996541146,-0.0010735816334958015,3144.96,sh000903,0.00019674930793430934
2024-08-30,0.6184224246991211,0.6287989831995766,0.6345106156089096,0.6182630577596944,409671672272.98,26766533.598151345,0.01621006308506301,3195.94,sh000903,0.00019674930793430934
2024-09-02,0.6256568967518656,0.6176137850435112,0.6261999248417645,0.6174603205833223,295234512435.45996,18057672.69060581,-0.017788193770846727,3139.09,sh000903,0.00019674930793430934
2024-09-03,0.6168720401525989,0.620468617501638,0.6222354262868881,0.6168720401525989,267473616819.88998,15417644.719878173,0.0046223587090525875,3153.6,sh000903,0.00019674930793430934
2024-09-04,0.6165001839606029,0.6160496280454334,0.6202699007006244,0.615565624747915,241903453179.56998,14803752.12386943,-0.007122019279553582,3131.14,sh000903,0.00019674930793430934
2024-09-05,0.6161066853447343,0.6163801668827631,0.6187726384672443,0.6145759757290055,218797450684.66998,13713307.117602965,0.0005365457948223185,3132.82,sh000903,0.00019674930793430934
2024-09-06,0.6168090803740598,0.6106665669803507,0.6186644263478803,0.6106409895703192,170936575854.33,10936308.116833674,-0.009269603743591981,3103.78,sh000903,0.00019674930793430934
2024-09-09,0.6072726414184839,0.6033337202736391,0.609366054054905,0.6008841913898568,245470322142.75998,15340216.29137392,-0.012007938706996013,3066.51,sh000903,0.00019674930793430934
2024-09-10,0.6031527109103394,0.6031664833618948,0.6051969362197769,0.5995049787412373,213734378237.50998,13792356.848213812,-0.0002771880737386656,3065.66,sh000903,0.00019674930793430934
2024-09-11,0.6017872707132753,0.6035186646230972,0.6052776034360299,0.5996190933398392,233348526010.21,15505214.517344436,0.0005838873195331828,3067.45,sh000903,0.00019674930793430934
2024-09-12,0.6043154993202312,0.6009215737583643,0.6070739246174702,0.6007248244504301,214958870473.49,14819043.36960735,-0.004303248626709388,3054.25,sh000903,0.00019674930793430934
2024-09-13,0.6011025831216639,0.5988891534074029,0.6043863290710876,0.5988891534074029,204524455117.44998,14798543.318570577,-0.0033821723827452965,3043.92,sh000903,0.00019674930793430934
2024-09-18,0.5990229429367983,0.6017459533586091,0.6038059186126813,0.5974509159664032,201706676463.88998,13249769.844312273,0.004770164787510911,3058.44,sh000903,0.00019674930793430934
2024-09-19,0.6022732415038731,0.6055176375917098,0.6091279873923044,0.597077092281328,285474849135.19,18628101.18421441,0.006267901283007138,3077.61,sh000903,0.00019674930793430934
2024-09-20,0.6051792287820628,0.6066863284808397,0.6080399637194276,0.6012934299503602,272497985191.9,17534882.863587804,0.0019300691120707203,3083.55,sh000903,0.00019674930793430934
2024-09-23,0.6068299554756317,0.6079474915446985,0.6116916308746884,0.606155105349417,205142530989.11,14907761.894617137,0.002078772842989407,3089.96,sh000903,0.00019674930793430934
2024-09-24,0.6147137002445594,0.634174174292342,0.634191881730056,0.6093758915203016,448678447344.13995,31674687.80648132,0.043139717018990664,3223.26,sh000903,0.00019674930793430934
2024-09-25,0.644714034718383,0.6438935901042968,0.6567098400231378,0.6429039410853873,526828536721.49994,36243837.311302654,0.015326098422094203,3272.66,sh000903,0.00019674930793430934
2024-09-26,0.6440195096613749,0.6702658673398116,0.6703642419937788,0.6421307163052054,522344200744.6,37068658.38925277,0.04095750857100944,3406.7,sh000903,0.00019674930793430934
2024-09-27,0.6847249739799041,0.7009410519398499,0.7027039257389412,0.6814510654958772,590953184134.2999,47899938.3720372,0.04576569700883559,3562.61,sh000903,0.00019674930793430934
2024-09-30,0.7265794542567697,0.7597454850952562,0.7641546370860641,0.7176391657042347,1134154266374.8699,89007985.28763765,0.08389354995354514,3861.49,sh000903,0.00019674930793430934
2024-10-08,0.8428976451075334,0.8056411961570926,0.8428976451075334,0.7740255498651284,1397937562717.28,121169732.2310388,0.06040932386203268,4094.76,sh000903,0.00019674930793430934
2024-10-09,0.7884039892889677,0.7461284654931227,0.791365066373379,0.7431811608602668,1015206508714.58,100395655.08897988,-0.07387001924410708,3792.28,sh000903,0.00019674930793430934
2024-10-10,0.7504018604614558,0.7563732019572621,0.7748735393823253,0.7406745746771836,814304790609.44,69433696.27596846,0.013730526226966244,3844.35,sh000903,0.00019674930793430934
2024-10-11,0.7505946747832315,0.7330288965708563,0.7505946747832315,0.725371413506053,556326709095.95,46205299.91435503,-0.03086347496976083,3725.7,sh000903,0.00019674930793430934
2024-10-14,0.7379161493799445,0.7467108434446081,0.7502542984805052,0.7309492563859907,572234516004.45,47503446.870662905,0.018664948868668985,3795.24,sh000903,0.00019674930793430934
2024-10-15,0.7440842401836851,0.7277992999659624,0.7487727761917597,0.7277992999659624,469193874017.69995,40140317.829520665,-0.02532646156764784,3699.12,sh000903,0.00019674930793430934
2024-10-16,0.7183612356643536,0.7205707303924559,0.7290053732235997,0.7165983618652622,442636123676.11,35377454.55187394,-0.00993209195700595,3662.38,sh000903,0.00019674930793430934
2024-10-17,0.7243837319802229,0.7105030683054573,0.728651224469318,0.7103850187206967,416442562671.45996,32493476.089076284,-0.013971788836767418,3611.21,sh000903,0.00019674930793430934
2024-10-18,0.7088188942295396,0.7364070821880885,0.7498568648784778,0.7073511443923497,601392270408.9299,56500689.67335681,0.036458693900382366,3742.87,sh000903,0.00019674930793430934
2024-10-21,0.7428702969537305,0.7405663625578198,0.7486803040170307,0.7333555004220274,620736099568.7799,58410297.85824606,0.005648072201278831,3764.01,sh000903,0.00019674930793430934
2024-10-22,0.7386028044646353,0.7444187140071735,0.7456405272094456,0.7370327449873196,475818685122.17,41824659.38968365,0.005201899038525415,3783.59,sh000903,0.00019674930793430934
2024-10-23,0.7431988682979808,0.7475647354410431,0.7545985231996947,0.7405880049816925,560375450148.02,45344177.77328971,0.0042261450104266185,3799.58,sh000903,0.00019674930793430934
2024-10-24,0.743647456720071,0.7382348832587982,0.7444915112511092,0.7355472877124155,397380218618.63,34151830.601836465,-0.012480326772959183,3752.16,sh000903,0.00019674930793430934
2024-10-25,0.7388172612102837,0.7445033162095853,0.7520112698003585,0.7372393317606506,489206427257.86,42665793.16016771,0.008491109121146145,3784.02,sh000903,0.00019674930793430934
2024-10-28,0.7438501085072433,0.7451093040780229,0.7452273536627835,0.7366156364544988,512990698974.64996,38929836.88862612,0.000813949186315055,3787.1,sh000903,0.00019674930793430934
2024-10-29,0.7462760274740734,0.7371822744613497,0.7495479684650209,0.7367297510531008,486494864988.07996,41986839.238658875,-0.010638747326450315,3746.81,sh000903,0.00019674930793430934
2024-10-30,0.7333987852697729,0.7310692734638305,0.73778039235747,0.7264712421374058,572396874898.2899,39722326.22200012,-0.008292387390873901,3715.74,sh000903,0.00019674930793430934
2024-10-31,0.7311145258046555,0.729804175413813,0.7358266717296823,0.7238446388764828,720118268712.3099,47503427.89116222,-0.0017304762981262822,3709.31,sh000903,0.00019674930793430934
2024-11-01,0.7287338591786504,0.7311892905416706,0.7386578942708569,0.7279881793015793,797110554779.5,45705075.14050852,0.001897927107737063,3716.35,sh000903,0.00019674930793430934
2024-11-04,0.7328498547006361,0.7404778253692493,0.7404778253692493,0.7311991280070673,551423083207.1,35030142.061795026,0.01270332449849998,3763.56,sh000903,0.00019674930793430934
2024-11-05,0.7387424964732686,0.7577347071681676,0.7578547242460075,0.7369363378264318,748999681611.09,53680656.714817785,0.023305062228315743,3851.27,sh000903,0.00019674930793430934
2024-11-06,0.7588404382787584,0.7530166587639029,0.7650970662710694,0.7485209370776039,811906190050.4099,60115908.29731182,-0.006226517486439542,3827.29,sh000903,0.00019674930793430934
2024-11-07,0.745705454481064,0.7717058755245829,0.7719104948048346,0.7448436925123116,772815130057.62,59441398.10215618,0.024819127894672333,3922.28,sh000903,0.00019674930793430934
2024-11-08,0.7811104924438429,0.7653921902329709,0.7829048461322038,0.7636194789684827,774876331717.0199,64907297.949832864,-0.008181465882089012,3890.19,sh000903,0.00019674930793430934
2024-11-11,0.7584036548151443,0.7705450546077705,0.7709070733343696,0.7542955292654758,688925233959.4299,60780645.130061135,0.006732318986990338,3916.38,sh000903,0.00019674930793430934
2024-11-12,0.7713182793879523,0.7622914211399262,0.7812974042863805,0.7581911655625753,699586892808.57,65772865.521218434,-0.010711422282822514,3874.43,sh000903,0.00019674930793430934
2024-11-13,0.7570303446457628,0.7677020271081196,0.7698092121960961,0.7570303446457628,593008215505.1599,51173249.83640295,0.007097818259718114,3901.93,sh000903,0.00019674930793430934
2024-11-14,0.7661968949024223,0.7537446312032597,0.7687782458225204,0.7526959573919699,550518566683.6699,44804532.32372738,-0.018180746451115226,3830.99,sh000903,0.00019674930793430934
2024-11-15,0.7506123822209456,0.7407473719211193,0.7550687540456577,0.7407473719211193,584640430036.0,44509408.68610813,-0.017243584556472347,3764.93,sh000903,0.00019674930793430934
2024-11-18,0.7424610583932271,0.7354784254546385,0.7506300896586596,0.7319408728979796,663715940711.72,42947304.781322986,-0.00711301405338205,3738.15,sh000903,0.00019674930793430934
2024-11-19,0.7366333438922129,0.7400469443848732,0.7408634540128005,0.7257216272741761,521591471286.20996,36417514.00617006,0.006211628746839892,3761.37,sh000903,0.00019674930793430934
2024-11-20,0.7385909995061593,0.7415107592359044,0.744375429159428,0.7364798794320241,391602216083.64996,31911826.840953764,0.001978002695826264,3768.81,sh000903,0.00019674930793430934
2024-11-21,0.7404030606322343,0.7407395019488019,0.7427974997097948,0.7366530188230063,343672644696.55,27632229.918152288,-0.001040116110920919,3764.89,sh000903,0.00019674930793430934
2024-11-22,0.7398875774454464,0.718782279183333,0.7413297498726048,0.718782279183333,459333021034.93994,35704412.64543217,-0.02964230030625059,3653.29,sh000903,0.00019674930793430934
2024-11-25,0.7207438697834381,0.7142157277461777,0.724499814071904,0.7086831372070649,410212629703.11,31698496.947572216,-0.006353177546813971,3630.08,sh000903,0.00019674930793430934
2024-11-26,0.7122088848052478,0.7126909206096868,0.7186189772577476,0.711654051756873,307550438856.95996,23440919.186815437,-0.002134939174894268,3622.33,sh000903,0.00019674930793430934
2024-11-27,0.7108040947465968,0.7237285567848015,0.7237718416325472,0.7083388259181799,364066485173.69,28190164.63086879,0.01548726924382926,3678.43,sh000903,0.00019674930793430934
2024-11-28,0.7235357424630259,0.7171295849966848,0.7239567859820054,0.7154375409484498,309664245529.86,24512090.58149258,-0.00911802045981569,3644.89,sh000903,0.00019674930793430934
2024-11-29,0.7163229128341542,0.7244407892795238,0.7325980155864803,0.7163229128341542,376413872951.08997,32265515.936615247,0.010195095050879566,3682.05,sh000903,0.00019674930793430934
2024-12-02,0.7237403617432776,0.7303235935867596,0.7321022073304857,0.7221742372521206,424674632288.39996,32744768.6221646,0.008120476365068185,3711.95,sh000903,0.00019674930793430934
2024-12-03,0.7301465192096188,0.7301150393203492,0.7319133279948689,0.7249267600701215,369904914858.95996,28096653.16189911,-0.0002855641913279694,3710.89,sh000903,0.00019674930793430934
2024-12-04,0.7297058007598458,0.7268490008086397,0.7310810784223067,0.7246336036012995,390098988432.66,28246322.342064414,-0.004473320416396032,3694.29,sh000903,0.00019674930793430934
2024-12-05,0.7241515677968603,0.723874151272673,0.7269572129280036,0.721999130368059,290105061101.69995,22443713.81357216,-0.004092802676562979,3679.17,sh000903,0.00019674930793430934
2024-12-06,0.7243660245425088,0.7345104188596017,0.738256525682671,0.7243660245425088,403123913536.11,31134668.516077373,0.014693531421489103,3733.23,sh000903,0.00019674930793430934
2024-12-09,0.7342389048146524,0.7338257312679903,0.7389726931635519,0.7305105054292972,405999212087.04,28599290.693580665,-0.0009321686582396405,3729.75,sh000903,0.00019674930793430934
2024-12-10,0.7572821837599186,0.7392422397154219,0.7580377011023864,0.737941726789976,585123039103.33,44862534.725800335,0.007381191768885298,3757.28,sh000903,0.00019674930793430934
2024-12-11,0.7383785102535902,0.7381601185217832,0.7413100749418114,0.7361847554701226,418815501132.6,28148157.263610628,-0.001463824894604615,3751.78,sh000903,0.00019674930793430934
2024-12-12,0.7373455763869351,0.745127011515737,0.7457408693564921,0.7361217956915838,401909988046.31995,30102390.275685135,0.009438186674058713,3787.19,sh000903,0.00019674930793430934
2024-12-13,0.7398305201461455,0.7268726107255918,0.7398305201461455,0.726593226708325,538894612200.62,39309796.6959692,-0.02449837478447081,3694.41,sh000903,0.00019674930793430934
2024-12-16,0.7266188041183566,0.7241023804698767,0.7285292398983987,0.722412303914721,399070562556.76996,31468056.82210518,-0.0038111633521996646,3680.33,sh000903,0.00019674930793430934
2024-12-17,0.7232957083073461,0.7275533633310445,0.7337765439410068,0.7232957083073461,375475363931.98,31840584.480335895,0.004765876972988803,3697.87,sh000903,0.00019674930793430934
2024-12-18,0.7297156382252427,0.7321041748235652,0.7343825318094443,0.7293457495263261,364643630787.01996,29755197.860882502,0.006254952175171136,3721.0,sh000903,0.00019674930793430934
2024-12-19,0.7267348862100378,0.7338021213510382,0.7357263295826357,0.7242420724785101,387982157606.81,34589018.17678319,0.002319269013705938,3729.63,sh000903,0.00019674930793430934
2024-12-20,0.7318798806125201,0.7293162371301359,0.7352305213266412,0.7284800525714151,366629365853.13995,36091990.42574583,-0.006113206940098648,3706.83,sh000903,0.00019674930793430934
2024-12-23,0.7297766305107022,0.7316378789637609,0.7371744044890323,0.7297766305107022,458975256117.04,38222641.343266554,0.003183312965525875,3718.63,sh000903,0.00019674930793430934
2024-12-24,0.73175986353468,0.7409008363813081,0.7413435223241602,0.73175986353468,372148633043.45996,31913495.294740304,0.012660576610203256,3765.71,sh000903,0.00019674930793430934
2024-12-25,0.741961315151074,0.7415579790698087,0.7456110148132554,0.7387424964732686,373105668176.01996,31022352.934358533,0.0008869509335556192,3769.05,sh000903,0.00019674930793430934
2024-12-26,0.7411093906477184,0.7418039157047266,0.7426302627980507,0.7378079372605807,332564519219.79,32073116.754600495,0.0003316485586553064,3770.3,sh000903,0.00019674930793430934
2024-12-27,0.7420596898050411,0.7400646518225873,0.7449971569725005,0.7385890320130799,373201571944.11,35276431.69753336,-0.0023446410099992043,3761.46,sh000903,0.00019674930793430934
2024-12-30,0.739553103621958,0.7436100743515636,0.7453493382337029,0.739553103621958,378857042917.20996,33694875.63633645,0.004790692975599864,3779.48,sh000903,0.00019674930793430934
2024-12-31,0.7428152071475089,0.7328852695760643,0.7442691845331434,0.7328852695760643,409424250818.18,35424270.24754998,-0.01442261898462227,3724.97,sh000903,0.00019674930793430934
2025-01-02,0.732643267927305,0.7131080291425075,0.7330780838978399,0.708763804423318,479146041171.72,38931259.08155456,-0.02698545223183002,3624.45,sh000903,0.00019674930793430934
2025-01-03,0.7142826225108754,0.7062198358717274,0.7169092257717984,0.7044845069757467,399018211673.76996,30635684.927920893,-0.009659396598104442,3589.44,sh000903,0.00019674930793430934
2025-01-06,0.7070678253889242,0.7050491774895182,0.7089408788004589,0.7002366894174451,338461983420.20996,26767621.331914116,-0.0016576401889989434,3583.49,sh000903,0.00019674930793430934
2025-01-07,0.7023615819431356,0.7093894672225491,0.7097495184560689,0.7000773224780182,371156060301.77997,28929561.778633423,0.006156009923287131,3605.55,sh000903,0.00019674930793430934
2025-01-08,0.7064775774651213,0.708081084324786,0.7122265922429618,0.6978127379436944,398129862932.75,32241863.204672407,-0.0018443788048980725,3598.9,sh000903,0.00019674930793430934
2025-01-09,0.7064539675481692,0.7069556782834017,0.7096334363643876,0.7042090579446387,294348532190.69995,26889475.222789083,-0.0015893745311067464,3593.18,sh000903,0.00019674930793430934
2025-01-10,0.7074711614701896,0.6992470403985355,0.7088444716395711,0.6992470403985355,319702552758.16,29803696.33357665,-0.01090399033724998,3554.0,sh000903,0.00019674930793430934
2025-01-13,0.6937813446241203,0.6976514035111882,0.7001343797773192,0.6936436201085663,308998408372.02997,26215545.13468474,-0.0022819358469330364,3545.89,sh000903,0.00019674930793430934
2025-01-14,0.6985761252584795,0.714292459976272,0.7158054621542869,0.6966774944369134,369115707508.6,34095011.88218258,0.02385296780215973,3630.47,sh000903,0.00019674930793430934
2025-01-15,0.712187242381375,0.7097337785114342,0.7137848467618015,0.7086732997416682,305045179727.07996,27872026.336744312,-0.006382093778491416,3607.3,sh000903,0.00019674930793430934
2025-01-16,0.7125925459557196,0.7087165845894138,0.7186622621054931,0.7050176976002487,331191025189.05,32249734.31213491,-0.0014332048900840277,3602.13,sh000903,0.00019674930793430934
2025-01-17,0.7063477229218847,0.7109496892344682,0.7148295855869327,0.7041224882491477,294763593371.13,27701100.2554593,0.0031509134872977906,3613.48,sh000903,0.00019674930793430934
2025-01-20,0.7153962235937835,0.7157149574726371,0.7203110213059826,0.7143613222340491,320227459305.91,30422611.76167363,0.006702679965019831,3637.7,sh000903,0.00019674930793430934
2025-01-21,0.7193351447386284,0.7159982764760625,0.71965978109672,0.713948148687387,364176518597.57996,29910607.382073388,0.0003958545234625799,3639.14,sh000903,0.00019674930793430934
2025-01-22,0.7142019552946224,0.7083762082866875,0.7145364291181107,0.705855849652049,316610724856.01,30038367.668992903,-0.010645372258280772,3600.4,sh000903,0.00019674930793430934
2025-01-23,0.7141744103915115,0.7085021278437653,0.7206297551848362,0.7081145317071348,390453083706.13995,33168779.199525442,0.00017775802688579923,3601.04,sh000903,0.00019674930793430934
2025-01-24,0.7073058920515247,0.7139028963465621,0.7174561888478558,0.7071209477020665,328736556580.89996,29729217.56928035,0.0076227978583964795,3628.49,sh000903,0.00019674930793430934
2025-01-27,0.7145049492288412,0.7112959680164325,0.7174719287924906,0.7112723580994804,315057768948.77997,27770000.4195679,-0.00365165674977741,3615.24,sh000903,0.00019674930793430934
2025-02-05,0.717985444486199,0.70917697796998,0.717985444486199,0.7072271923283511,354563935865.49,36102476.27319428,-0.0029790553324260394,3604.47,sh000903,0.00019674930793430934
2025-02-06,0.7080043520946916,0.7188098240864438,0.7189514835881565,0.7077072606397108,387469718701.38995,38848917.62930857,0.013583134274941955,3653.43,sh000903,0.00019674930793430934
2025-02-07,0.7193607221486599,0.7287633715748405,0.7333869803112968,0.716877745882529,503932476515.25995,49020011.94547684,0.013847261340712791,3704.02,sh000903,0.00019674930793430934
2025-02-10,0.7297628580591468,0.7309236789759592,0.7320018651834392,0.7260383936599504,452794365252.57996,38544242.76448518,0.0029643468447795307,3715.0,sh000903,0.00019674930793430934
2025-02-11,0.7325232508494652,0.7271067424020337,0.7325232508494652,0.7255917727309394,379873371778.02997,33041990.207275398,-0.00522207267833108,3695.6,sh000903,0.00019674930793430934
2025-02-12,0.7262528504055988,0.735315123529053,0.7356673047902554,0.724230267520034,380910086987.56,36624940.219532885,0.011289100552007936,3737.32,sh000903,0.00019674930793430934
2025-02-13,0.7343667918648097,0.7324347136608947,0.7390513928867256,0.7322832166937853,407328833028.25995,38722154.04081761,-0.003917245512827461,3722.68,sh000903,0.00019674930793430934
2025-02-14,0.7318011808893463,0.7402948485128704,0.7408713239851179,0.7318011808893463,449398007689.67,38436003.27542346,0.010731516004598873,3762.63,sh000903,0.00019674930793430934
2025-02-17,0.7428309470921437,0.7405702975439785,0.7431949333118221,0.7360627708992034,522162771898.04,43313557.43883556,0.0003720801673297025,3764.03,sh000903,0.00019674930793430934
2025-02-18,0.7403243609090606,0.7351046017695633,0.7444423239241257,0.7329482293546032,502697148154.75995,40592555.92351174,-0.007380387510195208,3736.25,sh000903,0.00019674930793430934
2025-02-19,0.7337568690102133,0.740406995618393,0.7415461741113326,0.7337568690102133,453979228378.38995,38432194.46331708,0.00721311475409836,3763.2,sh000903,0.00019674930793430934
2025-02-20,0.7395019488018951,0.7377744898782319,0.7399662771686201,0.7348921125169943,422518502722.02997,34965404.01726672,-0.003555484693877453,3749.82,sh000903,0.00019674930793430934
2025-02-21,0.7397183730406228,0.7500831265826023,0.7506064797417076,0.7394429240095148,565192656419.0399,55236473.683127366,0.01668346747310534,3812.38,sh000903,0.00019674930793430934
2025-02-24,0.7487885161363945,0.7481333409409733,0.7534652471859931,0.744042922829019,537853175246.39996,48325879.21264862,-0.0025994260802963964,3802.47,sh000903,0.00019674930793430934
2025-02-25,0.7410247884453067,0.7398895449385258,0.7461619128754715,0.7379535317484521,430631979799.83997,40922517.54317172,-0.011019153339802745,3760.57,sh000903,0.00019674930793430934
2025-02-26,0.7414438644712067,0.7454732902977014,0.7457310318910955,0.7392461747015806,452876210521.41,39471742.420469016,0.007546728288530646,3788.95,sh000903,0.00019674930793430934
2025-02-27,0.7462976698979461,0.7475371905379323,0.7488475409287748,0.7411880903708922,476118940307.92,43320173.08056294,0.0027685770464114245,3799.44,sh000903,0.00019674930793430934
2025-02-28,0.7444069090486976,0.7334499400898358,0.7491505348629937,0.7328931395483818,450494280923.18,43837126.085357726,-0.018844882403722618,3727.84,sh000903,0.00019674930793430934
2025-03-03,0.7355295802747014,0.7335679896745964,0.742156096965929,0.730400325816854,420608534123.18,38173572.033423774,0.00016095111378167104,3728.44,sh000903,0.00019674930793430934
2025-03-04,0.7292493423654383,0.7319192304741069,0.7334617450483119,0.726563714312135,373108590676.76996,32793977.771243516,-0.0022475888038965275,3720.06,sh000903,0.00019674930793430934
2025-03-05,0.7325881781210836,0.73496490976093,0.7357656794442227,0.7306620023964067,360991948310.75995,30437939.5244766,0.004161223206077258,3735.54,sh000903,0.00019674930793430934
2025-03-06,0.739598355962783,0.7467383883477191,0.7482946753734794,0.7391851824161209,440736076331.98,40469746.505260095,0.01601910299448006,3795.38,sh000903,0.00019674930793430934
2025-03-07,0.7443400142839998,0.7442573795746674,0.7487708086986805,0.7426814176181136,368832509562.00995,33133878.87898147,-0.00332246046509177,3782.77,sh000903,0.00019674930793430934
2025-03-10,0.7449223922354854,0.741772435815457,0.7460694407007424,0.736926500361035,364364229550.1,31172418.831328787,-0.0033388231375420796,3770.14,sh000903,0.00019674930793430934
2025-03-11,0.7342349698284937,0.7437104164986099,0.7437104164986099,0.7340677329167495,341966829293.57,29829279.577520214,0.002612635074559444,3779.99,sh000903,0.00019674930793430934
2025-03-12,0.744863367443105,0.7404443779869004,0.745321793330592,0.7391753449507242,350673182662.66,30458455.134487994,-0.004391546009380964,3763.39,sh000903,0.00019674930793430934
2025-03-13,0.7404679879038526,0.7375954480080117,0.7430926236716963,0.7349668772540093,348543284446.5,29591074.17482357,-0.003847594854639036,3748.91,sh000903,0.00019674930793430934
2025-03-14,0.7393051994939608,0.755798693978094,0.7570618245350322,0.7392127273192317,454339011092.45996,42260314.19723331,0.02467917341307202,3841.43,sh000903,0.00019674930793430934
2025-03-17,0.7593578889586257,0.7535065645406593,0.7594208487371646,0.7525051105632736,332433626764.45996,30182676.670942686,-0.0030327247925902023,3829.78,sh000903,0.00019674930793430934
2025-03-18,0.7569044250886848,0.7566624234399256,0.7587892834586955,0.7545572058450285,316258428826.47,30224466.042033523,0.004188230133323589,3845.82,sh000903,0.00019674930793430934
2025-03-19,0.7567293182046232,0.7593696939171016,0.7618861175655814,0.7538056234887195,328782335649.17,29970081.48199449,0.003577910562636788,3859.58,sh000903,0.00019674930793430934
2025-03-20,0.7595074184326558,0.7515174290374435,0.7597218751783041,0.7505140075669785,294404959326.92,26693233.301315665,-0.010340503370833032,3819.67,sh000903,0.00019674930793430934
2025-03-21,0.7497289778283205,0.7389844981220278,0.7526861199265732,0.7368517356240201,364758990786.19,32400223.27133107,-0.016676833339005825,3755.97,sh000903,0.00019674930793430934
2025-03-24,0.7395019488018951,0.7430198264277605,0.7438579784795607,0.7384788524006367,324440648204.52997,26850592.962474007,0.005460639994462113,3776.48,sh000903,0.00019674930793430934
2025-03-25,0.7437832137425457,0.7423607162461807,0.7453886880952897,0.7402200837758554,284441127582.94995,23886658.94007213,-0.0008870694403253498,3773.13,sh000903,0.00019674930793430934
2025-03-26,0.7421541294728496,0.7393248744247543,0.744048825308257,0.7388625135511087,285380510810.98,23050544.617627557,-0.004089442982351588,3757.7,sh000903,0.00019674930793430934
2025-03-27,0.7380027190754357,0.7419632826441533,0.7462071652162964,0.7365605466482772,264958344948.31,23115085.368973814,0.0035686723261569853,3771.11,sh000903,0.00019674930793430934
2025-03-28,0.7414340270058101,0.7390081080389801,0.7422525041268168,0.7371370221205247,258399892399.99997,21231194.830097135,-0.003982912192961763,3756.09,sh000903,0.00019674930793430934
2025-03-31,0.7372944215668722,0.7336624293424049,0.7418137531701232,0.7308253043219921,324140174466.55,26098437.448141802,-0.007233585989686153,3728.92,sh000903,0.00019674930793430934
2025-04-01,0.7348271852453759,0.7329934816954282,0.7363913422434537,0.7317342861246486,273822274475.22998,24899613.555063248,-0.0009117921542967089,3725.52,sh000903,0.00019674930793430934
2025-04-02,0.7323166640761342,0.7310574685053546,0.734707168167536,0.7297549880868295,228318922549.9,20487956.8443772,-0.002641242027958568,3715.68,sh000903,0.00019674930793430934
2025-04-03,0.7227644851759235,0.726180053161663,0.7308292393081508,0.7227644851759235,314079849371.73,28306579.044034466,-0.006671726305817471,3690.89,sh000903,0.00019674930793430934
2025-04-07,0.6900706526764793,0.6764123157196795,0.6964984525666932,0.6614849457267035,690170503905.09,56036602.24736898,-0.06853360571569456,3437.94,sh000903,0.00019674930793430934
2025-04-08,0.6782342143111512,0.6888035871333823,0.6888035871333823,0.6757630430034962,654435598030.11,50326727.03772275,0.018319109699413083,3500.92,sh000903,0.00019674930793430934
2025-04-09,0.6800757878334164,0.6943361776724951,0.694507349570398,0.6770320760396726,609987990606.1499,49479634.79745643,0.008032174399871916,3529.04,sh000903,0.00019674930793430934
2025-04-10,0.7064067477142649,0.7037407945917551,0.7074750964563483,0.6983970833882592,530662659483.70996,43140320.227619275,0.01354476004805849,3576.84,sh000903,0.00019674930793430934
2025-04-11,0.70324695382884,0.7079571322607873,0.7100918622518746,0.6987905820041278,390760164837.12,35161831.91027838,0.005991321948982886,3598.27,sh000903,0.00019674930793430934
2025-04-14,0.7118763784748388,0.7086103399631293,0.7121124776443599,0.7075282187694906,368059480159.27997,30838598.57073433,0.0009226656143090928,3601.59,sh000903,0.00019674930793430934
2025-04-15,0.708092889283262,0.708431298092909,0.7091809129561387,0.7043841648287003,293021076441.33997,24165527.850494135,-0.00025266618354680137,3600.68,sh000903,0.00019674930793430934
2025-04-16,0.7078312127037094,0.710656532765646,0.7114907498312876,0.7007659450557883,345988169995.13,27407918.162125368,0.003141073352811219,3611.99,sh000903,0.00019674930793430934
2025-04-17,0.7075085438386971,0.7106132479179005,0.7119550781980125,0.7065346347644222,282083833395.38995,21832985.420856606,-6.090825279136958e-05,3611.77,sh000903,0.00019674930793430934
2025-04-18,0.7082522562226887,0.7106348903417733,0.7126476357619412,0.7070402804858135,219771349917.21,17673581.879801914,3.0455981416377398e-05,3611.88,sh000903,0.00019674930793430934
2025-04-21,0.7100702198280019,0.7133519982843461,0.714493144270365,0.7088661140634438,248019261222.97998,20725127.39983985,0.0038234935822896166,3625.69,sh000903,0.00019674930793430934
2025-04-22,0.7123643167585159,0.7126259933380685,0.7156716726248916,0.7118271911478552,271175530730.77997,21494151.722186044,-0.0010177373134493406,3622.0,sh000903,0.00019674930793430934
2025-04-23,0.716688866546912,0.7133185509019973,0.7175309535848707,0.7122128197914065,278646759043.76996,25002292.804563012,0.0009718387631143521,3625.52,sh000903,0.00019674930793430934
2025-04-24,0.7138241966233885,0.7130470368570478,0.7173814241108407,0.7110028115476105,226298280118.3,19714571.208571974,-0.000380635053730205,3624.14,sh000903,0.00019674930793430934
2025-04-25,0.7147390809052829,0.7139107663188795,0.716946608140306,0.7128601250145103,273487198328.37,21992233.045876037,0.0012113218584270946,3628.53,sh000903,0.00019674930793430934
2025-04-28,0.7138832214157687,0.7131198341009837,0.7150578147841365,0.7110972512154189,256536851539.27997,21269161.635163825,-0.0011078866648477348,3624.51,sh000903,0.00019674930793430934
2025-04-29,0.7123938291547061,0.7125059762602285,0.7138969938673241,0.7107371999818991,233898769368.81,20203058.79445797,-0.000860806012399018,3621.39,sh000903,0.00019674930793430934
2025-04-30,0.7126673106927347,0.7117425889454435,0.714819748121536,0.7109614941929442,278695948543.35,23718792.511898413,-0.0010714118059639288,3617.51,sh000903,0.00019674930793430934
2025-05-06,0.7168226560763072,0.7187527667871428,0.7190400207767269,0.7142904924831928,334493618762.68,26015395.19904144,0.009849316242387607,3653.14,sh000903,0.00019674930793430934
2025-05-07,0.7285508823222715,0.7232386510080452,0.728720086727095,0.7201536218596352,341316509344.07,28333422.719586983,0.006241206195218396,3675.94,sh000903,0.00019674930793430934
2025-05-08,0.7212180356155597,0.7274117038293318,0.7310417285607198,0.7203208587713793,264664199059.77997,25198322.408309903,0.005769952719576477,3697.15,sh000903,0.00019674930793430934
2025-05-09,0.7266168366252772,0.7269099930940993,0.7281042613932606,0.725033004696406,242325243735.63998,22335471.72069075,-0.0006897204603546481,3694.6,sh000903,0.00019674930793430934
2025-05-12,0.730933516441356,0.7353190585152117,0.7359998111206645,0.7295523362996571,322468097428.75,30870742.651059203,0.011568234720944037,3737.34,sh000903,0.00019674930793430934
2025-05-13,0.7406155498848034,0.7360253885306959,0.7406155498848034,0.7345438662419506,314981057116.05,27559434.584337577,0.0009605762387152605,3740.93,sh000903,0.00019674930793430934
2025-05-14,0.7358975014805387,0.7444738038133951,0.7475214505932977,0.7350790243595319,335497591798.58997,29622900.615746636,0.011478429160663328,3783.87,sh000903,0.00019674930793430934
2025-05-15,0.743045403837792,0.7385457471653344,0.7431850958464254,0.7377489124682004,282628633278.68,23825576.000657145,-0.007962747134547477,3753.74,sh000903,0.00019674930793430934
2025-05-16,0.7367238485738626,0.7350770568664525,0.7377528474543591,0.7325094783979098,248467755811.99,21319475.399528984,-0.004696649208522641,3736.11,sh000903,0.00019674930793430934
2025-05-19,0.733892626032688,0.7329895467092695,0.7344218816710313,0.7304868955123451,199898949647.8,18771570.47200159,-0.0028398521456809434,3725.5,sh000903,0.00019674930793430934
2025-05-20,0.7343589218924923,0.7376308628834399,0.7403715807429648,0.7337922838856414,218956490634.18,21249697.70726064,0.006332035968326544,3749.09,sh000903,0.00019674930793430934
2025-05-21,0.737998784089277,0.7414182870611753,0.7442691845331434,0.737998784089277,229040958126.5,23369012.055380996,0.005134579324582722,3768.34,sh000903,0.00019674930793430934
2025-05-22,0.7409854385837198,0.7402436936928075,0.7421442920074529,0.7382250457934015,211895860970.03998,18904131.31253431,-0.0015842519517879072,3762.37,sh000903,0.00019674930793430934
2025-05-23,0.7395216237326885,0.7341582375983993,0.7435333421214692,0.7341582375983993,235833683417.53998,22363735.12734599,-0.008220882050409717,3731.44,sh000903,0.00019674930793430934
2025-05-26,0.7326039180657182,0.7288223963672209,0.7339142684565607,0.726563714312135,218344457985.81,20848863.714371163,-0.0072679716141756945,3704.32,sh000903,0.00019674930793430934
2025-05-27,0.7281573837064028,0.7240040058159096,0.7297058007598458,0.7233822780028372,197115534520.44998,17466202.537751272,-0.006611199896337294,3679.83,sh000903,0.00019674930793430934
2025-05-28,0.7248638002915825,0.7230655116170629,0.726420087317343,0.7227507127243681,180931259041.0,15276507.465672167,-0.001296255533543622,3675.06,sh000903,0.00019674930793430934
2025-05-29,0.7232288135426483,0.7264299247827396,0.7292886922270252,0.7212868978733368,214398883751.52,19661744.55537608,0.004652985257383557,3692.16,sh000903,0.00019674930793430934
2025-05-30,0.7249247925770422,0.7217551612262204,0.7262862977879475,0.7196066587835778,223731002981.19998,19449843.0211053,-0.00643525741029638,3668.4,sh000903,0.00019674930793430934
2025-06-03,0.7214049474580974,0.7234747501775662,0.7261505407654728,0.7213596951172725,245957541137.36,21828603.63236605,0.0023825100861409876,3677.14,sh000903,0.00019674930793430934
2025-06-04,0.724230267520034,0.7261505407654728,0.7276320630542182,0.724230267520034,243248936946.59998,19867690.4978938,0.0036985265722817573,3690.74,sh000903,0.00019674930793430934
2025-06-05,0.7267525936477519,0.7276950228327572,0.728737794164809,0.7244742366618725,247892724564.41998,21449373.514237765,0.002126944731950964,3698.59,sh000903,0.00019674930793430934
2025-06-06,0.7282577258534493,0.7274923710455848,0.7302527638359033,0.7265892917221664,225595527964.03998,19177850.103686888,-0.0002784845035541661,3697.56,sh000903,0.00019674930793430934
2025-06-09,0.7278701297168187,0.728031464149325,0.7313565274534147,0.7266817638968955,276034312751.6,25555566.975372892,0.000741029219268885,3700.3,sh000903,0.00019674930793430934
2025-06-10,0.7285430123499541,0.7237757766187058,0.7299064850539388,0.7215072570982232,285500948337.54,26102769.64689402,-0.005845471988757733,3678.67,sh000903,0.00019674930793430934
2025-06-11,0.7246493435459341,0.7295346288619431,0.7328577246729535,0.7246493435459341,294488568261.42,24359571.562543657,0.00795667999575933,3707.94,sh000903,0.00019674930793430934
2025-06-12,0.7279468619469132,0.7286099071146517,0.7304593506092343,0.7247516531860599,276486070376.23,24790868.917721406,-0.0012675501761086894,3703.24,sh000903,0.00019674930793430934
2025-06-13,0.7263138426910584,0.7243089672432078,0.7281770586371963,0.7219401055756787,336187129166.85,29639348.533135537,-0.0059029390479686805,3681.38,sh000903,0.00019674930793430934
2025-06-16,0.7221466923490096,0.7247713281168534,0.7253891209437671,0.7220483176950425,274601133631.62997,22999348.179478657,0.0006383475761806423,3683.73,sh000903,0.00019674930793430934
