date,open,close,high,low,volume,money,change,adjclose,symbol
2025-06-12,5780.97,5799.93,5808.8,5766.52,125615846.0,165393538363.1,0.73,5799.93,sh000905
2025-06-13,5783.16,5740.24,5794.67,5728.21,167613374.0,216010351562.9,1.15,5740.24,sh000905
2025-06-16,5725.0,5767.81,5775.95,5725.0,128242658.0,170989175829.1,0.89,5767.81,sh000905
2025-06-16 00:00:00,5725.0,5767.81,5775.95,5725.0,128242658.0,170989175829.1,0.89,5767.81,sh000905
2025-06-16 00:00:00,5725.0,5767.81,5775.95,5725.0,128242658.0,170989175829.1,0.89,5767.81,sh000905
2025-06-16 00:00:00,5725.0,5767.81,5775.95,5725.0,128242658.0,170989175829.1,0.89,5767.81,sh000905
2025-06-16 00:00:00,5725.0,5767.81,5775.95,5725.0,128242658.0,170989175829.1,0.89,5767.81,sh000905
2025-06-16 00:00:00,5725.0,5767.81,5775.95,5725.0,128242658.0,170989175829.1,0.89,5767.81,sh000905
2025-06-16 00:00:00,5725.0,5767.81,5775.95,5725.0,128242658.0,170989175829.1,0.89,5767.81,sh000905
2025-06-16 00:00:00,5725.0,5767.81,5775.95,5725.0,128242658.0,170989175829.1,0.89,5767.81,sh000905
2025-06-16 00:00:00,5725.0,5767.81,5775.95,5725.0,128242658.0,170989175829.1,0.89,5767.81,sh000905
2025-06-16 00:00:00,5725.0,5767.81,5775.95,5725.0,128242658.0,170989175829.1,0.89,5767.81,sh000905
2025-06-16 00:00:00,5725.0,5767.81,5775.95,5725.0,128242658.0,170989175829.1,0.89,5767.81,sh000905
2025-06-16 00:00:00,5725.0,5767.81,5775.95,5725.0,128242658.0,170989175829.1,0.89,5767.81,sh000905
2025-06-16 00:00:00,5725.0,5767.81,5775.95,5725.0,128242658.0,170989175829.1,0.89,5767.81,sh000905
2025-06-16 00:00:00,5725.0,5767.81,5775.95,5725.0,128242658.0,170989175829.1,0.89,5767.81,sh000905
2020-11-09 00:00:00,6337.44,6421.65,6452.91,6337.44,160027881.0,175071789056.0,1.83,6421.65,sh000905
2020-11-10 00:00:00,6434.43,6373.09,6435.41,6339.29,141928932.0,155931471872.0,1.5,6373.09,sh000905
2020-11-11 00:00:00,6356.37,6294.61,6375.24,6292.84,130728082.0,134439038976.0,1.29,6294.61,sh000905
2020-11-12 00:00:00,6305.07,6315.49,6341.0,6285.29,104680686.0,113184124928.0,0.89,6315.49,sh000905
2020-11-13 00:00:00,6304.46,6306.97,6319.41,6248.36,107116321.0,112943607808.0,1.13,6306.97,sh000905
2020-11-16 00:00:00,6319.7,6387.37,6387.42,6294.29,133677330.0,131781935104.0,1.48,6387.37,sh000905
2020-11-17 00:00:00,6380.77,6336.94,6380.77,6300.57,141274319.0,138972385280.0,1.26,6336.94,sh000905
2020-11-18 00:00:00,6333.45,6341.01,6382.5,6314.31,133982461.0,129795858432.0,1.08,6341.01,sh000905
2020-11-19 00:00:00,6328.08,6360.6,6370.18,6293.56,123804846.0,121059610624.0,1.21,6360.6,sh000905
2020-11-20 00:00:00,6354.79,6422.99,6429.87,6351.31,130667645.0,128065404928.0,1.24,6422.99,sh000905
2020-11-23 00:00:00,6435.92,6472.93,6516.24,6407.06,181925668.0,170218078208.0,1.7,6472.93,sh000905
2020-11-24 00:00:00,6472.75,6475.19,6495.14,6454.67,154062966.0,148759535616.0,0.63,6475.19,sh000905
2020-11-25 00:00:00,6489.26,6350.37,6489.72,6350.37,153813107.0,156624908288.0,2.15,6350.37,sh000905
2020-11-26 00:00:00,6349.86,6334.3,6358.17,6284.97,123236936.0,125528465408.0,1.15,6334.3,sh000905
2020-11-27 00:00:00,6337.38,6351.61,6351.81,6276.07,120885115.0,117407961088.0,1.2,6351.61,sh000905
2020-11-30 00:00:00,6360.46,6320.94,6397.72,6309.44,163157683.0,157517647872.0,1.39,6320.94,sh000905
2020-12-01 00:00:00,6307.85,6426.62,6437.94,6299.41,150957340.0,152562839552.0,2.19,6426.62,sh000905
2020-12-02 00:00:00,6437.96,6434.98,6446.81,6392.99,149705106.0,150490963968.0,0.84,6434.98,sh000905
2020-12-03 00:00:00,6437.38,6440.88,6461.09,6392.9,152214932.0,152891752448.0,1.06,6440.88,sh000905
2020-12-04 00:00:00,6426.03,6464.73,6471.86,6409.68,128855168.0,135320891392.0,0.97,6464.73,sh000905
2020-12-07 00:00:00,6465.99,6424.68,6472.85,6417.65,121078282.0,130847019008.0,0.85,6424.68,sh000905
2020-12-08 00:00:00,6424.16,6423.65,6448.39,6406.72,105494991.0,118324850688.0,0.65,6423.65,sh000905
2020-12-09 00:00:00,6430.48,6307.22,6437.43,6307.22,121516214.0,133439442944.0,2.03,6307.22,sh000905
2020-12-10 00:00:00,6295.35,6320.1,6350.92,6267.17,110577142.0,122398601216.0,1.33,6320.1,sh000905
2020-12-11 00:00:00,6328.83,6209.43,6340.39,6163.41,132641605.0,143457071104.0,2.8,6209.43,sh000905
2020-12-14 00:00:00,6207.83,6259.02,6260.61,6176.54,106877148.0,123900780544.0,1.35,6259.02,sh000905
2020-12-15 00:00:00,6250.1,6265.58,6276.58,6228.68,97980995.0,119718559744.0,0.77,6265.58,sh000905
2020-12-16 00:00:00,6268.21,6235.44,6271.03,6219.09,99283950.0,114108039168.0,0.83,6235.44,sh000905
2020-12-17 00:00:00,6225.08,6308.9,6312.01,6184.54,127702743.0,140083142656.0,2.04,6308.9,sh000905
2020-12-18 00:00:00,6310.16,6291.92,6332.53,6269.21,128622287.0,137531404288.0,1.0,6291.92,sh000905
2020-12-21 00:00:00,6302.26,6398.6,6401.55,6293.92,136347822.0,156761702400.0,1.71,6398.6,sh000905
2020-12-22 00:00:00,6372.88,6250.06,6378.5,6241.56,151310618.0,172456513536.0,2.14,6250.06,sh000905
2020-12-23 00:00:00,6255.35,6307.6,6330.6,6242.62,144044324.0,166258561024.0,1.41,6307.6,sh000905
2020-12-24 00:00:00,6308.48,6205.22,6308.48,6202.4,131221652.0,147688968192.0,1.68,6205.22,sh000905
2020-12-25 00:00:00,6190.99,6278.5,6284.59,6186.03,134478267.0,143831769088.0,1.59,6278.5,sh000905
2020-12-28 00:00:00,6283.78,6244.48,6288.24,6219.09,148960215.0,160495558656.0,1.1,6244.48,sh000905
2020-12-29 00:00:00,6240.74,6199.85,6280.04,6196.41,154476032.0,155674660864.0,1.34,6199.85,sh000905
2020-12-30 00:00:00,6196.45,6269.25,6289.27,6188.59,138041674.0,148227833856.0,1.62,6269.25,sh000905
2020-12-31 00:00:00,6282.96,6367.11,6370.57,6281.01,160194086.0,174289317888.0,1.43,6367.11,sh000905
2021-01-04 00:00:00,6395.61,6482.79,6501.59,6359.08,186621210.0,211126910976.0,2.24,6482.79,sh000905
2021-01-05 00:00:00,6470.25,6539.73,6539.73,6452.52,196726292.0,227033006080.0,1.35,6539.73,sh000905
2021-01-06 00:00:00,6549.73,6528.14,6569.2,6472.74,178521085.0,209333366784.0,1.47,6528.14,sh000905
2021-01-07 00:00:00,6523.68,6538.12,6567.27,6467.44,197135642.0,219238805504.0,1.53,6538.12,sh000905
2021-01-08 00:00:00,6541.56,6557.6,6598.38,6484.4,180837430.0,207113826304.0,1.74,6557.6,sh000905
2021-01-11 00:00:00,6557.45,6455.4,6572.85,6419.73,183257272.0,217940398080.0,2.34,6455.4,sh000905
2021-01-12 00:00:00,6425.81,6543.23,6543.23,6425.81,162311237.0,199048531968.0,1.82,6543.23,sh000905
2021-01-13 00:00:00,6550.03,6496.91,6553.65,6457.88,184913421.0,222962630656.0,1.46,6496.91,sh000905
2021-01-14 00:00:00,6471.79,6439.89,6516.27,6402.6,163023816.0,198732648448.0,1.75,6439.89,sh000905
2021-01-15 00:00:00,6427.13,6417.5,6447.88,6339.43,138243200.0,166962802688.0,1.68,6417.5,sh000905
2021-01-18 00:00:00,6414.83,6514.46,6529.41,6392.07,136832806.0,169891545088.0,2.14,6514.46,sh000905
2021-01-19 00:00:00,6510.48,6476.37,6532.65,6456.12,147616717.0,174545108992.0,1.17,6476.37,sh000905
2021-01-20 00:00:00,6477.67,6535.42,6535.48,6449.28,128525432.0,153378910208.0,1.33,6535.42,sh000905
2021-01-21 00:00:00,6552.03,6622.5,6649.86,6550.88,156809587.0,189208743936.0,1.51,6622.5,sh000905
2021-01-22 00:00:00,6619.86,6637.81,6643.67,6573.82,158062310.0,202861674496.0,1.05,6637.81,sh000905
2021-01-25 00:00:00,6636.22,6645.31,6711.57,6599.97,165623104.0,223556747264.0,1.68,6645.31,sh000905
2021-01-26 00:00:00,6621.15,6532.96,6624.45,6515.26,143371310.0,191892389888.0,1.64,6532.96,sh000905
2021-01-27 00:00:00,6527.68,6557.16,6564.29,6481.16,139760049.0,174776066048.0,1.27,6557.16,sh000905
2021-01-28 00:00:00,6475.86,6414.38,6529.84,6405.81,144825405.0,174817693696.0,1.89,6414.38,sh000905
2021-01-29 00:00:00,6448.67,6346.14,6462.37,6255.7,146041582.0,172077244416.0,3.22,6346.14,sh000905
2021-02-01 00:00:00,6338.64,6393.28,6397.01,6328.34,137325184.0,157579284480.0,1.08,6393.28,sh000905
2021-02-02 00:00:00,6404.85,6454.79,6459.48,6361.09,132394314.0,161720463360.0,1.54,6454.79,sh000905
2021-02-03 00:00:00,6459.66,6399.33,6484.49,6399.33,145457155.0,175699415040.0,1.32,6399.33,sh000905
2021-02-04 00:00:00,6375.67,6328.79,6414.3,6249.53,148861330.0,173708935168.0,2.57,6328.79,sh000905
2021-02-05 00:00:00,6343.83,6239.87,6382.96,6236.27,135132879.0,162500628480.0,2.32,6239.87,sh000905
2021-02-08 00:00:00,6247.92,6323.16,6354.02,6215.73,116134003.0,141592203264.0,2.22,6323.16,sh000905
2021-02-09 00:00:00,6334.42,6457.88,6468.43,6330.79,119319109.0,146850922496.0,2.18,6457.88,sh000905
2021-02-10 00:00:00,6474.75,6525.17,6542.75,6424.72,119042660.0,150035763200.0,1.83,6525.17,sh000905
2021-02-18 00:00:00,6657.31,6614.54,6678.61,6564.31,166892393.0,194996420608.0,1.75,6614.54,sh000905
2021-02-19 00:00:00,6600.25,6703.48,6706.39,6542.78,178767818.0,201468755968.0,2.47,6703.48,sh000905
2021-02-22 00:00:00,6731.51,6657.06,6810.92,6657.06,237065585.0,259948294144.0,2.3,6657.06,sh000905
2021-02-23 00:00:00,6613.6,6631.23,6701.43,6609.08,192656865.0,206144663552.0,1.39,6631.23,sh000905
2021-02-24 00:00:00,6633.28,6536.19,6661.43,6477.75,173718833.0,196797837312.0,2.77,6536.19,sh000905
2021-02-25 00:00:00,6600.21,6499.15,6609.56,6484.55,162068183.0,171451162624.0,1.91,6499.15,sh000905
2021-02-26 00:00:00,6365.74,6364.35,6446.95,6346.13,150760207.0,163655503872.0,1.55,6364.35,sh000905
2021-03-01 00:00:00,6407.16,6488.44,6491.94,6404.89,158608438.0,165792206848.0,1.37,6488.44,sh000905
2021-03-02 00:00:00,6514.02,6433.33,6514.02,6386.49,165877069.0,174025453568.0,1.97,6433.33,sh000905
2021-03-03 00:00:00,6426.04,6524.75,6528.22,6420.21,171017523.0,169667465216.0,1.68,6524.75,sh000905
2021-03-04 00:00:00,6482.79,6401.99,6485.16,6371.73,194334615.0,192657768448.0,1.74,6401.99,sh000905
2021-03-05 00:00:00,6325.75,6403.5,6442.02,6319.53,166504886.0,163666501632.0,1.91,6403.5,sh000905
2021-03-08 00:00:00,6453.78,6256.41,6488.82,6253.7,168546340.0,177120047104.0,3.67,6256.41,sh000905
2021-03-09 00:00:00,6235.31,6108.0,6250.94,6033.41,196432686.0,181888458752.0,3.48,6108.0,sh000905
2021-03-10 00:00:00,6164.77,6062.26,6179.85,6053.02,142554278.0,135611236352.0,2.08,6062.26,sh000905
2021-03-11 00:00:00,6074.33,6213.83,6213.93,6045.55,160814643.0,149412659200.0,2.78,6213.83,sh000905
2021-03-12 00:00:00,6231.48,6222.38,6232.5,6137.99,175746179.0,160346947584.0,1.52,6222.38,sh000905
2021-03-15 00:00:00,6192.3,6173.87,6229.57,6111.36,170799690.0,150564929536.0,1.9,6173.87,sh000905
2021-03-16 00:00:00,6176.07,6195.24,6222.18,6124.78,152845993.0,138852790272.0,1.58,6195.24,sh000905
2021-03-17 00:00:00,6180.89,6225.36,6230.56,6124.05,134840397.0,125106921472.0,1.72,6225.36,sh000905
2021-03-18 00:00:00,6231.19,6273.86,6300.94,6227.19,140725665.0,137984966656.0,1.18,6273.86,sh000905
2021-03-19 00:00:00,6195.25,6206.6,6258.13,6167.51,143238275.0,143898488832.0,1.44,6206.6,sh000905
2021-03-22 00:00:00,6208.93,6305.69,6307.55,6206.08,143041444.0,138484391936.0,1.63,6305.69,sh000905
2021-03-23 00:00:00,6307.98,6219.17,6307.98,6181.13,150964052.0,144085643264.0,2.01,6219.17,sh000905
2021-03-24 00:00:00,6180.31,6142.54,6232.13,6131.82,147673111.0,137684570112.0,1.61,6142.54,sh000905
2021-03-25 00:00:00,6118.87,6157.41,6190.94,6108.26,129307092.0,122101587968.0,1.35,6157.41,sh000905
2021-03-26 00:00:00,6164.82,6251.79,6264.56,6164.82,128887611.0,130405072896.0,1.62,6251.79,sh000905
2021-03-29 00:00:00,6270.0,6254.94,6277.76,6215.8,139633894.0,137607135232.0,0.99,6254.94,sh000905
2021-03-30 00:00:00,6239.47,6280.36,6287.87,6217.33,134409585.0,138902650880.0,1.13,6280.36,sh000905
2021-03-31 00:00:00,6277.7,6254.07,6277.7,6205.94,125128492.0,124539600896.0,1.14,6254.07,sh000905
2021-04-01 00:00:00,6259.41,6311.66,6321.58,6238.31,130374817.0,124971610112.0,1.33,6311.66,sh000905
2021-04-02 00:00:00,6316.56,6326.61,6341.65,6291.71,123938872.0,125309448192.0,0.79,6326.61,sh000905
2021-04-06 00:00:00,6345.89,6343.1,6367.78,6323.24,111489157.0,115979706368.0,0.7,6343.1,sh000905
2021-04-07 00:00:00,6350.38,6348.08,6350.38,6289.07,150016776.0,139659141120.0,0.97,6348.08,sh000905
2021-04-08 00:00:00,6332.93,6356.75,6385.2,6309.12,173741279.0,147432804352.0,1.2,6356.75,sh000905
2021-04-09 00:00:00,6345.29,6335.24,6360.45,6307.66,141306900.0,127539220480.0,0.83,6335.24,sh000905
2021-04-12 00:00:00,6325.26,6226.42,6344.16,6203.57,155441439.0,142018338816.0,2.22,6226.42,sh000905
2021-04-13 00:00:00,6210.22,6209.78,6254.9,6193.81,130387709.0,116032380928.0,0.98,6209.78,sh000905
2021-04-14 00:00:00,6206.64,6277.21,6287.84,6206.64,117438218.0,107282817024.0,1.31,6277.21,sh000905
2021-04-15 00:00:00,6263.63,6276.46,6281.43,6211.66,119776177.0,111582126080.0,1.11,6276.46,sh000905
2021-04-16 00:00:00,6283.86,6339.59,6344.95,6276.43,126764654.0,119984627712.0,1.09,6339.59,sh000905
2021-04-19 00:00:00,6331.71,6425.26,6431.78,6315.08,142200929.0,144720531456.0,1.84,6425.26,sh000905
2021-04-20 00:00:00,6419.73,6428.54,6467.38,6410.28,134674524.0,143364747264.0,0.89,6428.54,sh000905
2021-04-21 00:00:00,6396.27,6420.26,6434.63,6369.77,121051732.0,128354893824.0,1.01,6420.26,sh000905
2021-04-22 00:00:00,6444.28,6445.47,6472.8,6424.75,124923876.0,131906162688.0,0.75,6445.47,sh000905
2021-04-23 00:00:00,6445.52,6462.76,6463.97,6412.99,126117307.0,135170990080.0,0.79,6462.76,sh000905
2021-04-26 00:00:00,6480.3,6442.65,6546.64,6437.19,144964140.0,166586765312.0,1.69,6442.65,sh000905
2021-04-27 00:00:00,6434.61,6446.28,6466.25,6399.44,125894712.0,138320089088.0,1.04,6446.28,sh000905
2021-04-28 00:00:00,6433.1,6489.74,6489.74,6410.32,117234944.0,136377847808.0,1.23,6489.74,sh000905
2021-04-29 00:00:00,6495.65,6491.93,6502.43,6453.52,128305439.0,145502310400.0,0.75,6491.93,sh000905
2021-04-30 00:00:00,6470.35,6485.71,6503.15,6434.73,144254239.0,163746328576.0,1.05,6485.71,sh000905
2021-05-06 00:00:00,6503.6,6489.35,6548.07,6440.33,154141980.0,167436128256.0,1.66,6489.35,sh000905
2021-05-07 00:00:00,6505.58,6444.44,6524.18,6439.89,177518748.0,177915641856.0,1.3,6444.44,sh000905
2021-05-10 00:00:00,6461.42,6475.99,6493.5,6437.11,189080133.0,180906622976.0,0.88,6475.99,sh000905
2021-05-11 00:00:00,6436.29,6456.04,6472.87,6349.79,187263611.0,175350132736.0,1.9,6456.04,sh000905
2021-05-12 00:00:00,6434.91,6512.05,6521.49,6419.74,156490931.0,150127198208.0,1.58,6512.05,sh000905
2021-05-13 00:00:00,6448.96,6439.03,6497.0,6426.58,159658647.0,155853651968.0,1.08,6439.03,sh000905
2021-05-14 00:00:00,6454.68,6525.8,6525.8,6421.21,166243407.0,163611262976.0,1.62,6525.8,sh000905
2021-05-17 00:00:00,6521.89,6578.14,6613.89,6521.89,159363758.0,172029263872.0,1.41,6578.14,sh000905
2021-05-18 00:00:00,6578.97,6599.6,6604.69,6558.78,132505490.0,141986529280.0,0.7,6599.6,sh000905
2021-05-19 00:00:00,6582.1,6584.39,6590.98,6544.84,135181256.0,146346352640.0,0.7,6584.39,sh000905
2021-05-20 00:00:00,6541.09,6548.71,6580.44,6506.41,162329923.0,167135805440.0,1.12,6548.71,sh000905
2021-05-21 00:00:00,6557.49,6527.86,6570.46,6512.81,134350694.0,145990148096.0,0.88,6527.86,sh000905
2021-05-24 00:00:00,6515.83,6544.12,6564.07,6494.62,137226611.0,150739210240.0,1.06,6544.12,sh000905
2021-05-25 00:00:00,6549.34,6619.67,6628.69,6524.3,144692037.0,158035570688.0,1.6,6619.67,sh000905
2021-05-26 00:00:00,6631.37,6628.21,6642.38,6612.42,156237002.0,169904623616.0,0.45,6628.21,sh000905
2021-05-27 00:00:00,6629.24,6685.41,6685.48,6620.72,145166676.0,164642447360.0,0.98,6685.41,sh000905
2021-05-28 00:00:00,6699.28,6668.17,6718.09,6643.64,157318385.0,176611766272.0,1.11,6668.17,sh000905
2021-05-31 00:00:00,6681.55,6728.99,6729.07,6667.26,146929492.0,176728707072.0,0.93,6728.99,sh000905
2021-06-01 00:00:00,6718.64,6739.76,6742.98,6656.66,161091958.0,185038577664.0,1.28,6739.76,sh000905
2021-06-02 00:00:00,6740.5,6681.43,6748.15,6662.75,157365320.0,174265552896.0,1.27,6681.43,sh000905
2021-06-03 00:00:00,6680.1,6667.73,6744.52,6654.46,154885691.0,167598940160.0,1.35,6667.73,sh000905
2021-06-04 00:00:00,6642.06,6693.06,6725.69,6628.01,137866404.0,161257144320.0,1.46,6693.06,sh000905
2021-06-07 00:00:00,6705.74,6721.5,6729.85,6689.7,140560896.0,174154018816.0,0.6,6721.5,sh000905
2021-06-08 00:00:00,6726.09,6684.56,6752.63,6652.39,138684946.0,169906610176.0,1.49,6684.56,sh000905
2021-06-09 00:00:00,6677.14,6692.9,6712.25,6656.05,136511035.0,155486113792.0,0.84,6692.9,sh000905
2021-06-10 00:00:00,6688.82,6765.64,6773.46,6683.49,154280965.0,177003016192.0,1.34,6765.64,sh000905
2021-06-11 00:00:00,6773.64,6725.92,6775.86,6717.27,169569608.0,194413371392.0,0.87,6725.92,sh000905
2021-06-15 00:00:00,6734.1,6663.66,6736.54,6649.2,152209249.0,166359281664.0,1.3,6663.66,sh000905
2021-06-16 00:00:00,6659.49,6566.29,6662.78,6554.89,136807877.0,152269455360.0,1.62,6566.29,sh000905
2021-06-17 00:00:00,6554.3,6616.17,6618.5,6554.3,124492562.0,143795949568.0,0.98,6616.17,sh000905
2021-06-18 00:00:00,6610.27,6657.76,6671.88,6587.03,138022582.0,161540071424.0,1.28,6657.76,sh000905
2021-06-21 00:00:00,6652.65,6707.18,6722.98,6638.52,143031173.0,174776561664.0,1.27,6707.18,sh000905
2021-06-22 00:00:00,6723.3,6739.79,6748.97,6691.82,146543498.0,170147487744.0,0.85,6739.79,sh000905
2021-06-23 00:00:00,6741.58,6789.95,6803.97,6720.58,155309609.0,184582045696.0,1.24,6789.95,sh000905
2021-06-24 00:00:00,6791.86,6754.87,6791.86,6743.33,145046523.0,172627660800.0,0.71,6754.87,sh000905
2021-06-25 00:00:00,6748.87,6813.41,6824.86,6739.02,151485660.0,174329253888.0,1.27,6813.41,sh000905
2021-06-28 00:00:00,6814.32,6828.52,6843.52,6802.86,145504051.0,175447982080.0,0.6,6828.52,sh000905
2021-06-29 00:00:00,6833.06,6765.42,6835.05,6756.92,136625723.0,167622238208.0,1.14,6765.42,sh000905
2021-06-30 00:00:00,6767.74,6808.18,6812.38,6757.34,125406162.0,155031842816.0,0.81,6808.18,sh000905
2021-07-01 00:00:00,6827.7,6716.67,6827.7,6716.67,138350812.0,168199909376.0,1.63,6716.67,sh000905
2021-07-02 00:00:00,6701.06,6658.05,6718.51,6651.48,136472287.0,162302316544.0,1.0,6658.05,sh000905
2021-07-05 00:00:00,6670.13,6711.01,6716.15,6663.54,134734720.0,165135855616.0,0.79,6711.01,sh000905
2021-07-06 00:00:00,6727.97,6709.5,6747.85,6633.61,145017953.0,183569346560.0,1.7,6709.5,sh000905
2021-07-07 00:00:00,6661.85,6764.13,6765.43,6642.57,147646953.0,176266752000.0,1.83,6764.13,sh000905
2021-07-08 00:00:00,6774.84,6748.65,6797.08,6740.85,159564544.0,203043020800.0,0.83,6748.65,sh000905
2021-07-09 00:00:00,6721.61,6804.54,6814.65,6683.79,166107003.0,204576735232.0,1.94,6804.54,sh000905
2021-07-12 00:00:00,6852.48,6904.38,6926.76,6840.02,193561044.0,239883546624.0,1.27,6904.38,sh000905
2021-07-13 00:00:00,6901.81,6961.85,6961.97,6889.03,179620844.0,223831191552.0,1.06,6961.85,sh000905
2021-07-14 00:00:00,6953.82,6898.75,6973.61,6898.75,171735447.0,214904537088.0,1.08,6898.75,sh000905
2021-07-15 00:00:00,6874.8,6932.41,6936.58,6828.48,173221107.0,205199286272.0,1.57,6932.41,sh000905
2021-07-16 00:00:00,6931.05,6925.12,6992.83,6922.35,184907858.0,221559304192.0,1.02,6925.12,sh000905
2021-07-19 00:00:00,6912.1,6889.34,6931.14,6856.65,169734817.0,208077103104.0,1.08,6889.34,sh000905
2021-07-20 00:00:00,6831.05,6901.13,6901.13,6825.82,140140631.0,171140493312.0,1.09,6901.13,sh000905
2021-07-21 00:00:00,6923.61,6984.54,6998.28,6922.92,163009272.0,204939579392.0,1.09,6984.54,sh000905
2021-07-22 00:00:00,6996.26,7026.55,7026.73,6960.3,190233316.0,219500277760.0,0.95,7026.55,sh000905
2021-07-23 00:00:00,7036.3,6985.75,7061.67,6968.31,225079073.0,253751242752.0,1.33,6985.75,sh000905
2021-07-26 00:00:00,6974.11,6868.21,6986.5,6778.5,208197240.0,242702241792.0,2.98,6868.21,sh000905
2021-07-27 00:00:00,6877.44,6719.26,6925.97,6719.26,228614339.0,266957983744.0,3.01,6719.26,sh000905
2021-07-28 00:00:00,6650.15,6621.98,6709.23,6534.92,197267167.0,222466408448.0,2.59,6621.98,sh000905
2021-07-29 00:00:00,6720.62,6758.89,6773.57,6682.12,171017884.0,209142005760.0,1.38,6758.89,sh000905
2021-07-30 00:00:00,6739.75,6767.32,6775.01,6702.51,189711734.0,222514806784.0,1.07,6767.32,sh000905
2021-08-02 00:00:00,6756.81,6872.0,6875.42,6731.78,206205174.0,249640210432.0,2.12,6872.0,sh000905
2021-08-03 00:00:00,6844.37,6816.01,6879.59,6792.71,194189432.0,237723021312.0,1.26,6816.01,sh000905
2021-08-04 00:00:00,6814.08,6931.34,6931.78,6813.23,174064348.0,216189755392.0,1.74,6931.34,sh000905
2021-08-05 00:00:00,6920.94,6911.83,6946.34,6880.69,179371886.0,226672386048.0,0.95,6911.83,sh000905
2021-08-06 00:00:00,6929.02,6938.87,6947.54,6885.65,172356913.0,214958731264.0,0.9,6938.87,sh000905
2021-08-09 00:00:00,6914.32,6979.53,6989.71,6877.2,173833372.0,210955644928.0,1.62,6979.53,sh000905
2021-08-10 00:00:00,6970.83,7019.23,7019.69,6958.81,173087962.0,222660419584.0,0.87,7019.23,sh000905
2021-08-11 00:00:00,7024.77,7073.52,7076.37,6999.93,188357906.0,221759524864.0,1.09,7073.52,sh000905
2021-08-12 00:00:00,7059.47,7095.2,7115.89,7051.01,194079124.0,226074873856.0,0.92,7095.2,sh000905
2021-08-13 00:00:00,7070.47,7088.89,7124.92,7050.31,192190605.0,221865975808.0,1.05,7088.89,sh000905
2021-08-16 00:00:00,7087.58,7052.49,7102.4,7039.1,188178885.0,222080462848.0,0.89,7052.49,sh000905
2021-08-17 00:00:00,7045.75,6894.4,7063.02,6876.5,201936371.0,226552999936.0,2.64,6894.4,sh000905
2021-08-18 00:00:00,6883.27,6941.01,6950.88,6865.07,175367332.0,191997407232.0,1.24,6941.01,sh000905
2021-08-19 00:00:00,6917.51,6947.06,6978.98,6869.29,171813588.0,194992914432.0,1.58,6947.06,sh000905
2021-08-20 00:00:00,6915.02,6920.02,6952.52,6843.0,175627139.0,205135638528.0,1.58,6920.02,sh000905
2021-08-23 00:00:00,6949.33,7024.56,7031.88,6949.33,189456609.0,216299532288.0,1.19,7024.56,sh000905
2021-08-24 00:00:00,7031.65,7090.78,7098.03,7009.69,202726894.0,236479324160.0,1.26,7090.78,sh000905
2021-08-25 00:00:00,7092.15,7153.0,7153.27,7058.57,198126889.0,228737400832.0,1.34,7153.0,sh000905
2021-08-26 00:00:00,7151.53,7118.84,7175.51,7115.84,230176197.0,255363534848.0,0.83,7118.84,sh000905
2021-08-27 00:00:00,7096.65,7180.11,7185.73,7083.21,223830464.0,258997825536.0,1.44,7180.11,sh000905
2021-08-30 00:00:00,7202.63,7226.88,7262.6,7190.61,250649147.0,301015445504.0,1.0,7226.88,sh000905
2021-08-31 00:00:00,7202.52,7255.34,7255.34,7159.3,245108342.0,288657326080.0,1.33,7255.34,sh000905
2021-09-01 00:00:00,7271.03,7193.1,7278.16,7100.31,295520141.0,331023151104.0,2.45,7193.1,sh000905
2021-09-02 00:00:00,7172.4,7307.01,7309.33,7172.4,253411699.0,271544872960.0,1.9,7307.01,sh000905
2021-09-03 00:00:00,7335.7,7278.68,7385.24,7227.03,288801239.0,315016806400.0,2.17,7278.68,sh000905
2021-09-06 00:00:00,7297.36,7355.4,7359.54,7231.73,255875154.0,273720336384.0,1.76,7355.4,sh000905
2021-09-07 00:00:00,7360.38,7498.93,7501.13,7350.7,260727542.0,280403353600.0,2.05,7498.93,sh000905
2021-09-08 00:00:00,7496.33,7544.04,7549.45,7483.87,272847808.0,287850946560.0,0.87,7544.04,sh000905
2021-09-09 00:00:00,7534.98,7617.45,7617.66,7526.97,287204068.0,302380048384.0,1.2,7617.45,sh000905
2021-09-10 00:00:00,7613.6,7607.67,7661.43,7564.26,293468641.0,322687991808.0,1.28,7607.67,sh000905
2021-09-13 00:00:00,7613.54,7648.75,7650.88,7566.78,263618611.0,298956062720.0,1.11,7648.75,sh000905
2021-09-14 00:00:00,7630.72,7556.62,7688.6,7544.02,271501512.0,306464419840.0,1.89,7556.62,sh000905
2021-09-15 00:00:00,7535.25,7592.31,7627.67,7521.88,233398415.0,274072797184.0,1.4,7592.31,sh000905
2021-09-16 00:00:00,7616.88,7446.94,7657.23,7445.23,267649779.0,301162983424.0,2.79,7446.94,sh000905
2021-09-17 00:00:00,7421.81,7395.56,7471.42,7275.98,233604227.0,259019108352.0,2.62,7395.56,sh000905
2021-09-22 00:00:00,7305.08,7453.62,7453.93,7298.03,196794534.0,221838872576.0,2.11,7453.62,sh000905
2021-09-23 00:00:00,7512.33,7502.84,7543.66,7467.2,241158694.0,267659235328.0,1.03,7502.84,sh000905
2021-09-24 00:00:00,7490.56,7380.38,7490.56,7373.29,231715581.0,248983142400.0,1.56,7380.38,sh000905
2021-09-27 00:00:00,7400.0,7170.59,7410.47,7128.51,239542408.0,255096918016.0,3.82,7170.59,sh000905
2021-09-28 00:00:00,7158.62,7198.9,7227.46,7155.27,202800568.0,196202377216.0,1.01,7198.9,sh000905
2021-09-29 00:00:00,7142.76,7010.22,7161.21,6996.57,210570703.0,207830601728.0,2.29,7010.22,sh000905
2021-09-30 00:00:00,7034.69,7103.61,7116.04,7034.69,202482611.0,186185670656.0,1.16,7103.61,sh000905
2021-10-08 00:00:00,7191.23,7091.34,7198.96,7058.83,205467704.0,202877493248.0,1.97,7091.34,sh000905
2021-10-11 00:00:00,7102.88,7090.47,7123.75,7048.87,195420838.0,194709504000.0,1.06,7090.47,sh000905
2021-10-12 00:00:00,7069.35,6952.19,7079.71,6891.84,201666724.0,194146537472.0,2.65,6952.19,sh000905
2021-10-13 00:00:00,6957.73,6981.59,6991.24,6887.34,162604654.0,163678285824.0,1.49,6981.59,sh000905
2021-10-14 00:00:00,6970.65,7008.33,7033.4,6949.48,154764667.0,162946740224.0,1.2,7008.33,sh000905
2021-10-15 00:00:00,6996.12,7024.16,7034.03,6975.24,174108339.0,188999737344.0,0.84,7024.16,sh000905
2021-10-18 00:00:00,7027.14,7068.1,7071.87,6983.72,175627013.0,194312994816.0,1.25,7068.1,sh000905
2021-10-19 00:00:00,7060.77,7120.38,7127.24,7051.78,168135764.0,182701166592.0,1.07,7120.38,sh000905
2021-10-20 00:00:00,7081.99,7118.8,7154.91,7067.13,170511342.0,186276499456.0,1.23,7118.8,sh000905
2021-10-21 00:00:00,7127.64,7098.25,7145.58,7069.45,167971968.0,184364871680.0,1.07,7098.25,sh000905
2021-10-22 00:00:00,7089.13,7026.07,7110.66,7020.87,171615150.0,184191959040.0,1.26,7026.07,sh000905
2021-10-25 00:00:00,7019.02,7103.99,7105.98,7003.78,159004603.0,184607289344.0,1.45,7103.99,sh000905
2021-10-26 00:00:00,7120.07,7102.43,7155.63,7085.07,175032205.0,204998021120.0,0.99,7102.43,sh000905
2021-10-27 00:00:00,7093.12,7048.6,7097.86,7017.86,179020887.0,212523900928.0,1.13,7048.6,sh000905
2021-10-28 00:00:00,7026.29,6950.28,7043.42,6930.54,188075338.0,210380521472.0,1.6,6950.28,sh000905
2021-10-29 00:00:00,6955.85,7022.5,7022.75,6920.31,170779533.0,207011901440.0,1.47,7022.5,sh000905
2021-11-01 00:00:00,7005.07,7060.76,7087.29,6993.27,184142991.0,226533564416.0,1.34,7060.76,sh000905
2021-11-02 00:00:00,7061.0,6985.1,7093.61,6921.85,196114729.0,230633598976.0,2.43,6985.1,sh000905
2021-11-03 00:00:00,6975.06,7017.85,7034.09,6962.87,150814648.0,183530631168.0,1.02,7017.85,sh000905
2021-11-04 00:00:00,7031.95,7073.85,7073.85,7018.61,152652050.0,188533362688.0,0.79,7073.85,sh000905
2021-11-05 00:00:00,7071.08,6991.91,7073.85,6991.15,177241393.0,207299702784.0,1.17,6991.91,sh000905
2021-11-08 00:00:00,6986.5,7026.97,7034.14,6984.81,146360858.0,176810356736.0,0.71,7026.97,sh000905
2021-11-09 00:00:00,7037.57,7081.75,7087.02,7028.31,141696847.0,175620423680.0,0.84,7081.75,sh000905
2021-11-10 00:00:00,7061.64,7062.33,7072.15,6965.86,162138355.0,187121573888.0,1.5,7062.33,sh000905
2021-11-11 00:00:00,7048.86,7119.86,7121.92,7033.09,165400694.0,186637770752.0,1.26,7119.86,sh000905
2021-11-12 00:00:00,7118.99,7156.61,7165.11,7112.58,168513423.0,195249975296.0,0.74,7156.61,sh000905
2021-11-15 00:00:00,7166.04,7098.21,7176.77,7083.78,161148201.0,201939759104.0,1.3,7098.21,sh000905
2021-11-16 00:00:00,7083.92,7045.94,7121.74,7040.51,162370317.0,192032231424.0,1.14,7045.94,sh000905
2021-11-17 00:00:00,7043.63,7104.53,7106.05,7033.95,140347108.0,168875298816.0,1.02,7104.53,sh000905
2021-11-18 00:00:00,7108.78,7084.68,7130.29,7066.49,162714860.0,185152970752.0,0.9,7084.68,sh000905
2021-11-19 00:00:00,7083.01,7169.88,7174.25,7073.72,178185853.0,193601339392.0,1.42,7169.88,sh000905
2021-11-22 00:00:00,7177.4,7255.07,7259.53,7177.4,180522481.0,222986227712.0,1.15,7255.07,sh000905
2021-11-23 00:00:00,7245.95,7261.38,7292.92,7239.0,189595034.0,218299011072.0,0.74,7261.38,sh000905
2021-11-24 00:00:00,7260.22,7256.11,7278.4,7229.6,177674071.0,209537056768.0,0.67,7256.11,sh000905
2021-11-25 00:00:00,7262.79,7233.54,7262.79,7228.29,164068099.0,190327762944.0,0.48,7233.54,sh000905
2021-11-26 00:00:00,7216.64,7219.86,7249.2,7201.2,159423137.0,192093831168.0,0.66,7219.86,sh000905
2021-11-29 00:00:00,7129.94,7221.9,7226.34,7125.43,166941407.0,198551719936.0,1.4,7221.9,sh000905
2021-11-30 00:00:00,7252.33,7252.76,7281.13,7210.84,186336164.0,213217509376.0,0.97,7252.76,sh000905
2021-12-01 00:00:00,7239.13,7272.84,7272.94,7215.67,171806295.0,196111867904.0,0.79,7272.84,sh000905
2021-12-02 00:00:00,7256.42,7229.99,7279.95,7221.36,176555543.0,198627049472.0,0.81,7229.99,sh000905
2021-12-03 00:00:00,7233.57,7301.92,7310.27,7223.8,186222738.0,200791224320.0,1.2,7301.92,sh000905
2021-12-06 00:00:00,7308.99,7240.46,7330.47,7235.45,213069952.0,218322694144.0,1.3,7240.46,sh000905
2021-12-07 00:00:00,7274.13,7206.83,7284.64,7148.07,192243855.0,206136078336.0,1.89,7206.83,sh000905
2021-12-08 00:00:00,7225.0,7302.99,7302.99,7214.26,169280453.0,190279974912.0,1.23,7302.99,sh000905
2021-12-09 00:00:00,7298.8,7320.32,7331.58,7290.27,196087168.0,211492052992.0,0.57,7320.32,sh000905
2021-12-10 00:00:00,7285.97,7306.65,7317.27,7276.61,187230694.0,209397678080.0,0.56,7306.65,sh000905
2021-12-13 00:00:00,7334.11,7353.03,7371.31,7322.44,185363062.0,210741542912.0,0.67,7353.03,sh000905
2021-12-14 00:00:00,7330.24,7324.13,7349.88,7314.43,159583754.0,183555993600.0,0.48,7324.13,sh000905
2021-12-15 00:00:00,7319.66,7314.26,7352.38,7302.38,159923922.0,183859412992.0,0.68,7314.26,sh000905
2021-12-16 00:00:00,7323.41,7381.0,7381.0,7323.41,177690340.0,187008757760.0,0.79,7381.0,sh000905
2021-12-17 00:00:00,7380.72,7314.56,7384.02,7308.72,196265336.0,203439632384.0,1.02,7314.56,sh000905
2021-12-20 00:00:00,7290.95,7195.97,7313.48,7191.05,181727854.0,190350688256.0,1.67,7195.97,sh000905
2021-12-21 00:00:00,7190.97,7275.47,7285.72,7190.97,176216745.0,164258062336.0,1.32,7275.47,sh000905
2021-12-22 00:00:00,7289.91,7302.46,7318.61,7271.82,174117189.0,171088400384.0,0.64,7302.46,sh000905
2021-12-23 00:00:00,7306.16,7337.19,7350.0,7290.38,169131761.0,180467003392.0,0.82,7337.19,sh000905
2021-12-24 00:00:00,7336.0,7278.76,7339.94,7257.53,169418703.0,182681104384.0,1.12,7278.76,sh000905
2021-12-27 00:00:00,7269.37,7272.75,7323.88,7255.72,148618788.0,165585649664.0,0.94,7272.75,sh000905
2021-12-28 00:00:00,7281.0,7286.03,7290.54,7240.93,143262039.0,164782845952.0,0.68,7286.03,sh000905
2021-12-29 00:00:00,7275.67,7247.77,7290.86,7242.3,136209551.0,155743985664.0,0.67,7247.77,sh000905
2021-12-30 00:00:00,7246.03,7310.96,7324.5,7244.22,141651110.0,158448275456.0,1.11,7310.96,sh000905
2021-12-31 00:00:00,7320.94,7359.4,7368.13,7317.7,149909002.0,169456914432.0,0.69,7359.4,sh000905
2022-01-04 00:00:00,7387.81,7354.46,7392.1,7317.5,200810017.0,219175108608.0,1.01,7354.46,sh000905
2022-01-05 00:00:00,7343.9,7222.67,7346.26,7200.73,194002404.0,209809760256.0,1.98,7222.67,sh000905
2022-01-06 00:00:00,7187.95,7229.96,7242.77,7167.81,173335764.0,179907538944.0,1.04,7229.96,sh000905
2022-01-07 00:00:00,7232.41,7175.68,7262.81,7168.04,200018012.0,202498453504.0,1.31,7175.68,sh000905
2022-01-10 00:00:00,7161.44,7191.45,7193.92,7122.09,165748879.0,176717914112.0,1.0,7191.45,sh000905
2022-01-11 00:00:00,7187.02,7135.22,7206.92,7118.84,169494564.0,179645358080.0,1.22,7135.22,sh000905
2022-01-12 00:00:00,7160.18,7196.93,7196.93,7148.63,156051484.0,170334289920.0,0.68,7196.93,sh000905
2022-01-13 00:00:00,7203.24,7097.76,7203.24,7096.33,169148969.0,174599012352.0,1.49,7097.76,sh000905
2022-01-14 00:00:00,7063.42,7081.14,7125.09,7052.63,175591199.0,181513953280.0,1.02,7081.14,sh000905
2022-01-17 00:00:00,7080.62,7157.86,7169.34,7078.66,161779720.0,183490793472.0,1.28,7157.86,sh000905
2022-01-18 00:00:00,7163.13,7163.16,7191.0,7133.2,179235392.0,195000213504.0,0.81,7163.16,sh000905
2022-01-19 00:00:00,7144.48,7118.76,7182.06,7078.36,163178368.0,174675275776.0,1.45,7118.76,sh000905
2022-01-20 00:00:00,7119.51,7056.79,7135.78,7040.01,168666281.0,172753203200.0,1.35,7056.79,sh000905
2022-01-21 00:00:00,7037.94,6976.62,7040.43,6965.33,144679790.0,158204018688.0,1.06,6976.62,sh000905
2022-01-24 00:00:00,6942.92,6979.25,7006.7,6925.77,122679565.0,135920721920.0,1.16,6979.25,sh000905
2022-01-25 00:00:00,6960.0,6743.96,6979.48,6743.96,150337244.0,154265493504.0,3.37,6743.96,sh000905
2022-01-26 00:00:00,6762.35,6782.58,6799.81,6721.9,120615311.0,130234703872.0,1.16,6782.58,sh000905
2022-01-27 00:00:00,6781.61,6605.92,6785.73,6605.92,125243756.0,132244729856.0,2.65,6605.92,sh000905
2022-01-28 00:00:00,6690.18,6580.53,6690.18,6510.18,127088819.0,130258014208.0,2.72,6580.53,sh000905
2022-02-07 00:00:00,6664.57,6676.61,6702.33,6656.13,145092618.0,138641530880.0,0.7,6676.61,sh000905
2022-02-08 00:00:00,6678.99,6742.19,6742.4,6599.37,159598574.0,145458655232.0,2.14,6742.19,sh000905
2022-02-09 00:00:00,6736.75,6843.03,6848.69,6725.8,162822720.0,155362516992.0,1.82,6843.03,sh000905
2022-02-10 00:00:00,6841.16,6840.49,6864.69,6797.01,154916564.0,147064848384.0,0.99,6840.49,sh000905
2022-02-11 00:00:00,6811.78,6745.02,6840.72,6735.89,159801354.0,156700184576.0,1.53,6745.02,sh000905
2022-02-14 00:00:00,6711.59,6695.7,6765.52,6667.49,137082460.0,132192014336.0,1.45,6695.7,sh000905
2022-02-15 00:00:00,6700.82,6760.28,6762.86,6686.95,112805760.0,121268404224.0,1.13,6760.28,sh000905
2022-02-16 00:00:00,6779.21,6772.03,6788.36,6751.8,108414003.0,114685136896.0,0.54,6772.03,sh000905
2022-02-17 00:00:00,6764.33,6768.79,6797.62,6730.18,122985088.0,130706759680.0,1.0,6768.79,sh000905
2022-02-18 00:00:00,6734.52,6835.02,6835.2,6727.82,139952637.0,134406668288.0,1.59,6835.02,sh000905
2022-02-21 00:00:00,6843.08,6867.11,6871.99,6822.88,145146314.0,150072397824.0,0.72,6867.11,sh000905
2022-02-22 00:00:00,6827.05,6784.76,6827.05,6743.85,148609915.0,152906260480.0,1.21,6784.76,sh000905
2022-02-23 00:00:00,6785.1,6887.42,6889.7,6785.1,144116621.0,159413006336.0,1.54,6887.42,sh000905
2022-02-24 00:00:00,6861.41,6764.88,6898.41,6688.75,210849756.0,218057097216.0,3.04,6764.88,sh000905
2022-02-25 00:00:00,6805.64,6819.43,6895.04,6801.33,156429138.0,164105580544.0,1.39,6819.43,sh000905
2022-02-28 00:00:00,6831.49,6853.31,6853.34,6770.05,139601388.0,148585345024.0,1.22,6853.31,sh000905
2022-03-01 00:00:00,6868.62,6874.04,6889.33,6837.25,137717217.0,147535306752.0,0.76,6874.04,sh000905
2022-03-02 00:00:00,6853.07,6875.24,6878.35,6828.06,137114977.0,140871323648.0,0.73,6875.24,sh000905
2022-03-03 00:00:00,6900.98,6859.55,6907.41,6843.99,189091781.0,173516746752.0,0.92,6859.55,sh000905
2022-03-04 00:00:00,6823.83,6803.83,6871.09,6779.41,177411881.0,165852585984.0,1.34,6803.83,sh000905
2022-03-07 00:00:00,6800.77,6659.39,6800.82,6628.48,166484595.0,164636762112.0,2.53,6659.39,sh000905
2022-03-08 00:00:00,6650.58,6429.89,6665.95,6416.8,186296079.0,184444203008.0,3.74,6429.89,sh000905
2022-03-09 00:00:00,6443.2,6305.61,6462.48,6066.76,197802739.0,188335591424.0,6.15,6305.61,sh000905
2022-03-10 00:00:00,6424.91,6414.94,6475.14,6390.73,153152356.0,158971826176.0,1.34,6414.94,sh000905
2022-03-11 00:00:00,6343.19,6474.13,6479.72,6270.02,152114504.0,158771249152.0,3.27,6474.13,sh000905
2022-03-14 00:00:00,6419.24,6323.58,6490.61,6323.58,137954004.0,153706455040.0,2.58,6323.58,sh000905
2022-03-15 00:00:00,6272.44,5964.98,6278.07,5964.98,194713746.0,184102449152.0,4.95,5964.98,sh000905
2022-03-16 00:00:00,6068.9,6156.27,6173.79,5824.33,178826847.0,178613444608.0,5.86,6156.27,sh000905
2022-03-17 00:00:00,6233.64,6267.52,6369.89,6225.98,170438541.0,184845066240.0,2.34,6267.52,sh000905
2022-03-18 00:00:00,6249.48,6332.22,6338.22,6231.73,152620214.0,153302421504.0,1.7,6332.22,sh000905
2022-03-21 00:00:00,6340.56,6358.94,6389.21,6284.85,159653724.0,161774096384.0,1.65,6358.94,sh000905
2022-03-22 00:00:00,6343.4,6358.11,6404.83,6313.27,151107873.0,145705385984.0,1.44,6358.11,sh000905
2022-03-23 00:00:00,6368.31,6398.1,6420.16,6353.34,143179359.0,141684924416.0,1.05,6398.1,sh000905
2022-03-24 00:00:00,6370.97,6344.12,6384.4,6315.14,137749087.0,139175993344.0,1.08,6344.12,sh000905
2022-03-25 00:00:00,6346.71,6268.24,6373.47,6268.24,134972257.0,135181836288.0,1.66,6268.24,sh000905
2022-03-28 00:00:00,6230.12,6283.28,6322.13,6176.25,144857887.0,136991735808.0,2.33,6283.28,sh000905
2022-03-29 00:00:00,6289.48,6253.07,6316.31,6233.28,141362125.0,140401393664.0,1.32,6253.07,sh000905
2022-03-30 00:00:00,6272.0,6377.87,6377.87,6261.8,164014574.0,155600797696.0,1.86,6377.87,sh000905
2022-03-31 00:00:00,6361.1,6324.96,6383.07,6313.97,176903949.0,167072821248.0,1.08,6324.96,sh000905
2022-04-01 00:00:00,6289.39,6364.52,6373.26,6274.0,175128596.0,154551713792.0,1.57,6364.52,sh000905
2022-04-06 00:00:00,6363.0,6356.93,6363.0,6279.07,196853583.0,169525010432.0,1.32,6356.93,sh000905
2022-04-07 00:00:00,6321.81,6221.59,6364.63,6221.59,190762191.0,163735810048.0,2.25,6221.59,sh000905
2022-04-08 00:00:00,6227.2,6224.12,6237.91,6117.01,183954893.0,159245295616.0,1.94,6224.12,sh000905
2022-04-11 00:00:00,6202.02,6029.89,6202.02,6001.57,178384812.0,162201440256.0,3.22,6029.89,sh000905
2022-04-12 00:00:00,6019.67,6126.91,6135.57,5964.39,173180188.0,151432384512.0,2.84,6126.91,sh000905
2022-04-13 00:00:00,6094.68,6044.33,6129.66,6039.92,167043059.0,147270111232.0,1.46,6044.33,sh000905
2022-04-14 00:00:00,6074.13,6126.49,6156.5,6060.68,159033106.0,147089465344.0,1.59,6126.49,sh000905
2022-04-15 00:00:00,6094.12,6070.75,6122.29,6048.16,184627000.0,162170122240.0,1.21,6070.75,sh000905
2022-04-18 00:00:00,6019.53,6074.01,6094.67,5975.45,149186381.0,131553628160.0,1.96,6074.01,sh000905
2022-04-19 00:00:00,6067.48,6092.4,6106.93,6052.1,141997535.0,129227431936.0,0.9,6092.4,sh000905
2022-04-20 00:00:00,6082.81,5956.92,6093.78,5942.0,151055603.0,134720864256.0,2.49,5956.92,sh000905
2022-04-21 00:00:00,5933.79,5759.8,5971.19,5742.42,157854505.0,135625764864.0,3.84,5759.8,sh000905
2022-04-22 00:00:00,5728.19,5740.98,5794.34,5667.34,139997599.0,120243691520.0,2.2,5740.98,sh000905
2022-04-25 00:00:00,5656.39,5369.72,5656.39,5369.72,186753480.0,150663974912.0,4.99,5369.72,sh000905
2022-04-26 00:00:00,5374.25,5234.01,5434.7,5225.21,171299433.0,139143827456.0,3.9,5234.01,sh000905
2022-04-27 00:00:00,5179.03,5437.04,5440.07,5158.48,179693384.0,148165595136.0,5.38,5437.04,sh000905
2022-04-28 00:00:00,5398.9,5418.76,5472.82,5339.61,155039772.0,133023981568.0,2.45,5418.76,sh000905
2022-04-29 00:00:00,5458.91,5627.9,5630.93,5443.67,181289513.0,157723205632.0,3.46,5627.9,sh000905
2022-05-05 00:00:00,5612.5,5686.7,5728.62,5606.94,168643208.0,153614016512.0,2.16,5686.7,sh000905
2022-05-06 00:00:00,5560.98,5563.77,5629.65,5542.18,152993341.0,128084918272.0,1.54,5563.77,sh000905
2022-05-09 00:00:00,5552.48,5608.52,5626.59,5537.98,131553930.0,114555068416.0,1.59,5608.52,sh000905
2022-05-10 00:00:00,5532.6,5690.09,5698.51,5519.47,165329613.0,141136838656.0,3.19,5690.09,sh000905
2022-05-11 00:00:00,5697.43,5737.82,5856.19,5696.7,185163628.0,172855136256.0,2.8,5737.82,sh000905
2022-05-12 00:00:00,5707.56,5743.1,5779.32,5687.18,139216169.0,125952897024.0,1.61,5743.1,sh000905
2022-05-13 00:00:00,5765.32,5796.8,5796.8,5731.86,136559775.0,116785287168.0,1.13,5796.8,sh000905
2022-05-16 00:00:00,5840.24,5791.08,5855.72,5767.54,151387274.0,132450885632.0,1.52,5791.08,sh000905
2022-05-17 00:00:00,5789.92,5816.34,5816.34,5724.44,130829391.0,119260446720.0,1.59,5816.34,sh000905
2022-05-18 00:00:00,5815.61,5797.49,5846.84,5785.45,127243845.0,114319974400.0,1.06,5797.49,sh000905
2022-05-19 00:00:00,5708.8,5838.41,5838.41,5700.11,136623739.0,122730053632.0,2.39,5838.41,sh000905
2022-05-20 00:00:00,5854.01,5929.49,5929.54,5849.76,165727329.0,151890808832.0,1.37,5929.49,sh000905
2022-05-23 00:00:00,5941.14,5965.73,5968.85,5908.66,153876017.0,143376162816.0,1.02,5965.73,sh000905
2022-05-24 00:00:00,5962.15,5745.68,5967.23,5745.68,177540833.0,161859190784.0,3.71,5745.68,sh000905
2022-05-25 00:00:00,5741.23,5844.25,5844.28,5736.14,143590636.0,126687498240.0,1.88,5844.25,sh000905
2022-05-26 00:00:00,5848.03,5911.56,5928.71,5780.97,162350362.0,142667051008.0,2.53,5911.56,sh000905
2022-05-27 00:00:00,5921.33,5899.92,5952.62,5854.61,143406863.0,128502607872.0,1.66,5899.92,sh000905
2022-05-30 00:00:00,5918.24,5942.83,5943.0,5867.19,133852646.0,124183592960.0,1.28,5942.83,sh000905
2022-05-31 00:00:00,5940.37,6026.24,6033.47,5902.28,155944919.0,147825250304.0,2.21,6026.24,sh000905
2022-06-01 00:00:00,6008.75,6023.64,6042.37,5970.49,155365773.0,143127244800.0,1.19,6023.64,sh000905
2022-06-02 00:00:00,6000.62,6078.43,6084.32,5987.64,159571676.0,150036299776.0,1.61,6078.43,sh000905
2022-06-06 00:00:00,6079.89,6187.44,6194.43,6070.71,182679964.0,180119371776.0,2.04,6187.44,sh000905
2022-06-07 00:00:00,6186.58,6186.57,6199.72,6136.04,177311718.0,169115475968.0,1.03,6186.57,sh000905
2022-06-08 00:00:00,6184.96,6217.83,6227.33,6110.06,186428864.0,176670593024.0,1.9,6217.83,sh000905
2022-06-09 00:00:00,6207.73,6130.69,6209.11,6088.46,172129774.0,160399015936.0,1.94,6130.69,sh000905
2022-06-10 00:00:00,6083.5,6240.1,6250.36,6078.78,192541340.0,178686545920.0,2.8,6240.1,sh000905
2022-06-13 00:00:00,6188.77,6233.62,6250.68,6172.91,188132398.0,197652385792.0,1.25,6233.62,sh000905
2022-06-14 00:00:00,6161.62,6275.57,6278.97,6061.19,197403164.0,196166209536.0,3.49,6275.57,sh000905
2022-06-15 00:00:00,6275.37,6261.06,6398.36,6261.04,238140764.0,231704739840.0,2.19,6261.06,sh000905
2022-06-16 00:00:00,6262.29,6264.82,6330.35,6242.33,194615084.0,200890494976.0,1.41,6264.82,sh000905
2022-06-17 00:00:00,6220.58,6316.31,6328.36,6181.85,167859128.0,188555333632.0,2.34,6316.31,sh000905
2022-06-20 00:00:00,6323.41,6330.39,6359.0,6277.22,175207145.0,202463105024.0,1.29,6330.39,sh000905
2022-06-21 00:00:00,6324.84,6277.0,6337.08,6215.29,164461629.0,178813382656.0,1.92,6277.0,sh000905
2022-06-22 00:00:00,6281.87,6179.57,6285.65,6176.85,154094318.0,164240855040.0,1.73,6179.57,sh000905
2022-06-23 00:00:00,6186.99,6300.47,6300.47,6142.94,168266043.0,179525607424.0,2.55,6300.47,sh000905
2022-06-24 00:00:00,6306.83,6368.28,6378.5,6304.08,157712704.0,181995577344.0,1.18,6368.28,sh000905
2022-06-27 00:00:00,6398.36,6407.74,6449.34,6390.28,168918190.0,201652932608.0,0.93,6407.74,sh000905
2022-06-28 00:00:00,6412.44,6501.35,6506.67,6392.11,170582712.0,196479373312.0,1.79,6501.35,sh000905
2022-06-29 00:00:00,6479.17,6374.3,6501.39,6370.02,190728307.0,215976296448.0,2.02,6374.3,sh000905
2022-06-30 00:00:00,6385.21,6454.08,6493.09,6385.21,163846776.0,193598971904.0,1.69,6454.08,sh000905
2022-07-01 00:00:00,6450.75,6438.54,6481.15,6423.86,144204644.0,172657741824.0,0.89,6438.54,sh000905
2022-07-04 00:00:00,6445.07,6523.13,6524.3,6405.38,157819968.0,193784451072.0,1.85,6523.13,sh000905
2022-07-05 00:00:00,6535.45,6511.53,6548.3,6435.74,186625469.0,206724927488.0,1.73,6511.53,sh000905
2022-07-06 00:00:00,6489.02,6418.55,6496.97,6359.47,177104502.0,188283101184.0,2.11,6418.55,sh000905
2022-07-07 00:00:00,6414.41,6452.99,6482.42,6380.17,157351122.0,176906223616.0,1.59,6452.99,sh000905
2022-07-08 00:00:00,6478.29,6404.44,6490.15,6404.16,150986698.0,171162738688.0,1.33,6404.44,sh000905
2022-07-11 00:00:00,6387.45,6319.14,6387.45,6274.74,151993667.0,169420488704.0,1.76,6319.14,sh000905
2022-07-12 00:00:00,6317.88,6241.48,6346.51,6238.56,144513092.0,162745221371.3,1.71,6241.48,sh000905
2022-07-13 00:00:00,6238.68,6268.49,6287.64,6207.72,142710723.0,148941203951.1,1.28,6268.49,sh000905
2022-07-14 00:00:00,6267.47,6302.43,6339.42,6254.68,140354050.0,156034965327.2,1.35,6302.43,sh000905
2022-07-15 00:00:00,6279.68,6196.8,6323.53,6196.8,158386828.0,169165272836.9,2.01,6196.8,sh000905
2022-07-18 00:00:00,6216.1,6312.36,6315.66,6200.52,159144624.0,163899480504.9,1.86,6312.36,sh000905
2022-07-19 00:00:00,6318.84,6335.71,6347.24,6283.4,146384780.0,163012682490.6,1.01,6335.71,sh000905
2022-07-20 00:00:00,6353.0,6410.71,6416.87,6351.82,142932573.0,157782312749.0,1.03,6410.71,sh000905
2022-07-21 00:00:00,6400.07,6347.6,6408.46,6347.6,148210184.0,163172754178.8,0.95,6347.6,sh000905
2022-07-22 00:00:00,6353.92,6289.53,6371.32,6236.34,130620669.0,143788393867.5,2.13,6289.53,sh000905
2022-07-25 00:00:00,6297.1,6231.24,6319.18,6213.47,129458029.0,139714096679.5,1.68,6231.24,sh000905
2022-07-26 00:00:00,6239.21,6307.96,6319.25,6213.84,117276541.0,129165891647.9,1.69,6307.96,sh000905
2022-07-27 00:00:00,6301.61,6332.23,6344.21,6286.35,120435127.0,133249678638.3,0.92,6332.23,sh000905
2022-07-28 00:00:00,6361.27,6348.17,6393.73,6339.55,138473429.0,152662265342.6,0.86,6348.17,sh000905
2022-07-29 00:00:00,6356.52,6294.11,6365.26,6285.72,137925792.0,152961332812.8,1.25,6294.11,sh000905
2022-08-01 00:00:00,6293.38,6347.22,6350.04,6253.06,128679012.0,151348904696.9,1.54,6347.22,sh000905
2022-08-02 00:00:00,6288.61,6170.0,6288.61,6095.06,182902539.0,192873382570.5,3.05,6170.0,sh000905
2022-08-03 00:00:00,6171.62,6124.31,6261.91,6111.22,147213409.0,175544841793.6,2.44,6124.31,sh000905
2022-08-04 00:00:00,6160.49,6158.73,6177.62,6080.1,113646381.0,137805652801.6,1.59,6158.73,sh000905
2022-08-05 00:00:00,6175.48,6270.51,6274.27,6163.51,124284448.0,150450721916.0,1.8,6270.51,sh000905
2022-08-08 00:00:00,6266.57,6323.07,6324.34,6249.62,116132934.0,149909676464.1,1.19,6323.07,sh000905
2022-08-09 00:00:00,6314.1,6341.48,6344.84,6290.87,116966653.0,148682025631.8,0.85,6341.48,sh000905
2022-08-10 00:00:00,6331.41,6322.06,6362.29,6298.86,118899928.0,153411737859.6,1.0,6322.06,sh000905
2022-08-11 00:00:00,6349.5,6439.36,6439.36,6341.72,142038284.0,168399100707.5,1.54,6439.36,sh000905
2022-08-12 00:00:00,6425.11,6420.85,6463.07,6416.29,140399917.0,158383471763.4,0.73,6420.85,sh000905
2022-08-15 00:00:00,6405.72,6442.81,6462.54,6394.22,133627482.0,151481917268.3,1.06,6442.81,sh000905
2022-08-16 00:00:00,6446.76,6465.19,6492.54,6440.38,135841495.0,150950901281.8,0.81,6465.19,sh000905
2022-08-17 00:00:00,6473.25,6493.5,6501.36,6428.97,146220319.0,165336992378.1,1.12,6493.5,sh000905
2022-08-18 00:00:00,6481.37,6468.81,6483.69,6448.75,130451759.0,151581053114.9,0.54,6468.81,sh000905
2022-08-19 00:00:00,6468.82,6391.72,6477.31,6390.93,142590851.0,161777617603.6,1.34,6391.72,sh000905
2022-08-22 00:00:00,6381.34,6472.68,6472.79,6363.22,133735500.0,155429477947.4,1.71,6472.68,sh000905
2022-08-23 00:00:00,6460.17,6466.4,6475.82,6436.08,133676377.0,152812386392.9,0.61,6466.4,sh000905
2022-08-24 00:00:00,6470.69,6284.58,6472.68,6277.99,158103872.0,171922926765.6,3.01,6284.58,sh000905
2022-08-25 00:00:00,6303.14,6322.7,6327.09,6225.68,141946367.0,152348524289.3,1.61,6322.7,sh000905
2022-08-26 00:00:00,6331.08,6298.37,6381.48,6286.52,130405837.0,145604215469.3,1.5,6298.37,sh000905
2022-08-29 00:00:00,6213.4,6310.4,6310.99,6205.13,125268849.0,132966408290.4,1.68,6310.4,sh000905
2022-08-30 00:00:00,6309.58,6285.93,6319.17,6248.14,132109200.0,136583215311.8,1.13,6285.93,sh000905
2022-08-31 00:00:00,6265.59,6155.75,6280.19,6132.23,147275408.0,153776542736.6,2.35,6155.75,sh000905
2022-09-01 00:00:00,6153.29,6126.77,6207.24,6118.58,118575054.0,124670857677.4,1.44,6126.77,sh000905
2022-09-02 00:00:00,6135.3,6149.43,6176.17,6117.73,106564384.0,114216217368.2,0.95,6149.43,sh000905
2022-09-05 00:00:00,6147.71,6182.65,6184.8,6122.62,117479244.0,119757999919.0,1.01,6182.65,sh000905
2022-09-06 00:00:00,6198.49,6291.57,6292.53,6187.95,129846040.0,135891977558.3,1.69,6291.57,sh000905
2022-09-07 00:00:00,6269.99,6301.56,6314.12,6256.61,120160292.0,130718396246.6,0.91,6301.56,sh000905
2022-09-08 00:00:00,6299.91,6272.58,6309.9,6266.52,116164269.0,120970235492.1,0.69,6272.58,sh000905
2022-09-09 00:00:00,6275.9,6316.97,6321.82,6254.26,121389228.0,124658337639.2,1.08,6316.97,sh000905
2022-09-13 00:00:00,6334.86,6300.42,6343.77,6291.44,118106314.0,123861798297.2,0.83,6300.42,sh000905
2022-09-14 00:00:00,6214.91,6249.96,6273.63,6206.92,109121160.0,114644793268.9,1.06,6249.96,sh000905
2022-09-15 00:00:00,6280.45,6107.8,6282.69,6053.8,141643500.0,148202355024.8,3.66,6107.8,sh000905
2022-09-16 00:00:00,6091.42,5954.5,6102.54,5954.5,137172115.0,131508079987.8,2.42,5954.5,sh000905
2022-09-19 00:00:00,5947.86,5913.15,5967.65,5880.49,104025412.0,104609796776.0,1.46,5913.15,sh000905
2022-09-20 00:00:00,5949.34,5958.29,6002.79,5940.58,88813000.0,96795084956.1,1.05,5958.29,sh000905
2022-09-21 00:00:00,5943.09,5978.58,5998.7,5876.52,103463644.0,100001264102.8,2.05,5978.58,sh000905
2022-09-22 00:00:00,5938.1,5965.89,6015.12,5931.73,99867602.0,102285806654.7,1.39,5965.89,sh000905
2022-09-23 00:00:00,5961.06,5889.6,5986.82,5839.93,100609437.0,104706616405.3,2.46,5889.6,sh000905
2022-09-26 00:00:00,5841.58,5806.32,5922.32,5798.28,103244360.0,102568347040.7,2.11,5806.32,sh000905
2022-09-27 00:00:00,5823.55,5920.05,5920.05,5808.25,97418022.0,103953587047.6,1.93,5920.05,sh000905
2022-09-28 00:00:00,5910.05,5769.52,5910.05,5769.52,93694853.0,99052683111.1,2.37,5769.52,sh000905
2022-09-29 00:00:00,5823.27,5771.88,5856.16,5741.02,95385798.0,97557854862.3,2.0,5771.88,sh000905
2022-09-30 00:00:00,5764.15,5714.06,5804.2,5714.06,85545168.0,87143078864.7,1.56,5714.06,sh000905
2022-10-10 00:00:00,5729.75,5635.71,5758.04,5618.8,97469345.0,97320936443.0,2.44,5635.71,sh000905
2022-10-11 00:00:00,5642.48,5684.51,5703.27,5606.99,86571469.0,88733098158.6,1.71,5684.51,sh000905
2022-10-12 00:00:00,5680.36,5820.45,5820.45,5594.3,106101757.0,110816368258.8,3.98,5820.45,sh000905
2022-10-13 00:00:00,5789.66,5830.34,5876.48,5780.18,105722268.0,114922152769.8,1.65,5830.34,sh000905
2022-10-14 00:00:00,5866.86,5973.44,5996.04,5866.86,118212245.0,138463009285.8,2.22,5973.44,sh000905
2022-10-17 00:00:00,5952.38,6015.6,6023.53,5945.43,111461869.0,127160232940.9,1.31,6015.6,sh000905
2022-10-18 00:00:00,6031.05,6035.67,6074.37,5996.39,105750195.0,127130541930.8,1.3,6035.67,sh000905
2022-10-19 00:00:00,6021.8,5972.72,6037.44,5970.44,93881065.0,112290658653.1,1.11,5972.72,sh000905
2022-10-20 00:00:00,5943.48,5948.86,6035.55,5886.4,103388245.0,121766931023.7,2.5,5948.86,sh000905
2022-10-21 00:00:00,5959.21,5956.88,5993.88,5928.92,96826295.0,112261082744.7,1.09,5956.88,sh000905
2022-10-24 00:00:00,5968.54,5896.9,6061.21,5857.86,119501081.0,137328967809.0,3.41,5896.9,sh000905
2022-10-25 00:00:00,5864.02,5869.78,5926.57,5785.41,107045854.0,123655965044.2,2.39,5869.78,sh000905
2022-10-26 00:00:00,5871.08,5971.6,6016.92,5871.08,116530079.0,143742557269.8,2.48,5971.6,sh000905
2022-10-27 00:00:00,5978.28,5963.0,6020.89,5962.97,117088219.0,147969762402.1,0.97,5963.0,sh000905
2022-10-28 00:00:00,5922.82,5781.8,5934.8,5760.05,131676332.0,147373418224.4,2.93,5781.8,sh000905
2022-10-31 00:00:00,5745.08,5807.11,5859.6,5743.56,127016064.0,150059218566.0,2.01,5807.11,sh000905
2022-11-01 00:00:00,5814.21,5941.15,5942.14,5786.87,136616776.0,165176134816.8,2.67,5941.15,sh000905
2022-11-02 00:00:00,5925.65,5997.8,6028.77,5916.06,142330286.0,183166205234.3,1.9,5997.8,sh000905
2022-11-03 00:00:00,5944.51,5996.72,6018.42,5937.61,106386906.0,145162731659.8,1.35,5996.72,sh000905
2022-11-04 00:00:00,5996.31,6133.46,6157.43,5996.31,138707111.0,174457116038.9,2.69,6133.46,sh000905
2022-11-07 00:00:00,6133.24,6141.41,6166.19,6100.61,138092409.0,167294752766.8,1.07,6141.41,sh000905
2022-11-08 00:00:00,6139.89,6134.26,6141.02,6095.44,108267531.0,134372666241.4,0.74,6134.26,sh000905
2022-11-09 00:00:00,6140.54,6120.83,6182.34,6118.73,104762250.0,127037472145.0,1.04,6120.83,sh000905
2022-11-10 00:00:00,6085.28,6089.7,6119.03,6061.81,116401928.0,129142711483.4,0.93,6089.7,sh000905
2022-11-11 00:00:00,6223.23,6138.62,6249.35,6134.68,176492121.0,198177118398.1,1.88,6138.62,sh000905
2022-11-14 00:00:00,6140.19,6129.51,6189.38,6104.93,159486725.0,174064714506.7,1.38,6129.51,sh000905
2022-11-15 00:00:00,6125.11,6236.38,6236.38,6112.62,149860965.0,171481798607.2,2.02,6236.38,sh000905
2022-11-16 00:00:00,6238.58,6203.92,6263.16,6190.01,129770376.0,151854939979.7,1.17,6203.92,sh000905
2022-11-17 00:00:00,6182.69,6217.21,6217.21,6148.61,123430196.0,152683752658.2,1.11,6217.21,sh000905
2022-11-18 00:00:00,6213.09,6191.65,6251.11,6181.55,131181093.0,164591218427.4,1.12,6191.65,sh000905
2022-11-21 00:00:00,6147.72,6189.71,6196.65,6116.3,112854387.0,141789496020.9,1.3,6189.71,sh000905
2022-11-22 00:00:00,6178.16,6125.4,6196.2,6100.11,116086024.0,137587008255.8,1.55,6125.4,sh000905
2022-11-23 00:00:00,6114.27,6115.6,6140.11,6045.02,115193517.0,128686794201.7,1.55,6115.6,sh000905
2022-11-24 00:00:00,6126.6,6120.07,6149.96,6099.75,100200699.0,117480438950.3,0.82,6120.07,sh000905
2022-11-25 00:00:00,6095.13,6087.86,6107.07,6062.0,107742345.0,110059809752.5,0.74,6087.86,sh000905
2022-11-28 00:00:00,5999.85,6055.28,6059.02,5970.09,117940107.0,125697913892.5,1.46,6055.28,sh000905
2022-11-29 00:00:00,6071.45,6163.82,6173.85,6071.22,155324471.0,159512108828.4,1.69,6163.82,sh000905
2022-11-30 00:00:00,6156.77,6156.15,6175.68,6118.9,154647972.0,153125576728.1,0.92,6156.15,sh000905
2022-12-01 00:00:00,6211.29,6186.1,6229.83,6186.1,152523325.0,171479199866.6,0.71,6186.1,sh000905
2022-12-02 00:00:00,6177.92,6168.01,6206.99,6154.21,115500975.0,133339764575.1,0.85,6168.01,sh000905
2022-12-05 00:00:00,6201.98,6215.12,6227.21,6182.98,170477211.0,177698737275.3,0.72,6215.12,sh000905
2022-12-06 00:00:00,6202.52,6211.25,6244.64,6185.49,149372815.0,164215807003.7,0.95,6211.25,sh000905
2022-12-07 00:00:00,6198.05,6204.01,6243.9,6183.33,137821246.0,155238837726.6,0.98,6204.01,sh000905
2022-12-08 00:00:00,6199.16,6186.28,6206.14,6168.78,131051325.0,149348401389.7,0.6,6186.28,sh000905
2022-12-09 00:00:00,6185.79,6192.3,6213.52,6159.5,167806825.0,180239306547.1,0.87,6192.3,sh000905
2022-12-12 00:00:00,6181.24,6154.81,6182.08,6146.25,134098310.0,162420257195.9,0.58,6154.81,sh000905
2022-12-13 00:00:00,6153.74,6121.66,6154.3,6113.41,104857515.0,131515610802.4,0.66,6121.66,sh000905
2022-12-14 00:00:00,6122.43,6096.39,6139.74,6084.08,95089916.0,125346101098.7,0.91,6096.39,sh000905
2022-12-15 00:00:00,6090.12,6101.88,6108.96,6078.0,88190454.0,113088367630.4,0.51,6101.88,sh000905
2022-12-16 00:00:00,6071.96,6072.86,6087.46,6036.05,93910672.0,113412125964.0,0.84,6072.86,sh000905
2022-12-19 00:00:00,6058.89,5936.48,6081.44,5911.88,105106201.0,121083184766.5,2.79,5936.48,sh000905
2022-12-20 00:00:00,5919.03,5878.03,5920.99,5857.86,78623273.0,96369670928.2,1.06,5878.03,sh000905
2022-12-21 00:00:00,5879.27,5845.84,5892.91,5819.67,69783431.0,85257777709.1,1.25,5845.84,sh000905
2022-12-22 00:00:00,5867.72,5779.06,5875.47,5761.98,82231873.0,97446795232.4,1.94,5779.06,sh000905
2022-12-23 00:00:00,5751.95,5763.35,5805.51,5732.47,66556865.0,81911192697.9,1.26,5763.35,sh000905
2022-12-26 00:00:00,5769.07,5843.26,5850.91,5769.07,75424133.0,93646097254.9,1.42,5843.26,sh000905
2022-12-27 00:00:00,5857.75,5885.66,5891.35,5832.27,81780423.0,101272091294.0,1.01,5885.66,sh000905
2022-12-28 00:00:00,5869.46,5862.1,5889.32,5848.24,90098898.0,102679233203.2,0.7,5862.1,sh000905
2022-12-29 00:00:00,5843.94,5857.4,5895.98,5835.33,79510794.0,94429698666.4,1.03,5857.4,sh000905
2022-12-30 00:00:00,5875.28,5864.47,5885.89,5848.95,75345032.0,86117939625.6,0.63,5864.47,sh000905
2023-01-03 00:00:00,5861.55,5955.9,5964.82,5848.15,99557837.0,119271237764.2,1.99,5955.9,sh000905
2023-01-04 00:00:00,5952.51,5952.45,5970.58,5922.86,97160441.0,114358731440.4,0.8,5952.45,sh000905
2023-01-05 00:00:00,5959.44,6010.46,6017.34,5950.09,96629979.0,117479981150.9,1.13,6010.46,sh000905
2023-01-06 00:00:00,6004.17,6012.82,6050.89,5998.83,99244877.0,121596399779.3,0.87,6012.82,sh000905
2023-01-09 00:00:00,6028.4,6040.02,6070.16,6023.64,100696829.0,124921325580.9,0.77,6040.02,sh000905
2023-01-10 00:00:00,6044.64,6048.3,6053.58,6017.15,96393351.0,113967056402.2,0.6,6048.3,sh000905
2023-01-11 00:00:00,6049.04,6014.16,6070.45,6004.22,94406389.0,112879598037.5,1.1,6014.16,sh000905
2023-01-12 00:00:00,6022.56,6015.29,6048.19,5995.91,92900124.0,104902996993.9,0.87,6015.29,sh000905
2023-01-13 00:00:00,6030.93,6057.69,6058.22,6015.22,90025020.0,102449872563.5,0.71,6057.69,sh000905
2023-01-16 00:00:00,6068.91,6126.18,6168.74,6068.14,129619730.0,146526749755.3,1.66,6126.18,sh000905
2023-01-17 00:00:00,6129.73,6132.64,6138.17,6107.76,95921699.0,109180206701.1,0.5,6132.64,sh000905
2023-01-18 00:00:00,6139.69,6151.46,6168.37,6136.97,94555836.0,103052545401.6,0.51,6151.46,sh000905
2023-01-19 00:00:00,6145.62,6204.33,6204.33,6130.42,99777793.0,114472416014.4,1.2,6204.33,sh000905
2023-01-20 00:00:00,6214.03,6251.43,6253.27,6214.03,113904542.0,128362190660.4,0.63,6251.43,sh000905
2023-01-30 00:00:00,6331.88,6283.33,6342.45,6279.45,146517920.0,173697713880.0,1.01,6283.33,sh000905
2023-01-31 00:00:00,6266.3,6289.15,6303.91,6259.53,135302093.0,146630404005.4,0.71,6289.15,sh000905
2023-02-01 00:00:00,6300.5,6365.91,6368.79,6293.49,152442220.0,166449081743.9,1.2,6365.91,sh000905
2023-02-02 00:00:00,6383.3,6370.14,6402.26,6347.73,149292811.0,166213113911.5,0.86,6370.14,sh000905
2023-02-03 00:00:00,6354.71,6343.69,6354.71,6267.44,121507182.0,138714379584.2,1.37,6343.69,sh000905
2023-02-06 00:00:00,6314.6,6302.33,6330.79,6274.54,108485308.0,127652063425.2,0.89,6302.33,sh000905
2023-02-07 00:00:00,6309.22,6317.24,6318.84,6273.6,109662683.0,125078065034.8,0.72,6317.24,sh000905
2023-02-08 00:00:00,6319.52,6268.28,6323.85,6263.76,105994895.0,116986269907.4,0.95,6268.28,sh000905
2023-02-09 00:00:00,6256.31,6354.56,6354.8,6250.45,109031119.0,129044254163.8,1.66,6354.56,sh000905
2023-02-10 00:00:00,6349.0,6334.25,6368.49,6296.55,120100829.0,134994907399.5,1.13,6334.25,sh000905
2023-02-13 00:00:00,6333.22,6383.83,6386.72,6331.37,131566227.0,151374560994.8,0.87,6383.83,sh000905
2023-02-14 00:00:00,6394.62,6397.21,6408.55,6369.57,124674389.0,143967118961.2,0.61,6397.21,sh000905
2023-02-15 00:00:00,6398.87,6384.35,6407.75,6365.31,115907022.0,143472324421.4,0.66,6384.35,sh000905
2023-02-16 00:00:00,6384.21,6289.48,6429.05,6244.48,168388416.0,190791364474.4,2.89,6289.48,sh000905
2023-02-17 00:00:00,6284.92,6237.41,6308.57,6237.41,117210985.0,143422448167.7,1.13,6237.41,sh000905
2023-02-20 00:00:00,6248.26,6346.07,6349.41,6227.35,140334075.0,157289265128.8,1.96,6346.07,sh000905
2023-02-21 00:00:00,6349.91,6383.42,6396.74,6337.6,141824714.0,153705795821.1,0.93,6383.42,sh000905
2023-02-22 00:00:00,6352.03,6375.07,6397.15,6344.99,109083029.0,128341320025.0,0.82,6375.07,sh000905
2023-02-23 00:00:00,6377.29,6360.32,6396.66,6328.64,116064654.0,135992246881.1,1.07,6360.32,sh000905
2023-02-24 00:00:00,6367.63,6340.84,6372.49,6308.22,96957281.0,119877925583.4,1.01,6340.84,sh000905
2023-02-27 00:00:00,6318.64,6307.21,6349.09,6288.3,101082738.0,124887490151.6,0.96,6307.21,sh000905
2023-02-28 00:00:00,6323.84,6357.54,6357.54,6293.18,96603163.0,119094834715.1,1.02,6357.54,sh000905
2023-03-01 00:00:00,6356.5,6402.14,6410.52,6340.0,123907639.0,144327640100.9,1.11,6402.14,sh000905
2023-03-02 00:00:00,6398.26,6382.23,6410.23,6375.01,125349297.0,147597102774.1,0.55,6382.23,sh000905
2023-03-03 00:00:00,6384.06,6390.32,6398.47,6346.96,123234775.0,140273359354.4,0.81,6390.32,sh000905
2023-03-06 00:00:00,6398.1,6395.22,6405.82,6362.47,126845634.0,155123686031.2,0.68,6395.22,sh000905
2023-03-07 00:00:00,6389.81,6284.3,6396.54,6284.22,137928869.0,149308292189.0,1.76,6284.3,sh000905
2023-03-08 00:00:00,6264.43,6301.52,6303.71,6258.32,98698357.0,114463801002.9,0.72,6301.52,sh000905
2023-03-09 00:00:00,6311.04,6285.95,6311.34,6258.45,92688914.0,111866575503.5,0.84,6285.95,sh000905
2023-03-10 00:00:00,6251.56,6204.9,6261.33,6202.61,108052290.0,129144574718.6,0.93,6204.9,sh000905
2023-03-13 00:00:00,6189.98,6245.0,6245.0,6178.67,108006552.0,132474098352.3,1.07,6245.0,sh000905
2023-03-14 00:00:00,6237.73,6189.4,6243.42,6127.69,121200145.0,149977754662.0,1.85,6189.4,sh000905
2023-03-15 00:00:00,6210.93,6224.64,6254.49,6210.93,112948528.0,129455795140.3,0.7,6224.64,sh000905
2023-03-16 00:00:00,6191.3,6140.83,6209.97,6133.83,127632685.0,143759016862.1,1.22,6140.83,sh000905
2023-03-17 00:00:00,6174.19,6183.18,6233.75,6169.84,137108334.0,157222487365.1,1.04,6183.18,sh000905
2023-03-20 00:00:00,6195.35,6160.35,6201.97,6152.81,145580891.0,167826184366.7,0.8,6160.35,sh000905
2023-03-21 00:00:00,6171.89,6234.68,6235.01,6171.28,123025331.0,144174739305.4,1.03,6234.68,sh000905
2023-03-22 00:00:00,6244.36,6269.74,6271.52,6242.16,128266386.0,149867921197.4,0.47,6269.74,sh000905
2023-03-23 00:00:00,6253.58,6305.76,6305.76,6245.98,129179648.0,164124553074.5,0.95,6305.76,sh000905
2023-03-24 00:00:00,6312.43,6310.1,6315.68,6279.54,141020989.0,179449338405.6,0.57,6310.1,sh000905
2023-03-27 00:00:00,6304.48,6311.6,6320.66,6265.01,144664863.0,184209306469.8,0.88,6311.6,sh000905
2023-03-28 00:00:00,6314.58,6279.92,6331.56,6272.72,139156104.0,174935282609.8,0.93,6279.92,sh000905
2023-03-29 00:00:00,6285.95,6260.55,6294.3,6239.94,131548284.0,166565424024.2,0.87,6260.55,sh000905
2023-03-30 00:00:00,6257.64,6286.18,6287.44,6213.97,123218599.0,155158644767.8,1.17,6286.18,sh000905
2023-03-31 00:00:00,6284.85,6339.82,6343.23,6282.14,129489835.0,164138969077.5,0.97,6339.82,sh000905
2023-04-03 00:00:00,6346.69,6413.81,6419.87,6346.69,163921048.0,215330527397.2,1.15,6413.81,sh000905
2023-04-04 00:00:00,6414.82,6408.9,6423.31,6377.53,157491755.0,218740913531.4,0.71,6408.9,sh000905
2023-04-06 00:00:00,6387.23,6416.85,6428.72,6382.03,144064448.0,207002794759.6,0.73,6416.85,sh000905
2023-04-07 00:00:00,6418.26,6464.47,6470.09,6416.68,127964625.0,177737436540.0,0.83,6464.47,sh000905
2023-04-10 00:00:00,6474.94,6410.52,6476.22,6395.37,145134187.0,203397862936.4,1.25,6410.52,sh000905
2023-04-11 00:00:00,6405.63,6420.88,6421.49,6381.06,142399109.0,188800337843.3,0.63,6420.88,sh000905
2023-04-12 00:00:00,6415.7,6443.44,6450.35,6407.2,149447956.0,188164796583.5,0.67,6443.44,sh000905
2023-04-13 00:00:00,6438.16,6404.65,6451.79,6396.02,156199573.0,196031015021.2,0.87,6404.65,sh000905
2023-04-14 00:00:00,6420.31,6431.07,6444.89,6390.92,145300668.0,190743030851.0,0.84,6431.07,sh000905
2023-04-17 00:00:00,6422.87,6459.24,6459.24,6421.39,168823079.0,196752268308.1,0.59,6459.24,sh000905
2023-04-18 00:00:00,6448.76,6449.85,6462.25,6422.05,143471341.0,184598154225.6,0.62,6449.85,sh000905
2023-04-19 00:00:00,6444.87,6416.97,6456.15,6404.99,148699774.0,192403574162.7,0.79,6416.97,sh000905
2023-04-20 00:00:00,6408.81,6411.76,6413.08,6376.35,150501294.0,196199845238.5,0.57,6411.76,sh000905
2023-04-21 00:00:00,6411.51,6250.54,6411.51,6250.54,162313297.0,210802112228.2,2.51,6250.54,sh000905
2023-04-24 00:00:00,6250.96,6208.78,6260.54,6184.71,147694845.0,191204975164.8,1.21,6208.78,sh000905
2023-04-25 00:00:00,6205.62,6118.15,6208.4,6042.64,162459277.0,200847244830.6,2.67,6118.15,sh000905
2023-04-26 00:00:00,6095.13,6142.15,6178.17,6093.2,152166354.0,197699832955.3,1.39,6142.15,sh000905
2023-04-27 00:00:00,6127.64,6157.94,6190.25,6121.61,143136116.0,179308956550.4,1.12,6157.94,sh000905
2023-04-28 00:00:00,6151.64,6241.24,6245.55,6151.64,167876482.0,199335712325.8,1.53,6241.24,sh000905
2023-05-04 00:00:00,6223.23,6262.39,6264.52,6218.78,202487970.0,215098748101.1,0.73,6262.39,sh000905
2023-05-05 00:00:00,6255.7,6200.58,6256.23,6172.69,178261017.0,192217857467.7,1.33,6200.58,sh000905
2023-05-08 00:00:00,6202.68,6248.58,6259.69,6200.15,202718255.0,198162493586.1,0.96,6248.58,sh000905
2023-05-09 00:00:00,6242.66,6181.98,6274.9,6177.65,224389467.0,215437054342.0,1.56,6181.98,sh000905
2023-05-10 00:00:00,6167.13,6173.81,6199.16,6137.15,175453727.0,180485291578.1,1.0,6173.81,sh000905
2023-05-11 00:00:00,6185.67,6154.47,6190.39,6151.07,146064946.0,152275213604.4,0.64,6154.47,sh000905
2023-05-12 00:00:00,6138.94,6091.65,6173.91,6088.22,140410664.0,142316419328.4,1.39,6091.65,sh000905
2023-05-15 00:00:00,6094.68,6159.39,6159.39,6036.81,149843583.0,159620224620.0,2.01,6159.39,sh000905
2023-05-16 00:00:00,6159.17,6110.83,6159.17,6095.69,121841116.0,142447474647.0,1.03,6110.83,sh000905
2023-05-17 00:00:00,6097.98,6122.05,6137.02,6090.88,107266349.0,125585549046.7,0.76,6122.05,sh000905
2023-05-18 00:00:00,6132.52,6128.18,6153.99,6101.24,122942111.0,144557618052.5,0.86,6128.18,sh000905
2023-05-19 00:00:00,6116.84,6117.08,6149.14,6085.04,119304896.0,147524516028.4,1.05,6117.08,sh000905
2023-05-22 00:00:00,6111.84,6115.32,6136.86,6086.23,112715682.0,126363418363.6,0.83,6115.32,sh000905
2023-05-23 00:00:00,6114.21,6052.43,6117.36,6052.43,111104244.0,120628486661.7,1.06,6052.43,sh000905
2023-05-24 00:00:00,6032.69,6005.79,6058.39,5988.03,107223414.0,116914166402.6,1.16,6005.79,sh000905
2023-05-25 00:00:00,6000.22,5988.19,6028.64,5926.2,109922832.0,126769237204.5,1.71,5988.19,sh000905
2023-05-26 00:00:00,5983.14,6034.98,6045.13,5953.88,106381588.0,123263014837.6,1.52,6034.98,sh000905
2023-05-29 00:00:00,6046.54,6025.16,6058.92,6012.4,125139417.0,146808330637.6,0.77,6025.16,sh000905
2023-05-30 00:00:00,6008.46,6061.31,6061.31,5960.34,127312017.0,151849134859.6,1.68,6061.31,sh000905
2023-05-31 00:00:00,6044.02,6047.8,6063.19,6009.25,117476106.0,144653727477.5,0.89,6047.8,sh000905
2023-06-01 00:00:00,6028.8,6051.46,6094.24,6008.27,126250315.0,154907281920.7,1.42,6051.46,sh000905
2023-06-02 00:00:00,6061.91,6105.22,6115.07,6061.91,122306738.0,142073539923.0,0.88,6105.22,sh000905
2023-06-05 00:00:00,6102.13,6097.11,6107.12,6075.59,115747953.0,131118706647.8,0.52,6097.11,sh000905
2023-06-06 00:00:00,6088.66,5983.42,6089.07,5969.29,123045387.0,133636232835.4,1.96,5983.42,sh000905
2023-06-07 00:00:00,5982.31,5987.01,6010.03,5969.16,93597892.0,113593743557.7,0.68,5987.01,sh000905
2023-06-08 00:00:00,5971.72,5966.15,5992.97,5922.39,108981632.0,124387889683.3,1.18,5966.15,sh000905
2023-06-09 00:00:00,5968.7,6009.58,6017.28,5960.11,127553432.0,158760400688.5,0.96,6009.58,sh000905
2023-06-12 00:00:00,5999.62,6027.71,6045.66,5987.27,113612471.0,151203107291.2,0.97,6027.71,sh000905
2023-06-13 00:00:00,6016.69,6044.04,6047.06,6014.06,98680298.0,134425849549.1,0.55,6044.04,sh000905
2023-06-14 00:00:00,6046.44,6044.08,6064.29,6034.47,109689021.0,148046160093.7,0.49,6044.08,sh000905
2023-06-15 00:00:00,6049.47,6096.81,6100.23,6046.16,118417734.0,165700035083.1,0.89,6096.81,sh000905
2023-06-16 00:00:00,6094.84,6148.01,6154.93,6091.18,115349568.0,165690149218.5,1.05,6148.01,sh000905
2023-06-19 00:00:00,6148.85,6131.38,6148.85,6126.39,113787209.0,164780447140.9,0.37,6131.38,sh000905
2023-06-20 00:00:00,6122.74,6126.11,6144.01,6100.14,106630832.0,161419763306.8,0.72,6126.11,sh000905
2023-06-21 00:00:00,6104.25,5990.85,6104.25,5990.79,106447766.0,154200972220.3,1.85,5990.85,sh000905
2023-06-26 00:00:00,5947.57,5887.03,5970.61,5875.94,111081791.0,148203624502.1,1.58,5887.03,sh000905
2023-06-27 00:00:00,5897.69,5948.0,5956.18,5884.95,93039155.0,118625135535.9,1.21,5948.0,sh000905
2023-06-28 00:00:00,5945.64,5942.31,5951.13,5857.13,93944302.0,128454934662.7,1.58,5942.31,sh000905
2023-06-29 00:00:00,5928.71,5940.58,5964.86,5924.28,88376857.0,123484005846.8,0.68,5940.58,sh000905
2023-06-30 00:00:00,5931.87,5998.73,6016.45,5927.94,94504668.0,133367471516.9,1.49,5998.73,sh000905
2023-07-03 00:00:00,6009.27,6042.31,6056.16,5997.85,113075905.0,153065229521.6,0.97,6042.31,sh000905
2023-07-04 00:00:00,6042.72,6055.26,6059.57,6027.29,105583765.0,144484638910.0,0.53,6055.26,sh000905
2023-07-05 00:00:00,6050.35,6020.82,6059.38,6011.87,104129041.0,142198505817.2,0.78,6020.82,sh000905
2023-07-06 00:00:00,6010.66,5988.55,6042.29,5983.48,93965038.0,131979482562.6,0.98,5988.55,sh000905
2023-07-07 00:00:00,5973.98,5961.61,5994.28,5936.23,94118346.0,121687700019.0,0.97,5961.61,sh000905
2023-07-10 00:00:00,5980.61,5984.28,6003.4,5958.73,85168564.0,113940191969.5,0.75,5984.28,sh000905
2023-07-11 00:00:00,5991.02,6029.23,6029.23,5972.14,84531897.0,117919697046.3,0.95,6029.23,sh000905
2023-07-12 00:00:00,6030.64,5962.79,6033.58,5960.43,96692241.0,134419386322.7,1.21,5962.79,sh000905
2023-07-13 00:00:00,5986.25,6044.06,6049.06,5986.25,99656398.0,138941870295.0,1.05,6044.06,sh000905
2023-07-14 00:00:00,6052.95,6030.52,6055.53,6026.33,94963197.0,137880575951.9,0.48,6030.52,sh000905
2023-07-17 00:00:00,6012.76,6012.69,6018.07,5985.44,88420212.0,124991560881.3,0.54,6012.69,sh000905
2023-07-18 00:00:00,6015.98,6001.8,6027.61,5984.06,87719910.0,121310187887.2,0.72,6001.8,sh000905
2023-07-19 00:00:00,5998.38,5993.41,6017.45,5962.99,77791034.0,104054562581.1,0.91,5993.41,sh000905
2023-07-20 00:00:00,5996.84,5925.48,6009.43,5920.15,91195368.0,123684933457.2,1.49,5925.48,sh000905
2023-07-21 00:00:00,5914.35,5925.63,5961.05,5904.79,81975307.0,107065413903.9,0.95,5925.63,sh000905
2023-07-24 00:00:00,5913.57,5916.71,5954.24,5896.45,75928001.0,99623302711.1,0.98,5916.71,sh000905
2023-07-25 00:00:00,5976.97,6016.63,6016.75,5971.73,131896392.0,145732847141.7,0.76,6016.63,sh000905
2023-07-26 00:00:00,6014.76,6001.54,6015.58,5984.39,121825219.0,120547387629.8,0.52,6001.54,sh000905
2023-07-27 00:00:00,5998.85,5961.18,6017.67,5952.89,123000825.0,117272101565.3,1.08,5961.18,sh000905
2023-07-28 00:00:00,5945.91,6043.24,6049.76,5932.06,163171871.0,149147477703.5,1.97,6043.24,sh000905
2023-07-31 00:00:00,6059.11,6088.24,6133.72,6059.11,186551103.0,179595743483.0,1.23,6088.24,sh000905
2023-08-01 00:00:00,6086.9,6098.88,6113.98,6077.11,187588600.0,166628364673.4,0.61,6098.88,sh000905
2023-08-02 00:00:00,6088.14,6077.46,6111.24,6059.87,147154529.0,135758673344.6,0.84,6077.46,sh000905
2023-08-03 00:00:00,6062.64,6098.69,6101.81,6047.68,146479011.0,138777463929.6,0.89,6098.69,sh000905
2023-08-04 00:00:00,6126.15,6128.56,6164.16,6105.64,196943501.0,186850093568.5,0.96,6128.56,sh000905
2023-08-07 00:00:00,6115.84,6090.73,6117.92,6072.54,145319137.0,154416328543.1,0.74,6090.73,sh000905
2023-08-08 00:00:00,6077.3,6066.1,6088.1,6044.24,121545728.0,131357351526.3,0.72,6066.1,sh000905
2023-08-09 00:00:00,6049.45,6021.75,6062.02,6012.25,98809174.0,116294678353.9,0.82,6021.75,sh000905
2023-08-10 00:00:00,6013.35,6031.71,6040.46,5999.56,99842638.0,103950301369.3,0.68,6031.71,sh000905
2023-08-11 00:00:00,6030.05,5913.35,6030.05,5913.35,113072007.0,115393420336.3,1.93,5913.35,sh000905
2023-08-14 00:00:00,5864.48,5916.8,5919.8,5833.46,103675706.0,116321082192.1,1.46,5916.8,sh000905
2023-08-15 00:00:00,5919.77,5879.78,5926.42,5830.97,92417381.0,107626210841.9,1.61,5879.78,sh000905
2023-08-16 00:00:00,5858.6,5833.22,5891.81,5833.22,104950425.0,114013689380.0,1.0,5833.22,sh000905
2023-08-17 00:00:00,5808.91,5874.36,5882.15,5778.53,113576384.0,120852973476.6,1.78,5874.36,sh000905
2023-08-18 00:00:00,5875.11,5777.8,5891.4,5777.8,102931845.0,109766358594.4,1.93,5777.8,sh000905
2023-08-21 00:00:00,5764.67,5710.78,5802.51,5710.78,92835698.0,96691987125.6,1.59,5710.78,sh000905
2023-08-22 00:00:00,5733.25,5741.06,5754.57,5646.51,106175193.0,120035178924.1,1.89,5741.06,sh000905
2023-08-23 00:00:00,5732.39,5629.5,5732.39,5629.5,94186725.0,101871329162.8,1.79,5629.5,sh000905
2023-08-24 00:00:00,5650.36,5652.67,5701.32,5619.33,108086771.0,120640882887.6,1.46,5652.67,sh000905
2023-08-25 00:00:00,5624.77,5581.21,5648.62,5560.22,106241602.0,114730298316.4,1.56,5581.21,sh000905
2023-08-28 00:00:00,5885.88,5644.14,5887.51,5631.69,185745619.0,181457042375.4,4.58,5644.14,sh000905
2023-08-29 00:00:00,5631.01,5770.32,5789.96,5626.52,160851895.0,165476278766.7,2.9,5770.32,sh000905
2023-08-30 00:00:00,5780.28,5775.15,5817.73,5753.22,136004384.0,145078565405.8,1.12,5775.15,sh000905
2023-08-31 00:00:00,5770.95,5739.4,5777.42,5728.47,116335134.0,121252796160.9,0.85,5739.4,sh000905
2023-09-01 00:00:00,5746.41,5750.8,5775.18,5732.97,104179103.0,107061408580.6,0.74,5750.8,sh000905
2023-09-04 00:00:00,5772.03,5829.78,5829.78,5758.03,135648873.0,135994054181.1,1.25,5829.78,sh000905
2023-09-05 00:00:00,5819.97,5788.71,5822.06,5779.37,106517658.0,114971726102.7,0.73,5788.71,sh000905
2023-09-06 00:00:00,5771.85,5790.38,5800.96,5748.65,90480502.0,106512753384.6,0.9,5790.38,sh000905
2023-09-07 00:00:00,5782.07,5702.7,5782.07,5701.8,92920518.0,105713167275.8,1.39,5702.7,sh000905
2023-09-08 00:00:00,5684.66,5708.62,5732.37,5683.4,79520028.0,93059123325.2,0.86,5708.62,sh000905
2023-09-11 00:00:00,5723.02,5774.73,5802.21,5704.7,112837137.0,132425678094.5,1.71,5774.73,sh000905
2023-09-12 00:00:00,5774.47,5770.93,5793.83,5763.3,86041207.0,105032116597.9,0.53,5770.93,sh000905
2023-09-13 00:00:00,5764.82,5715.4,5770.41,5681.5,91472473.0,101933192541.5,1.54,5715.4,sh000905
2023-09-14 00:00:00,5714.67,5702.1,5721.21,5679.2,90247792.0,97979765540.8,0.74,5702.1,sh000905
2023-09-15 00:00:00,5716.29,5704.66,5741.07,5680.9,98375964.0,110557876200.1,1.06,5704.66,sh000905
2023-09-18 00:00:00,5685.85,5719.69,5734.19,5665.58,92305722.0,109249767455.6,1.2,5719.69,sh000905
2023-09-19 00:00:00,5713.49,5687.9,5713.6,5670.42,85112102.0,94544819485.1,0.75,5687.9,sh000905
2023-09-20 00:00:00,5677.92,5651.01,5689.83,5651.01,77634158.0,84080282560.4,0.68,5651.01,sh000905
2023-09-21 00:00:00,5638.44,5611.92,5666.7,5609.21,81931509.0,84847061987.6,1.02,5611.92,sh000905
2023-09-22 00:00:00,5606.83,5698.82,5700.32,5603.81,104118982.0,120276386023.4,1.72,5698.82,sh000905
2023-09-25 00:00:00,5694.9,5666.66,5699.15,5659.32,93340719.0,114172282948.0,0.7,5666.66,sh000905
2023-09-26 00:00:00,5661.03,5646.65,5682.28,5646.65,74309615.0,100424427689.8,0.63,5646.65,sh000905
2023-09-27 00:00:00,5642.39,5674.35,5701.51,5641.85,81086240.0,102149151673.6,1.06,5674.35,sh000905
2023-09-28 00:00:00,5687.64,5690.77,5704.62,5677.53,79477338.0,101456952317.7,0.48,5690.77,sh000905
2023-10-09 00:00:00,5679.64,5658.08,5680.95,5634.35,90029836.0,109095282387.9,0.82,5658.08,sh000905
2023-10-10 00:00:00,5665.66,5630.37,5678.46,5627.41,87726425.0,104621240810.9,0.9,5630.37,sh000905
2023-10-11 00:00:00,5639.07,5629.79,5674.25,5617.87,90644826.0,112202131187.6,1.0,5629.79,sh000905
2023-10-12 00:00:00,5655.61,5671.64,5677.82,5642.49,100502986.0,119947478383.3,0.63,5671.64,sh000905
2023-10-13 00:00:00,5645.44,5633.38,5646.07,5616.85,89391702.0,110878380412.7,0.52,5633.38,sh000905
2023-10-16 00:00:00,5633.3,5580.67,5636.32,5559.42,89867550.0,107684372825.8,1.37,5580.67,sh000905
2023-10-17 00:00:00,5585.14,5595.34,5599.42,5556.57,92516737.0,105060399668.5,0.77,5595.34,sh000905
2023-10-18 00:00:00,5586.02,5524.6,5586.02,5519.46,98953562.0,110310590720.5,1.19,5524.6,sh000905
2023-10-19 00:00:00,5496.76,5464.03,5529.87,5463.65,108078335.0,117347195293.0,1.2,5464.03,sh000905
2023-10-20 00:00:00,5443.46,5423.67,5473.21,5413.02,94936115.0,107713531625.7,1.1,5423.67,sh000905
2023-10-23 00:00:00,5400.54,5290.33,5400.79,5269.83,103083126.0,112227737477.3,2.41,5290.33,sh000905
2023-10-24 00:00:00,5311.67,5352.01,5363.2,5290.5,114745729.0,126190795980.9,1.37,5352.01,sh000905
2023-10-25 00:00:00,5386.43,5376.0,5423.01,5376.0,114921244.0,129741397087.7,0.88,5376.0,sh000905
2023-10-26 00:00:00,5351.16,5398.93,5404.99,5337.49,102485044.0,116893043685.1,1.26,5398.93,sh000905
2023-10-27 00:00:00,5387.27,5492.03,5514.31,5380.94,112542804.0,132776259320.2,2.47,5492.03,sh000905
2023-10-30 00:00:00,5484.62,5546.39,5559.78,5483.16,123034185.0,153066651404.1,1.4,5546.39,sh000905
2023-10-31 00:00:00,5547.32,5528.24,5554.19,5505.93,105679375.0,127527068558.9,0.87,5528.24,sh000905
2023-11-01 00:00:00,5534.89,5509.97,5534.94,5496.83,87185785.0,105639439602.5,0.69,5509.97,sh000905
2023-11-02 00:00:00,5514.52,5459.45,5532.85,5457.75,90202645.0,101795786004.1,1.36,5459.45,sh000905
2023-11-03 00:00:00,5462.14,5510.36,5537.73,5462.14,97990576.0,114009935832.3,1.38,5510.36,sh000905
2023-11-06 00:00:00,5549.29,5605.06,5609.26,5549.29,139241046.0,156664899021.4,1.09,5605.06,sh000905
2023-11-07 00:00:00,5594.47,5611.1,5631.1,5578.51,120579321.0,139898836824.0,0.94,5611.1,sh000905
2023-11-08 00:00:00,5602.97,5608.02,5633.97,5577.39,122994558.0,139708501031.2,1.01,5608.02,sh000905
2023-11-09 00:00:00,5602.49,5592.06,5638.08,5582.12,106362800.0,123039510738.4,1.0,5592.06,sh000905
2023-11-10 00:00:00,5577.34,5573.1,5585.21,5550.82,94324024.0,109671917967.6,0.61,5573.1,sh000905
2023-11-13 00:00:00,5589.06,5605.57,5605.57,5565.09,102158932.0,117833772398.6,0.73,5605.57,sh000905
2023-11-14 00:00:00,5602.98,5630.55,5639.19,5600.78,101073136.0,116072656381.1,0.69,5630.55,sh000905
2023-11-15 00:00:00,5677.55,5664.62,5684.75,5649.72,113087937.0,131864342620.6,0.62,5664.62,sh000905
2023-11-16 00:00:00,5647.06,5609.36,5652.4,5609.36,94662677.0,105765074960.8,0.76,5609.36,sh000905
2023-11-17 00:00:00,5598.95,5631.42,5632.39,5593.49,89422342.0,101443839223.4,0.69,5631.42,sh000905
2023-11-20 00:00:00,5635.59,5659.77,5669.38,5609.27,103105072.0,119885024783.4,1.07,5659.77,sh000905
2023-11-21 00:00:00,5669.17,5641.08,5696.09,5634.27,114861205.0,126740611037.5,1.09,5641.08,sh000905
2023-11-22 00:00:00,5622.86,5572.9,5639.0,5572.9,104718408.0,109971792008.8,1.17,5572.9,sh000905
2023-11-23 00:00:00,5566.73,5622.99,5627.79,5548.97,98042432.0,101151204629.6,1.41,5622.99,sh000905
2023-11-24 00:00:00,5619.32,5570.42,5619.32,5556.71,101248044.0,100701104772.1,1.11,5570.42,sh000905
2023-11-27 00:00:00,5562.75,5566.51,5579.72,5531.65,98218653.0,107690772117.8,0.86,5566.51,sh000905
2023-11-28 00:00:00,5561.58,5591.5,5594.72,5529.54,89373272.0,98930980618.3,1.17,5591.5,sh000905
2023-11-29 00:00:00,5588.77,5553.33,5593.37,5547.84,89509151.0,96924084400.2,0.81,5553.33,sh000905
2023-11-30 00:00:00,5548.52,5545.05,5560.33,5509.96,87841505.0,95350481599.1,0.91,5545.05,sh000905
2023-12-01 00:00:00,5541.23,5566.87,5576.73,5521.06,93371708.0,107454844321.7,1.0,5566.87,sh000905
2023-12-04 00:00:00,5578.42,5559.07,5590.84,5559.07,99306543.0,119628388288.4,0.57,5559.07,sh000905
2023-12-05 00:00:00,5542.87,5460.41,5542.87,5460.41,91298248.0,103824359571.7,1.48,5460.41,sh000905
2023-12-06 00:00:00,5448.46,5481.82,5513.09,5443.07,88373997.0,102084528903.4,1.28,5481.82,sh000905
2023-12-07 00:00:00,5475.27,5481.14,5501.48,5443.29,89048687.0,103621973820.8,1.06,5481.14,sh000905
2023-12-08 00:00:00,5484.68,5497.99,5522.06,5477.53,118123774.0,140788027712.1,0.81,5497.99,sh000905
2023-12-11 00:00:00,5473.65,5564.85,5574.12,5429.44,118605911.0,140631297822.3,2.63,5564.85,sh000905
2023-12-12 00:00:00,5560.44,5566.18,5576.01,5545.16,84232331.0,110639096839.0,0.55,5566.18,sh000905
2023-12-13 00:00:00,5557.05,5507.51,5558.06,5507.51,75929894.0,96464641302.3,0.91,5507.51,sh000905
2023-12-14 00:00:00,5532.99,5489.33,5557.37,5487.75,74118097.0,89999982306.2,1.26,5489.33,sh000905
2023-12-15 00:00:00,5499.37,5449.79,5516.22,5438.53,80125418.0,94631897359.6,1.42,5449.79,sh000905
2023-12-18 00:00:00,5436.99,5385.27,5448.08,5374.59,78022493.0,88053828533.8,1.35,5385.27,sh000905
2023-12-19 00:00:00,5380.73,5379.87,5406.96,5344.03,70323722.0,82191407660.2,1.17,5379.87,sh000905
2023-12-20 00:00:00,5386.0,5309.29,5388.46,5308.57,75387097.0,86209163297.2,1.48,5309.29,sh000905
2023-12-21 00:00:00,5286.45,5338.76,5352.5,5253.32,81522318.0,96981042377.4,1.87,5338.76,sh000905
2023-12-22 00:00:00,5337.38,5311.69,5366.23,5293.22,90387004.0,108918439607.9,1.37,5311.69,sh000905
2023-12-25 00:00:00,5301.57,5315.37,5339.66,5288.47,65918772.0,81018151918.5,0.96,5315.37,sh000905
2023-12-26 00:00:00,5312.8,5258.28,5313.92,5238.04,67532007.0,80910364895.8,1.43,5258.28,sh000905
2023-12-27 00:00:00,5261.57,5285.53,5293.8,5235.46,75397918.0,84253444705.4,1.11,5285.53,sh000905
2023-12-28 00:00:00,5280.69,5382.8,5400.24,5275.4,107699239.0,126896204801.3,2.36,5382.8,sh000905
2023-12-29 00:00:00,5376.98,5429.23,5437.15,5374.69,90931766.0,112533613054.4,1.16,5429.23,sh000905
2024-01-02 00:00:00,5431.48,5409.46,5439.48,5409.46,92964747.0,106839922689.4,0.55,5409.46,sh000905
2024-01-03 00:00:00,5398.29,5401.4,5428.52,5373.83,86705229.0,99883598918.1,1.01,5401.4,sh000905
2024-01-04 00:00:00,5395.14,5355.32,5395.14,5331.89,78846568.0,91011406056.3,1.17,5355.32,sh000905
2024-01-05 00:00:00,5347.07,5281.87,5373.68,5260.59,89538884.0,101084569596.5,2.11,5281.87,sh000905
2024-01-08 00:00:00,5268.23,5167.7,5268.98,5167.7,83785155.0,92792791379.5,1.92,5167.7,sh000905
2024-01-09 00:00:00,5176.11,5180.65,5220.46,5153.0,78740418.0,90959823751.5,1.31,5180.65,sh000905
2024-01-10 00:00:00,5167.73,5158.08,5211.82,5118.43,71173946.0,84227807644.4,1.8,5158.08,sh000905
2024-01-11 00:00:00,5152.36,5223.86,5243.14,5146.9,85041295.0,106151947191.7,1.87,5223.86,sh000905
2024-01-12 00:00:00,5213.14,5206.18,5262.62,5206.16,76619831.0,93271394880.1,1.08,5206.18,sh000905
2024-01-15 00:00:00,5189.53,5193.3,5238.96,5171.24,73925097.0,88027788849.7,1.3,5193.3,sh000905
2024-01-16 00:00:00,5188.37,5190.4,5210.08,5124.08,83070371.0,92337607304.7,1.66,5190.4,sh000905
2024-01-17 00:00:00,5180.93,5061.54,5180.93,5061.54,78741849.0,87930639304.5,2.3,5061.54,sh000905
2024-01-18 00:00:00,5033.1,5066.96,5069.23,4924.68,118751055.0,123436419725.2,2.86,5066.96,sh000905
2024-01-19 00:00:00,5056.48,5018.43,5084.29,5014.77,78467383.0,92039421274.4,1.37,5018.43,sh000905
2024-01-22 00:00:00,5008.68,4780.97,5008.77,4753.63,109708492.0,115622857135.0,5.08,4780.97,sh000905
2024-01-23 00:00:00,4771.5,4865.74,4889.42,4727.88,99944718.0,107808853142.3,3.38,4865.74,sh000905
2024-01-24 00:00:00,4886.2,4933.7,4941.44,4766.8,114025805.0,112683270494.8,3.59,4933.7,sh000905
2024-01-25 00:00:00,4931.63,5073.18,5074.49,4910.96,132307766.0,134822852027.2,3.31,5073.18,sh000905
2024-01-26 00:00:00,5055.29,5027.09,5086.13,5009.97,117009836.0,119232918977.8,1.5,5027.09,sh000905
2024-01-29 00:00:00,5032.11,4927.91,5050.11,4927.91,116876657.0,117835011090.9,2.43,4927.91,sh000905
2024-01-30 00:00:00,4898.36,4814.99,4939.35,4810.1,99675811.0,95474113525.6,2.62,4814.99,sh000905
2024-01-31 00:00:00,4786.81,4696.98,4832.4,4690.94,121093158.0,116592536773.1,2.94,4696.98,sh000905
2024-02-01 00:00:00,4667.91,4678.73,4771.05,4629.99,111471910.0,107508825587.6,3.0,4678.73,sh000905
2024-02-02 00:00:00,4686.1,4563.22,4724.05,4435.56,137501832.0,124953077788.8,6.17,4563.22,sh000905
2024-02-05 00:00:00,4527.71,4460.26,4598.06,4281.24,165958337.0,143547017412.4,6.94,4460.26,sh000905
2024-02-06 00:00:00,4411.3,4805.9,4817.12,4405.31,173058335.0,156485198829.2,9.23,4805.9,sh000905
2024-02-07 00:00:00,4813.95,5109.57,5110.8,4813.23,227198934.0,212618286127.8,6.19,5109.57,sh000905
2024-02-08 00:00:00,5131.8,5150.23,5367.22,5129.78,213676123.0,212255665093.8,4.65,5150.23,sh000905
2024-02-19 00:00:00,5225.14,5141.6,5225.14,5074.76,162949893.0,172805832899.6,2.92,5141.6,sh000905
2024-02-20 00:00:00,5107.57,5140.96,5151.72,5072.88,121646379.0,133242205643.5,1.53,5140.96,sh000905
2024-02-21 00:00:00,5101.41,5139.04,5252.88,5074.82,150872501.0,155561259421.7,3.46,5139.04,sh000905
2024-02-22 00:00:00,5133.55,5176.34,5184.62,5117.68,116614806.0,127546517889.3,1.3,5176.34,sh000905
2024-02-23 00:00:00,5190.65,5197.71,5197.71,5118.57,135265004.0,145442447176.8,1.53,5197.71,sh000905
2024-02-26 00:00:00,5194.74,5195.46,5255.36,5162.95,144018944.0,152600869381.9,1.78,5195.46,sh000905
2024-02-27 00:00:00,5174.82,5307.8,5307.8,5160.88,138971751.0,157201596730.4,2.83,5307.8,sh000905
2024-02-28 00:00:00,5311.43,5184.05,5383.32,5184.05,202560985.0,214135426954.0,3.75,5184.05,sh000905
2024-02-29 00:00:00,5154.15,5346.79,5349.77,5154.15,160790165.0,178975999913.2,3.77,5346.79,sh000905
2024-03-01 00:00:00,5350.86,5379.05,5387.78,5321.56,142298395.0,171103270101.0,1.24,5379.05,sh000905
2024-03-04 00:00:00,5386.94,5388.82,5400.12,5325.96,143928469.0,175906403369.0,1.38,5388.82,sh000905
2024-03-05 00:00:00,5358.22,5351.83,5382.98,5329.97,140816479.0,174282675002.5,0.98,5351.83,sh000905
2024-03-06 00:00:00,5332.83,5350.1,5405.49,5293.95,121099564.0,146843351594.8,2.08,5350.1,sh000905
2024-03-07 00:00:00,5354.33,5277.3,5384.66,5277.3,139831342.0,157442183149.0,2.01,5277.3,sh000905
2024-03-08 00:00:00,5282.41,5349.6,5361.71,5268.53,121467978.0,144003562005.9,1.77,5349.6,sh000905
2024-03-11 00:00:00,5342.18,5441.05,5443.04,5339.26,142981732.0,173588864750.5,1.94,5441.05,sh000905
2024-03-12 00:00:00,5445.88,5423.72,5473.29,5385.14,147072536.0,178848761377.9,1.62,5423.72,sh000905
2024-03-13 00:00:00,5430.04,5415.11,5459.32,5389.53,129746301.0,164526330861.1,1.29,5415.11,sh000905
2024-03-14 00:00:00,5415.15,5392.93,5447.54,5352.12,131887357.0,157337167775.7,1.76,5392.93,sh000905
2024-03-15 00:00:00,5380.02,5454.15,5456.73,5357.18,136405030.0,158718756617.2,1.85,5454.15,sh000905
2024-03-18 00:00:00,5472.31,5528.45,5528.45,5459.55,159862638.0,190794115131.3,1.26,5528.45,sh000905
2024-03-19 00:00:00,5514.55,5478.22,5533.64,5477.12,146777240.0,176661748327.6,1.02,5478.22,sh000905
2024-03-20 00:00:00,5469.61,5493.41,5499.24,5455.76,126273262.0,157036230421.8,0.79,5493.41,sh000905
2024-03-21 00:00:00,5505.7,5465.83,5517.46,5454.23,129489458.0,159252387801.8,1.15,5465.83,sh000905
2024-03-22 00:00:00,5454.41,5384.57,5463.54,5356.11,137096029.0,163185963748.5,1.97,5384.57,sh000905
2024-03-25 00:00:00,5369.78,5294.75,5401.6,5292.64,130778254.0,156251665726.7,2.02,5294.75,sh000905
2024-03-26 00:00:00,5291.52,5284.42,5318.88,5237.9,116468112.0,145296216679.9,1.53,5284.42,sh000905
2024-03-27 00:00:00,5280.73,5156.68,5282.7,5156.68,110107142.0,129828707609.3,2.38,5156.68,sh000905
2024-03-28 00:00:00,5156.48,5223.81,5276.64,5156.48,116318192.0,140612607112.3,2.33,5223.81,sh000905
2024-03-29 00:00:00,5220.55,5286.16,5287.04,5211.19,109047149.0,126574031377.1,1.45,5286.16,sh000905
2024-04-01 00:00:00,5309.83,5401.22,5401.78,5309.83,136734854.0,166553105409.3,1.74,5401.22,sh000905
2024-04-02 00:00:00,5395.48,5381.23,5402.16,5353.31,132148642.0,155779915085.8,0.9,5381.23,sh000905
2024-04-03 00:00:00,5373.5,5374.6,5386.34,5350.16,133628053.0,154114398165.9,0.67,5374.6,sh000905
2024-04-08 00:00:00,5358.96,5298.59,5383.66,5297.56,148588559.0,161260958590.0,1.6,5298.59,sh000905
2024-04-09 00:00:00,5294.47,5342.9,5342.9,5284.96,113300745.0,133262737277.5,1.09,5342.9,sh000905
2024-04-10 00:00:00,5335.73,5275.47,5335.73,5242.86,117908618.0,132251020973.6,1.74,5275.47,sh000905
2024-04-11 00:00:00,5244.05,5301.81,5353.81,5240.51,127745143.0,141290912857.4,2.15,5301.81,sh000905
2024-04-12 00:00:00,5307.72,5277.22,5336.45,5270.46,118524933.0,136145117631.0,1.24,5277.22,sh000905
2024-04-15 00:00:00,5270.04,5339.72,5376.05,5219.43,159217624.0,169269295711.9,2.97,5339.72,sh000905
2024-04-16 00:00:00,5309.1,5191.55,5346.76,5184.65,162583973.0,168778499341.7,3.04,5191.55,sh000905
2024-04-17 00:00:00,5211.25,5339.75,5339.75,5211.25,147594552.0,155660732929.5,2.48,5339.75,sh000905
2024-04-18 00:00:00,5317.8,5349.84,5410.7,5299.23,153497682.0,167338860159.0,2.09,5349.84,sh000905
2024-04-19 00:00:00,5322.36,5314.87,5369.95,5292.02,142134216.0,156010347135.9,1.46,5314.87,sh000905
2024-04-22 00:00:00,5289.41,5267.58,5340.63,5264.19,135266882.0,150190436487.7,1.44,5267.58,sh000905
2024-04-23 00:00:00,5257.77,5208.27,5280.06,5196.96,125801120.0,139018868110.2,1.58,5208.27,sh000905
2024-04-24 00:00:00,5210.18,5263.04,5263.04,5183.7,117297220.0,139471094806.5,1.52,5263.04,sh000905
2024-04-25 00:00:00,5240.48,5259.34,5297.16,5229.82,110833929.0,127544603285.3,1.28,5259.34,sh000905
2024-04-26 00:00:00,5258.38,5372.12,5379.67,5258.38,173777701.0,193788859192.2,2.31,5372.12,sh000905
2024-04-29 00:00:00,5371.21,5478.49,5488.28,5371.21,190936055.0,212148850246.6,2.18,5478.49,sh000905
2024-04-30 00:00:00,5471.17,5441.14,5478.04,5436.58,162797344.0,175143689576.2,0.76,5441.14,sh000905
2024-05-06 00:00:00,5498.44,5528.6,5535.95,5496.91,165791626.0,187906843862.2,0.72,5528.6,sh000905
2024-05-07 00:00:00,5532.32,5527.08,5543.13,5507.5,136535402.0,162155744860.2,0.64,5527.08,sh000905
2024-05-08 00:00:00,5516.45,5458.76,5516.45,5454.87,123955621.0,139472996786.3,1.11,5458.76,sh000905
2024-05-09 00:00:00,5461.36,5556.77,5568.73,5461.36,131121230.0,153999870752.3,1.97,5556.77,sh000905
2024-05-10 00:00:00,5562.19,5535.4,5570.57,5497.5,128688030.0,144026969940.9,1.31,5535.4,sh000905
2024-05-13 00:00:00,5503.13,5505.26,5527.2,5462.51,131627588.0,146159918962.1,1.17,5505.26,sh000905
2024-05-14 00:00:00,5508.47,5500.74,5538.74,5484.96,118994399.0,132592062465.6,0.98,5500.74,sh000905
2024-05-15 00:00:00,5495.56,5446.66,5497.08,5441.35,110124989.0,121525793558.0,1.01,5446.66,sh000905
2024-05-16 00:00:00,5461.11,5424.67,5475.37,5408.13,122108119.0,133148761562.0,1.23,5424.67,sh000905
2024-05-17 00:00:00,5418.66,5491.89,5493.2,5409.7,126916168.0,139244609264.9,1.54,5491.89,sh000905
2024-05-20 00:00:00,5496.79,5523.5,5536.66,5484.36,144971448.0,163572079873.3,0.95,5523.5,sh000905
2024-05-21 00:00:00,5511.48,5478.91,5513.42,5460.98,108691192.0,123832374658.6,0.95,5478.91,sh000905
2024-05-22 00:00:00,5472.01,5468.61,5486.3,5455.08,113057782.0,126572719199.3,0.57,5468.61,sh000905
2024-05-23 00:00:00,5448.94,5362.31,5448.94,5352.39,126657569.0,135749197020.0,1.77,5362.31,sh000905
2024-05-24 00:00:00,5348.51,5313.45,5400.16,5311.49,106564175.0,117396142024.9,1.65,5313.45,sh000905
2024-05-27 00:00:00,5325.85,5371.37,5373.11,5284.51,115643229.0,124785634504.8,1.67,5371.37,sh000905
2024-05-28 00:00:00,5363.33,5316.13,5365.47,5310.32,110965373.0,120979080988.0,1.03,5316.13,sh000905
2024-05-29 00:00:00,5308.59,5328.31,5361.74,5305.96,104361267.0,112762595771.6,1.05,5328.31,sh000905
2024-05-30 00:00:00,5316.4,5308.66,5349.69,5296.49,107350187.0,114757614217.4,1.0,5308.66,sh000905
2024-05-31 00:00:00,5310.72,5308.54,5357.02,5308.54,104151147.0,113019704335.1,0.91,5308.54,sh000905
2024-06-03 00:00:00,5300.79,5274.07,5316.34,5232.69,126968515.0,129543758977.7,1.58,5274.07,sh000905
2024-06-04 00:00:00,5263.23,5341.95,5352.28,5247.58,108083144.0,117835610768.9,1.99,5341.95,sh000905
2024-06-05 00:00:00,5328.87,5277.94,5347.43,5277.94,105792757.0,111608396273.0,1.3,5277.94,sh000905
2024-06-06 00:00:00,5291.52,5228.8,5305.88,5213.66,133368231.0,135739981470.4,1.75,5228.8,sh000905
2024-06-07 00:00:00,5247.15,5208.98,5258.82,5172.05,113527478.0,118553769519.2,1.66,5208.98,sh000905
2024-06-11 00:00:00,5182.41,5217.47,5232.85,5159.33,116437116.0,119660626659.4,1.41,5217.47,sh000905
2024-06-12 00:00:00,5209.13,5232.95,5245.99,5205.57,103065569.0,111341271703.7,0.77,5232.95,sh000905
2024-06-13 00:00:00,5231.91,5194.59,5233.8,5182.74,118232764.0,123194241679.1,0.98,5194.59,sh000905
2024-06-14 00:00:00,5180.29,5213.09,5235.88,5163.38,133998620.0,146009261400.6,1.4,5213.09,sh000905
2024-06-17 00:00:00,5189.28,5207.13,5223.59,5184.6,107970664.0,135704407617.0,0.75,5207.13,sh000905
2024-06-18 00:00:00,5207.98,5230.89,5243.59,5204.97,94090903.0,120391272834.4,0.74,5230.89,sh000905
2024-06-19 00:00:00,5235.48,5168.82,5236.3,5168.82,87849590.0,111740529823.1,1.29,5168.82,sh000905
2024-06-20 00:00:00,5162.16,5094.57,5184.75,5092.29,95609003.0,113062777426.7,1.79,5094.57,sh000905
2024-06-21 00:00:00,5079.92,5102.33,5128.14,5071.65,83838907.0,98090349439.3,1.11,5102.33,sh000905
2024-06-24 00:00:00,5072.8,4992.91,5078.96,4986.77,100186646.0,113108464981.7,1.81,4992.91,sh000905
2024-06-25 00:00:00,4989.07,4948.63,5007.34,4918.04,91636779.0,104683752506.4,1.79,4948.63,sh000905
2024-06-26 00:00:00,4942.17,5020.43,5024.77,4915.66,93394621.0,102152255030.0,2.2,5020.43,sh000905
2024-06-27 00:00:00,4998.99,4928.05,5000.18,4925.16,88537187.0,97364975399.3,1.49,4928.05,sh000905
2024-06-28 00:00:00,4914.67,4942.78,5003.41,4914.55,106308342.0,114743251798.9,1.8,4942.78,sh000905
2024-07-01 00:00:00,4943.79,5003.16,5017.61,4929.09,97312793.0,110821074065.9,1.79,5003.16,sh000905
2024-07-02 00:00:00,5000.58,4949.48,5002.74,4934.12,96209334.0,105902911013.0,1.37,4949.48,sh000905
2024-07-03 00:00:00,4945.4,4910.92,4950.51,4905.39,84528331.0,96121126342.0,0.91,4910.92,sh000905
2024-07-04 00:00:00,4917.44,4834.5,4935.61,4827.34,91008466.0,98771611006.7,2.2,4834.5,sh000905
2024-07-05 00:00:00,4828.86,4866.26,4877.93,4794.13,83133279.0,93724633826.8,1.73,4866.26,sh000905
2024-07-08 00:00:00,4857.02,4783.62,4857.27,4768.56,90254500.0,96789200226.5,1.82,4783.62,sh000905
2024-07-09 00:00:00,4775.31,4876.9,4888.48,4745.32,111401968.0,126704548339.3,2.99,4876.9,sh000905
2024-07-10 00:00:00,4857.48,4844.16,4891.37,4836.17,100953186.0,117244916014.0,1.13,4844.16,sh000905
2024-07-11 00:00:00,4902.81,4939.73,4941.7,4871.17,115275494.0,133127527342.5,1.46,4939.73,sh000905
2024-07-12 00:00:00,4926.98,4919.36,4937.35,4905.8,97175106.0,115594261299.6,0.64,4919.36,sh000905
2024-07-15 00:00:00,4903.52,4883.9,4903.52,4868.74,86824312.0,102734711417.3,0.71,4883.9,sh000905
2024-07-16 00:00:00,4877.6,4898.36,4907.83,4850.43,87267978.0,113648284397.5,1.18,4898.36,sh000905
2024-07-17 00:00:00,4893.41,4856.58,4900.36,4853.6,96909547.0,117932902593.7,0.95,4856.58,sh000905
2024-07-18 00:00:00,4822.13,4877.69,4879.69,4793.43,96654750.0,115283847816.1,1.78,4877.69,sh000905
2024-07-19 00:00:00,4853.04,4872.05,4900.38,4842.93,93290746.0,111989382468.3,1.18,4872.05,sh000905
2024-07-22 00:00:00,4872.64,4865.98,4885.36,4839.11,92710458.0,110307683161.2,0.95,4865.98,sh000905
2024-07-23 00:00:00,4862.97,4722.8,4862.97,4722.8,102403712.0,110578297603.3,2.88,4722.8,sh000905
2024-07-24 00:00:00,4712.29,4668.06,4738.76,4661.83,112674635.0,103026731862.0,1.63,4668.06,sh000905
2024-07-25 00:00:00,4644.42,4665.45,4710.46,4635.24,88600074.0,95885153870.2,1.61,4665.45,sh000905
2024-07-26 00:00:00,4670.45,4736.38,4744.45,4670.45,86472049.0,94118612207.0,1.59,4736.38,sh000905
2024-07-29 00:00:00,4740.5,4708.84,4742.15,4702.98,81102039.0,90979232032.0,0.83,4708.84,sh000905
2024-07-30 00:00:00,4694.52,4699.28,4712.04,4650.56,83353382.0,86181033613.6,1.31,4699.28,sh000905
2024-07-31 00:00:00,4694.73,4886.41,4887.92,4687.05,143180919.0,146601666177.8,4.27,4886.41,sh000905
2024-08-01 00:00:00,4893.87,4852.97,4928.24,4834.65,113213393.0,119765528788.7,1.92,4852.97,sh000905
2024-08-02 00:00:00,4816.94,4788.62,4874.71,4783.12,98529844.0,105654740577.4,1.89,4788.62,sh000905
2024-08-05 00:00:00,4756.08,4693.85,4846.54,4693.82,113338148.0,123487463651.4,3.19,4693.85,sh000905
2024-08-06 00:00:00,4740.45,4750.78,4774.93,4699.18,107774770.0,105286322238.1,1.61,4750.78,sh000905
2024-08-07 00:00:00,4747.98,4751.94,4783.42,4719.94,96989481.0,96834771203.2,1.34,4751.94,sh000905
2024-08-08 00:00:00,4737.09,4755.81,4791.66,4701.79,104309253.0,95364149202.0,1.89,4755.81,sh000905
2024-08-09 00:00:00,4778.26,4720.31,4805.1,4720.31,108819586.0,88057504682.2,1.78,4720.31,sh000905
2024-08-12 00:00:00,4716.96,4714.16,4737.19,4696.05,89100832.0,76375856580.1,0.87,4714.16,sh000905
2024-08-13 00:00:00,4713.96,4731.84,4731.84,4680.59,81365173.0,71101413451.5,1.09,4731.84,sh000905
2024-08-14 00:00:00,4729.81,4667.07,4730.24,4667.07,74588030.0,68308163886.2,1.33,4667.07,sh000905
2024-08-15 00:00:00,4656.7,4698.38,4746.41,4647.79,90973293.0,83712897622.1,2.11,4698.38,sh000905
2024-08-16 00:00:00,4703.6,4670.38,4708.02,4662.11,87379580.0,81927269812.8,0.98,4670.38,sh000905
2024-08-19 00:00:00,4666.33,4682.96,4729.87,4666.26,87136867.0,80742361426.1,1.36,4682.96,sh000905
2024-08-20 00:00:00,4684.29,4602.01,4686.36,4590.39,91846146.0,81351685184.9,2.05,4602.01,sh000905
2024-08-21 00:00:00,4589.09,4587.12,4610.87,4582.27,83526910.0,74809964819.1,0.62,4587.12,sh000905
2024-08-22 00:00:00,4589.5,4533.37,4595.05,4526.25,85856868.0,78202476718.8,1.5,4533.37,sh000905
2024-08-23 00:00:00,4523.99,4537.09,4549.3,4513.2,75778364.0,71369991695.7,0.8,4537.09,sh000905
2024-08-26 00:00:00,4542.86,4544.36,4558.59,4523.73,87118296.0,84365247766.9,0.77,4544.36,sh000905
2024-08-27 00:00:00,4532.49,4495.29,4532.49,4487.09,82529205.0,78742868644.7,1.0,4495.29,sh000905
2024-08-28 00:00:00,4486.43,4500.01,4527.77,4482.03,82681199.0,74244549232.7,1.02,4500.01,sh000905
2024-08-29 00:00:00,4483.55,4557.9,4577.79,4475.22,103115562.0,96829969885.4,2.28,4557.9,sh000905
2024-08-30 00:00:00,4557.5,4639.11,4704.34,4548.38,151593361.0,144749168233.3,3.42,4639.11,sh000905
2024-09-02 00:00:00,4631.9,4546.88,4632.31,4546.84,126368517.0,115893027848.1,1.84,4546.88,sh000905
2024-09-03 00:00:00,4543.22,4596.48,4612.28,4543.22,98589686.0,92749159672.5,1.52,4596.48,sh000905
2024-09-04 00:00:00,4567.69,4582.08,4623.38,4552.3,92435685.0,88646018095.4,1.55,4582.08,sh000905
2024-09-05 00:00:00,4585.17,4601.09,4630.64,4582.05,80583723.0,80148632780.7,1.06,4601.09,sh000905
2024-09-06 00:00:00,4609.34,4537.45,4613.31,4535.35,90147596.0,80215749103.2,1.69,4537.45,sh000905
2024-09-09 00:00:00,4517.57,4507.19,4541.79,4487.84,91944608.0,81907584834.7,1.19,4507.19,sh000905
2024-09-10 00:00:00,4509.32,4507.71,4528.67,4432.91,98529542.0,87011759811.7,2.12,4507.71,sh000905
2024-09-11 00:00:00,4490.19,4514.92,4529.35,4479.03,85206842.0,81707868059.9,1.12,4514.92,sh000905
2024-09-12 00:00:00,4518.99,4496.59,4568.75,4496.59,86654304.0,80916511375.5,1.6,4496.59,sh000905
2024-09-13 00:00:00,4500.39,4450.96,4509.07,4450.96,92533757.0,85710614259.9,1.29,4450.96,sh000905
2024-09-18 00:00:00,4450.09,4462.87,4474.72,4397.16,90989683.0,79102523647.7,1.74,4462.87,sh000905
2024-09-19 00:00:00,4481.46,4520.39,4565.39,4437.54,115611868.0,105405904204.6,2.86,4520.39,sh000905
2024-09-20 00:00:00,4514.96,4498.39,4515.81,4471.94,94312044.0,89084435754.7,0.97,4498.39,sh000905
2024-09-23 00:00:00,4495.78,4494.69,4545.54,4483.13,89935227.0,85104838086.0,1.39,4494.69,sh000905
2024-09-24 00:00:00,4524.22,4689.6,4690.57,4503.12,177144703.0,159947071682.9,4.17,4689.6,sh000905
2024-09-25 00:00:00,4743.63,4731.48,4847.2,4724.43,204593519.0,182209573751.3,2.62,4731.48,sh000905
2024-09-26 00:00:00,4726.0,4938.18,4938.18,4719.35,229930323.0,196122560309.1,4.62,4938.18,sh000905
2024-09-27 00:00:00,5027.26,5201.67,5227.96,5021.51,230177508.0,232646658012.5,4.18,5201.67,sh000905
2024-09-30 00:00:00,5449.79,5743.22,5757.92,5387.34,388703200.0,418784669568.5,7.12,5743.22,sh000905
2024-10-08 00:00:00,6417.81,6155.58,6417.81,5868.85,493546420.0,579263323621.8,9.56,6155.58,sh000905
2024-10-09 00:00:00,6013.7,5735.64,6088.08,5704.48,431156416.0,529447530363.7,6.23,5735.64,sh000905
2024-10-10 00:00:00,5768.61,5690.88,5875.94,5597.48,353480245.0,390814224053.0,4.85,5690.88,sh000905
2024-10-11 00:00:00,5650.05,5470.81,5652.85,5408.87,244383373.0,266749263112.0,4.29,5470.81,sh000905
2024-10-14 00:00:00,5503.65,5608.15,5623.97,5408.39,250608541.0,279231292488.6,3.94,5608.15,sh000905
2024-10-15 00:00:00,5578.26,5472.56,5661.07,5471.88,238997019.0,276816614630.7,3.37,5472.56,sh000905
2024-10-16 00:00:00,5393.67,5461.09,5546.18,5393.67,205450926.0,222425749319.4,2.79,5461.09,sh000905
2024-10-17 00:00:00,5499.77,5418.99,5541.03,5417.88,202768685.0,234458932483.4,2.26,5418.99,sh000905
2024-10-18 00:00:00,5416.03,5640.02,5774.14,5404.2,287114219.0,352062136787.1,6.83,5640.02,sh000905
2024-10-21 00:00:00,5680.56,5704.23,5797.88,5631.23,266885186.0,359965731439.6,2.95,5704.23,sh000905
2024-10-22 00:00:00,5703.32,5753.85,5779.3,5673.79,237023624.0,312584329119.8,1.85,5753.85,sh000905
2024-10-23 00:00:00,5745.11,5776.38,5853.46,5727.77,273412640.0,336167749458.4,2.18,5776.38,sh000905
2024-10-24 00:00:00,5747.56,5726.7,5759.87,5694.78,207690046.0,257232250889.5,1.13,5726.7,sh000905
2024-10-25 00:00:00,5735.29,5809.69,5855.26,5729.44,236725708.0,299590180533.3,2.2,5809.69,sh000905
2024-10-28 00:00:00,5816.33,5883.72,5883.72,5787.48,270653787.0,312663682663.8,1.66,5883.72,sh000905
2024-10-29 00:00:00,5903.31,5812.53,5917.21,5807.29,275371143.0,332481504886.9,1.87,5812.53,sh000905
2024-10-30 00:00:00,5793.83,5837.93,5869.11,5777.43,252021275.0,315956554496.2,1.58,5837.93,sh000905
2024-10-31 00:00:00,5839.98,5901.29,5935.18,5812.03,313549202.0,377454102584.7,2.11,5901.29,sh000905
2024-11-01 00:00:00,5893.32,5831.82,5934.2,5795.08,369840641.0,429257467070.0,2.36,5831.82,sh000905
2024-11-04 00:00:00,5835.39,5928.91,5928.91,5835.39,286552294.0,342776867779.9,1.6,5928.91,sh000905
2024-11-05 00:00:00,5925.87,6111.97,6119.25,5910.89,366344492.0,441462863294.4,3.51,6111.97,sh000905
2024-11-06 00:00:00,6134.92,6125.79,6204.53,6081.81,415187737.0,502324104677.0,2.01,6125.79,sh000905
2024-11-07 00:00:00,6061.73,6239.56,6240.76,6049.59,418413323.0,465814955829.2,3.12,6239.56,sh000905
2024-11-08 00:00:00,6306.8,6222.45,6333.68,6206.29,385648347.0,470080201608.9,2.04,6222.45,sh000905
2024-11-11 00:00:00,6211.03,6330.62,6330.8,6199.06,334096921.0,453328339552.7,2.12,6330.62,sh000905
2024-11-12 00:00:00,6349.23,6263.88,6382.98,6205.1,332856919.0,452685440809.0,2.81,6263.88,sh000905
2024-11-13 00:00:00,6234.16,6259.84,6282.28,6162.9,260400673.0,347812976326.8,1.91,6259.84,sh000905
2024-11-14 00:00:00,6240.61,6078.31,6240.61,6068.66,239743138.0,317335892174.5,2.75,6078.31,sh000905
2024-11-15 00:00:00,6055.54,5924.48,6093.42,5924.35,236226042.0,309679795180.8,2.78,5924.48,sh000905
2024-11-18 00:00:00,5940.49,5833.04,5977.49,5799.91,282527224.0,296423264134.4,3.0,5833.04,sh000905
2024-11-19 00:00:00,5836.61,5936.6,5936.93,5776.2,241404215.0,262477730599.7,2.76,5936.6,sh000905
2024-11-20 00:00:00,5920.32,5992.39,6015.23,5909.11,217345224.0,261005441610.0,1.79,5992.39,sh000905
2024-11-21 00:00:00,5973.15,5985.31,6009.63,5937.81,206198941.0,252722313895.1,1.2,5985.31,sh000905
2024-11-22 00:00:00,5969.08,5750.25,5983.34,5750.25,225066737.0,267675732292.4,3.89,5750.25,sh000905
2024-11-25 00:00:00,5754.55,5735.65,5774.82,5662.09,186005060.0,215261571671.1,1.96,5735.65,sh000905
2024-11-26 00:00:00,5727.37,5690.48,5773.36,5688.58,147562865.0,170186745318.8,1.48,5690.48,sh000905
2024-11-27 00:00:00,5669.55,5804.94,5805.64,5604.0,175313302.0,204528721580.5,3.54,5804.94,sh000905
2024-11-28 00:00:00,5802.8,5757.6,5826.49,5749.29,172183537.0,204358289211.1,1.33,5757.6,sh000905
2024-11-29 00:00:00,5748.17,5851.94,5899.87,5736.41,204255544.0,243571196943.7,2.84,5851.94,sh000905
2024-12-02 00:00:00,5853.71,5943.62,5956.6,5848.42,236181308.0,257212815525.1,1.85,5943.62,sh000905
2024-12-03 00:00:00,5946.74,5932.12,5954.66,5877.8,209870509.0,229346951926.7,1.29,5932.12,sh000905
2024-12-04 00:00:00,5929.48,5879.27,5940.85,5850.91,215991634.0,234212942758.9,1.52,5879.27,sh000905
2024-12-05 00:00:00,5855.74,5901.99,5923.62,5853.53,198542236.0,212251881677.0,1.19,5901.99,sh000905
2024-12-06 00:00:00,5903.5,5979.2,6011.77,5877.04,265329536.0,255600553068.3,2.28,5979.2,sh000905
2024-12-09 00:00:00,5983.33,5947.11,6004.23,5911.36,284462209.0,237294662391.5,1.55,5947.11,sh000905
2024-12-10 00:00:00,6132.29,5992.09,6141.07,5982.58,320527823.0,324711288431.3,2.66,5992.09,sh000905
2024-12-11 00:00:00,5973.33,6047.11,6051.47,5972.27,253883941.0,250011474489.1,1.32,6047.11,sh000905
2024-12-12 00:00:00,6048.78,6100.39,6107.71,6023.23,243653690.0,258380795570.8,1.4,6100.39,sh000905
2024-12-13 00:00:00,6065.95,5988.29,6065.95,5988.29,286328198.0,307316221178.0,1.27,5988.29,sh000905
2024-12-16 00:00:00,5983.16,5912.6,5991.58,5888.04,214647441.0,241790858877.2,1.73,5912.6,sh000905
2024-12-17 00:00:00,5896.97,5848.16,5924.62,5837.25,193108547.0,204630242337.7,1.48,5848.16,sh000905
2024-12-18 00:00:00,5861.26,5888.62,5921.98,5853.16,187996290.0,193282038369.0,1.18,5888.62,sh000905
2024-12-19 00:00:00,5829.26,5901.92,5918.49,5816.47,196531194.0,211287492264.4,1.73,5901.92,sh000905
2024-12-20 00:00:00,5889.95,5917.18,5962.42,5889.95,178090399.0,221132517265.6,1.23,5917.18,sh000905
2024-12-23 00:00:00,5917.69,5818.55,5935.15,5815.34,177315486.0,217347047187.5,2.02,5818.55,sh000905
2024-12-24 00:00:00,5827.16,5895.26,5897.19,5827.16,167365824.0,196112525345.7,1.2,5895.26,sh000905
2024-12-25 00:00:00,5896.43,5840.29,5897.51,5796.65,157279132.0,191269446368.3,1.71,5840.29,sh000905
2024-12-26 00:00:00,5830.72,5887.06,5897.48,5830.72,145319444.0,201723277582.2,1.14,5887.06,sh000905
2024-12-27 00:00:00,5892.69,5899.17,5975.79,5881.72,179085498.0,236680633735.7,1.6,5899.17,sh000905
2024-12-30 00:00:00,5890.46,5898.88,5928.57,5867.85,155565586.0,196182578970.3,1.03,5898.88,sh000905
2024-12-31 00:00:00,5902.03,5725.73,5905.46,5725.73,182158855.0,217194009078.8,3.05,5725.73,sh000905
2025-01-02 00:00:00,5717.92,5545.82,5722.11,5498.82,193763157.0,220078999057.0,3.9,5545.82,sh000905
2025-01-03 00:00:00,5552.75,5427.8,5581.4,5419.74,174077310.0,187233075270.9,2.91,5427.8,sh000905
2025-01-06 00:00:00,5421.07,5427.1,5482.63,5384.33,146265658.0,156743673376.1,1.81,5427.1,sh000905
2025-01-07 00:00:00,5429.17,5484.68,5485.58,5405.13,145065278.0,159836326878.2,1.48,5484.68,sh000905
2025-01-08 00:00:00,5462.32,5461.59,5501.66,5326.93,163849915.0,181141237075.9,3.19,5461.59,sh000905
2025-01-09 00:00:00,5437.81,5456.59,5493.68,5436.7,129832627.0,156798867820.6,1.04,5456.59,sh000905
2025-01-10 00:00:00,5449.0,5369.28,5496.38,5369.28,130179553.0,159984103633.2,2.33,5369.28,sh000905
2025-01-13 00:00:00,5319.7,5381.7,5422.01,5319.27,119682937.0,139406540969.0,1.91,5381.7,sh000905
2025-01-14 00:00:00,5393.76,5572.27,5582.84,5378.59,172142860.0,208083727936.2,3.8,5572.27,sh000905
2025-01-15 00:00:00,5559.58,5522.46,5569.19,5509.58,138393243.0,169060453013.4,1.07,5522.46,sh000905
2025-01-16 00:00:00,5546.7,5545.63,5633.85,5508.91,149318085.0,182995873631.7,2.26,5545.63,sh000905
2025-01-17 00:00:00,5524.21,5587.29,5621.94,5519.41,126691174.0,164437435727.2,1.85,5587.29,sh000905
2025-01-20 00:00:00,5621.92,5614.33,5665.18,5598.16,135712507.0,173426107632.4,1.2,5614.33,sh000905
2025-01-21 00:00:00,5639.6,5633.92,5642.92,5573.5,126491300.0,170909135202.8,1.24,5633.92,sh000905
2025-01-22 00:00:00,5606.85,5607.06,5618.58,5567.78,115374996.0,158106585548.6,0.9,5607.06,sh000905
2025-01-23 00:00:00,5659.37,5584.25,5717.69,5584.25,163419987.0,203633761249.2,2.38,5584.25,sh000905
2025-01-24 00:00:00,5570.48,5649.95,5660.43,5570.48,139438058.0,180858845316.0,1.61,5649.95,sh000905
2025-01-27 00:00:00,5660.48,5589.34,5676.03,5589.34,136546056.0,163085841547.7,1.53,5589.34,sh000905
2025-02-05 00:00:00,5643.17,5614.39,5646.04,5588.56,155674141.0,214999512244.8,1.03,5614.39,sh000905
2025-02-06 00:00:00,5606.87,5747.9,5749.02,5597.32,181428193.0,257122087039.6,2.7,5747.9,sh000905
2025-02-07 00:00:00,5750.29,5833.99,5889.43,5741.73,232718863.0,327949184790.5,2.57,5833.99,sh000905
2025-02-10 00:00:00,5858.24,5888.55,5895.41,5836.17,209300905.0,286253277530.5,1.02,5888.55,sh000905
2025-02-11 00:00:00,5890.37,5858.28,5890.37,5827.38,181920508.0,260281069640.5,1.07,5858.28,sh000905
2025-02-12 00:00:00,5841.36,5940.53,5940.54,5841.32,195446155.0,285438865878.9,1.69,5940.53,sh000905
2025-02-13 00:00:00,5938.2,5898.26,5957.58,5889.7,228281839.0,313080162906.2,1.14,5898.26,sh000905
2025-02-14 00:00:00,5893.93,5947.8,5954.48,5886.95,211914261.0,306627494264.1,1.14,5947.8,sh000905
2025-02-17 00:00:00,5979.84,5948.72,5985.36,5906.27,233901689.0,356940293723.8,1.33,5948.72,sh000905
2025-02-18 00:00:00,5935.5,5840.71,5947.93,5816.05,214941482.0,306905660928.8,2.22,5840.71,sh000905
2025-02-19 00:00:00,5834.95,5943.88,5945.35,5831.48,205298305.0,313960331576.5,1.95,5943.88,sh000905
2025-02-20 00:00:00,5941.6,5957.55,5977.73,5920.57,198207411.0,305885399073.0,0.96,5957.55,sh000905
2025-02-21 00:00:00,5969.65,6057.06,6061.82,5943.19,252317128.0,396960769353.7,1.99,6057.06,sh000905
2025-02-24 00:00:00,6057.38,6044.97,6079.02,6007.18,243813798.0,382362648270.6,1.19,6044.97,sh000905
2025-02-25 00:00:00,5967.04,5979.97,6044.76,5956.18,206833953.0,340316449158.0,1.47,5979.97,sh000905
2025-02-26 00:00:00,5990.29,6051.74,6055.87,5973.86,210860898.0,327265336672.0,1.37,6051.74,sh000905
2025-02-27 00:00:00,6050.19,6028.99,6064.49,5940.34,216652930.0,328254761442.7,2.05,6028.99,sh000905
2025-02-28 00:00:00,5997.92,5859.87,6007.47,5847.15,205223814.0,298290643729.1,2.66,5859.87,sh000905
2025-03-03 00:00:00,5875.95,5885.77,5964.27,5851.56,185024581.0,266955659875.8,1.92,5885.77,sh000905
2025-03-04 00:00:00,5845.47,5937.63,5943.08,5843.46,153922211.0,231145314804.5,1.69,5937.63,sh000905
2025-03-05 00:00:00,5937.11,5950.7,5955.9,5892.53,163071500.0,241738025092.7,1.07,5950.7,sh000905
2025-03-06 00:00:00,5980.38,6047.77,6062.54,5972.6,213042852.0,320542701863.5,1.51,6047.77,sh000905
2025-03-07 00:00:00,6029.38,6013.77,6067.35,5989.32,207437149.0,301122130059.3,1.29,6013.77,sh000905
2025-03-10 00:00:00,6022.68,6013.62,6041.52,5971.81,173044336.0,248513462299.4,1.16,6013.62,sh000905
2025-03-11 00:00:00,5944.42,6044.97,6044.97,5942.91,173855643.0,245205106219.3,1.7,6044.97,sh000905
2025-03-12 00:00:00,6068.38,6040.5,6098.24,6038.82,184763537.0,267906301206.6,0.98,6040.5,sh000905
2025-03-13 00:00:00,6032.85,5993.97,6050.18,5947.78,193710717.0,253622427436.4,1.7,5993.97,sh000905
2025-03-14 00:00:00,5993.97,6099.98,6099.98,5978.53,219245834.0,289038080526.0,2.03,6099.98,sh000905
2025-03-17 00:00:00,6119.61,6108.02,6129.85,6098.51,184317273.0,250160671107.9,0.51,6108.02,sh000905
2025-03-18 00:00:00,6126.04,6133.3,6161.23,6114.21,166023043.0,236342189394.2,0.77,6133.3,sh000905
2025-03-19 00:00:00,6117.42,6101.44,6128.23,6076.56,153893780.0,218871992193.0,0.84,6101.44,sh000905
2025-03-20 00:00:00,6094.84,6059.49,6109.18,6055.38,147187865.0,203849586195.9,0.88,6059.49,sh000905
2025-03-21 00:00:00,6038.99,5971.93,6071.08,5951.8,174103785.0,225801003414.7,1.97,5971.93,sh000905
2025-03-24 00:00:00,5973.05,5969.08,5987.06,5882.88,169192435.0,220094329255.6,1.74,5969.08,sh000905
2025-03-25 00:00:00,5969.42,5946.95,5993.93,5929.67,147483948.0,192227014821.0,1.08,5946.95,sh000905
2025-03-26 00:00:00,5935.85,5948.5,5983.47,5935.85,136702111.0,171695842016.5,0.8,5948.5,sh000905
2025-03-27 00:00:00,5932.52,5957.6,6000.66,5891.77,134708904.0,176590477346.0,1.83,5957.6,sh000905
2025-03-28 00:00:00,5954.73,5916.03,5973.8,5904.92,134261927.0,168899478619.3,1.16,5916.03,sh000905
2025-03-31 00:00:00,5886.96,5857.77,5908.3,5802.42,154256090.0,189563392181.2,1.79,5857.77,sh000905
2025-04-01 00:00:00,5870.94,5892.85,5931.5,5867.85,136448602.0,179327950524.9,1.09,5892.85,sh000905
2025-04-02 00:00:00,5884.89,5899.09,5936.65,5884.11,112159960.0,140642079451.3,0.89,5899.09,sh000905
2025-04-03 00:00:00,5842.62,5845.5,5906.71,5817.97,134938625.0,173662140191.8,1.5,5845.5,sh000905
2025-04-07 00:00:00,5523.96,5287.03,5587.85,5212.68,236522656.0,267397400609.4,6.42,5287.03,sh000905
2025-04-08 00:00:00,5279.76,5326.91,5371.18,5249.23,223840665.0,261875349400.4,2.31,5326.91,sh000905
2025-04-09 00:00:00,5249.68,5439.77,5465.14,5135.97,245118027.0,288257435803.9,6.18,5439.77,sh000905
2025-04-10 00:00:00,5534.56,5544.06,5610.19,5513.95,211963035.0,268666431276.5,1.77,5544.06,sh000905
2025-04-11 00:00:00,5514.19,5581.32,5631.6,5510.89,164411663.0,227659789695.8,2.18,5581.32,sh000905
2025-04-14 00:00:00,5633.78,5627.14,5661.8,5608.73,155487077.0,207470466690.5,0.95,5627.14,sh000905
2025-04-15 00:00:00,5625.0,5602.53,5626.68,5567.03,123273708.0,161900884812.5,1.06,5602.53,sh000905
2025-04-16 00:00:00,5589.78,5556.86,5592.67,5492.65,132537224.0,163751037649.9,1.79,5556.86,sh000905
2025-04-17 00:00:00,5527.59,5557.01,5604.62,5526.89,113652382.0,148283242243.4,1.4,5557.01,sh000905
2025-04-18 00:00:00,5546.97,5560.72,5579.48,5525.4,111644258.0,139804146811.9,0.97,5560.72,sh000905
2025-04-21 00:00:00,5556.51,5642.38,5646.22,5535.7,123111883.0,160264813233.9,1.99,5642.38,sh000905
2025-04-22 00:00:00,5634.89,5624.21,5651.55,5617.88,124666689.0,164464321326.5,0.6,5624.21,sh000905
2025-04-23 00:00:00,5647.91,5634.95,5670.26,5614.77,127007764.0,177991292765.2,0.99,5634.95,sh000905
2025-04-24 00:00:00,5633.02,5605.88,5651.53,5583.43,122696696.0,157899194340.6,1.21,5605.88,sh000905
2025-04-25 00:00:00,5613.14,5627.18,5661.59,5596.53,140000800.0,171933817273.4,1.16,5627.18,sh000905
2025-04-28 00:00:00,5624.42,5598.3,5628.08,5587.79,136218094.0,167616287077.3,0.72,5598.3,sh000905
2025-04-29 00:00:00,5583.72,5604.91,5622.02,5571.24,126742927.0,158033003939.8,0.91,5604.91,sh000905
2025-04-30 00:00:00,5604.65,5631.82,5647.78,5603.17,138386621.0,181616584522.5,0.8,5631.82,sh000905
2025-05-06 00:00:00,5668.88,5740.33,5740.33,5666.47,162773606.0,217059975785.3,1.31,5740.33,sh000905
2025-05-07 00:00:00,5805.66,5750.29,5819.24,5713.27,171011757.0,227566204818.1,1.85,5750.29,sh000905
2025-05-08 00:00:00,5731.72,5773.81,5783.79,5724.95,136140322.0,187032631458.8,1.02,5773.81,sh000905
2025-05-09 00:00:00,5770.44,5721.72,5770.44,5705.17,123939007.0,178162276679.5,1.13,5721.72,sh000905
2025-05-12 00:00:00,5751.44,5793.67,5794.52,5737.46,135824367.0,199426833721.2,1.0,5793.67,sh000905
2025-05-13 00:00:00,5838.03,5781.67,5838.03,5772.07,138271081.0,194252270526.7,1.14,5781.67,sh000905
2025-05-14 00:00:00,5778.08,5799.12,5835.49,5750.54,156279994.0,188145126840.3,1.47,5799.12,sh000905
2025-05-15 00:00:00,5786.78,5715.3,5786.78,5715.29,135160768.0,165136693963.9,1.23,5715.3,sh000905
2025-05-16 00:00:00,5703.74,5715.85,5735.01,5703.74,116709136.0,141882122895.5,0.55,5715.85,sh000905
2025-05-19 00:00:00,5719.44,5720.79,5729.07,5669.72,115384939.0,141098692009.1,1.04,5720.79,sh000905
2025-05-20 00:00:00,5723.51,5747.37,5759.46,5707.81,116896615.0,151751185853.6,0.9,5747.37,sh000905
2025-05-21 00:00:00,5741.69,5757.92,5763.08,5733.83,115804542.0,155147378006.4,0.51,5757.92,sh000905
2025-05-22 00:00:00,5739.19,5703.28,5757.79,5701.16,109057720.0,141620883824.3,0.98,5703.28,sh000905
2025-05-23 00:00:00,5697.14,5653.04,5738.08,5653.04,114361198.0,148123602870.9,1.49,5653.04,sh000905
2025-05-26 00:00:00,5653.21,5669.46,5693.63,5644.58,97170989.0,127343603493.8,0.87,5669.46,sh000905
2025-05-27 00:00:00,5666.3,5652.15,5667.87,5629.13,95149363.0,125275690002.2,0.68,5652.15,sh000905
2025-05-28 00:00:00,5651.88,5637.24,5660.47,5628.42,94908883.0,119959827369.0,0.57,5637.24,sh000905
2025-05-29 00:00:00,5637.06,5719.91,5724.52,5637.06,114682484.0,148095092966.2,1.55,5719.91,sh000905
2025-05-30 00:00:00,5704.77,5671.07,5704.77,5665.52,109900707.0,137670579253.9,0.69,5671.07,sh000905
2025-06-03 00:00:00,5653.67,5694.84,5710.42,5653.3,122853903.0,159996843500.1,1.01,5694.84,sh000905
2025-06-04 00:00:00,5696.57,5739.01,5744.45,5696.57,116196077.0,150314940398.1,0.84,5739.01,sh000905
2025-06-05 00:00:00,5741.03,5769.97,5778.1,5719.55,125223584.0,174970104156.2,1.02,5769.97,sh000905
2025-06-06 00:00:00,5768.4,5762.08,5771.76,5750.66,108217660.0,148022372105.1,0.37,5762.08,sh000905
2025-06-09 00:00:00,5772.78,5805.65,5823.9,5765.35,128188619.0,171482411225.9,1.02,5805.65,sh000905
2025-06-10 00:00:00,5809.83,5757.99,5810.92,5715.97,138269181.0,182980299992.1,1.64,5757.99,sh000905
2025-06-11 00:00:00,5758.53,5792.95,5818.57,5758.53,123716707.0,161353672422.0,1.04,5792.95,sh000905
2025-06-12 00:00:00,5780.97,5799.93,5808.8,5766.52,125615846.0,165393538363.1,0.73,5799.93,sh000905
2025-06-13 00:00:00,5783.16,5740.24,5794.67,5728.21,167613374.0,216010351562.9,1.15,5740.24,sh000905
2025-06-16 00:00:00,5725.0,5767.81,5775.95,5725.0,128242658.0,170989175829.1,0.89,5767.81,sh000905
2020-11-09 00:00:00,6337.44,6421.65,6452.91,6337.44,160027881.0,175071789056.0,1.83,6421.65,sh000905
2020-11-10 00:00:00,6434.43,6373.09,6435.41,6339.29,141928932.0,155931471872.0,1.5,6373.09,sh000905
2020-11-11 00:00:00,6356.37,6294.61,6375.24,6292.84,130728082.0,134439038976.0,1.29,6294.61,sh000905
2020-11-12 00:00:00,6305.07,6315.49,6341.0,6285.29,104680686.0,113184124928.0,0.89,6315.49,sh000905
2020-11-13 00:00:00,6304.46,6306.97,6319.41,6248.36,107116321.0,112943607808.0,1.13,6306.97,sh000905
2020-11-16 00:00:00,6319.7,6387.37,6387.42,6294.29,133677330.0,131781935104.0,1.48,6387.37,sh000905
2020-11-17 00:00:00,6380.77,6336.94,6380.77,6300.57,141274319.0,138972385280.0,1.26,6336.94,sh000905
2020-11-18 00:00:00,6333.45,6341.01,6382.5,6314.31,133982461.0,129795858432.0,1.08,6341.01,sh000905
2020-11-19 00:00:00,6328.08,6360.6,6370.18,6293.56,123804846.0,121059610624.0,1.21,6360.6,sh000905
2020-11-20 00:00:00,6354.79,6422.99,6429.87,6351.31,130667645.0,128065404928.0,1.24,6422.99,sh000905
2020-11-23 00:00:00,6435.92,6472.93,6516.24,6407.06,181925668.0,170218078208.0,1.7,6472.93,sh000905
2020-11-24 00:00:00,6472.75,6475.19,6495.14,6454.67,154062966.0,148759535616.0,0.63,6475.19,sh000905
2020-11-25 00:00:00,6489.26,6350.37,6489.72,6350.37,153813107.0,156624908288.0,2.15,6350.37,sh000905
2020-11-26 00:00:00,6349.86,6334.3,6358.17,6284.97,123236936.0,125528465408.0,1.15,6334.3,sh000905
2020-11-27 00:00:00,6337.38,6351.61,6351.81,6276.07,120885115.0,117407961088.0,1.2,6351.61,sh000905
2020-11-30 00:00:00,6360.46,6320.94,6397.72,6309.44,163157683.0,157517647872.0,1.39,6320.94,sh000905
2020-12-01 00:00:00,6307.85,6426.62,6437.94,6299.41,150957340.0,152562839552.0,2.19,6426.62,sh000905
2020-12-02 00:00:00,6437.96,6434.98,6446.81,6392.99,149705106.0,150490963968.0,0.84,6434.98,sh000905
2020-12-03 00:00:00,6437.38,6440.88,6461.09,6392.9,152214932.0,152891752448.0,1.06,6440.88,sh000905
2020-12-04 00:00:00,6426.03,6464.73,6471.86,6409.68,128855168.0,135320891392.0,0.97,6464.73,sh000905
2020-12-07 00:00:00,6465.99,6424.68,6472.85,6417.65,121078282.0,130847019008.0,0.85,6424.68,sh000905
2020-12-08 00:00:00,6424.16,6423.65,6448.39,6406.72,105494991.0,118324850688.0,0.65,6423.65,sh000905
2020-12-09 00:00:00,6430.48,6307.22,6437.43,6307.22,121516214.0,133439442944.0,2.03,6307.22,sh000905
2020-12-10 00:00:00,6295.35,6320.1,6350.92,6267.17,110577142.0,122398601216.0,1.33,6320.1,sh000905
2020-12-11 00:00:00,6328.83,6209.43,6340.39,6163.41,132641605.0,143457071104.0,2.8,6209.43,sh000905
2020-12-14 00:00:00,6207.83,6259.02,6260.61,6176.54,106877148.0,123900780544.0,1.35,6259.02,sh000905
2020-12-15 00:00:00,6250.1,6265.58,6276.58,6228.68,97980995.0,119718559744.0,0.77,6265.58,sh000905
2020-12-16 00:00:00,6268.21,6235.44,6271.03,6219.09,99283950.0,114108039168.0,0.83,6235.44,sh000905
2020-12-17 00:00:00,6225.08,6308.9,6312.01,6184.54,127702743.0,140083142656.0,2.04,6308.9,sh000905
2020-12-18 00:00:00,6310.16,6291.92,6332.53,6269.21,128622287.0,137531404288.0,1.0,6291.92,sh000905
2020-12-21 00:00:00,6302.26,6398.6,6401.55,6293.92,136347822.0,156761702400.0,1.71,6398.6,sh000905
2020-12-22 00:00:00,6372.88,6250.06,6378.5,6241.56,151310618.0,172456513536.0,2.14,6250.06,sh000905
2020-12-23 00:00:00,6255.35,6307.6,6330.6,6242.62,144044324.0,166258561024.0,1.41,6307.6,sh000905
2020-12-24 00:00:00,6308.48,6205.22,6308.48,6202.4,131221652.0,147688968192.0,1.68,6205.22,sh000905
2020-12-25 00:00:00,6190.99,6278.5,6284.59,6186.03,134478267.0,143831769088.0,1.59,6278.5,sh000905
2020-12-28 00:00:00,6283.78,6244.48,6288.24,6219.09,148960215.0,160495558656.0,1.1,6244.48,sh000905
2020-12-29 00:00:00,6240.74,6199.85,6280.04,6196.41,154476032.0,155674660864.0,1.34,6199.85,sh000905
2020-12-30 00:00:00,6196.45,6269.25,6289.27,6188.59,138041674.0,148227833856.0,1.62,6269.25,sh000905
2020-12-31 00:00:00,6282.96,6367.11,6370.57,6281.01,160194086.0,174289317888.0,1.43,6367.11,sh000905
2021-01-04 00:00:00,6395.61,6482.79,6501.59,6359.08,186621210.0,211126910976.0,2.24,6482.79,sh000905
2021-01-05 00:00:00,6470.25,6539.73,6539.73,6452.52,196726292.0,227033006080.0,1.35,6539.73,sh000905
2021-01-06 00:00:00,6549.73,6528.14,6569.2,6472.74,178521085.0,209333366784.0,1.47,6528.14,sh000905
2021-01-07 00:00:00,6523.68,6538.12,6567.27,6467.44,197135642.0,219238805504.0,1.53,6538.12,sh000905
2021-01-08 00:00:00,6541.56,6557.6,6598.38,6484.4,180837430.0,207113826304.0,1.74,6557.6,sh000905
2021-01-11 00:00:00,6557.45,6455.4,6572.85,6419.73,183257272.0,217940398080.0,2.34,6455.4,sh000905
2021-01-12 00:00:00,6425.81,6543.23,6543.23,6425.81,162311237.0,199048531968.0,1.82,6543.23,sh000905
2021-01-13 00:00:00,6550.03,6496.91,6553.65,6457.88,184913421.0,222962630656.0,1.46,6496.91,sh000905
2021-01-14 00:00:00,6471.79,6439.89,6516.27,6402.6,163023816.0,198732648448.0,1.75,6439.89,sh000905
2021-01-15 00:00:00,6427.13,6417.5,6447.88,6339.43,138243200.0,166962802688.0,1.68,6417.5,sh000905
2021-01-18 00:00:00,6414.83,6514.46,6529.41,6392.07,136832806.0,169891545088.0,2.14,6514.46,sh000905
2021-01-19 00:00:00,6510.48,6476.37,6532.65,6456.12,147616717.0,174545108992.0,1.17,6476.37,sh000905
2021-01-20 00:00:00,6477.67,6535.42,6535.48,6449.28,128525432.0,153378910208.0,1.33,6535.42,sh000905
2021-01-21 00:00:00,6552.03,6622.5,6649.86,6550.88,156809587.0,189208743936.0,1.51,6622.5,sh000905
2021-01-22 00:00:00,6619.86,6637.81,6643.67,6573.82,158062310.0,202861674496.0,1.05,6637.81,sh000905
2021-01-25 00:00:00,6636.22,6645.31,6711.57,6599.97,165623104.0,223556747264.0,1.68,6645.31,sh000905
2021-01-26 00:00:00,6621.15,6532.96,6624.45,6515.26,143371310.0,191892389888.0,1.64,6532.96,sh000905
2021-01-27 00:00:00,6527.68,6557.16,6564.29,6481.16,139760049.0,174776066048.0,1.27,6557.16,sh000905
2021-01-28 00:00:00,6475.86,6414.38,6529.84,6405.81,144825405.0,174817693696.0,1.89,6414.38,sh000905
2021-01-29 00:00:00,6448.67,6346.14,6462.37,6255.7,146041582.0,172077244416.0,3.22,6346.14,sh000905
2021-02-01 00:00:00,6338.64,6393.28,6397.01,6328.34,137325184.0,157579284480.0,1.08,6393.28,sh000905
2021-02-02 00:00:00,6404.85,6454.79,6459.48,6361.09,132394314.0,161720463360.0,1.54,6454.79,sh000905
2021-02-03 00:00:00,6459.66,6399.33,6484.49,6399.33,145457155.0,175699415040.0,1.32,6399.33,sh000905
2021-02-04 00:00:00,6375.67,6328.79,6414.3,6249.53,148861330.0,173708935168.0,2.57,6328.79,sh000905
2021-02-05 00:00:00,6343.83,6239.87,6382.96,6236.27,135132879.0,162500628480.0,2.32,6239.87,sh000905
2021-02-08 00:00:00,6247.92,6323.16,6354.02,6215.73,116134003.0,141592203264.0,2.22,6323.16,sh000905
2021-02-09 00:00:00,6334.42,6457.88,6468.43,6330.79,119319109.0,146850922496.0,2.18,6457.88,sh000905
2021-02-10 00:00:00,6474.75,6525.17,6542.75,6424.72,119042660.0,150035763200.0,1.83,6525.17,sh000905
2021-02-18 00:00:00,6657.31,6614.54,6678.61,6564.31,166892393.0,194996420608.0,1.75,6614.54,sh000905
2021-02-19 00:00:00,6600.25,6703.48,6706.39,6542.78,178767818.0,201468755968.0,2.47,6703.48,sh000905
2021-02-22 00:00:00,6731.51,6657.06,6810.92,6657.06,237065585.0,259948294144.0,2.3,6657.06,sh000905
2021-02-23 00:00:00,6613.6,6631.23,6701.43,6609.08,192656865.0,206144663552.0,1.39,6631.23,sh000905
2021-02-24 00:00:00,6633.28,6536.19,6661.43,6477.75,173718833.0,196797837312.0,2.77,6536.19,sh000905
2021-02-25 00:00:00,6600.21,6499.15,6609.56,6484.55,162068183.0,171451162624.0,1.91,6499.15,sh000905
2021-02-26 00:00:00,6365.74,6364.35,6446.95,6346.13,150760207.0,163655503872.0,1.55,6364.35,sh000905
2021-03-01 00:00:00,6407.16,6488.44,6491.94,6404.89,158608438.0,165792206848.0,1.37,6488.44,sh000905
2021-03-02 00:00:00,6514.02,6433.33,6514.02,6386.49,165877069.0,174025453568.0,1.97,6433.33,sh000905
2021-03-03 00:00:00,6426.04,6524.75,6528.22,6420.21,171017523.0,169667465216.0,1.68,6524.75,sh000905
2021-03-04 00:00:00,6482.79,6401.99,6485.16,6371.73,194334615.0,192657768448.0,1.74,6401.99,sh000905
2021-03-05 00:00:00,6325.75,6403.5,6442.02,6319.53,166504886.0,163666501632.0,1.91,6403.5,sh000905
2021-03-08 00:00:00,6453.78,6256.41,6488.82,6253.7,168546340.0,177120047104.0,3.67,6256.41,sh000905
2021-03-09 00:00:00,6235.31,6108.0,6250.94,6033.41,196432686.0,181888458752.0,3.48,6108.0,sh000905
2021-03-10 00:00:00,6164.77,6062.26,6179.85,6053.02,142554278.0,135611236352.0,2.08,6062.26,sh000905
2021-03-11 00:00:00,6074.33,6213.83,6213.93,6045.55,160814643.0,149412659200.0,2.78,6213.83,sh000905
2021-03-12 00:00:00,6231.48,6222.38,6232.5,6137.99,175746179.0,160346947584.0,1.52,6222.38,sh000905
2021-03-15 00:00:00,6192.3,6173.87,6229.57,6111.36,170799690.0,150564929536.0,1.9,6173.87,sh000905
2021-03-16 00:00:00,6176.07,6195.24,6222.18,6124.78,152845993.0,138852790272.0,1.58,6195.24,sh000905
2021-03-17 00:00:00,6180.89,6225.36,6230.56,6124.05,134840397.0,125106921472.0,1.72,6225.36,sh000905
2021-03-18 00:00:00,6231.19,6273.86,6300.94,6227.19,140725665.0,137984966656.0,1.18,6273.86,sh000905
2021-03-19 00:00:00,6195.25,6206.6,6258.13,6167.51,143238275.0,143898488832.0,1.44,6206.6,sh000905
2021-03-22 00:00:00,6208.93,6305.69,6307.55,6206.08,143041444.0,138484391936.0,1.63,6305.69,sh000905
2021-03-23 00:00:00,6307.98,6219.17,6307.98,6181.13,150964052.0,144085643264.0,2.01,6219.17,sh000905
2021-03-24 00:00:00,6180.31,6142.54,6232.13,6131.82,147673111.0,137684570112.0,1.61,6142.54,sh000905
2021-03-25 00:00:00,6118.87,6157.41,6190.94,6108.26,129307092.0,122101587968.0,1.35,6157.41,sh000905
2021-03-26 00:00:00,6164.82,6251.79,6264.56,6164.82,128887611.0,130405072896.0,1.62,6251.79,sh000905
2021-03-29 00:00:00,6270.0,6254.94,6277.76,6215.8,139633894.0,137607135232.0,0.99,6254.94,sh000905
2021-03-30 00:00:00,6239.47,6280.36,6287.87,6217.33,134409585.0,138902650880.0,1.13,6280.36,sh000905
2021-03-31 00:00:00,6277.7,6254.07,6277.7,6205.94,125128492.0,124539600896.0,1.14,6254.07,sh000905
2021-04-01 00:00:00,6259.41,6311.66,6321.58,6238.31,130374817.0,124971610112.0,1.33,6311.66,sh000905
2021-04-02 00:00:00,6316.56,6326.61,6341.65,6291.71,123938872.0,125309448192.0,0.79,6326.61,sh000905
2021-04-06 00:00:00,6345.89,6343.1,6367.78,6323.24,111489157.0,115979706368.0,0.7,6343.1,sh000905
2021-04-07 00:00:00,6350.38,6348.08,6350.38,6289.07,150016776.0,139659141120.0,0.97,6348.08,sh000905
2021-04-08 00:00:00,6332.93,6356.75,6385.2,6309.12,173741279.0,147432804352.0,1.2,6356.75,sh000905
2021-04-09 00:00:00,6345.29,6335.24,6360.45,6307.66,141306900.0,127539220480.0,0.83,6335.24,sh000905
2021-04-12 00:00:00,6325.26,6226.42,6344.16,6203.57,155441439.0,142018338816.0,2.22,6226.42,sh000905
2021-04-13 00:00:00,6210.22,6209.78,6254.9,6193.81,130387709.0,116032380928.0,0.98,6209.78,sh000905
2021-04-14 00:00:00,6206.64,6277.21,6287.84,6206.64,117438218.0,107282817024.0,1.31,6277.21,sh000905
2021-04-15 00:00:00,6263.63,6276.46,6281.43,6211.66,119776177.0,111582126080.0,1.11,6276.46,sh000905
2021-04-16 00:00:00,6283.86,6339.59,6344.95,6276.43,126764654.0,119984627712.0,1.09,6339.59,sh000905
2021-04-19 00:00:00,6331.71,6425.26,6431.78,6315.08,142200929.0,144720531456.0,1.84,6425.26,sh000905
2021-04-20 00:00:00,6419.73,6428.54,6467.38,6410.28,134674524.0,143364747264.0,0.89,6428.54,sh000905
2021-04-21 00:00:00,6396.27,6420.26,6434.63,6369.77,121051732.0,128354893824.0,1.01,6420.26,sh000905
2021-04-22 00:00:00,6444.28,6445.47,6472.8,6424.75,124923876.0,131906162688.0,0.75,6445.47,sh000905
2021-04-23 00:00:00,6445.52,6462.76,6463.97,6412.99,126117307.0,135170990080.0,0.79,6462.76,sh000905
2021-04-26 00:00:00,6480.3,6442.65,6546.64,6437.19,144964140.0,166586765312.0,1.69,6442.65,sh000905
2021-04-27 00:00:00,6434.61,6446.28,6466.25,6399.44,125894712.0,138320089088.0,1.04,6446.28,sh000905
2021-04-28 00:00:00,6433.1,6489.74,6489.74,6410.32,117234944.0,136377847808.0,1.23,6489.74,sh000905
2021-04-29 00:00:00,6495.65,6491.93,6502.43,6453.52,128305439.0,145502310400.0,0.75,6491.93,sh000905
2021-04-30 00:00:00,6470.35,6485.71,6503.15,6434.73,144254239.0,163746328576.0,1.05,6485.71,sh000905
2021-05-06 00:00:00,6503.6,6489.35,6548.07,6440.33,154141980.0,167436128256.0,1.66,6489.35,sh000905
2021-05-07 00:00:00,6505.58,6444.44,6524.18,6439.89,177518748.0,177915641856.0,1.3,6444.44,sh000905
2021-05-10 00:00:00,6461.42,6475.99,6493.5,6437.11,189080133.0,180906622976.0,0.88,6475.99,sh000905
2021-05-11 00:00:00,6436.29,6456.04,6472.87,6349.79,187263611.0,175350132736.0,1.9,6456.04,sh000905
2021-05-12 00:00:00,6434.91,6512.05,6521.49,6419.74,156490931.0,150127198208.0,1.58,6512.05,sh000905
2021-05-13 00:00:00,6448.96,6439.03,6497.0,6426.58,159658647.0,155853651968.0,1.08,6439.03,sh000905
2021-05-14 00:00:00,6454.68,6525.8,6525.8,6421.21,166243407.0,163611262976.0,1.62,6525.8,sh000905
2021-05-17 00:00:00,6521.89,6578.14,6613.89,6521.89,159363758.0,172029263872.0,1.41,6578.14,sh000905
2021-05-18 00:00:00,6578.97,6599.6,6604.69,6558.78,132505490.0,141986529280.0,0.7,6599.6,sh000905
2021-05-19 00:00:00,6582.1,6584.39,6590.98,6544.84,135181256.0,146346352640.0,0.7,6584.39,sh000905
2021-05-20 00:00:00,6541.09,6548.71,6580.44,6506.41,162329923.0,167135805440.0,1.12,6548.71,sh000905
2021-05-21 00:00:00,6557.49,6527.86,6570.46,6512.81,134350694.0,145990148096.0,0.88,6527.86,sh000905
2021-05-24 00:00:00,6515.83,6544.12,6564.07,6494.62,137226611.0,150739210240.0,1.06,6544.12,sh000905
2021-05-25 00:00:00,6549.34,6619.67,6628.69,6524.3,144692037.0,158035570688.0,1.6,6619.67,sh000905
2021-05-26 00:00:00,6631.37,6628.21,6642.38,6612.42,156237002.0,169904623616.0,0.45,6628.21,sh000905
2021-05-27 00:00:00,6629.24,6685.41,6685.48,6620.72,145166676.0,164642447360.0,0.98,6685.41,sh000905
2021-05-28 00:00:00,6699.28,6668.17,6718.09,6643.64,157318385.0,176611766272.0,1.11,6668.17,sh000905
2021-05-31 00:00:00,6681.55,6728.99,6729.07,6667.26,146929492.0,176728707072.0,0.93,6728.99,sh000905
2021-06-01 00:00:00,6718.64,6739.76,6742.98,6656.66,161091958.0,185038577664.0,1.28,6739.76,sh000905
2021-06-02 00:00:00,6740.5,6681.43,6748.15,6662.75,157365320.0,174265552896.0,1.27,6681.43,sh000905
2021-06-03 00:00:00,6680.1,6667.73,6744.52,6654.46,154885691.0,167598940160.0,1.35,6667.73,sh000905
2021-06-04 00:00:00,6642.06,6693.06,6725.69,6628.01,137866404.0,161257144320.0,1.46,6693.06,sh000905
2021-06-07 00:00:00,6705.74,6721.5,6729.85,6689.7,140560896.0,174154018816.0,0.6,6721.5,sh000905
2021-06-08 00:00:00,6726.09,6684.56,6752.63,6652.39,138684946.0,169906610176.0,1.49,6684.56,sh000905
2021-06-09 00:00:00,6677.14,6692.9,6712.25,6656.05,136511035.0,155486113792.0,0.84,6692.9,sh000905
2021-06-10 00:00:00,6688.82,6765.64,6773.46,6683.49,154280965.0,177003016192.0,1.34,6765.64,sh000905
2021-06-11 00:00:00,6773.64,6725.92,6775.86,6717.27,169569608.0,194413371392.0,0.87,6725.92,sh000905
2021-06-15 00:00:00,6734.1,6663.66,6736.54,6649.2,152209249.0,166359281664.0,1.3,6663.66,sh000905
2021-06-16 00:00:00,6659.49,6566.29,6662.78,6554.89,136807877.0,152269455360.0,1.62,6566.29,sh000905
2021-06-17 00:00:00,6554.3,6616.17,6618.5,6554.3,124492562.0,143795949568.0,0.98,6616.17,sh000905
2021-06-18 00:00:00,6610.27,6657.76,6671.88,6587.03,138022582.0,161540071424.0,1.28,6657.76,sh000905
2021-06-21 00:00:00,6652.65,6707.18,6722.98,6638.52,143031173.0,174776561664.0,1.27,6707.18,sh000905
2021-06-22 00:00:00,6723.3,6739.79,6748.97,6691.82,146543498.0,170147487744.0,0.85,6739.79,sh000905
2021-06-23 00:00:00,6741.58,6789.95,6803.97,6720.58,155309609.0,184582045696.0,1.24,6789.95,sh000905
2021-06-24 00:00:00,6791.86,6754.87,6791.86,6743.33,145046523.0,172627660800.0,0.71,6754.87,sh000905
2021-06-25 00:00:00,6748.87,6813.41,6824.86,6739.02,151485660.0,174329253888.0,1.27,6813.41,sh000905
2021-06-28 00:00:00,6814.32,6828.52,6843.52,6802.86,145504051.0,175447982080.0,0.6,6828.52,sh000905
2021-06-29 00:00:00,6833.06,6765.42,6835.05,6756.92,136625723.0,167622238208.0,1.14,6765.42,sh000905
2021-06-30 00:00:00,6767.74,6808.18,6812.38,6757.34,125406162.0,155031842816.0,0.81,6808.18,sh000905
2021-07-01 00:00:00,6827.7,6716.67,6827.7,6716.67,138350812.0,168199909376.0,1.63,6716.67,sh000905
2021-07-02 00:00:00,6701.06,6658.05,6718.51,6651.48,136472287.0,162302316544.0,1.0,6658.05,sh000905
2021-07-05 00:00:00,6670.13,6711.01,6716.15,6663.54,134734720.0,165135855616.0,0.79,6711.01,sh000905
2021-07-06 00:00:00,6727.97,6709.5,6747.85,6633.61,145017953.0,183569346560.0,1.7,6709.5,sh000905
2021-07-07 00:00:00,6661.85,6764.13,6765.43,6642.57,147646953.0,176266752000.0,1.83,6764.13,sh000905
2021-07-08 00:00:00,6774.84,6748.65,6797.08,6740.85,159564544.0,203043020800.0,0.83,6748.65,sh000905
2021-07-09 00:00:00,6721.61,6804.54,6814.65,6683.79,166107003.0,204576735232.0,1.94,6804.54,sh000905
2021-07-12 00:00:00,6852.48,6904.38,6926.76,6840.02,193561044.0,239883546624.0,1.27,6904.38,sh000905
2021-07-13 00:00:00,6901.81,6961.85,6961.97,6889.03,179620844.0,223831191552.0,1.06,6961.85,sh000905
2021-07-14 00:00:00,6953.82,6898.75,6973.61,6898.75,171735447.0,214904537088.0,1.08,6898.75,sh000905
2021-07-15 00:00:00,6874.8,6932.41,6936.58,6828.48,173221107.0,205199286272.0,1.57,6932.41,sh000905
2021-07-16 00:00:00,6931.05,6925.12,6992.83,6922.35,184907858.0,221559304192.0,1.02,6925.12,sh000905
2021-07-19 00:00:00,6912.1,6889.34,6931.14,6856.65,169734817.0,208077103104.0,1.08,6889.34,sh000905
2021-07-20 00:00:00,6831.05,6901.13,6901.13,6825.82,140140631.0,171140493312.0,1.09,6901.13,sh000905
2021-07-21 00:00:00,6923.61,6984.54,6998.28,6922.92,163009272.0,204939579392.0,1.09,6984.54,sh000905
2021-07-22 00:00:00,6996.26,7026.55,7026.73,6960.3,190233316.0,219500277760.0,0.95,7026.55,sh000905
2021-07-23 00:00:00,7036.3,6985.75,7061.67,6968.31,225079073.0,253751242752.0,1.33,6985.75,sh000905
2021-07-26 00:00:00,6974.11,6868.21,6986.5,6778.5,208197240.0,242702241792.0,2.98,6868.21,sh000905
2021-07-27 00:00:00,6877.44,6719.26,6925.97,6719.26,228614339.0,266957983744.0,3.01,6719.26,sh000905
2021-07-28 00:00:00,6650.15,6621.98,6709.23,6534.92,197267167.0,222466408448.0,2.59,6621.98,sh000905
2021-07-29 00:00:00,6720.62,6758.89,6773.57,6682.12,171017884.0,209142005760.0,1.38,6758.89,sh000905
2021-07-30 00:00:00,6739.75,6767.32,6775.01,6702.51,189711734.0,222514806784.0,1.07,6767.32,sh000905
2021-08-02 00:00:00,6756.81,6872.0,6875.42,6731.78,206205174.0,249640210432.0,2.12,6872.0,sh000905
2021-08-03 00:00:00,6844.37,6816.01,6879.59,6792.71,194189432.0,237723021312.0,1.26,6816.01,sh000905
2021-08-04 00:00:00,6814.08,6931.34,6931.78,6813.23,174064348.0,216189755392.0,1.74,6931.34,sh000905
2021-08-05 00:00:00,6920.94,6911.83,6946.34,6880.69,179371886.0,226672386048.0,0.95,6911.83,sh000905
2021-08-06 00:00:00,6929.02,6938.87,6947.54,6885.65,172356913.0,214958731264.0,0.9,6938.87,sh000905
2021-08-09 00:00:00,6914.32,6979.53,6989.71,6877.2,173833372.0,210955644928.0,1.62,6979.53,sh000905
2021-08-10 00:00:00,6970.83,7019.23,7019.69,6958.81,173087962.0,222660419584.0,0.87,7019.23,sh000905
2021-08-11 00:00:00,7024.77,7073.52,7076.37,6999.93,188357906.0,221759524864.0,1.09,7073.52,sh000905
2021-08-12 00:00:00,7059.47,7095.2,7115.89,7051.01,194079124.0,226074873856.0,0.92,7095.2,sh000905
2021-08-13 00:00:00,7070.47,7088.89,7124.92,7050.31,192190605.0,221865975808.0,1.05,7088.89,sh000905
2021-08-16 00:00:00,7087.58,7052.49,7102.4,7039.1,188178885.0,222080462848.0,0.89,7052.49,sh000905
2021-08-17 00:00:00,7045.75,6894.4,7063.02,6876.5,201936371.0,226552999936.0,2.64,6894.4,sh000905
2021-08-18 00:00:00,6883.27,6941.01,6950.88,6865.07,175367332.0,191997407232.0,1.24,6941.01,sh000905
2021-08-19 00:00:00,6917.51,6947.06,6978.98,6869.29,171813588.0,194992914432.0,1.58,6947.06,sh000905
2021-08-20 00:00:00,6915.02,6920.02,6952.52,6843.0,175627139.0,205135638528.0,1.58,6920.02,sh000905
2021-08-23 00:00:00,6949.33,7024.56,7031.88,6949.33,189456609.0,216299532288.0,1.19,7024.56,sh000905
2021-08-24 00:00:00,7031.65,7090.78,7098.03,7009.69,202726894.0,236479324160.0,1.26,7090.78,sh000905
2021-08-25 00:00:00,7092.15,7153.0,7153.27,7058.57,198126889.0,228737400832.0,1.34,7153.0,sh000905
2021-08-26 00:00:00,7151.53,7118.84,7175.51,7115.84,230176197.0,255363534848.0,0.83,7118.84,sh000905
2021-08-27 00:00:00,7096.65,7180.11,7185.73,7083.21,223830464.0,258997825536.0,1.44,7180.11,sh000905
2021-08-30 00:00:00,7202.63,7226.88,7262.6,7190.61,250649147.0,301015445504.0,1.0,7226.88,sh000905
2021-08-31 00:00:00,7202.52,7255.34,7255.34,7159.3,245108342.0,288657326080.0,1.33,7255.34,sh000905
2021-09-01 00:00:00,7271.03,7193.1,7278.16,7100.31,295520141.0,331023151104.0,2.45,7193.1,sh000905
2021-09-02 00:00:00,7172.4,7307.01,7309.33,7172.4,253411699.0,271544872960.0,1.9,7307.01,sh000905
2021-09-03 00:00:00,7335.7,7278.68,7385.24,7227.03,288801239.0,315016806400.0,2.17,7278.68,sh000905
2021-09-06 00:00:00,7297.36,7355.4,7359.54,7231.73,255875154.0,273720336384.0,1.76,7355.4,sh000905
2021-09-07 00:00:00,7360.38,7498.93,7501.13,7350.7,260727542.0,280403353600.0,2.05,7498.93,sh000905
2021-09-08 00:00:00,7496.33,7544.04,7549.45,7483.87,272847808.0,287850946560.0,0.87,7544.04,sh000905
2021-09-09 00:00:00,7534.98,7617.45,7617.66,7526.97,287204068.0,302380048384.0,1.2,7617.45,sh000905
2021-09-10 00:00:00,7613.6,7607.67,7661.43,7564.26,293468641.0,322687991808.0,1.28,7607.67,sh000905
2021-09-13 00:00:00,7613.54,7648.75,7650.88,7566.78,263618611.0,298956062720.0,1.11,7648.75,sh000905
2021-09-14 00:00:00,7630.72,7556.62,7688.6,7544.02,271501512.0,306464419840.0,1.89,7556.62,sh000905
2021-09-15 00:00:00,7535.25,7592.31,7627.67,7521.88,233398415.0,274072797184.0,1.4,7592.31,sh000905
2021-09-16 00:00:00,7616.88,7446.94,7657.23,7445.23,267649779.0,301162983424.0,2.79,7446.94,sh000905
2021-09-17 00:00:00,7421.81,7395.56,7471.42,7275.98,233604227.0,259019108352.0,2.62,7395.56,sh000905
2021-09-22 00:00:00,7305.08,7453.62,7453.93,7298.03,196794534.0,221838872576.0,2.11,7453.62,sh000905
2021-09-23 00:00:00,7512.33,7502.84,7543.66,7467.2,241158694.0,267659235328.0,1.03,7502.84,sh000905
2021-09-24 00:00:00,7490.56,7380.38,7490.56,7373.29,231715581.0,248983142400.0,1.56,7380.38,sh000905
2021-09-27 00:00:00,7400.0,7170.59,7410.47,7128.51,239542408.0,255096918016.0,3.82,7170.59,sh000905
2021-09-28 00:00:00,7158.62,7198.9,7227.46,7155.27,202800568.0,196202377216.0,1.01,7198.9,sh000905
2021-09-29 00:00:00,7142.76,7010.22,7161.21,6996.57,210570703.0,207830601728.0,2.29,7010.22,sh000905
2021-09-30 00:00:00,7034.69,7103.61,7116.04,7034.69,202482611.0,186185670656.0,1.16,7103.61,sh000905
2021-10-08 00:00:00,7191.23,7091.34,7198.96,7058.83,205467704.0,202877493248.0,1.97,7091.34,sh000905
2021-10-11 00:00:00,7102.88,7090.47,7123.75,7048.87,195420838.0,194709504000.0,1.06,7090.47,sh000905
2021-10-12 00:00:00,7069.35,6952.19,7079.71,6891.84,201666724.0,194146537472.0,2.65,6952.19,sh000905
2021-10-13 00:00:00,6957.73,6981.59,6991.24,6887.34,162604654.0,163678285824.0,1.49,6981.59,sh000905
2021-10-14 00:00:00,6970.65,7008.33,7033.4,6949.48,154764667.0,162946740224.0,1.2,7008.33,sh000905
2021-10-15 00:00:00,6996.12,7024.16,7034.03,6975.24,174108339.0,188999737344.0,0.84,7024.16,sh000905
2021-10-18 00:00:00,7027.14,7068.1,7071.87,6983.72,175627013.0,194312994816.0,1.25,7068.1,sh000905
2021-10-19 00:00:00,7060.77,7120.38,7127.24,7051.78,168135764.0,182701166592.0,1.07,7120.38,sh000905
2021-10-20 00:00:00,7081.99,7118.8,7154.91,7067.13,170511342.0,186276499456.0,1.23,7118.8,sh000905
2021-10-21 00:00:00,7127.64,7098.25,7145.58,7069.45,167971968.0,184364871680.0,1.07,7098.25,sh000905
2021-10-22 00:00:00,7089.13,7026.07,7110.66,7020.87,171615150.0,184191959040.0,1.26,7026.07,sh000905
2021-10-25 00:00:00,7019.02,7103.99,7105.98,7003.78,159004603.0,184607289344.0,1.45,7103.99,sh000905
2021-10-26 00:00:00,7120.07,7102.43,7155.63,7085.07,175032205.0,204998021120.0,0.99,7102.43,sh000905
2021-10-27 00:00:00,7093.12,7048.6,7097.86,7017.86,179020887.0,212523900928.0,1.13,7048.6,sh000905
2021-10-28 00:00:00,7026.29,6950.28,7043.42,6930.54,188075338.0,210380521472.0,1.6,6950.28,sh000905
2021-10-29 00:00:00,6955.85,7022.5,7022.75,6920.31,170779533.0,207011901440.0,1.47,7022.5,sh000905
2021-11-01 00:00:00,7005.07,7060.76,7087.29,6993.27,184142991.0,226533564416.0,1.34,7060.76,sh000905
2021-11-02 00:00:00,7061.0,6985.1,7093.61,6921.85,196114729.0,230633598976.0,2.43,6985.1,sh000905
2021-11-03 00:00:00,6975.06,7017.85,7034.09,6962.87,150814648.0,183530631168.0,1.02,7017.85,sh000905
2021-11-04 00:00:00,7031.95,7073.85,7073.85,7018.61,152652050.0,188533362688.0,0.79,7073.85,sh000905
2021-11-05 00:00:00,7071.08,6991.91,7073.85,6991.15,177241393.0,207299702784.0,1.17,6991.91,sh000905
2021-11-08 00:00:00,6986.5,7026.97,7034.14,6984.81,146360858.0,176810356736.0,0.71,7026.97,sh000905
2021-11-09 00:00:00,7037.57,7081.75,7087.02,7028.31,141696847.0,175620423680.0,0.84,7081.75,sh000905
2021-11-10 00:00:00,7061.64,7062.33,7072.15,6965.86,162138355.0,187121573888.0,1.5,7062.33,sh000905
2021-11-11 00:00:00,7048.86,7119.86,7121.92,7033.09,165400694.0,186637770752.0,1.26,7119.86,sh000905
2021-11-12 00:00:00,7118.99,7156.61,7165.11,7112.58,168513423.0,195249975296.0,0.74,7156.61,sh000905
2021-11-15 00:00:00,7166.04,7098.21,7176.77,7083.78,161148201.0,201939759104.0,1.3,7098.21,sh000905
2021-11-16 00:00:00,7083.92,7045.94,7121.74,7040.51,162370317.0,192032231424.0,1.14,7045.94,sh000905
2021-11-17 00:00:00,7043.63,7104.53,7106.05,7033.95,140347108.0,168875298816.0,1.02,7104.53,sh000905
2021-11-18 00:00:00,7108.78,7084.68,7130.29,7066.49,162714860.0,185152970752.0,0.9,7084.68,sh000905
2021-11-19 00:00:00,7083.01,7169.88,7174.25,7073.72,178185853.0,193601339392.0,1.42,7169.88,sh000905
2021-11-22 00:00:00,7177.4,7255.07,7259.53,7177.4,180522481.0,222986227712.0,1.15,7255.07,sh000905
2021-11-23 00:00:00,7245.95,7261.38,7292.92,7239.0,189595034.0,218299011072.0,0.74,7261.38,sh000905
2021-11-24 00:00:00,7260.22,7256.11,7278.4,7229.6,177674071.0,209537056768.0,0.67,7256.11,sh000905
2021-11-25 00:00:00,7262.79,7233.54,7262.79,7228.29,164068099.0,190327762944.0,0.48,7233.54,sh000905
2021-11-26 00:00:00,7216.64,7219.86,7249.2,7201.2,159423137.0,192093831168.0,0.66,7219.86,sh000905
2021-11-29 00:00:00,7129.94,7221.9,7226.34,7125.43,166941407.0,198551719936.0,1.4,7221.9,sh000905
2021-11-30 00:00:00,7252.33,7252.76,7281.13,7210.84,186336164.0,213217509376.0,0.97,7252.76,sh000905
2021-12-01 00:00:00,7239.13,7272.84,7272.94,7215.67,171806295.0,196111867904.0,0.79,7272.84,sh000905
2021-12-02 00:00:00,7256.42,7229.99,7279.95,7221.36,176555543.0,198627049472.0,0.81,7229.99,sh000905
2021-12-03 00:00:00,7233.57,7301.92,7310.27,7223.8,186222738.0,200791224320.0,1.2,7301.92,sh000905
2021-12-06 00:00:00,7308.99,7240.46,7330.47,7235.45,213069952.0,218322694144.0,1.3,7240.46,sh000905
2021-12-07 00:00:00,7274.13,7206.83,7284.64,7148.07,192243855.0,206136078336.0,1.89,7206.83,sh000905
2021-12-08 00:00:00,7225.0,7302.99,7302.99,7214.26,169280453.0,190279974912.0,1.23,7302.99,sh000905
2021-12-09 00:00:00,7298.8,7320.32,7331.58,7290.27,196087168.0,211492052992.0,0.57,7320.32,sh000905
2021-12-10 00:00:00,7285.97,7306.65,7317.27,7276.61,187230694.0,209397678080.0,0.56,7306.65,sh000905
2021-12-13 00:00:00,7334.11,7353.03,7371.31,7322.44,185363062.0,210741542912.0,0.67,7353.03,sh000905
2021-12-14 00:00:00,7330.24,7324.13,7349.88,7314.43,159583754.0,183555993600.0,0.48,7324.13,sh000905
2021-12-15 00:00:00,7319.66,7314.26,7352.38,7302.38,159923922.0,183859412992.0,0.68,7314.26,sh000905
2021-12-16 00:00:00,7323.41,7381.0,7381.0,7323.41,177690340.0,187008757760.0,0.79,7381.0,sh000905
2021-12-17 00:00:00,7380.72,7314.56,7384.02,7308.72,196265336.0,203439632384.0,1.02,7314.56,sh000905
2021-12-20 00:00:00,7290.95,7195.97,7313.48,7191.05,181727854.0,190350688256.0,1.67,7195.97,sh000905
2021-12-21 00:00:00,7190.97,7275.47,7285.72,7190.97,176216745.0,164258062336.0,1.32,7275.47,sh000905
2021-12-22 00:00:00,7289.91,7302.46,7318.61,7271.82,174117189.0,171088400384.0,0.64,7302.46,sh000905
2021-12-23 00:00:00,7306.16,7337.19,7350.0,7290.38,169131761.0,180467003392.0,0.82,7337.19,sh000905
2021-12-24 00:00:00,7336.0,7278.76,7339.94,7257.53,169418703.0,182681104384.0,1.12,7278.76,sh000905
2021-12-27 00:00:00,7269.37,7272.75,7323.88,7255.72,148618788.0,165585649664.0,0.94,7272.75,sh000905
2021-12-28 00:00:00,7281.0,7286.03,7290.54,7240.93,143262039.0,164782845952.0,0.68,7286.03,sh000905
2021-12-29 00:00:00,7275.67,7247.77,7290.86,7242.3,136209551.0,155743985664.0,0.67,7247.77,sh000905
2021-12-30 00:00:00,7246.03,7310.96,7324.5,7244.22,141651110.0,158448275456.0,1.11,7310.96,sh000905
2021-12-31 00:00:00,7320.94,7359.4,7368.13,7317.7,149909002.0,169456914432.0,0.69,7359.4,sh000905
2022-01-04 00:00:00,7387.81,7354.46,7392.1,7317.5,200810017.0,219175108608.0,1.01,7354.46,sh000905
2022-01-05 00:00:00,7343.9,7222.67,7346.26,7200.73,194002404.0,209809760256.0,1.98,7222.67,sh000905
2022-01-06 00:00:00,7187.95,7229.96,7242.77,7167.81,173335764.0,179907538944.0,1.04,7229.96,sh000905
2022-01-07 00:00:00,7232.41,7175.68,7262.81,7168.04,200018012.0,202498453504.0,1.31,7175.68,sh000905
2022-01-10 00:00:00,7161.44,7191.45,7193.92,7122.09,165748879.0,176717914112.0,1.0,7191.45,sh000905
2022-01-11 00:00:00,7187.02,7135.22,7206.92,7118.84,169494564.0,179645358080.0,1.22,7135.22,sh000905
2022-01-12 00:00:00,7160.18,7196.93,7196.93,7148.63,156051484.0,170334289920.0,0.68,7196.93,sh000905
2022-01-13 00:00:00,7203.24,7097.76,7203.24,7096.33,169148969.0,174599012352.0,1.49,7097.76,sh000905
2022-01-14 00:00:00,7063.42,7081.14,7125.09,7052.63,175591199.0,181513953280.0,1.02,7081.14,sh000905
2022-01-17 00:00:00,7080.62,7157.86,7169.34,7078.66,161779720.0,183490793472.0,1.28,7157.86,sh000905
2022-01-18 00:00:00,7163.13,7163.16,7191.0,7133.2,179235392.0,195000213504.0,0.81,7163.16,sh000905
2022-01-19 00:00:00,7144.48,7118.76,7182.06,7078.36,163178368.0,174675275776.0,1.45,7118.76,sh000905
2022-01-20 00:00:00,7119.51,7056.79,7135.78,7040.01,168666281.0,172753203200.0,1.35,7056.79,sh000905
2022-01-21 00:00:00,7037.94,6976.62,7040.43,6965.33,144679790.0,158204018688.0,1.06,6976.62,sh000905
2022-01-24 00:00:00,6942.92,6979.25,7006.7,6925.77,122679565.0,135920721920.0,1.16,6979.25,sh000905
2022-01-25 00:00:00,6960.0,6743.96,6979.48,6743.96,150337244.0,154265493504.0,3.37,6743.96,sh000905
2022-01-26 00:00:00,6762.35,6782.58,6799.81,6721.9,120615311.0,130234703872.0,1.16,6782.58,sh000905
2022-01-27 00:00:00,6781.61,6605.92,6785.73,6605.92,125243756.0,132244729856.0,2.65,6605.92,sh000905
2022-01-28 00:00:00,6690.18,6580.53,6690.18,6510.18,127088819.0,130258014208.0,2.72,6580.53,sh000905
2022-02-07 00:00:00,6664.57,6676.61,6702.33,6656.13,145092618.0,138641530880.0,0.7,6676.61,sh000905
2022-02-08 00:00:00,6678.99,6742.19,6742.4,6599.37,159598574.0,145458655232.0,2.14,6742.19,sh000905
2022-02-09 00:00:00,6736.75,6843.03,6848.69,6725.8,162822720.0,155362516992.0,1.82,6843.03,sh000905
2022-02-10 00:00:00,6841.16,6840.49,6864.69,6797.01,154916564.0,147064848384.0,0.99,6840.49,sh000905
2022-02-11 00:00:00,6811.78,6745.02,6840.72,6735.89,159801354.0,156700184576.0,1.53,6745.02,sh000905
2022-02-14 00:00:00,6711.59,6695.7,6765.52,6667.49,137082460.0,132192014336.0,1.45,6695.7,sh000905
2022-02-15 00:00:00,6700.82,6760.28,6762.86,6686.95,112805760.0,121268404224.0,1.13,6760.28,sh000905
2022-02-16 00:00:00,6779.21,6772.03,6788.36,6751.8,108414003.0,114685136896.0,0.54,6772.03,sh000905
2022-02-17 00:00:00,6764.33,6768.79,6797.62,6730.18,122985088.0,130706759680.0,1.0,6768.79,sh000905
2022-02-18 00:00:00,6734.52,6835.02,6835.2,6727.82,139952637.0,134406668288.0,1.59,6835.02,sh000905
2022-02-21 00:00:00,6843.08,6867.11,6871.99,6822.88,145146314.0,150072397824.0,0.72,6867.11,sh000905
2022-02-22 00:00:00,6827.05,6784.76,6827.05,6743.85,148609915.0,152906260480.0,1.21,6784.76,sh000905
2022-02-23 00:00:00,6785.1,6887.42,6889.7,6785.1,144116621.0,159413006336.0,1.54,6887.42,sh000905
2022-02-24 00:00:00,6861.41,6764.88,6898.41,6688.75,210849756.0,218057097216.0,3.04,6764.88,sh000905
2022-02-25 00:00:00,6805.64,6819.43,6895.04,6801.33,156429138.0,164105580544.0,1.39,6819.43,sh000905
2022-02-28 00:00:00,6831.49,6853.31,6853.34,6770.05,139601388.0,148585345024.0,1.22,6853.31,sh000905
2022-03-01 00:00:00,6868.62,6874.04,6889.33,6837.25,137717217.0,147535306752.0,0.76,6874.04,sh000905
2022-03-02 00:00:00,6853.07,6875.24,6878.35,6828.06,137114977.0,140871323648.0,0.73,6875.24,sh000905
2022-03-03 00:00:00,6900.98,6859.55,6907.41,6843.99,189091781.0,173516746752.0,0.92,6859.55,sh000905
2022-03-04 00:00:00,6823.83,6803.83,6871.09,6779.41,177411881.0,165852585984.0,1.34,6803.83,sh000905
2022-03-07 00:00:00,6800.77,6659.39,6800.82,6628.48,166484595.0,164636762112.0,2.53,6659.39,sh000905
2022-03-08 00:00:00,6650.58,6429.89,6665.95,6416.8,186296079.0,184444203008.0,3.74,6429.89,sh000905
2022-03-09 00:00:00,6443.2,6305.61,6462.48,6066.76,197802739.0,188335591424.0,6.15,6305.61,sh000905
2022-03-10 00:00:00,6424.91,6414.94,6475.14,6390.73,153152356.0,158971826176.0,1.34,6414.94,sh000905
2022-03-11 00:00:00,6343.19,6474.13,6479.72,6270.02,152114504.0,158771249152.0,3.27,6474.13,sh000905
2022-03-14 00:00:00,6419.24,6323.58,6490.61,6323.58,137954004.0,153706455040.0,2.58,6323.58,sh000905
2022-03-15 00:00:00,6272.44,5964.98,6278.07,5964.98,194713746.0,184102449152.0,4.95,5964.98,sh000905
2022-03-16 00:00:00,6068.9,6156.27,6173.79,5824.33,178826847.0,178613444608.0,5.86,6156.27,sh000905
2022-03-17 00:00:00,6233.64,6267.52,6369.89,6225.98,170438541.0,184845066240.0,2.34,6267.52,sh000905
2022-03-18 00:00:00,6249.48,6332.22,6338.22,6231.73,152620214.0,153302421504.0,1.7,6332.22,sh000905
2022-03-21 00:00:00,6340.56,6358.94,6389.21,6284.85,159653724.0,161774096384.0,1.65,6358.94,sh000905
2022-03-22 00:00:00,6343.4,6358.11,6404.83,6313.27,151107873.0,145705385984.0,1.44,6358.11,sh000905
2022-03-23 00:00:00,6368.31,6398.1,6420.16,6353.34,143179359.0,141684924416.0,1.05,6398.1,sh000905
2022-03-24 00:00:00,6370.97,6344.12,6384.4,6315.14,137749087.0,139175993344.0,1.08,6344.12,sh000905
2022-03-25 00:00:00,6346.71,6268.24,6373.47,6268.24,134972257.0,135181836288.0,1.66,6268.24,sh000905
2022-03-28 00:00:00,6230.12,6283.28,6322.13,6176.25,144857887.0,136991735808.0,2.33,6283.28,sh000905
2022-03-29 00:00:00,6289.48,6253.07,6316.31,6233.28,141362125.0,140401393664.0,1.32,6253.07,sh000905
2022-03-30 00:00:00,6272.0,6377.87,6377.87,6261.8,164014574.0,155600797696.0,1.86,6377.87,sh000905
2022-03-31 00:00:00,6361.1,6324.96,6383.07,6313.97,176903949.0,167072821248.0,1.08,6324.96,sh000905
2022-04-01 00:00:00,6289.39,6364.52,6373.26,6274.0,175128596.0,154551713792.0,1.57,6364.52,sh000905
2022-04-06 00:00:00,6363.0,6356.93,6363.0,6279.07,196853583.0,169525010432.0,1.32,6356.93,sh000905
2022-04-07 00:00:00,6321.81,6221.59,6364.63,6221.59,190762191.0,163735810048.0,2.25,6221.59,sh000905
2022-04-08 00:00:00,6227.2,6224.12,6237.91,6117.01,183954893.0,159245295616.0,1.94,6224.12,sh000905
2022-04-11 00:00:00,6202.02,6029.89,6202.02,6001.57,178384812.0,162201440256.0,3.22,6029.89,sh000905
2022-04-12 00:00:00,6019.67,6126.91,6135.57,5964.39,173180188.0,151432384512.0,2.84,6126.91,sh000905
2022-04-13 00:00:00,6094.68,6044.33,6129.66,6039.92,167043059.0,147270111232.0,1.46,6044.33,sh000905
2022-04-14 00:00:00,6074.13,6126.49,6156.5,6060.68,159033106.0,147089465344.0,1.59,6126.49,sh000905
2022-04-15 00:00:00,6094.12,6070.75,6122.29,6048.16,184627000.0,162170122240.0,1.21,6070.75,sh000905
2022-04-18 00:00:00,6019.53,6074.01,6094.67,5975.45,149186381.0,131553628160.0,1.96,6074.01,sh000905
2022-04-19 00:00:00,6067.48,6092.4,6106.93,6052.1,141997535.0,129227431936.0,0.9,6092.4,sh000905
2022-04-20 00:00:00,6082.81,5956.92,6093.78,5942.0,151055603.0,134720864256.0,2.49,5956.92,sh000905
2022-04-21 00:00:00,5933.79,5759.8,5971.19,5742.42,157854505.0,135625764864.0,3.84,5759.8,sh000905
2022-04-22 00:00:00,5728.19,5740.98,5794.34,5667.34,139997599.0,120243691520.0,2.2,5740.98,sh000905
2022-04-25 00:00:00,5656.39,5369.72,5656.39,5369.72,186753480.0,150663974912.0,4.99,5369.72,sh000905
2022-04-26 00:00:00,5374.25,5234.01,5434.7,5225.21,171299433.0,139143827456.0,3.9,5234.01,sh000905
2022-04-27 00:00:00,5179.03,5437.04,5440.07,5158.48,179693384.0,148165595136.0,5.38,5437.04,sh000905
2022-04-28 00:00:00,5398.9,5418.76,5472.82,5339.61,155039772.0,133023981568.0,2.45,5418.76,sh000905
2022-04-29 00:00:00,5458.91,5627.9,5630.93,5443.67,181289513.0,157723205632.0,3.46,5627.9,sh000905
2022-05-05 00:00:00,5612.5,5686.7,5728.62,5606.94,168643208.0,153614016512.0,2.16,5686.7,sh000905
2022-05-06 00:00:00,5560.98,5563.77,5629.65,5542.18,152993341.0,128084918272.0,1.54,5563.77,sh000905
2022-05-09 00:00:00,5552.48,5608.52,5626.59,5537.98,131553930.0,114555068416.0,1.59,5608.52,sh000905
2022-05-10 00:00:00,5532.6,5690.09,5698.51,5519.47,165329613.0,141136838656.0,3.19,5690.09,sh000905
2022-05-11 00:00:00,5697.43,5737.82,5856.19,5696.7,185163628.0,172855136256.0,2.8,5737.82,sh000905
2022-05-12 00:00:00,5707.56,5743.1,5779.32,5687.18,139216169.0,125952897024.0,1.61,5743.1,sh000905
2022-05-13 00:00:00,5765.32,5796.8,5796.8,5731.86,136559775.0,116785287168.0,1.13,5796.8,sh000905
2022-05-16 00:00:00,5840.24,5791.08,5855.72,5767.54,151387274.0,132450885632.0,1.52,5791.08,sh000905
2022-05-17 00:00:00,5789.92,5816.34,5816.34,5724.44,130829391.0,119260446720.0,1.59,5816.34,sh000905
2022-05-18 00:00:00,5815.61,5797.49,5846.84,5785.45,127243845.0,114319974400.0,1.06,5797.49,sh000905
2022-05-19 00:00:00,5708.8,5838.41,5838.41,5700.11,136623739.0,122730053632.0,2.39,5838.41,sh000905
2022-05-20 00:00:00,5854.01,5929.49,5929.54,5849.76,165727329.0,151890808832.0,1.37,5929.49,sh000905
2022-05-23 00:00:00,5941.14,5965.73,5968.85,5908.66,153876017.0,143376162816.0,1.02,5965.73,sh000905
2022-05-24 00:00:00,5962.15,5745.68,5967.23,5745.68,177540833.0,161859190784.0,3.71,5745.68,sh000905
2022-05-25 00:00:00,5741.23,5844.25,5844.28,5736.14,143590636.0,126687498240.0,1.88,5844.25,sh000905
2022-05-26 00:00:00,5848.03,5911.56,5928.71,5780.97,162350362.0,142667051008.0,2.53,5911.56,sh000905
2022-05-27 00:00:00,5921.33,5899.92,5952.62,5854.61,143406863.0,128502607872.0,1.66,5899.92,sh000905
2022-05-30 00:00:00,5918.24,5942.83,5943.0,5867.19,133852646.0,124183592960.0,1.28,5942.83,sh000905
2022-05-31 00:00:00,5940.37,6026.24,6033.47,5902.28,155944919.0,147825250304.0,2.21,6026.24,sh000905
2022-06-01 00:00:00,6008.75,6023.64,6042.37,5970.49,155365773.0,143127244800.0,1.19,6023.64,sh000905
2022-06-02 00:00:00,6000.62,6078.43,6084.32,5987.64,159571676.0,150036299776.0,1.61,6078.43,sh000905
2022-06-06 00:00:00,6079.89,6187.44,6194.43,6070.71,182679964.0,180119371776.0,2.04,6187.44,sh000905
2022-06-07 00:00:00,6186.58,6186.57,6199.72,6136.04,177311718.0,169115475968.0,1.03,6186.57,sh000905
2022-06-08 00:00:00,6184.96,6217.83,6227.33,6110.06,186428864.0,176670593024.0,1.9,6217.83,sh000905
2022-06-09 00:00:00,6207.73,6130.69,6209.11,6088.46,172129774.0,160399015936.0,1.94,6130.69,sh000905
2022-06-10 00:00:00,6083.5,6240.1,6250.36,6078.78,192541340.0,178686545920.0,2.8,6240.1,sh000905
2022-06-13 00:00:00,6188.77,6233.62,6250.68,6172.91,188132398.0,197652385792.0,1.25,6233.62,sh000905
2022-06-14 00:00:00,6161.62,6275.57,6278.97,6061.19,197403164.0,196166209536.0,3.49,6275.57,sh000905
2022-06-15 00:00:00,6275.37,6261.06,6398.36,6261.04,238140764.0,231704739840.0,2.19,6261.06,sh000905
2022-06-16 00:00:00,6262.29,6264.82,6330.35,6242.33,194615084.0,200890494976.0,1.41,6264.82,sh000905
2022-06-17 00:00:00,6220.58,6316.31,6328.36,6181.85,167859128.0,188555333632.0,2.34,6316.31,sh000905
2022-06-20 00:00:00,6323.41,6330.39,6359.0,6277.22,175207145.0,202463105024.0,1.29,6330.39,sh000905
2022-06-21 00:00:00,6324.84,6277.0,6337.08,6215.29,164461629.0,178813382656.0,1.92,6277.0,sh000905
2022-06-22 00:00:00,6281.87,6179.57,6285.65,6176.85,154094318.0,164240855040.0,1.73,6179.57,sh000905
2022-06-23 00:00:00,6186.99,6300.47,6300.47,6142.94,168266043.0,179525607424.0,2.55,6300.47,sh000905
2022-06-24 00:00:00,6306.83,6368.28,6378.5,6304.08,157712704.0,181995577344.0,1.18,6368.28,sh000905
2022-06-27 00:00:00,6398.36,6407.74,6449.34,6390.28,168918190.0,201652932608.0,0.93,6407.74,sh000905
2022-06-28 00:00:00,6412.44,6501.35,6506.67,6392.11,170582712.0,196479373312.0,1.79,6501.35,sh000905
2022-06-29 00:00:00,6479.17,6374.3,6501.39,6370.02,190728307.0,215976296448.0,2.02,6374.3,sh000905
2022-06-30 00:00:00,6385.21,6454.08,6493.09,6385.21,163846776.0,193598971904.0,1.69,6454.08,sh000905
2022-07-01 00:00:00,6450.75,6438.54,6481.15,6423.86,144204644.0,172657741824.0,0.89,6438.54,sh000905
2022-07-04 00:00:00,6445.07,6523.13,6524.3,6405.38,157819968.0,193784451072.0,1.85,6523.13,sh000905
2022-07-05 00:00:00,6535.45,6511.53,6548.3,6435.74,186625469.0,206724927488.0,1.73,6511.53,sh000905
2022-07-06 00:00:00,6489.02,6418.55,6496.97,6359.47,177104502.0,188283101184.0,2.11,6418.55,sh000905
2022-07-07 00:00:00,6414.41,6452.99,6482.42,6380.17,157351122.0,176906223616.0,1.59,6452.99,sh000905
2022-07-08 00:00:00,6478.29,6404.44,6490.15,6404.16,150986698.0,171162738688.0,1.33,6404.44,sh000905
2022-07-11 00:00:00,6387.45,6319.14,6387.45,6274.74,151993667.0,169420488704.0,1.76,6319.14,sh000905
2022-07-12 00:00:00,6317.88,6241.48,6346.51,6238.56,144513092.0,162745221371.3,1.71,6241.48,sh000905
2022-07-13 00:00:00,6238.68,6268.49,6287.64,6207.72,142710723.0,148941203951.1,1.28,6268.49,sh000905
2022-07-14 00:00:00,6267.47,6302.43,6339.42,6254.68,140354050.0,156034965327.2,1.35,6302.43,sh000905
2022-07-15 00:00:00,6279.68,6196.8,6323.53,6196.8,158386828.0,169165272836.9,2.01,6196.8,sh000905
2022-07-18 00:00:00,6216.1,6312.36,6315.66,6200.52,159144624.0,163899480504.9,1.86,6312.36,sh000905
2022-07-19 00:00:00,6318.84,6335.71,6347.24,6283.4,146384780.0,163012682490.6,1.01,6335.71,sh000905
2022-07-20 00:00:00,6353.0,6410.71,6416.87,6351.82,142932573.0,157782312749.0,1.03,6410.71,sh000905
2022-07-21 00:00:00,6400.07,6347.6,6408.46,6347.6,148210184.0,163172754178.8,0.95,6347.6,sh000905
2022-07-22 00:00:00,6353.92,6289.53,6371.32,6236.34,130620669.0,143788393867.5,2.13,6289.53,sh000905
2022-07-25 00:00:00,6297.1,6231.24,6319.18,6213.47,129458029.0,139714096679.5,1.68,6231.24,sh000905
2022-07-26 00:00:00,6239.21,6307.96,6319.25,6213.84,117276541.0,129165891647.9,1.69,6307.96,sh000905
2022-07-27 00:00:00,6301.61,6332.23,6344.21,6286.35,120435127.0,133249678638.3,0.92,6332.23,sh000905
2022-07-28 00:00:00,6361.27,6348.17,6393.73,6339.55,138473429.0,152662265342.6,0.86,6348.17,sh000905
2022-07-29 00:00:00,6356.52,6294.11,6365.26,6285.72,137925792.0,152961332812.8,1.25,6294.11,sh000905
2022-08-01 00:00:00,6293.38,6347.22,6350.04,6253.06,128679012.0,151348904696.9,1.54,6347.22,sh000905
2022-08-02 00:00:00,6288.61,6170.0,6288.61,6095.06,182902539.0,192873382570.5,3.05,6170.0,sh000905
2022-08-03 00:00:00,6171.62,6124.31,6261.91,6111.22,147213409.0,175544841793.6,2.44,6124.31,sh000905
2022-08-04 00:00:00,6160.49,6158.73,6177.62,6080.1,113646381.0,137805652801.6,1.59,6158.73,sh000905
2022-08-05 00:00:00,6175.48,6270.51,6274.27,6163.51,124284448.0,150450721916.0,1.8,6270.51,sh000905
2022-08-08 00:00:00,6266.57,6323.07,6324.34,6249.62,116132934.0,149909676464.1,1.19,6323.07,sh000905
2022-08-09 00:00:00,6314.1,6341.48,6344.84,6290.87,116966653.0,148682025631.8,0.85,6341.48,sh000905
2022-08-10 00:00:00,6331.41,6322.06,6362.29,6298.86,118899928.0,153411737859.6,1.0,6322.06,sh000905
2022-08-11 00:00:00,6349.5,6439.36,6439.36,6341.72,142038284.0,168399100707.5,1.54,6439.36,sh000905
2022-08-12 00:00:00,6425.11,6420.85,6463.07,6416.29,140399917.0,158383471763.4,0.73,6420.85,sh000905
2022-08-15 00:00:00,6405.72,6442.81,6462.54,6394.22,133627482.0,151481917268.3,1.06,6442.81,sh000905
2022-08-16 00:00:00,6446.76,6465.19,6492.54,6440.38,135841495.0,150950901281.8,0.81,6465.19,sh000905
2022-08-17 00:00:00,6473.25,6493.5,6501.36,6428.97,146220319.0,165336992378.1,1.12,6493.5,sh000905
2022-08-18 00:00:00,6481.37,6468.81,6483.69,6448.75,130451759.0,151581053114.9,0.54,6468.81,sh000905
2022-08-19 00:00:00,6468.82,6391.72,6477.31,6390.93,142590851.0,161777617603.6,1.34,6391.72,sh000905
2022-08-22 00:00:00,6381.34,6472.68,6472.79,6363.22,133735500.0,155429477947.4,1.71,6472.68,sh000905
2022-08-23 00:00:00,6460.17,6466.4,6475.82,6436.08,133676377.0,152812386392.9,0.61,6466.4,sh000905
2022-08-24 00:00:00,6470.69,6284.58,6472.68,6277.99,158103872.0,171922926765.6,3.01,6284.58,sh000905
2022-08-25 00:00:00,6303.14,6322.7,6327.09,6225.68,141946367.0,152348524289.3,1.61,6322.7,sh000905
2022-08-26 00:00:00,6331.08,6298.37,6381.48,6286.52,130405837.0,145604215469.3,1.5,6298.37,sh000905
2022-08-29 00:00:00,6213.4,6310.4,6310.99,6205.13,125268849.0,132966408290.4,1.68,6310.4,sh000905
2022-08-30 00:00:00,6309.58,6285.93,6319.17,6248.14,132109200.0,136583215311.8,1.13,6285.93,sh000905
2022-08-31 00:00:00,6265.59,6155.75,6280.19,6132.23,147275408.0,153776542736.6,2.35,6155.75,sh000905
2022-09-01 00:00:00,6153.29,6126.77,6207.24,6118.58,118575054.0,124670857677.4,1.44,6126.77,sh000905
2022-09-02 00:00:00,6135.3,6149.43,6176.17,6117.73,106564384.0,114216217368.2,0.95,6149.43,sh000905
2022-09-05 00:00:00,6147.71,6182.65,6184.8,6122.62,117479244.0,119757999919.0,1.01,6182.65,sh000905
2022-09-06 00:00:00,6198.49,6291.57,6292.53,6187.95,129846040.0,135891977558.3,1.69,6291.57,sh000905
2022-09-07 00:00:00,6269.99,6301.56,6314.12,6256.61,120160292.0,130718396246.6,0.91,6301.56,sh000905
2022-09-08 00:00:00,6299.91,6272.58,6309.9,6266.52,116164269.0,120970235492.1,0.69,6272.58,sh000905
2022-09-09 00:00:00,6275.9,6316.97,6321.82,6254.26,121389228.0,124658337639.2,1.08,6316.97,sh000905
2022-09-13 00:00:00,6334.86,6300.42,6343.77,6291.44,118106314.0,123861798297.2,0.83,6300.42,sh000905
2022-09-14 00:00:00,6214.91,6249.96,6273.63,6206.92,109121160.0,114644793268.9,1.06,6249.96,sh000905
2022-09-15 00:00:00,6280.45,6107.8,6282.69,6053.8,141643500.0,148202355024.8,3.66,6107.8,sh000905
2022-09-16 00:00:00,6091.42,5954.5,6102.54,5954.5,137172115.0,131508079987.8,2.42,5954.5,sh000905
2022-09-19 00:00:00,5947.86,5913.15,5967.65,5880.49,104025412.0,104609796776.0,1.46,5913.15,sh000905
2022-09-20 00:00:00,5949.34,5958.29,6002.79,5940.58,88813000.0,96795084956.1,1.05,5958.29,sh000905
2022-09-21 00:00:00,5943.09,5978.58,5998.7,5876.52,103463644.0,100001264102.8,2.05,5978.58,sh000905
2022-09-22 00:00:00,5938.1,5965.89,6015.12,5931.73,99867602.0,102285806654.7,1.39,5965.89,sh000905
2022-09-23 00:00:00,5961.06,5889.6,5986.82,5839.93,100609437.0,104706616405.3,2.46,5889.6,sh000905
2022-09-26 00:00:00,5841.58,5806.32,5922.32,5798.28,103244360.0,102568347040.7,2.11,5806.32,sh000905
2022-09-27 00:00:00,5823.55,5920.05,5920.05,5808.25,97418022.0,103953587047.6,1.93,5920.05,sh000905
2022-09-28 00:00:00,5910.05,5769.52,5910.05,5769.52,93694853.0,99052683111.1,2.37,5769.52,sh000905
2022-09-29 00:00:00,5823.27,5771.88,5856.16,5741.02,95385798.0,97557854862.3,2.0,5771.88,sh000905
2022-09-30 00:00:00,5764.15,5714.06,5804.2,5714.06,85545168.0,87143078864.7,1.56,5714.06,sh000905
2022-10-10 00:00:00,5729.75,5635.71,5758.04,5618.8,97469345.0,97320936443.0,2.44,5635.71,sh000905
2022-10-11 00:00:00,5642.48,5684.51,5703.27,5606.99,86571469.0,88733098158.6,1.71,5684.51,sh000905
2022-10-12 00:00:00,5680.36,5820.45,5820.45,5594.3,106101757.0,110816368258.8,3.98,5820.45,sh000905
2022-10-13 00:00:00,5789.66,5830.34,5876.48,5780.18,105722268.0,114922152769.8,1.65,5830.34,sh000905
2022-10-14 00:00:00,5866.86,5973.44,5996.04,5866.86,118212245.0,138463009285.8,2.22,5973.44,sh000905
2022-10-17 00:00:00,5952.38,6015.6,6023.53,5945.43,111461869.0,127160232940.9,1.31,6015.6,sh000905
2022-10-18 00:00:00,6031.05,6035.67,6074.37,5996.39,105750195.0,127130541930.8,1.3,6035.67,sh000905
2022-10-19 00:00:00,6021.8,5972.72,6037.44,5970.44,93881065.0,112290658653.1,1.11,5972.72,sh000905
2022-10-20 00:00:00,5943.48,5948.86,6035.55,5886.4,103388245.0,121766931023.7,2.5,5948.86,sh000905
2022-10-21 00:00:00,5959.21,5956.88,5993.88,5928.92,96826295.0,112261082744.7,1.09,5956.88,sh000905
2022-10-24 00:00:00,5968.54,5896.9,6061.21,5857.86,119501081.0,137328967809.0,3.41,5896.9,sh000905
2022-10-25 00:00:00,5864.02,5869.78,5926.57,5785.41,107045854.0,123655965044.2,2.39,5869.78,sh000905
2022-10-26 00:00:00,5871.08,5971.6,6016.92,5871.08,116530079.0,143742557269.8,2.48,5971.6,sh000905
2022-10-27 00:00:00,5978.28,5963.0,6020.89,5962.97,117088219.0,147969762402.1,0.97,5963.0,sh000905
2022-10-28 00:00:00,5922.82,5781.8,5934.8,5760.05,131676332.0,147373418224.4,2.93,5781.8,sh000905
2022-10-31 00:00:00,5745.08,5807.11,5859.6,5743.56,127016064.0,150059218566.0,2.01,5807.11,sh000905
2022-11-01 00:00:00,5814.21,5941.15,5942.14,5786.87,136616776.0,165176134816.8,2.67,5941.15,sh000905
2022-11-02 00:00:00,5925.65,5997.8,6028.77,5916.06,142330286.0,183166205234.3,1.9,5997.8,sh000905
2022-11-03 00:00:00,5944.51,5996.72,6018.42,5937.61,106386906.0,145162731659.8,1.35,5996.72,sh000905
2022-11-04 00:00:00,5996.31,6133.46,6157.43,5996.31,138707111.0,174457116038.9,2.69,6133.46,sh000905
2022-11-07 00:00:00,6133.24,6141.41,6166.19,6100.61,138092409.0,167294752766.8,1.07,6141.41,sh000905
2022-11-08 00:00:00,6139.89,6134.26,6141.02,6095.44,108267531.0,134372666241.4,0.74,6134.26,sh000905
2022-11-09 00:00:00,6140.54,6120.83,6182.34,6118.73,104762250.0,127037472145.0,1.04,6120.83,sh000905
2022-11-10 00:00:00,6085.28,6089.7,6119.03,6061.81,116401928.0,129142711483.4,0.93,6089.7,sh000905
2022-11-11 00:00:00,6223.23,6138.62,6249.35,6134.68,176492121.0,198177118398.1,1.88,6138.62,sh000905
2022-11-14 00:00:00,6140.19,6129.51,6189.38,6104.93,159486725.0,174064714506.7,1.38,6129.51,sh000905
2022-11-15 00:00:00,6125.11,6236.38,6236.38,6112.62,149860965.0,171481798607.2,2.02,6236.38,sh000905
2022-11-16 00:00:00,6238.58,6203.92,6263.16,6190.01,129770376.0,151854939979.7,1.17,6203.92,sh000905
2022-11-17 00:00:00,6182.69,6217.21,6217.21,6148.61,123430196.0,152683752658.2,1.11,6217.21,sh000905
2022-11-18 00:00:00,6213.09,6191.65,6251.11,6181.55,131181093.0,164591218427.4,1.12,6191.65,sh000905
2022-11-21 00:00:00,6147.72,6189.71,6196.65,6116.3,112854387.0,141789496020.9,1.3,6189.71,sh000905
2022-11-22 00:00:00,6178.16,6125.4,6196.2,6100.11,116086024.0,137587008255.8,1.55,6125.4,sh000905
2022-11-23 00:00:00,6114.27,6115.6,6140.11,6045.02,115193517.0,128686794201.7,1.55,6115.6,sh000905
2022-11-24 00:00:00,6126.6,6120.07,6149.96,6099.75,100200699.0,117480438950.3,0.82,6120.07,sh000905
2022-11-25 00:00:00,6095.13,6087.86,6107.07,6062.0,107742345.0,110059809752.5,0.74,6087.86,sh000905
2022-11-28 00:00:00,5999.85,6055.28,6059.02,5970.09,117940107.0,125697913892.5,1.46,6055.28,sh000905
2022-11-29 00:00:00,6071.45,6163.82,6173.85,6071.22,155324471.0,159512108828.4,1.69,6163.82,sh000905
2022-11-30 00:00:00,6156.77,6156.15,6175.68,6118.9,154647972.0,153125576728.1,0.92,6156.15,sh000905
2022-12-01 00:00:00,6211.29,6186.1,6229.83,6186.1,152523325.0,171479199866.6,0.71,6186.1,sh000905
2022-12-02 00:00:00,6177.92,6168.01,6206.99,6154.21,115500975.0,133339764575.1,0.85,6168.01,sh000905
2022-12-05 00:00:00,6201.98,6215.12,6227.21,6182.98,170477211.0,177698737275.3,0.72,6215.12,sh000905
2022-12-06 00:00:00,6202.52,6211.25,6244.64,6185.49,149372815.0,164215807003.7,0.95,6211.25,sh000905
2022-12-07 00:00:00,6198.05,6204.01,6243.9,6183.33,137821246.0,155238837726.6,0.98,6204.01,sh000905
2022-12-08 00:00:00,6199.16,6186.28,6206.14,6168.78,131051325.0,149348401389.7,0.6,6186.28,sh000905
2022-12-09 00:00:00,6185.79,6192.3,6213.52,6159.5,167806825.0,180239306547.1,0.87,6192.3,sh000905
2022-12-12 00:00:00,6181.24,6154.81,6182.08,6146.25,134098310.0,162420257195.9,0.58,6154.81,sh000905
2022-12-13 00:00:00,6153.74,6121.66,6154.3,6113.41,104857515.0,131515610802.4,0.66,6121.66,sh000905
2022-12-14 00:00:00,6122.43,6096.39,6139.74,6084.08,95089916.0,125346101098.7,0.91,6096.39,sh000905
2022-12-15 00:00:00,6090.12,6101.88,6108.96,6078.0,88190454.0,113088367630.4,0.51,6101.88,sh000905
2022-12-16 00:00:00,6071.96,6072.86,6087.46,6036.05,93910672.0,113412125964.0,0.84,6072.86,sh000905
2022-12-19 00:00:00,6058.89,5936.48,6081.44,5911.88,105106201.0,121083184766.5,2.79,5936.48,sh000905
2022-12-20 00:00:00,5919.03,5878.03,5920.99,5857.86,78623273.0,96369670928.2,1.06,5878.03,sh000905
2022-12-21 00:00:00,5879.27,5845.84,5892.91,5819.67,69783431.0,85257777709.1,1.25,5845.84,sh000905
2022-12-22 00:00:00,5867.72,5779.06,5875.47,5761.98,82231873.0,97446795232.4,1.94,5779.06,sh000905
2022-12-23 00:00:00,5751.95,5763.35,5805.51,5732.47,66556865.0,81911192697.9,1.26,5763.35,sh000905
2022-12-26 00:00:00,5769.07,5843.26,5850.91,5769.07,75424133.0,93646097254.9,1.42,5843.26,sh000905
2022-12-27 00:00:00,5857.75,5885.66,5891.35,5832.27,81780423.0,101272091294.0,1.01,5885.66,sh000905
2022-12-28 00:00:00,5869.46,5862.1,5889.32,5848.24,90098898.0,102679233203.2,0.7,5862.1,sh000905
2022-12-29 00:00:00,5843.94,5857.4,5895.98,5835.33,79510794.0,94429698666.4,1.03,5857.4,sh000905
2022-12-30 00:00:00,5875.28,5864.47,5885.89,5848.95,75345032.0,86117939625.6,0.63,5864.47,sh000905
2023-01-03 00:00:00,5861.55,5955.9,5964.82,5848.15,99557837.0,119271237764.2,1.99,5955.9,sh000905
2023-01-04 00:00:00,5952.51,5952.45,5970.58,5922.86,97160441.0,114358731440.4,0.8,5952.45,sh000905
2023-01-05 00:00:00,5959.44,6010.46,6017.34,5950.09,96629979.0,117479981150.9,1.13,6010.46,sh000905
2023-01-06 00:00:00,6004.17,6012.82,6050.89,5998.83,99244877.0,121596399779.3,0.87,6012.82,sh000905
2023-01-09 00:00:00,6028.4,6040.02,6070.16,6023.64,100696829.0,124921325580.9,0.77,6040.02,sh000905
2023-01-10 00:00:00,6044.64,6048.3,6053.58,6017.15,96393351.0,113967056402.2,0.6,6048.3,sh000905
2023-01-11 00:00:00,6049.04,6014.16,6070.45,6004.22,94406389.0,112879598037.5,1.1,6014.16,sh000905
2023-01-12 00:00:00,6022.56,6015.29,6048.19,5995.91,92900124.0,104902996993.9,0.87,6015.29,sh000905
2023-01-13 00:00:00,6030.93,6057.69,6058.22,6015.22,90025020.0,102449872563.5,0.71,6057.69,sh000905
2023-01-16 00:00:00,6068.91,6126.18,6168.74,6068.14,129619730.0,146526749755.3,1.66,6126.18,sh000905
2023-01-17 00:00:00,6129.73,6132.64,6138.17,6107.76,95921699.0,109180206701.1,0.5,6132.64,sh000905
2023-01-18 00:00:00,6139.69,6151.46,6168.37,6136.97,94555836.0,103052545401.6,0.51,6151.46,sh000905
2023-01-19 00:00:00,6145.62,6204.33,6204.33,6130.42,99777793.0,114472416014.4,1.2,6204.33,sh000905
2023-01-20 00:00:00,6214.03,6251.43,6253.27,6214.03,113904542.0,128362190660.4,0.63,6251.43,sh000905
2023-01-30 00:00:00,6331.88,6283.33,6342.45,6279.45,146517920.0,173697713880.0,1.01,6283.33,sh000905
2023-01-31 00:00:00,6266.3,6289.15,6303.91,6259.53,135302093.0,146630404005.4,0.71,6289.15,sh000905
2023-02-01 00:00:00,6300.5,6365.91,6368.79,6293.49,152442220.0,166449081743.9,1.2,6365.91,sh000905
2023-02-02 00:00:00,6383.3,6370.14,6402.26,6347.73,149292811.0,166213113911.5,0.86,6370.14,sh000905
2023-02-03 00:00:00,6354.71,6343.69,6354.71,6267.44,121507182.0,138714379584.2,1.37,6343.69,sh000905
2023-02-06 00:00:00,6314.6,6302.33,6330.79,6274.54,108485308.0,127652063425.2,0.89,6302.33,sh000905
2023-02-07 00:00:00,6309.22,6317.24,6318.84,6273.6,109662683.0,125078065034.8,0.72,6317.24,sh000905
2023-02-08 00:00:00,6319.52,6268.28,6323.85,6263.76,105994895.0,116986269907.4,0.95,6268.28,sh000905
2023-02-09 00:00:00,6256.31,6354.56,6354.8,6250.45,109031119.0,129044254163.8,1.66,6354.56,sh000905
2023-02-10 00:00:00,6349.0,6334.25,6368.49,6296.55,120100829.0,134994907399.5,1.13,6334.25,sh000905
2023-02-13 00:00:00,6333.22,6383.83,6386.72,6331.37,131566227.0,151374560994.8,0.87,6383.83,sh000905
2023-02-14 00:00:00,6394.62,6397.21,6408.55,6369.57,124674389.0,143967118961.2,0.61,6397.21,sh000905
2023-02-15 00:00:00,6398.87,6384.35,6407.75,6365.31,115907022.0,143472324421.4,0.66,6384.35,sh000905
2023-02-16 00:00:00,6384.21,6289.48,6429.05,6244.48,168388416.0,190791364474.4,2.89,6289.48,sh000905
2023-02-17 00:00:00,6284.92,6237.41,6308.57,6237.41,117210985.0,143422448167.7,1.13,6237.41,sh000905
2023-02-20 00:00:00,6248.26,6346.07,6349.41,6227.35,140334075.0,157289265128.8,1.96,6346.07,sh000905
2023-02-21 00:00:00,6349.91,6383.42,6396.74,6337.6,141824714.0,153705795821.1,0.93,6383.42,sh000905
2023-02-22 00:00:00,6352.03,6375.07,6397.15,6344.99,109083029.0,128341320025.0,0.82,6375.07,sh000905
2023-02-23 00:00:00,6377.29,6360.32,6396.66,6328.64,116064654.0,135992246881.1,1.07,6360.32,sh000905
2023-02-24 00:00:00,6367.63,6340.84,6372.49,6308.22,96957281.0,119877925583.4,1.01,6340.84,sh000905
2023-02-27 00:00:00,6318.64,6307.21,6349.09,6288.3,101082738.0,124887490151.6,0.96,6307.21,sh000905
2023-02-28 00:00:00,6323.84,6357.54,6357.54,6293.18,96603163.0,119094834715.1,1.02,6357.54,sh000905
2023-03-01 00:00:00,6356.5,6402.14,6410.52,6340.0,123907639.0,144327640100.9,1.11,6402.14,sh000905
2023-03-02 00:00:00,6398.26,6382.23,6410.23,6375.01,125349297.0,147597102774.1,0.55,6382.23,sh000905
2023-03-03 00:00:00,6384.06,6390.32,6398.47,6346.96,123234775.0,140273359354.4,0.81,6390.32,sh000905
2023-03-06 00:00:00,6398.1,6395.22,6405.82,6362.47,126845634.0,155123686031.2,0.68,6395.22,sh000905
2023-03-07 00:00:00,6389.81,6284.3,6396.54,6284.22,137928869.0,149308292189.0,1.76,6284.3,sh000905
2023-03-08 00:00:00,6264.43,6301.52,6303.71,6258.32,98698357.0,114463801002.9,0.72,6301.52,sh000905
2023-03-09 00:00:00,6311.04,6285.95,6311.34,6258.45,92688914.0,111866575503.5,0.84,6285.95,sh000905
2023-03-10 00:00:00,6251.56,6204.9,6261.33,6202.61,108052290.0,129144574718.6,0.93,6204.9,sh000905
2023-03-13 00:00:00,6189.98,6245.0,6245.0,6178.67,108006552.0,132474098352.3,1.07,6245.0,sh000905
2023-03-14 00:00:00,6237.73,6189.4,6243.42,6127.69,121200145.0,149977754662.0,1.85,6189.4,sh000905
2023-03-15 00:00:00,6210.93,6224.64,6254.49,6210.93,112948528.0,129455795140.3,0.7,6224.64,sh000905
2023-03-16 00:00:00,6191.3,6140.83,6209.97,6133.83,127632685.0,143759016862.1,1.22,6140.83,sh000905
2023-03-17 00:00:00,6174.19,6183.18,6233.75,6169.84,137108334.0,157222487365.1,1.04,6183.18,sh000905
2023-03-20 00:00:00,6195.35,6160.35,6201.97,6152.81,145580891.0,167826184366.7,0.8,6160.35,sh000905
2023-03-21 00:00:00,6171.89,6234.68,6235.01,6171.28,123025331.0,144174739305.4,1.03,6234.68,sh000905
2023-03-22 00:00:00,6244.36,6269.74,6271.52,6242.16,128266386.0,149867921197.4,0.47,6269.74,sh000905
2023-03-23 00:00:00,6253.58,6305.76,6305.76,6245.98,129179648.0,164124553074.5,0.95,6305.76,sh000905
2023-03-24 00:00:00,6312.43,6310.1,6315.68,6279.54,141020989.0,179449338405.6,0.57,6310.1,sh000905
2023-03-27 00:00:00,6304.48,6311.6,6320.66,6265.01,144664863.0,184209306469.8,0.88,6311.6,sh000905
2023-03-28 00:00:00,6314.58,6279.92,6331.56,6272.72,139156104.0,174935282609.8,0.93,6279.92,sh000905
2023-03-29 00:00:00,6285.95,6260.55,6294.3,6239.94,131548284.0,166565424024.2,0.87,6260.55,sh000905
2023-03-30 00:00:00,6257.64,6286.18,6287.44,6213.97,123218599.0,155158644767.8,1.17,6286.18,sh000905
2023-03-31 00:00:00,6284.85,6339.82,6343.23,6282.14,129489835.0,164138969077.5,0.97,6339.82,sh000905
2023-04-03 00:00:00,6346.69,6413.81,6419.87,6346.69,163921048.0,215330527397.2,1.15,6413.81,sh000905
2023-04-04 00:00:00,6414.82,6408.9,6423.31,6377.53,157491755.0,218740913531.4,0.71,6408.9,sh000905
2023-04-06 00:00:00,6387.23,6416.85,6428.72,6382.03,144064448.0,207002794759.6,0.73,6416.85,sh000905
2023-04-07 00:00:00,6418.26,6464.47,6470.09,6416.68,127964625.0,177737436540.0,0.83,6464.47,sh000905
2023-04-10 00:00:00,6474.94,6410.52,6476.22,6395.37,145134187.0,203397862936.4,1.25,6410.52,sh000905
2023-04-11 00:00:00,6405.63,6420.88,6421.49,6381.06,142399109.0,188800337843.3,0.63,6420.88,sh000905
2023-04-12 00:00:00,6415.7,6443.44,6450.35,6407.2,149447956.0,188164796583.5,0.67,6443.44,sh000905
2023-04-13 00:00:00,6438.16,6404.65,6451.79,6396.02,156199573.0,196031015021.2,0.87,6404.65,sh000905
2023-04-14 00:00:00,6420.31,6431.07,6444.89,6390.92,145300668.0,190743030851.0,0.84,6431.07,sh000905
2023-04-17 00:00:00,6422.87,6459.24,6459.24,6421.39,168823079.0,196752268308.1,0.59,6459.24,sh000905
2023-04-18 00:00:00,6448.76,6449.85,6462.25,6422.05,143471341.0,184598154225.6,0.62,6449.85,sh000905
2023-04-19 00:00:00,6444.87,6416.97,6456.15,6404.99,148699774.0,192403574162.7,0.79,6416.97,sh000905
2023-04-20 00:00:00,6408.81,6411.76,6413.08,6376.35,150501294.0,196199845238.5,0.57,6411.76,sh000905
2023-04-21 00:00:00,6411.51,6250.54,6411.51,6250.54,162313297.0,210802112228.2,2.51,6250.54,sh000905
2023-04-24 00:00:00,6250.96,6208.78,6260.54,6184.71,147694845.0,191204975164.8,1.21,6208.78,sh000905
2023-04-25 00:00:00,6205.62,6118.15,6208.4,6042.64,162459277.0,200847244830.6,2.67,6118.15,sh000905
2023-04-26 00:00:00,6095.13,6142.15,6178.17,6093.2,152166354.0,197699832955.3,1.39,6142.15,sh000905
2023-04-27 00:00:00,6127.64,6157.94,6190.25,6121.61,143136116.0,179308956550.4,1.12,6157.94,sh000905
2023-04-28 00:00:00,6151.64,6241.24,6245.55,6151.64,167876482.0,199335712325.8,1.53,6241.24,sh000905
2023-05-04 00:00:00,6223.23,6262.39,6264.52,6218.78,202487970.0,215098748101.1,0.73,6262.39,sh000905
2023-05-05 00:00:00,6255.7,6200.58,6256.23,6172.69,178261017.0,192217857467.7,1.33,6200.58,sh000905
2023-05-08 00:00:00,6202.68,6248.58,6259.69,6200.15,202718255.0,198162493586.1,0.96,6248.58,sh000905
2023-05-09 00:00:00,6242.66,6181.98,6274.9,6177.65,224389467.0,215437054342.0,1.56,6181.98,sh000905
2023-05-10 00:00:00,6167.13,6173.81,6199.16,6137.15,175453727.0,180485291578.1,1.0,6173.81,sh000905
2023-05-11 00:00:00,6185.67,6154.47,6190.39,6151.07,146064946.0,152275213604.4,0.64,6154.47,sh000905
2023-05-12 00:00:00,6138.94,6091.65,6173.91,6088.22,140410664.0,142316419328.4,1.39,6091.65,sh000905
2023-05-15 00:00:00,6094.68,6159.39,6159.39,6036.81,149843583.0,159620224620.0,2.01,6159.39,sh000905
2023-05-16 00:00:00,6159.17,6110.83,6159.17,6095.69,121841116.0,142447474647.0,1.03,6110.83,sh000905
2023-05-17 00:00:00,6097.98,6122.05,6137.02,6090.88,107266349.0,125585549046.7,0.76,6122.05,sh000905
2023-05-18 00:00:00,6132.52,6128.18,6153.99,6101.24,122942111.0,144557618052.5,0.86,6128.18,sh000905
2023-05-19 00:00:00,6116.84,6117.08,6149.14,6085.04,119304896.0,147524516028.4,1.05,6117.08,sh000905
2023-05-22 00:00:00,6111.84,6115.32,6136.86,6086.23,112715682.0,126363418363.6,0.83,6115.32,sh000905
2023-05-23 00:00:00,6114.21,6052.43,6117.36,6052.43,111104244.0,120628486661.7,1.06,6052.43,sh000905
2023-05-24 00:00:00,6032.69,6005.79,6058.39,5988.03,107223414.0,116914166402.6,1.16,6005.79,sh000905
2023-05-25 00:00:00,6000.22,5988.19,6028.64,5926.2,109922832.0,126769237204.5,1.71,5988.19,sh000905
2023-05-26 00:00:00,5983.14,6034.98,6045.13,5953.88,106381588.0,123263014837.6,1.52,6034.98,sh000905
2023-05-29 00:00:00,6046.54,6025.16,6058.92,6012.4,125139417.0,146808330637.6,0.77,6025.16,sh000905
2023-05-30 00:00:00,6008.46,6061.31,6061.31,5960.34,127312017.0,151849134859.6,1.68,6061.31,sh000905
2023-05-31 00:00:00,6044.02,6047.8,6063.19,6009.25,117476106.0,144653727477.5,0.89,6047.8,sh000905
2023-06-01 00:00:00,6028.8,6051.46,6094.24,6008.27,126250315.0,154907281920.7,1.42,6051.46,sh000905
2023-06-02 00:00:00,6061.91,6105.22,6115.07,6061.91,122306738.0,142073539923.0,0.88,6105.22,sh000905
2023-06-05 00:00:00,6102.13,6097.11,6107.12,6075.59,115747953.0,131118706647.8,0.52,6097.11,sh000905
2023-06-06 00:00:00,6088.66,5983.42,6089.07,5969.29,123045387.0,133636232835.4,1.96,5983.42,sh000905
2023-06-07 00:00:00,5982.31,5987.01,6010.03,5969.16,93597892.0,113593743557.7,0.68,5987.01,sh000905
2023-06-08 00:00:00,5971.72,5966.15,5992.97,5922.39,108981632.0,124387889683.3,1.18,5966.15,sh000905
2023-06-09 00:00:00,5968.7,6009.58,6017.28,5960.11,127553432.0,158760400688.5,0.96,6009.58,sh000905
2023-06-12 00:00:00,5999.62,6027.71,6045.66,5987.27,113612471.0,151203107291.2,0.97,6027.71,sh000905
2023-06-13 00:00:00,6016.69,6044.04,6047.06,6014.06,98680298.0,134425849549.1,0.55,6044.04,sh000905
2023-06-14 00:00:00,6046.44,6044.08,6064.29,6034.47,109689021.0,148046160093.7,0.49,6044.08,sh000905
2023-06-15 00:00:00,6049.47,6096.81,6100.23,6046.16,118417734.0,165700035083.1,0.89,6096.81,sh000905
2023-06-16 00:00:00,6094.84,6148.01,6154.93,6091.18,115349568.0,165690149218.5,1.05,6148.01,sh000905
2023-06-19 00:00:00,6148.85,6131.38,6148.85,6126.39,113787209.0,164780447140.9,0.37,6131.38,sh000905
2023-06-20 00:00:00,6122.74,6126.11,6144.01,6100.14,106630832.0,161419763306.8,0.72,6126.11,sh000905
2023-06-21 00:00:00,6104.25,5990.85,6104.25,5990.79,106447766.0,154200972220.3,1.85,5990.85,sh000905
2023-06-26 00:00:00,5947.57,5887.03,5970.61,5875.94,111081791.0,148203624502.1,1.58,5887.03,sh000905
2023-06-27 00:00:00,5897.69,5948.0,5956.18,5884.95,93039155.0,118625135535.9,1.21,5948.0,sh000905
2023-06-28 00:00:00,5945.64,5942.31,5951.13,5857.13,93944302.0,128454934662.7,1.58,5942.31,sh000905
2023-06-29 00:00:00,5928.71,5940.58,5964.86,5924.28,88376857.0,123484005846.8,0.68,5940.58,sh000905
2023-06-30 00:00:00,5931.87,5998.73,6016.45,5927.94,94504668.0,133367471516.9,1.49,5998.73,sh000905
2023-07-03 00:00:00,6009.27,6042.31,6056.16,5997.85,113075905.0,153065229521.6,0.97,6042.31,sh000905
2023-07-04 00:00:00,6042.72,6055.26,6059.57,6027.29,105583765.0,144484638910.0,0.53,6055.26,sh000905
2023-07-05 00:00:00,6050.35,6020.82,6059.38,6011.87,104129041.0,142198505817.2,0.78,6020.82,sh000905
2023-07-06 00:00:00,6010.66,5988.55,6042.29,5983.48,93965038.0,131979482562.6,0.98,5988.55,sh000905
2023-07-07 00:00:00,5973.98,5961.61,5994.28,5936.23,94118346.0,121687700019.0,0.97,5961.61,sh000905
2023-07-10 00:00:00,5980.61,5984.28,6003.4,5958.73,85168564.0,113940191969.5,0.75,5984.28,sh000905
2023-07-11 00:00:00,5991.02,6029.23,6029.23,5972.14,84531897.0,117919697046.3,0.95,6029.23,sh000905
2023-07-12 00:00:00,6030.64,5962.79,6033.58,5960.43,96692241.0,134419386322.7,1.21,5962.79,sh000905
2023-07-13 00:00:00,5986.25,6044.06,6049.06,5986.25,99656398.0,138941870295.0,1.05,6044.06,sh000905
2023-07-14 00:00:00,6052.95,6030.52,6055.53,6026.33,94963197.0,137880575951.9,0.48,6030.52,sh000905
2023-07-17 00:00:00,6012.76,6012.69,6018.07,5985.44,88420212.0,124991560881.3,0.54,6012.69,sh000905
2023-07-18 00:00:00,6015.98,6001.8,6027.61,5984.06,87719910.0,121310187887.2,0.72,6001.8,sh000905
2023-07-19 00:00:00,5998.38,5993.41,6017.45,5962.99,77791034.0,104054562581.1,0.91,5993.41,sh000905
2023-07-20 00:00:00,5996.84,5925.48,6009.43,5920.15,91195368.0,123684933457.2,1.49,5925.48,sh000905
2023-07-21 00:00:00,5914.35,5925.63,5961.05,5904.79,81975307.0,107065413903.9,0.95,5925.63,sh000905
2023-07-24 00:00:00,5913.57,5916.71,5954.24,5896.45,75928001.0,99623302711.1,0.98,5916.71,sh000905
2023-07-25 00:00:00,5976.97,6016.63,6016.75,5971.73,131896392.0,145732847141.7,0.76,6016.63,sh000905
2023-07-26 00:00:00,6014.76,6001.54,6015.58,5984.39,121825219.0,120547387629.8,0.52,6001.54,sh000905
2023-07-27 00:00:00,5998.85,5961.18,6017.67,5952.89,123000825.0,117272101565.3,1.08,5961.18,sh000905
2023-07-28 00:00:00,5945.91,6043.24,6049.76,5932.06,163171871.0,149147477703.5,1.97,6043.24,sh000905
2023-07-31 00:00:00,6059.11,6088.24,6133.72,6059.11,186551103.0,179595743483.0,1.23,6088.24,sh000905
2023-08-01 00:00:00,6086.9,6098.88,6113.98,6077.11,187588600.0,166628364673.4,0.61,6098.88,sh000905
2023-08-02 00:00:00,6088.14,6077.46,6111.24,6059.87,147154529.0,135758673344.6,0.84,6077.46,sh000905
2023-08-03 00:00:00,6062.64,6098.69,6101.81,6047.68,146479011.0,138777463929.6,0.89,6098.69,sh000905
2023-08-04 00:00:00,6126.15,6128.56,6164.16,6105.64,196943501.0,186850093568.5,0.96,6128.56,sh000905
2023-08-07 00:00:00,6115.84,6090.73,6117.92,6072.54,145319137.0,154416328543.1,0.74,6090.73,sh000905
2023-08-08 00:00:00,6077.3,6066.1,6088.1,6044.24,121545728.0,131357351526.3,0.72,6066.1,sh000905
2023-08-09 00:00:00,6049.45,6021.75,6062.02,6012.25,98809174.0,116294678353.9,0.82,6021.75,sh000905
2023-08-10 00:00:00,6013.35,6031.71,6040.46,5999.56,99842638.0,103950301369.3,0.68,6031.71,sh000905
2023-08-11 00:00:00,6030.05,5913.35,6030.05,5913.35,113072007.0,115393420336.3,1.93,5913.35,sh000905
2023-08-14 00:00:00,5864.48,5916.8,5919.8,5833.46,103675706.0,116321082192.1,1.46,5916.8,sh000905
2023-08-15 00:00:00,5919.77,5879.78,5926.42,5830.97,92417381.0,107626210841.9,1.61,5879.78,sh000905
2023-08-16 00:00:00,5858.6,5833.22,5891.81,5833.22,104950425.0,114013689380.0,1.0,5833.22,sh000905
2023-08-17 00:00:00,5808.91,5874.36,5882.15,5778.53,113576384.0,120852973476.6,1.78,5874.36,sh000905
2023-08-18 00:00:00,5875.11,5777.8,5891.4,5777.8,102931845.0,109766358594.4,1.93,5777.8,sh000905
2023-08-21 00:00:00,5764.67,5710.78,5802.51,5710.78,92835698.0,96691987125.6,1.59,5710.78,sh000905
2023-08-22 00:00:00,5733.25,5741.06,5754.57,5646.51,106175193.0,120035178924.1,1.89,5741.06,sh000905
2023-08-23 00:00:00,5732.39,5629.5,5732.39,5629.5,94186725.0,101871329162.8,1.79,5629.5,sh000905
2023-08-24 00:00:00,5650.36,5652.67,5701.32,5619.33,108086771.0,120640882887.6,1.46,5652.67,sh000905
2023-08-25 00:00:00,5624.77,5581.21,5648.62,5560.22,106241602.0,114730298316.4,1.56,5581.21,sh000905
2023-08-28 00:00:00,5885.88,5644.14,5887.51,5631.69,185745619.0,181457042375.4,4.58,5644.14,sh000905
2023-08-29 00:00:00,5631.01,5770.32,5789.96,5626.52,160851895.0,165476278766.7,2.9,5770.32,sh000905
2023-08-30 00:00:00,5780.28,5775.15,5817.73,5753.22,136004384.0,145078565405.8,1.12,5775.15,sh000905
2023-08-31 00:00:00,5770.95,5739.4,5777.42,5728.47,116335134.0,121252796160.9,0.85,5739.4,sh000905
2023-09-01 00:00:00,5746.41,5750.8,5775.18,5732.97,104179103.0,107061408580.6,0.74,5750.8,sh000905
2023-09-04 00:00:00,5772.03,5829.78,5829.78,5758.03,135648873.0,135994054181.1,1.25,5829.78,sh000905
2023-09-05 00:00:00,5819.97,5788.71,5822.06,5779.37,106517658.0,114971726102.7,0.73,5788.71,sh000905
2023-09-06 00:00:00,5771.85,5790.38,5800.96,5748.65,90480502.0,106512753384.6,0.9,5790.38,sh000905
2023-09-07 00:00:00,5782.07,5702.7,5782.07,5701.8,92920518.0,105713167275.8,1.39,5702.7,sh000905
2023-09-08 00:00:00,5684.66,5708.62,5732.37,5683.4,79520028.0,93059123325.2,0.86,5708.62,sh000905
2023-09-11 00:00:00,5723.02,5774.73,5802.21,5704.7,112837137.0,132425678094.5,1.71,5774.73,sh000905
2023-09-12 00:00:00,5774.47,5770.93,5793.83,5763.3,86041207.0,105032116597.9,0.53,5770.93,sh000905
2023-09-13 00:00:00,5764.82,5715.4,5770.41,5681.5,91472473.0,101933192541.5,1.54,5715.4,sh000905
2023-09-14 00:00:00,5714.67,5702.1,5721.21,5679.2,90247792.0,97979765540.8,0.74,5702.1,sh000905
2023-09-15 00:00:00,5716.29,5704.66,5741.07,5680.9,98375964.0,110557876200.1,1.06,5704.66,sh000905
2023-09-18 00:00:00,5685.85,5719.69,5734.19,5665.58,92305722.0,109249767455.6,1.2,5719.69,sh000905
2023-09-19 00:00:00,5713.49,5687.9,5713.6,5670.42,85112102.0,94544819485.1,0.75,5687.9,sh000905
2023-09-20 00:00:00,5677.92,5651.01,5689.83,5651.01,77634158.0,84080282560.4,0.68,5651.01,sh000905
2023-09-21 00:00:00,5638.44,5611.92,5666.7,5609.21,81931509.0,84847061987.6,1.02,5611.92,sh000905
2023-09-22 00:00:00,5606.83,5698.82,5700.32,5603.81,104118982.0,120276386023.4,1.72,5698.82,sh000905
2023-09-25 00:00:00,5694.9,5666.66,5699.15,5659.32,93340719.0,114172282948.0,0.7,5666.66,sh000905
2023-09-26 00:00:00,5661.03,5646.65,5682.28,5646.65,74309615.0,100424427689.8,0.63,5646.65,sh000905
2023-09-27 00:00:00,5642.39,5674.35,5701.51,5641.85,81086240.0,102149151673.6,1.06,5674.35,sh000905
2023-09-28 00:00:00,5687.64,5690.77,5704.62,5677.53,79477338.0,101456952317.7,0.48,5690.77,sh000905
2023-10-09 00:00:00,5679.64,5658.08,5680.95,5634.35,90029836.0,109095282387.9,0.82,5658.08,sh000905
2023-10-10 00:00:00,5665.66,5630.37,5678.46,5627.41,87726425.0,104621240810.9,0.9,5630.37,sh000905
2023-10-11 00:00:00,5639.07,5629.79,5674.25,5617.87,90644826.0,112202131187.6,1.0,5629.79,sh000905
2023-10-12 00:00:00,5655.61,5671.64,5677.82,5642.49,100502986.0,119947478383.3,0.63,5671.64,sh000905
2023-10-13 00:00:00,5645.44,5633.38,5646.07,5616.85,89391702.0,110878380412.7,0.52,5633.38,sh000905
2023-10-16 00:00:00,5633.3,5580.67,5636.32,5559.42,89867550.0,107684372825.8,1.37,5580.67,sh000905
2023-10-17 00:00:00,5585.14,5595.34,5599.42,5556.57,92516737.0,105060399668.5,0.77,5595.34,sh000905
2023-10-18 00:00:00,5586.02,5524.6,5586.02,5519.46,98953562.0,110310590720.5,1.19,5524.6,sh000905
2023-10-19 00:00:00,5496.76,5464.03,5529.87,5463.65,108078335.0,117347195293.0,1.2,5464.03,sh000905
2023-10-20 00:00:00,5443.46,5423.67,5473.21,5413.02,94936115.0,107713531625.7,1.1,5423.67,sh000905
2023-10-23 00:00:00,5400.54,5290.33,5400.79,5269.83,103083126.0,112227737477.3,2.41,5290.33,sh000905
2023-10-24 00:00:00,5311.67,5352.01,5363.2,5290.5,114745729.0,126190795980.9,1.37,5352.01,sh000905
2023-10-25 00:00:00,5386.43,5376.0,5423.01,5376.0,114921244.0,129741397087.7,0.88,5376.0,sh000905
2023-10-26 00:00:00,5351.16,5398.93,5404.99,5337.49,102485044.0,116893043685.1,1.26,5398.93,sh000905
2023-10-27 00:00:00,5387.27,5492.03,5514.31,5380.94,112542804.0,132776259320.2,2.47,5492.03,sh000905
2023-10-30 00:00:00,5484.62,5546.39,5559.78,5483.16,123034185.0,153066651404.1,1.4,5546.39,sh000905
2023-10-31 00:00:00,5547.32,5528.24,5554.19,5505.93,105679375.0,127527068558.9,0.87,5528.24,sh000905
2023-11-01 00:00:00,5534.89,5509.97,5534.94,5496.83,87185785.0,105639439602.5,0.69,5509.97,sh000905
2023-11-02 00:00:00,5514.52,5459.45,5532.85,5457.75,90202645.0,101795786004.1,1.36,5459.45,sh000905
2023-11-03 00:00:00,5462.14,5510.36,5537.73,5462.14,97990576.0,114009935832.3,1.38,5510.36,sh000905
2023-11-06 00:00:00,5549.29,5605.06,5609.26,5549.29,139241046.0,156664899021.4,1.09,5605.06,sh000905
2023-11-07 00:00:00,5594.47,5611.1,5631.1,5578.51,120579321.0,139898836824.0,0.94,5611.1,sh000905
2023-11-08 00:00:00,5602.97,5608.02,5633.97,5577.39,122994558.0,139708501031.2,1.01,5608.02,sh000905
2023-11-09 00:00:00,5602.49,5592.06,5638.08,5582.12,106362800.0,123039510738.4,1.0,5592.06,sh000905
2023-11-10 00:00:00,5577.34,5573.1,5585.21,5550.82,94324024.0,109671917967.6,0.61,5573.1,sh000905
2023-11-13 00:00:00,5589.06,5605.57,5605.57,5565.09,102158932.0,117833772398.6,0.73,5605.57,sh000905
2023-11-14 00:00:00,5602.98,5630.55,5639.19,5600.78,101073136.0,116072656381.1,0.69,5630.55,sh000905
2023-11-15 00:00:00,5677.55,5664.62,5684.75,5649.72,113087937.0,131864342620.6,0.62,5664.62,sh000905
2023-11-16 00:00:00,5647.06,5609.36,5652.4,5609.36,94662677.0,105765074960.8,0.76,5609.36,sh000905
2023-11-17 00:00:00,5598.95,5631.42,5632.39,5593.49,89422342.0,101443839223.4,0.69,5631.42,sh000905
2023-11-20 00:00:00,5635.59,5659.77,5669.38,5609.27,103105072.0,119885024783.4,1.07,5659.77,sh000905
2023-11-21 00:00:00,5669.17,5641.08,5696.09,5634.27,114861205.0,126740611037.5,1.09,5641.08,sh000905
2023-11-22 00:00:00,5622.86,5572.9,5639.0,5572.9,104718408.0,109971792008.8,1.17,5572.9,sh000905
2023-11-23 00:00:00,5566.73,5622.99,5627.79,5548.97,98042432.0,101151204629.6,1.41,5622.99,sh000905
2023-11-24 00:00:00,5619.32,5570.42,5619.32,5556.71,101248044.0,100701104772.1,1.11,5570.42,sh000905
2023-11-27 00:00:00,5562.75,5566.51,5579.72,5531.65,98218653.0,107690772117.8,0.86,5566.51,sh000905
2023-11-28 00:00:00,5561.58,5591.5,5594.72,5529.54,89373272.0,98930980618.3,1.17,5591.5,sh000905
2023-11-29 00:00:00,5588.77,5553.33,5593.37,5547.84,89509151.0,96924084400.2,0.81,5553.33,sh000905
2023-11-30 00:00:00,5548.52,5545.05,5560.33,5509.96,87841505.0,95350481599.1,0.91,5545.05,sh000905
2023-12-01 00:00:00,5541.23,5566.87,5576.73,5521.06,93371708.0,107454844321.7,1.0,5566.87,sh000905
2023-12-04 00:00:00,5578.42,5559.07,5590.84,5559.07,99306543.0,119628388288.4,0.57,5559.07,sh000905
2023-12-05 00:00:00,5542.87,5460.41,5542.87,5460.41,91298248.0,103824359571.7,1.48,5460.41,sh000905
2023-12-06 00:00:00,5448.46,5481.82,5513.09,5443.07,88373997.0,102084528903.4,1.28,5481.82,sh000905
2023-12-07 00:00:00,5475.27,5481.14,5501.48,5443.29,89048687.0,103621973820.8,1.06,5481.14,sh000905
2023-12-08 00:00:00,5484.68,5497.99,5522.06,5477.53,118123774.0,140788027712.1,0.81,5497.99,sh000905
2023-12-11 00:00:00,5473.65,5564.85,5574.12,5429.44,118605911.0,140631297822.3,2.63,5564.85,sh000905
2023-12-12 00:00:00,5560.44,5566.18,5576.01,5545.16,84232331.0,110639096839.0,0.55,5566.18,sh000905
2023-12-13 00:00:00,5557.05,5507.51,5558.06,5507.51,75929894.0,96464641302.3,0.91,5507.51,sh000905
2023-12-14 00:00:00,5532.99,5489.33,5557.37,5487.75,74118097.0,89999982306.2,1.26,5489.33,sh000905
2023-12-15 00:00:00,5499.37,5449.79,5516.22,5438.53,80125418.0,94631897359.6,1.42,5449.79,sh000905
2023-12-18 00:00:00,5436.99,5385.27,5448.08,5374.59,78022493.0,88053828533.8,1.35,5385.27,sh000905
2023-12-19 00:00:00,5380.73,5379.87,5406.96,5344.03,70323722.0,82191407660.2,1.17,5379.87,sh000905
2023-12-20 00:00:00,5386.0,5309.29,5388.46,5308.57,75387097.0,86209163297.2,1.48,5309.29,sh000905
2023-12-21 00:00:00,5286.45,5338.76,5352.5,5253.32,81522318.0,96981042377.4,1.87,5338.76,sh000905
2023-12-22 00:00:00,5337.38,5311.69,5366.23,5293.22,90387004.0,108918439607.9,1.37,5311.69,sh000905
2023-12-25 00:00:00,5301.57,5315.37,5339.66,5288.47,65918772.0,81018151918.5,0.96,5315.37,sh000905
2023-12-26 00:00:00,5312.8,5258.28,5313.92,5238.04,67532007.0,80910364895.8,1.43,5258.28,sh000905
2023-12-27 00:00:00,5261.57,5285.53,5293.8,5235.46,75397918.0,84253444705.4,1.11,5285.53,sh000905
2023-12-28 00:00:00,5280.69,5382.8,5400.24,5275.4,107699239.0,126896204801.3,2.36,5382.8,sh000905
2023-12-29 00:00:00,5376.98,5429.23,5437.15,5374.69,90931766.0,112533613054.4,1.16,5429.23,sh000905
2024-01-02 00:00:00,5431.48,5409.46,5439.48,5409.46,92964747.0,106839922689.4,0.55,5409.46,sh000905
2024-01-03 00:00:00,5398.29,5401.4,5428.52,5373.83,86705229.0,99883598918.1,1.01,5401.4,sh000905
2024-01-04 00:00:00,5395.14,5355.32,5395.14,5331.89,78846568.0,91011406056.3,1.17,5355.32,sh000905
2024-01-05 00:00:00,5347.07,5281.87,5373.68,5260.59,89538884.0,101084569596.5,2.11,5281.87,sh000905
2024-01-08 00:00:00,5268.23,5167.7,5268.98,5167.7,83785155.0,92792791379.5,1.92,5167.7,sh000905
2024-01-09 00:00:00,5176.11,5180.65,5220.46,5153.0,78740418.0,90959823751.5,1.31,5180.65,sh000905
2024-01-10 00:00:00,5167.73,5158.08,5211.82,5118.43,71173946.0,84227807644.4,1.8,5158.08,sh000905
2024-01-11 00:00:00,5152.36,5223.86,5243.14,5146.9,85041295.0,106151947191.7,1.87,5223.86,sh000905
2024-01-12 00:00:00,5213.14,5206.18,5262.62,5206.16,76619831.0,93271394880.1,1.08,5206.18,sh000905
2024-01-15 00:00:00,5189.53,5193.3,5238.96,5171.24,73925097.0,88027788849.7,1.3,5193.3,sh000905
2024-01-16 00:00:00,5188.37,5190.4,5210.08,5124.08,83070371.0,92337607304.7,1.66,5190.4,sh000905
2024-01-17 00:00:00,5180.93,5061.54,5180.93,5061.54,78741849.0,87930639304.5,2.3,5061.54,sh000905
2024-01-18 00:00:00,5033.1,5066.96,5069.23,4924.68,118751055.0,123436419725.2,2.86,5066.96,sh000905
2024-01-19 00:00:00,5056.48,5018.43,5084.29,5014.77,78467383.0,92039421274.4,1.37,5018.43,sh000905
2024-01-22 00:00:00,5008.68,4780.97,5008.77,4753.63,109708492.0,115622857135.0,5.08,4780.97,sh000905
2024-01-23 00:00:00,4771.5,4865.74,4889.42,4727.88,99944718.0,107808853142.3,3.38,4865.74,sh000905
2024-01-24 00:00:00,4886.2,4933.7,4941.44,4766.8,114025805.0,112683270494.8,3.59,4933.7,sh000905
2024-01-25 00:00:00,4931.63,5073.18,5074.49,4910.96,132307766.0,134822852027.2,3.31,5073.18,sh000905
2024-01-26 00:00:00,5055.29,5027.09,5086.13,5009.97,117009836.0,119232918977.8,1.5,5027.09,sh000905
2024-01-29 00:00:00,5032.11,4927.91,5050.11,4927.91,116876657.0,117835011090.9,2.43,4927.91,sh000905
2024-01-30 00:00:00,4898.36,4814.99,4939.35,4810.1,99675811.0,95474113525.6,2.62,4814.99,sh000905
2024-01-31 00:00:00,4786.81,4696.98,4832.4,4690.94,121093158.0,116592536773.1,2.94,4696.98,sh000905
2024-02-01 00:00:00,4667.91,4678.73,4771.05,4629.99,111471910.0,107508825587.6,3.0,4678.73,sh000905
2024-02-02 00:00:00,4686.1,4563.22,4724.05,4435.56,137501832.0,124953077788.8,6.17,4563.22,sh000905
2024-02-05 00:00:00,4527.71,4460.26,4598.06,4281.24,165958337.0,143547017412.4,6.94,4460.26,sh000905
2024-02-06 00:00:00,4411.3,4805.9,4817.12,4405.31,173058335.0,156485198829.2,9.23,4805.9,sh000905
2024-02-07 00:00:00,4813.95,5109.57,5110.8,4813.23,227198934.0,212618286127.8,6.19,5109.57,sh000905
2024-02-08 00:00:00,5131.8,5150.23,5367.22,5129.78,213676123.0,212255665093.8,4.65,5150.23,sh000905
2024-02-19 00:00:00,5225.14,5141.6,5225.14,5074.76,162949893.0,172805832899.6,2.92,5141.6,sh000905
2024-02-20 00:00:00,5107.57,5140.96,5151.72,5072.88,121646379.0,133242205643.5,1.53,5140.96,sh000905
2024-02-21 00:00:00,5101.41,5139.04,5252.88,5074.82,150872501.0,155561259421.7,3.46,5139.04,sh000905
2024-02-22 00:00:00,5133.55,5176.34,5184.62,5117.68,116614806.0,127546517889.3,1.3,5176.34,sh000905
2024-02-23 00:00:00,5190.65,5197.71,5197.71,5118.57,135265004.0,145442447176.8,1.53,5197.71,sh000905
2024-02-26 00:00:00,5194.74,5195.46,5255.36,5162.95,144018944.0,152600869381.9,1.78,5195.46,sh000905
2024-02-27 00:00:00,5174.82,5307.8,5307.8,5160.88,138971751.0,157201596730.4,2.83,5307.8,sh000905
2024-02-28 00:00:00,5311.43,5184.05,5383.32,5184.05,202560985.0,214135426954.0,3.75,5184.05,sh000905
2024-02-29 00:00:00,5154.15,5346.79,5349.77,5154.15,160790165.0,178975999913.2,3.77,5346.79,sh000905
2024-03-01 00:00:00,5350.86,5379.05,5387.78,5321.56,142298395.0,171103270101.0,1.24,5379.05,sh000905
2024-03-04 00:00:00,5386.94,5388.82,5400.12,5325.96,143928469.0,175906403369.0,1.38,5388.82,sh000905
2024-03-05 00:00:00,5358.22,5351.83,5382.98,5329.97,140816479.0,174282675002.5,0.98,5351.83,sh000905
2024-03-06 00:00:00,5332.83,5350.1,5405.49,5293.95,121099564.0,146843351594.8,2.08,5350.1,sh000905
2024-03-07 00:00:00,5354.33,5277.3,5384.66,5277.3,139831342.0,157442183149.0,2.01,5277.3,sh000905
2024-03-08 00:00:00,5282.41,5349.6,5361.71,5268.53,121467978.0,144003562005.9,1.77,5349.6,sh000905
2024-03-11 00:00:00,5342.18,5441.05,5443.04,5339.26,142981732.0,173588864750.5,1.94,5441.05,sh000905
2024-03-12 00:00:00,5445.88,5423.72,5473.29,5385.14,147072536.0,178848761377.9,1.62,5423.72,sh000905
2024-03-13 00:00:00,5430.04,5415.11,5459.32,5389.53,129746301.0,164526330861.1,1.29,5415.11,sh000905
2024-03-14 00:00:00,5415.15,5392.93,5447.54,5352.12,131887357.0,157337167775.7,1.76,5392.93,sh000905
2024-03-15 00:00:00,5380.02,5454.15,5456.73,5357.18,136405030.0,158718756617.2,1.85,5454.15,sh000905
2024-03-18 00:00:00,5472.31,5528.45,5528.45,5459.55,159862638.0,190794115131.3,1.26,5528.45,sh000905
2024-03-19 00:00:00,5514.55,5478.22,5533.64,5477.12,146777240.0,176661748327.6,1.02,5478.22,sh000905
2024-03-20 00:00:00,5469.61,5493.41,5499.24,5455.76,126273262.0,157036230421.8,0.79,5493.41,sh000905
2024-03-21 00:00:00,5505.7,5465.83,5517.46,5454.23,129489458.0,159252387801.8,1.15,5465.83,sh000905
2024-03-22 00:00:00,5454.41,5384.57,5463.54,5356.11,137096029.0,163185963748.5,1.97,5384.57,sh000905
2024-03-25 00:00:00,5369.78,5294.75,5401.6,5292.64,130778254.0,156251665726.7,2.02,5294.75,sh000905
2024-03-26 00:00:00,5291.52,5284.42,5318.88,5237.9,116468112.0,145296216679.9,1.53,5284.42,sh000905
2024-03-27 00:00:00,5280.73,5156.68,5282.7,5156.68,110107142.0,129828707609.3,2.38,5156.68,sh000905
2024-03-28 00:00:00,5156.48,5223.81,5276.64,5156.48,116318192.0,140612607112.3,2.33,5223.81,sh000905
2024-03-29 00:00:00,5220.55,5286.16,5287.04,5211.19,109047149.0,126574031377.1,1.45,5286.16,sh000905
2024-04-01 00:00:00,5309.83,5401.22,5401.78,5309.83,136734854.0,166553105409.3,1.74,5401.22,sh000905
2024-04-02 00:00:00,5395.48,5381.23,5402.16,5353.31,132148642.0,155779915085.8,0.9,5381.23,sh000905
2024-04-03 00:00:00,5373.5,5374.6,5386.34,5350.16,133628053.0,154114398165.9,0.67,5374.6,sh000905
2024-04-08 00:00:00,5358.96,5298.59,5383.66,5297.56,148588559.0,161260958590.0,1.6,5298.59,sh000905
2024-04-09 00:00:00,5294.47,5342.9,5342.9,5284.96,113300745.0,133262737277.5,1.09,5342.9,sh000905
2024-04-10 00:00:00,5335.73,5275.47,5335.73,5242.86,117908618.0,132251020973.6,1.74,5275.47,sh000905
2024-04-11 00:00:00,5244.05,5301.81,5353.81,5240.51,127745143.0,141290912857.4,2.15,5301.81,sh000905
2024-04-12 00:00:00,5307.72,5277.22,5336.45,5270.46,118524933.0,136145117631.0,1.24,5277.22,sh000905
2024-04-15 00:00:00,5270.04,5339.72,5376.05,5219.43,159217624.0,169269295711.9,2.97,5339.72,sh000905
2024-04-16 00:00:00,5309.1,5191.55,5346.76,5184.65,162583973.0,168778499341.7,3.04,5191.55,sh000905
2024-04-17 00:00:00,5211.25,5339.75,5339.75,5211.25,147594552.0,155660732929.5,2.48,5339.75,sh000905
2024-04-18 00:00:00,5317.8,5349.84,5410.7,5299.23,153497682.0,167338860159.0,2.09,5349.84,sh000905
2024-04-19 00:00:00,5322.36,5314.87,5369.95,5292.02,142134216.0,156010347135.9,1.46,5314.87,sh000905
2024-04-22 00:00:00,5289.41,5267.58,5340.63,5264.19,135266882.0,150190436487.7,1.44,5267.58,sh000905
2024-04-23 00:00:00,5257.77,5208.27,5280.06,5196.96,125801120.0,139018868110.2,1.58,5208.27,sh000905
2024-04-24 00:00:00,5210.18,5263.04,5263.04,5183.7,117297220.0,139471094806.5,1.52,5263.04,sh000905
2024-04-25 00:00:00,5240.48,5259.34,5297.16,5229.82,110833929.0,127544603285.3,1.28,5259.34,sh000905
2024-04-26 00:00:00,5258.38,5372.12,5379.67,5258.38,173777701.0,193788859192.2,2.31,5372.12,sh000905
2024-04-29 00:00:00,5371.21,5478.49,5488.28,5371.21,190936055.0,212148850246.6,2.18,5478.49,sh000905
2024-04-30 00:00:00,5471.17,5441.14,5478.04,5436.58,162797344.0,175143689576.2,0.76,5441.14,sh000905
2024-05-06 00:00:00,5498.44,5528.6,5535.95,5496.91,165791626.0,187906843862.2,0.72,5528.6,sh000905
2024-05-07 00:00:00,5532.32,5527.08,5543.13,5507.5,136535402.0,162155744860.2,0.64,5527.08,sh000905
2024-05-08 00:00:00,5516.45,5458.76,5516.45,5454.87,123955621.0,139472996786.3,1.11,5458.76,sh000905
2024-05-09 00:00:00,5461.36,5556.77,5568.73,5461.36,131121230.0,153999870752.3,1.97,5556.77,sh000905
2024-05-10 00:00:00,5562.19,5535.4,5570.57,5497.5,128688030.0,144026969940.9,1.31,5535.4,sh000905
2024-05-13 00:00:00,5503.13,5505.26,5527.2,5462.51,131627588.0,146159918962.1,1.17,5505.26,sh000905
2024-05-14 00:00:00,5508.47,5500.74,5538.74,5484.96,118994399.0,132592062465.6,0.98,5500.74,sh000905
2024-05-15 00:00:00,5495.56,5446.66,5497.08,5441.35,110124989.0,121525793558.0,1.01,5446.66,sh000905
2024-05-16 00:00:00,5461.11,5424.67,5475.37,5408.13,122108119.0,133148761562.0,1.23,5424.67,sh000905
2024-05-17 00:00:00,5418.66,5491.89,5493.2,5409.7,126916168.0,139244609264.9,1.54,5491.89,sh000905
2024-05-20 00:00:00,5496.79,5523.5,5536.66,5484.36,144971448.0,163572079873.3,0.95,5523.5,sh000905
2024-05-21 00:00:00,5511.48,5478.91,5513.42,5460.98,108691192.0,123832374658.6,0.95,5478.91,sh000905
2024-05-22 00:00:00,5472.01,5468.61,5486.3,5455.08,113057782.0,126572719199.3,0.57,5468.61,sh000905
2024-05-23 00:00:00,5448.94,5362.31,5448.94,5352.39,126657569.0,135749197020.0,1.77,5362.31,sh000905
2024-05-24 00:00:00,5348.51,5313.45,5400.16,5311.49,106564175.0,117396142024.9,1.65,5313.45,sh000905
2024-05-27 00:00:00,5325.85,5371.37,5373.11,5284.51,115643229.0,124785634504.8,1.67,5371.37,sh000905
2024-05-28 00:00:00,5363.33,5316.13,5365.47,5310.32,110965373.0,120979080988.0,1.03,5316.13,sh000905
2024-05-29 00:00:00,5308.59,5328.31,5361.74,5305.96,104361267.0,112762595771.6,1.05,5328.31,sh000905
2024-05-30 00:00:00,5316.4,5308.66,5349.69,5296.49,107350187.0,114757614217.4,1.0,5308.66,sh000905
2024-05-31 00:00:00,5310.72,5308.54,5357.02,5308.54,104151147.0,113019704335.1,0.91,5308.54,sh000905
2024-06-03 00:00:00,5300.79,5274.07,5316.34,5232.69,126968515.0,129543758977.7,1.58,5274.07,sh000905
2024-06-04 00:00:00,5263.23,5341.95,5352.28,5247.58,108083144.0,117835610768.9,1.99,5341.95,sh000905
2024-06-05 00:00:00,5328.87,5277.94,5347.43,5277.94,105792757.0,111608396273.0,1.3,5277.94,sh000905
2024-06-06 00:00:00,5291.52,5228.8,5305.88,5213.66,133368231.0,135739981470.4,1.75,5228.8,sh000905
2024-06-07 00:00:00,5247.15,5208.98,5258.82,5172.05,113527478.0,118553769519.2,1.66,5208.98,sh000905
2024-06-11 00:00:00,5182.41,5217.47,5232.85,5159.33,116437116.0,119660626659.4,1.41,5217.47,sh000905
2024-06-12 00:00:00,5209.13,5232.95,5245.99,5205.57,103065569.0,111341271703.7,0.77,5232.95,sh000905
2024-06-13 00:00:00,5231.91,5194.59,5233.8,5182.74,118232764.0,123194241679.1,0.98,5194.59,sh000905
2024-06-14 00:00:00,5180.29,5213.09,5235.88,5163.38,133998620.0,146009261400.6,1.4,5213.09,sh000905
2024-06-17 00:00:00,5189.28,5207.13,5223.59,5184.6,107970664.0,135704407617.0,0.75,5207.13,sh000905
2024-06-18 00:00:00,5207.98,5230.89,5243.59,5204.97,94090903.0,120391272834.4,0.74,5230.89,sh000905
2024-06-19 00:00:00,5235.48,5168.82,5236.3,5168.82,87849590.0,111740529823.1,1.29,5168.82,sh000905
2024-06-20 00:00:00,5162.16,5094.57,5184.75,5092.29,95609003.0,113062777426.7,1.79,5094.57,sh000905
2024-06-21 00:00:00,5079.92,5102.33,5128.14,5071.65,83838907.0,98090349439.3,1.11,5102.33,sh000905
2024-06-24 00:00:00,5072.8,4992.91,5078.96,4986.77,100186646.0,113108464981.7,1.81,4992.91,sh000905
2024-06-25 00:00:00,4989.07,4948.63,5007.34,4918.04,91636779.0,104683752506.4,1.79,4948.63,sh000905
2024-06-26 00:00:00,4942.17,5020.43,5024.77,4915.66,93394621.0,102152255030.0,2.2,5020.43,sh000905
2024-06-27 00:00:00,4998.99,4928.05,5000.18,4925.16,88537187.0,97364975399.3,1.49,4928.05,sh000905
2024-06-28 00:00:00,4914.67,4942.78,5003.41,4914.55,106308342.0,114743251798.9,1.8,4942.78,sh000905
2024-07-01 00:00:00,4943.79,5003.16,5017.61,4929.09,97312793.0,110821074065.9,1.79,5003.16,sh000905
2024-07-02 00:00:00,5000.58,4949.48,5002.74,4934.12,96209334.0,105902911013.0,1.37,4949.48,sh000905
2024-07-03 00:00:00,4945.4,4910.92,4950.51,4905.39,84528331.0,96121126342.0,0.91,4910.92,sh000905
2024-07-04 00:00:00,4917.44,4834.5,4935.61,4827.34,91008466.0,98771611006.7,2.2,4834.5,sh000905
2024-07-05 00:00:00,4828.86,4866.26,4877.93,4794.13,83133279.0,93724633826.8,1.73,4866.26,sh000905
2024-07-08 00:00:00,4857.02,4783.62,4857.27,4768.56,90254500.0,96789200226.5,1.82,4783.62,sh000905
2024-07-09 00:00:00,4775.31,4876.9,4888.48,4745.32,111401968.0,126704548339.3,2.99,4876.9,sh000905
2024-07-10 00:00:00,4857.48,4844.16,4891.37,4836.17,100953186.0,117244916014.0,1.13,4844.16,sh000905
2024-07-11 00:00:00,4902.81,4939.73,4941.7,4871.17,115275494.0,133127527342.5,1.46,4939.73,sh000905
2024-07-12 00:00:00,4926.98,4919.36,4937.35,4905.8,97175106.0,115594261299.6,0.64,4919.36,sh000905
2024-07-15 00:00:00,4903.52,4883.9,4903.52,4868.74,86824312.0,102734711417.3,0.71,4883.9,sh000905
2024-07-16 00:00:00,4877.6,4898.36,4907.83,4850.43,87267978.0,113648284397.5,1.18,4898.36,sh000905
2024-07-17 00:00:00,4893.41,4856.58,4900.36,4853.6,96909547.0,117932902593.7,0.95,4856.58,sh000905
2024-07-18 00:00:00,4822.13,4877.69,4879.69,4793.43,96654750.0,115283847816.1,1.78,4877.69,sh000905
2024-07-19 00:00:00,4853.04,4872.05,4900.38,4842.93,93290746.0,111989382468.3,1.18,4872.05,sh000905
2024-07-22 00:00:00,4872.64,4865.98,4885.36,4839.11,92710458.0,110307683161.2,0.95,4865.98,sh000905
2024-07-23 00:00:00,4862.97,4722.8,4862.97,4722.8,102403712.0,110578297603.3,2.88,4722.8,sh000905
2024-07-24 00:00:00,4712.29,4668.06,4738.76,4661.83,112674635.0,103026731862.0,1.63,4668.06,sh000905
2024-07-25 00:00:00,4644.42,4665.45,4710.46,4635.24,88600074.0,95885153870.2,1.61,4665.45,sh000905
2024-07-26 00:00:00,4670.45,4736.38,4744.45,4670.45,86472049.0,94118612207.0,1.59,4736.38,sh000905
2024-07-29 00:00:00,4740.5,4708.84,4742.15,4702.98,81102039.0,90979232032.0,0.83,4708.84,sh000905
2024-07-30 00:00:00,4694.52,4699.28,4712.04,4650.56,83353382.0,86181033613.6,1.31,4699.28,sh000905
2024-07-31 00:00:00,4694.73,4886.41,4887.92,4687.05,143180919.0,146601666177.8,4.27,4886.41,sh000905
2024-08-01 00:00:00,4893.87,4852.97,4928.24,4834.65,113213393.0,119765528788.7,1.92,4852.97,sh000905
2024-08-02 00:00:00,4816.94,4788.62,4874.71,4783.12,98529844.0,105654740577.4,1.89,4788.62,sh000905
2024-08-05 00:00:00,4756.08,4693.85,4846.54,4693.82,113338148.0,123487463651.4,3.19,4693.85,sh000905
2024-08-06 00:00:00,4740.45,4750.78,4774.93,4699.18,107774770.0,105286322238.1,1.61,4750.78,sh000905
2024-08-07 00:00:00,4747.98,4751.94,4783.42,4719.94,96989481.0,96834771203.2,1.34,4751.94,sh000905
2024-08-08 00:00:00,4737.09,4755.81,4791.66,4701.79,104309253.0,95364149202.0,1.89,4755.81,sh000905
2024-08-09 00:00:00,4778.26,4720.31,4805.1,4720.31,108819586.0,88057504682.2,1.78,4720.31,sh000905
2024-08-12 00:00:00,4716.96,4714.16,4737.19,4696.05,89100832.0,76375856580.1,0.87,4714.16,sh000905
2024-08-13 00:00:00,4713.96,4731.84,4731.84,4680.59,81365173.0,71101413451.5,1.09,4731.84,sh000905
2024-08-14 00:00:00,4729.81,4667.07,4730.24,4667.07,74588030.0,68308163886.2,1.33,4667.07,sh000905
2024-08-15 00:00:00,4656.7,4698.38,4746.41,4647.79,90973293.0,83712897622.1,2.11,4698.38,sh000905
2024-08-16 00:00:00,4703.6,4670.38,4708.02,4662.11,87379580.0,81927269812.8,0.98,4670.38,sh000905
2024-08-19 00:00:00,4666.33,4682.96,4729.87,4666.26,87136867.0,80742361426.1,1.36,4682.96,sh000905
2024-08-20 00:00:00,4684.29,4602.01,4686.36,4590.39,91846146.0,81351685184.9,2.05,4602.01,sh000905
2024-08-21 00:00:00,4589.09,4587.12,4610.87,4582.27,83526910.0,74809964819.1,0.62,4587.12,sh000905
2024-08-22 00:00:00,4589.5,4533.37,4595.05,4526.25,85856868.0,78202476718.8,1.5,4533.37,sh000905
2024-08-23 00:00:00,4523.99,4537.09,4549.3,4513.2,75778364.0,71369991695.7,0.8,4537.09,sh000905
2024-08-26 00:00:00,4542.86,4544.36,4558.59,4523.73,87118296.0,84365247766.9,0.77,4544.36,sh000905
2024-08-27 00:00:00,4532.49,4495.29,4532.49,4487.09,82529205.0,78742868644.7,1.0,4495.29,sh000905
2024-08-28 00:00:00,4486.43,4500.01,4527.77,4482.03,82681199.0,74244549232.7,1.02,4500.01,sh000905
2024-08-29 00:00:00,4483.55,4557.9,4577.79,4475.22,103115562.0,96829969885.4,2.28,4557.9,sh000905
2024-08-30 00:00:00,4557.5,4639.11,4704.34,4548.38,151593361.0,144749168233.3,3.42,4639.11,sh000905
2024-09-02 00:00:00,4631.9,4546.88,4632.31,4546.84,126368517.0,115893027848.1,1.84,4546.88,sh000905
2024-09-03 00:00:00,4543.22,4596.48,4612.28,4543.22,98589686.0,92749159672.5,1.52,4596.48,sh000905
2024-09-04 00:00:00,4567.69,4582.08,4623.38,4552.3,92435685.0,88646018095.4,1.55,4582.08,sh000905
2024-09-05 00:00:00,4585.17,4601.09,4630.64,4582.05,80583723.0,80148632780.7,1.06,4601.09,sh000905
2024-09-06 00:00:00,4609.34,4537.45,4613.31,4535.35,90147596.0,80215749103.2,1.69,4537.45,sh000905
2024-09-09 00:00:00,4517.57,4507.19,4541.79,4487.84,91944608.0,81907584834.7,1.19,4507.19,sh000905
2024-09-10 00:00:00,4509.32,4507.71,4528.67,4432.91,98529542.0,87011759811.7,2.12,4507.71,sh000905
2024-09-11 00:00:00,4490.19,4514.92,4529.35,4479.03,85206842.0,81707868059.9,1.12,4514.92,sh000905
2024-09-12 00:00:00,4518.99,4496.59,4568.75,4496.59,86654304.0,80916511375.5,1.6,4496.59,sh000905
2024-09-13 00:00:00,4500.39,4450.96,4509.07,4450.96,92533757.0,85710614259.9,1.29,4450.96,sh000905
2024-09-18 00:00:00,4450.09,4462.87,4474.72,4397.16,90989683.0,79102523647.7,1.74,4462.87,sh000905
2024-09-19 00:00:00,4481.46,4520.39,4565.39,4437.54,115611868.0,105405904204.6,2.86,4520.39,sh000905
2024-09-20 00:00:00,4514.96,4498.39,4515.81,4471.94,94312044.0,89084435754.7,0.97,4498.39,sh000905
2024-09-23 00:00:00,4495.78,4494.69,4545.54,4483.13,89935227.0,85104838086.0,1.39,4494.69,sh000905
2024-09-24 00:00:00,4524.22,4689.6,4690.57,4503.12,177144703.0,159947071682.9,4.17,4689.6,sh000905
2024-09-25 00:00:00,4743.63,4731.48,4847.2,4724.43,204593519.0,182209573751.3,2.62,4731.48,sh000905
2024-09-26 00:00:00,4726.0,4938.18,4938.18,4719.35,229930323.0,196122560309.1,4.62,4938.18,sh000905
2024-09-27 00:00:00,5027.26,5201.67,5227.96,5021.51,230177508.0,232646658012.5,4.18,5201.67,sh000905
2024-09-30 00:00:00,5449.79,5743.22,5757.92,5387.34,388703200.0,418784669568.5,7.12,5743.22,sh000905
2024-10-08 00:00:00,6417.81,6155.58,6417.81,5868.85,493546420.0,579263323621.8,9.56,6155.58,sh000905
2024-10-09 00:00:00,6013.7,5735.64,6088.08,5704.48,431156416.0,529447530363.7,6.23,5735.64,sh000905
2024-10-10 00:00:00,5768.61,5690.88,5875.94,5597.48,353480245.0,390814224053.0,4.85,5690.88,sh000905
2024-10-11 00:00:00,5650.05,5470.81,5652.85,5408.87,244383373.0,266749263112.0,4.29,5470.81,sh000905
2024-10-14 00:00:00,5503.65,5608.15,5623.97,5408.39,250608541.0,279231292488.6,3.94,5608.15,sh000905
2024-10-15 00:00:00,5578.26,5472.56,5661.07,5471.88,238997019.0,276816614630.7,3.37,5472.56,sh000905
2024-10-16 00:00:00,5393.67,5461.09,5546.18,5393.67,205450926.0,222425749319.4,2.79,5461.09,sh000905
2024-10-17 00:00:00,5499.77,5418.99,5541.03,5417.88,202768685.0,234458932483.4,2.26,5418.99,sh000905
2024-10-18 00:00:00,5416.03,5640.02,5774.14,5404.2,287114219.0,352062136787.1,6.83,5640.02,sh000905
2024-10-21 00:00:00,5680.56,5704.23,5797.88,5631.23,266885186.0,359965731439.6,2.95,5704.23,sh000905
2024-10-22 00:00:00,5703.32,5753.85,5779.3,5673.79,237023624.0,312584329119.8,1.85,5753.85,sh000905
2024-10-23 00:00:00,5745.11,5776.38,5853.46,5727.77,273412640.0,336167749458.4,2.18,5776.38,sh000905
2024-10-24 00:00:00,5747.56,5726.7,5759.87,5694.78,207690046.0,257232250889.5,1.13,5726.7,sh000905
2024-10-25 00:00:00,5735.29,5809.69,5855.26,5729.44,236725708.0,299590180533.3,2.2,5809.69,sh000905
2024-10-28 00:00:00,5816.33,5883.72,5883.72,5787.48,270653787.0,312663682663.8,1.66,5883.72,sh000905
2024-10-29 00:00:00,5903.31,5812.53,5917.21,5807.29,275371143.0,332481504886.9,1.87,5812.53,sh000905
2024-10-30 00:00:00,5793.83,5837.93,5869.11,5777.43,252021275.0,315956554496.2,1.58,5837.93,sh000905
2024-10-31 00:00:00,5839.98,5901.29,5935.18,5812.03,313549202.0,377454102584.7,2.11,5901.29,sh000905
2024-11-01 00:00:00,5893.32,5831.82,5934.2,5795.08,369840641.0,429257467070.0,2.36,5831.82,sh000905
2024-11-04 00:00:00,5835.39,5928.91,5928.91,5835.39,286552294.0,342776867779.9,1.6,5928.91,sh000905
2024-11-05 00:00:00,5925.87,6111.97,6119.25,5910.89,366344492.0,441462863294.4,3.51,6111.97,sh000905
2024-11-06 00:00:00,6134.92,6125.79,6204.53,6081.81,415187737.0,502324104677.0,2.01,6125.79,sh000905
2024-11-07 00:00:00,6061.73,6239.56,6240.76,6049.59,418413323.0,465814955829.2,3.12,6239.56,sh000905
2024-11-08 00:00:00,6306.8,6222.45,6333.68,6206.29,385648347.0,470080201608.9,2.04,6222.45,sh000905
2024-11-11 00:00:00,6211.03,6330.62,6330.8,6199.06,334096921.0,453328339552.7,2.12,6330.62,sh000905
2024-11-12 00:00:00,6349.23,6263.88,6382.98,6205.1,332856919.0,452685440809.0,2.81,6263.88,sh000905
2024-11-13 00:00:00,6234.16,6259.84,6282.28,6162.9,260400673.0,347812976326.8,1.91,6259.84,sh000905
2024-11-14 00:00:00,6240.61,6078.31,6240.61,6068.66,239743138.0,317335892174.5,2.75,6078.31,sh000905
2024-11-15 00:00:00,6055.54,5924.48,6093.42,5924.35,236226042.0,309679795180.8,2.78,5924.48,sh000905
2024-11-18 00:00:00,5940.49,5833.04,5977.49,5799.91,282527224.0,296423264134.4,3.0,5833.04,sh000905
2024-11-19 00:00:00,5836.61,5936.6,5936.93,5776.2,241404215.0,262477730599.7,2.76,5936.6,sh000905
2024-11-20 00:00:00,5920.32,5992.39,6015.23,5909.11,217345224.0,261005441610.0,1.79,5992.39,sh000905
2024-11-21 00:00:00,5973.15,5985.31,6009.63,5937.81,206198941.0,252722313895.1,1.2,5985.31,sh000905
2024-11-22 00:00:00,5969.08,5750.25,5983.34,5750.25,225066737.0,267675732292.4,3.89,5750.25,sh000905
2024-11-25 00:00:00,5754.55,5735.65,5774.82,5662.09,186005060.0,215261571671.1,1.96,5735.65,sh000905
2024-11-26 00:00:00,5727.37,5690.48,5773.36,5688.58,147562865.0,170186745318.8,1.48,5690.48,sh000905
2024-11-27 00:00:00,5669.55,5804.94,5805.64,5604.0,175313302.0,204528721580.5,3.54,5804.94,sh000905
2024-11-28 00:00:00,5802.8,5757.6,5826.49,5749.29,172183537.0,204358289211.1,1.33,5757.6,sh000905
2024-11-29 00:00:00,5748.17,5851.94,5899.87,5736.41,204255544.0,243571196943.7,2.84,5851.94,sh000905
2024-12-02 00:00:00,5853.71,5943.62,5956.6,5848.42,236181308.0,257212815525.1,1.85,5943.62,sh000905
2024-12-03 00:00:00,5946.74,5932.12,5954.66,5877.8,209870509.0,229346951926.7,1.29,5932.12,sh000905
2024-12-04 00:00:00,5929.48,5879.27,5940.85,5850.91,215991634.0,234212942758.9,1.52,5879.27,sh000905
2024-12-05 00:00:00,5855.74,5901.99,5923.62,5853.53,198542236.0,212251881677.0,1.19,5901.99,sh000905
2024-12-06 00:00:00,5903.5,5979.2,6011.77,5877.04,265329536.0,255600553068.3,2.28,5979.2,sh000905
2024-12-09 00:00:00,5983.33,5947.11,6004.23,5911.36,284462209.0,237294662391.5,1.55,5947.11,sh000905
2024-12-10 00:00:00,6132.29,5992.09,6141.07,5982.58,320527823.0,324711288431.3,2.66,5992.09,sh000905
2024-12-11 00:00:00,5973.33,6047.11,6051.47,5972.27,253883941.0,250011474489.1,1.32,6047.11,sh000905
2024-12-12 00:00:00,6048.78,6100.39,6107.71,6023.23,243653690.0,258380795570.8,1.4,6100.39,sh000905
2024-12-13 00:00:00,6065.95,5988.29,6065.95,5988.29,286328198.0,307316221178.0,1.27,5988.29,sh000905
2024-12-16 00:00:00,5983.16,5912.6,5991.58,5888.04,214647441.0,241790858877.2,1.73,5912.6,sh000905
2024-12-17 00:00:00,5896.97,5848.16,5924.62,5837.25,193108547.0,204630242337.7,1.48,5848.16,sh000905
2024-12-18 00:00:00,5861.26,5888.62,5921.98,5853.16,187996290.0,193282038369.0,1.18,5888.62,sh000905
2024-12-19 00:00:00,5829.26,5901.92,5918.49,5816.47,196531194.0,211287492264.4,1.73,5901.92,sh000905
2024-12-20 00:00:00,5889.95,5917.18,5962.42,5889.95,178090399.0,221132517265.6,1.23,5917.18,sh000905
2024-12-23 00:00:00,5917.69,5818.55,5935.15,5815.34,177315486.0,217347047187.5,2.02,5818.55,sh000905
2024-12-24 00:00:00,5827.16,5895.26,5897.19,5827.16,167365824.0,196112525345.7,1.2,5895.26,sh000905
2024-12-25 00:00:00,5896.43,5840.29,5897.51,5796.65,157279132.0,191269446368.3,1.71,5840.29,sh000905
2024-12-26 00:00:00,5830.72,5887.06,5897.48,5830.72,145319444.0,201723277582.2,1.14,5887.06,sh000905
2024-12-27 00:00:00,5892.69,5899.17,5975.79,5881.72,179085498.0,236680633735.7,1.6,5899.17,sh000905
2024-12-30 00:00:00,5890.46,5898.88,5928.57,5867.85,155565586.0,196182578970.3,1.03,5898.88,sh000905
2024-12-31 00:00:00,5902.03,5725.73,5905.46,5725.73,182158855.0,217194009078.8,3.05,5725.73,sh000905
2025-01-02 00:00:00,5717.92,5545.82,5722.11,5498.82,193763157.0,220078999057.0,3.9,5545.82,sh000905
2025-01-03 00:00:00,5552.75,5427.8,5581.4,5419.74,174077310.0,187233075270.9,2.91,5427.8,sh000905
2025-01-06 00:00:00,5421.07,5427.1,5482.63,5384.33,146265658.0,156743673376.1,1.81,5427.1,sh000905
2025-01-07 00:00:00,5429.17,5484.68,5485.58,5405.13,145065278.0,159836326878.2,1.48,5484.68,sh000905
2025-01-08 00:00:00,5462.32,5461.59,5501.66,5326.93,163849915.0,181141237075.9,3.19,5461.59,sh000905
2025-01-09 00:00:00,5437.81,5456.59,5493.68,5436.7,129832627.0,156798867820.6,1.04,5456.59,sh000905
2025-01-10 00:00:00,5449.0,5369.28,5496.38,5369.28,130179553.0,159984103633.2,2.33,5369.28,sh000905
2025-01-13 00:00:00,5319.7,5381.7,5422.01,5319.27,119682937.0,139406540969.0,1.91,5381.7,sh000905
2025-01-14 00:00:00,5393.76,5572.27,5582.84,5378.59,172142860.0,208083727936.2,3.8,5572.27,sh000905
2025-01-15 00:00:00,5559.58,5522.46,5569.19,5509.58,138393243.0,169060453013.4,1.07,5522.46,sh000905
2025-01-16 00:00:00,5546.7,5545.63,5633.85,5508.91,149318085.0,182995873631.7,2.26,5545.63,sh000905
2025-01-17 00:00:00,5524.21,5587.29,5621.94,5519.41,126691174.0,164437435727.2,1.85,5587.29,sh000905
2025-01-20 00:00:00,5621.92,5614.33,5665.18,5598.16,135712507.0,173426107632.4,1.2,5614.33,sh000905
2025-01-21 00:00:00,5639.6,5633.92,5642.92,5573.5,126491300.0,170909135202.8,1.24,5633.92,sh000905
2025-01-22 00:00:00,5606.85,5607.06,5618.58,5567.78,115374996.0,158106585548.6,0.9,5607.06,sh000905
2025-01-23 00:00:00,5659.37,5584.25,5717.69,5584.25,163419987.0,203633761249.2,2.38,5584.25,sh000905
2025-01-24 00:00:00,5570.48,5649.95,5660.43,5570.48,139438058.0,180858845316.0,1.61,5649.95,sh000905
2025-01-27 00:00:00,5660.48,5589.34,5676.03,5589.34,136546056.0,163085841547.7,1.53,5589.34,sh000905
2025-02-05 00:00:00,5643.17,5614.39,5646.04,5588.56,155674141.0,214999512244.8,1.03,5614.39,sh000905
2025-02-06 00:00:00,5606.87,5747.9,5749.02,5597.32,181428193.0,257122087039.6,2.7,5747.9,sh000905
2025-02-07 00:00:00,5750.29,5833.99,5889.43,5741.73,232718863.0,327949184790.5,2.57,5833.99,sh000905
2025-02-10 00:00:00,5858.24,5888.55,5895.41,5836.17,209300905.0,286253277530.5,1.02,5888.55,sh000905
2025-02-11 00:00:00,5890.37,5858.28,5890.37,5827.38,181920508.0,260281069640.5,1.07,5858.28,sh000905
2025-02-12 00:00:00,5841.36,5940.53,5940.54,5841.32,195446155.0,285438865878.9,1.69,5940.53,sh000905
2025-02-13 00:00:00,5938.2,5898.26,5957.58,5889.7,228281839.0,313080162906.2,1.14,5898.26,sh000905
2025-02-14 00:00:00,5893.93,5947.8,5954.48,5886.95,211914261.0,306627494264.1,1.14,5947.8,sh000905
2025-02-17 00:00:00,5979.84,5948.72,5985.36,5906.27,233901689.0,356940293723.8,1.33,5948.72,sh000905
2025-02-18 00:00:00,5935.5,5840.71,5947.93,5816.05,214941482.0,306905660928.8,2.22,5840.71,sh000905
2025-02-19 00:00:00,5834.95,5943.88,5945.35,5831.48,205298305.0,313960331576.5,1.95,5943.88,sh000905
2025-02-20 00:00:00,5941.6,5957.55,5977.73,5920.57,198207411.0,305885399073.0,0.96,5957.55,sh000905
2025-02-21 00:00:00,5969.65,6057.06,6061.82,5943.19,252317128.0,396960769353.7,1.99,6057.06,sh000905
2025-02-24 00:00:00,6057.38,6044.97,6079.02,6007.18,243813798.0,382362648270.6,1.19,6044.97,sh000905
2025-02-25 00:00:00,5967.04,5979.97,6044.76,5956.18,206833953.0,340316449158.0,1.47,5979.97,sh000905
2025-02-26 00:00:00,5990.29,6051.74,6055.87,5973.86,210860898.0,327265336672.0,1.37,6051.74,sh000905
2025-02-27 00:00:00,6050.19,6028.99,6064.49,5940.34,216652930.0,328254761442.7,2.05,6028.99,sh000905
2025-02-28 00:00:00,5997.92,5859.87,6007.47,5847.15,205223814.0,298290643729.1,2.66,5859.87,sh000905
2025-03-03 00:00:00,5875.95,5885.77,5964.27,5851.56,185024581.0,266955659875.8,1.92,5885.77,sh000905
2025-03-04 00:00:00,5845.47,5937.63,5943.08,5843.46,153922211.0,231145314804.5,1.69,5937.63,sh000905
2025-03-05 00:00:00,5937.11,5950.7,5955.9,5892.53,163071500.0,241738025092.7,1.07,5950.7,sh000905
2025-03-06 00:00:00,5980.38,6047.77,6062.54,5972.6,213042852.0,320542701863.5,1.51,6047.77,sh000905
2025-03-07 00:00:00,6029.38,6013.77,6067.35,5989.32,207437149.0,301122130059.3,1.29,6013.77,sh000905
2025-03-10 00:00:00,6022.68,6013.62,6041.52,5971.81,173044336.0,248513462299.4,1.16,6013.62,sh000905
2025-03-11 00:00:00,5944.42,6044.97,6044.97,5942.91,173855643.0,245205106219.3,1.7,6044.97,sh000905
2025-03-12 00:00:00,6068.38,6040.5,6098.24,6038.82,184763537.0,267906301206.6,0.98,6040.5,sh000905
2025-03-13 00:00:00,6032.85,5993.97,6050.18,5947.78,193710717.0,253622427436.4,1.7,5993.97,sh000905
2025-03-14 00:00:00,5993.97,6099.98,6099.98,5978.53,219245834.0,289038080526.0,2.03,6099.98,sh000905
2025-03-17 00:00:00,6119.61,6108.02,6129.85,6098.51,184317273.0,250160671107.9,0.51,6108.02,sh000905
2025-03-18 00:00:00,6126.04,6133.3,6161.23,6114.21,166023043.0,236342189394.2,0.77,6133.3,sh000905
2025-03-19 00:00:00,6117.42,6101.44,6128.23,6076.56,153893780.0,218871992193.0,0.84,6101.44,sh000905
2025-03-20 00:00:00,6094.84,6059.49,6109.18,6055.38,147187865.0,203849586195.9,0.88,6059.49,sh000905
2025-03-21 00:00:00,6038.99,5971.93,6071.08,5951.8,174103785.0,225801003414.7,1.97,5971.93,sh000905
2025-03-24 00:00:00,5973.05,5969.08,5987.06,5882.88,169192435.0,220094329255.6,1.74,5969.08,sh000905
2025-03-25 00:00:00,5969.42,5946.95,5993.93,5929.67,147483948.0,192227014821.0,1.08,5946.95,sh000905
2025-03-26 00:00:00,5935.85,5948.5,5983.47,5935.85,136702111.0,171695842016.5,0.8,5948.5,sh000905
2025-03-27 00:00:00,5932.52,5957.6,6000.66,5891.77,134708904.0,176590477346.0,1.83,5957.6,sh000905
2025-03-28 00:00:00,5954.73,5916.03,5973.8,5904.92,134261927.0,168899478619.3,1.16,5916.03,sh000905
2025-03-31 00:00:00,5886.96,5857.77,5908.3,5802.42,154256090.0,189563392181.2,1.79,5857.77,sh000905
2025-04-01 00:00:00,5870.94,5892.85,5931.5,5867.85,136448602.0,179327950524.9,1.09,5892.85,sh000905
2025-04-02 00:00:00,5884.89,5899.09,5936.65,5884.11,112159960.0,140642079451.3,0.89,5899.09,sh000905
2025-04-03 00:00:00,5842.62,5845.5,5906.71,5817.97,134938625.0,173662140191.8,1.5,5845.5,sh000905
2025-04-07 00:00:00,5523.96,5287.03,5587.85,5212.68,236522656.0,267397400609.4,6.42,5287.03,sh000905
2025-04-08 00:00:00,5279.76,5326.91,5371.18,5249.23,223840665.0,261875349400.4,2.31,5326.91,sh000905
2025-04-09 00:00:00,5249.68,5439.77,5465.14,5135.97,245118027.0,288257435803.9,6.18,5439.77,sh000905
2025-04-10 00:00:00,5534.56,5544.06,5610.19,5513.95,211963035.0,268666431276.5,1.77,5544.06,sh000905
2025-04-11 00:00:00,5514.19,5581.32,5631.6,5510.89,164411663.0,227659789695.8,2.18,5581.32,sh000905
2025-04-14 00:00:00,5633.78,5627.14,5661.8,5608.73,155487077.0,207470466690.5,0.95,5627.14,sh000905
2025-04-15 00:00:00,5625.0,5602.53,5626.68,5567.03,123273708.0,161900884812.5,1.06,5602.53,sh000905
2025-04-16 00:00:00,5589.78,5556.86,5592.67,5492.65,132537224.0,163751037649.9,1.79,5556.86,sh000905
2025-04-17 00:00:00,5527.59,5557.01,5604.62,5526.89,113652382.0,148283242243.4,1.4,5557.01,sh000905
2025-04-18 00:00:00,5546.97,5560.72,5579.48,5525.4,111644258.0,139804146811.9,0.97,5560.72,sh000905
2025-04-21 00:00:00,5556.51,5642.38,5646.22,5535.7,123111883.0,160264813233.9,1.99,5642.38,sh000905
2025-04-22 00:00:00,5634.89,5624.21,5651.55,5617.88,124666689.0,164464321326.5,0.6,5624.21,sh000905
2025-04-23 00:00:00,5647.91,5634.95,5670.26,5614.77,127007764.0,177991292765.2,0.99,5634.95,sh000905
2025-04-24 00:00:00,5633.02,5605.88,5651.53,5583.43,122696696.0,157899194340.6,1.21,5605.88,sh000905
2025-04-25 00:00:00,5613.14,5627.18,5661.59,5596.53,140000800.0,171933817273.4,1.16,5627.18,sh000905
2025-04-28 00:00:00,5624.42,5598.3,5628.08,5587.79,136218094.0,167616287077.3,0.72,5598.3,sh000905
2025-04-29 00:00:00,5583.72,5604.91,5622.02,5571.24,126742927.0,158033003939.8,0.91,5604.91,sh000905
2025-04-30 00:00:00,5604.65,5631.82,5647.78,5603.17,138386621.0,181616584522.5,0.8,5631.82,sh000905
2025-05-06 00:00:00,5668.88,5740.33,5740.33,5666.47,162773606.0,217059975785.3,1.31,5740.33,sh000905
2025-05-07 00:00:00,5805.66,5750.29,5819.24,5713.27,171011757.0,227566204818.1,1.85,5750.29,sh000905
2025-05-08 00:00:00,5731.72,5773.81,5783.79,5724.95,136140322.0,187032631458.8,1.02,5773.81,sh000905
2025-05-09 00:00:00,5770.44,5721.72,5770.44,5705.17,123939007.0,178162276679.5,1.13,5721.72,sh000905
2025-05-12 00:00:00,5751.44,5793.67,5794.52,5737.46,135824367.0,199426833721.2,1.0,5793.67,sh000905
2025-05-13 00:00:00,5838.03,5781.67,5838.03,5772.07,138271081.0,194252270526.7,1.14,5781.67,sh000905
2025-05-14 00:00:00,5778.08,5799.12,5835.49,5750.54,156279994.0,188145126840.3,1.47,5799.12,sh000905
2025-05-15 00:00:00,5786.78,5715.3,5786.78,5715.29,135160768.0,165136693963.9,1.23,5715.3,sh000905
2025-05-16 00:00:00,5703.74,5715.85,5735.01,5703.74,116709136.0,141882122895.5,0.55,5715.85,sh000905
2025-05-19 00:00:00,5719.44,5720.79,5729.07,5669.72,115384939.0,141098692009.1,1.04,5720.79,sh000905
2025-05-20 00:00:00,5723.51,5747.37,5759.46,5707.81,116896615.0,151751185853.6,0.9,5747.37,sh000905
2025-05-21 00:00:00,5741.69,5757.92,5763.08,5733.83,115804542.0,155147378006.4,0.51,5757.92,sh000905
2025-05-22 00:00:00,5739.19,5703.28,5757.79,5701.16,109057720.0,141620883824.3,0.98,5703.28,sh000905
2025-05-23 00:00:00,5697.14,5653.04,5738.08,5653.04,114361198.0,148123602870.9,1.49,5653.04,sh000905
2025-05-26 00:00:00,5653.21,5669.46,5693.63,5644.58,97170989.0,127343603493.8,0.87,5669.46,sh000905
2025-05-27 00:00:00,5666.3,5652.15,5667.87,5629.13,95149363.0,125275690002.2,0.68,5652.15,sh000905
2025-05-28 00:00:00,5651.88,5637.24,5660.47,5628.42,94908883.0,119959827369.0,0.57,5637.24,sh000905
2025-05-29 00:00:00,5637.06,5719.91,5724.52,5637.06,114682484.0,148095092966.2,1.55,5719.91,sh000905
2025-05-30 00:00:00,5704.77,5671.07,5704.77,5665.52,109900707.0,137670579253.9,0.69,5671.07,sh000905
2025-06-03 00:00:00,5653.67,5694.84,5710.42,5653.3,122853903.0,159996843500.1,1.01,5694.84,sh000905
2025-06-04 00:00:00,5696.57,5739.01,5744.45,5696.57,116196077.0,150314940398.1,0.84,5739.01,sh000905
2025-06-05 00:00:00,5741.03,5769.97,5778.1,5719.55,125223584.0,174970104156.2,1.02,5769.97,sh000905
2025-06-06 00:00:00,5768.4,5762.08,5771.76,5750.66,108217660.0,148022372105.1,0.37,5762.08,sh000905
2025-06-09 00:00:00,5772.78,5805.65,5823.9,5765.35,128188619.0,171482411225.9,1.02,5805.65,sh000905
2025-06-10 00:00:00,5809.83,5757.99,5810.92,5715.97,138269181.0,182980299992.1,1.64,5757.99,sh000905
2025-06-11 00:00:00,5758.53,5792.95,5818.57,5758.53,123716707.0,161353672422.0,1.04,5792.95,sh000905
2025-06-12 00:00:00,5780.97,5799.93,5808.8,5766.52,125615846.0,165393538363.1,0.73,5799.93,sh000905
2025-06-13 00:00:00,5783.16,5740.24,5794.67,5728.21,167613374.0,216010351562.9,1.15,5740.24,sh000905
2025-06-16 00:00:00,5725.0,5767.81,5775.95,5725.0,128242658.0,170989175829.1,0.89,5767.81,sh000905
2020-11-09 00:00:00,6337.44,6421.65,6452.91,6337.44,160027881.0,175071789056.0,1.83,6421.65,sh000905
2020-11-10 00:00:00,6434.43,6373.09,6435.41,6339.29,141928932.0,155931471872.0,1.5,6373.09,sh000905
2020-11-11 00:00:00,6356.37,6294.61,6375.24,6292.84,130728082.0,134439038976.0,1.29,6294.61,sh000905
2020-11-12 00:00:00,6305.07,6315.49,6341.0,6285.29,104680686.0,113184124928.0,0.89,6315.49,sh000905
2020-11-13 00:00:00,6304.46,6306.97,6319.41,6248.36,107116321.0,112943607808.0,1.13,6306.97,sh000905
2020-11-16 00:00:00,6319.7,6387.37,6387.42,6294.29,133677330.0,131781935104.0,1.48,6387.37,sh000905
2020-11-17 00:00:00,6380.77,6336.94,6380.77,6300.57,141274319.0,138972385280.0,1.26,6336.94,sh000905
2020-11-18 00:00:00,6333.45,6341.01,6382.5,6314.31,133982461.0,129795858432.0,1.08,6341.01,sh000905
2020-11-19 00:00:00,6328.08,6360.6,6370.18,6293.56,123804846.0,121059610624.0,1.21,6360.6,sh000905
2020-11-20 00:00:00,6354.79,6422.99,6429.87,6351.31,130667645.0,128065404928.0,1.24,6422.99,sh000905
2020-11-23 00:00:00,6435.92,6472.93,6516.24,6407.06,181925668.0,170218078208.0,1.7,6472.93,sh000905
2020-11-24 00:00:00,6472.75,6475.19,6495.14,6454.67,154062966.0,148759535616.0,0.63,6475.19,sh000905
2020-11-25 00:00:00,6489.26,6350.37,6489.72,6350.37,153813107.0,156624908288.0,2.15,6350.37,sh000905
2020-11-26 00:00:00,6349.86,6334.3,6358.17,6284.97,123236936.0,125528465408.0,1.15,6334.3,sh000905
2020-11-27 00:00:00,6337.38,6351.61,6351.81,6276.07,120885115.0,117407961088.0,1.2,6351.61,sh000905
2020-11-30 00:00:00,6360.46,6320.94,6397.72,6309.44,163157683.0,157517647872.0,1.39,6320.94,sh000905
2020-12-01 00:00:00,6307.85,6426.62,6437.94,6299.41,150957340.0,152562839552.0,2.19,6426.62,sh000905
2020-12-02 00:00:00,6437.96,6434.98,6446.81,6392.99,149705106.0,150490963968.0,0.84,6434.98,sh000905
2020-12-03 00:00:00,6437.38,6440.88,6461.09,6392.9,152214932.0,152891752448.0,1.06,6440.88,sh000905
2020-12-04 00:00:00,6426.03,6464.73,6471.86,6409.68,128855168.0,135320891392.0,0.97,6464.73,sh000905
2020-12-07 00:00:00,6465.99,6424.68,6472.85,6417.65,121078282.0,130847019008.0,0.85,6424.68,sh000905
2020-12-08 00:00:00,6424.16,6423.65,6448.39,6406.72,105494991.0,118324850688.0,0.65,6423.65,sh000905
2020-12-09 00:00:00,6430.48,6307.22,6437.43,6307.22,121516214.0,133439442944.0,2.03,6307.22,sh000905
2020-12-10 00:00:00,6295.35,6320.1,6350.92,6267.17,110577142.0,122398601216.0,1.33,6320.1,sh000905
2020-12-11 00:00:00,6328.83,6209.43,6340.39,6163.41,132641605.0,143457071104.0,2.8,6209.43,sh000905
2020-12-14 00:00:00,6207.83,6259.02,6260.61,6176.54,106877148.0,123900780544.0,1.35,6259.02,sh000905
2020-12-15 00:00:00,6250.1,6265.58,6276.58,6228.68,97980995.0,119718559744.0,0.77,6265.58,sh000905
2020-12-16 00:00:00,6268.21,6235.44,6271.03,6219.09,99283950.0,114108039168.0,0.83,6235.44,sh000905
2020-12-17 00:00:00,6225.08,6308.9,6312.01,6184.54,127702743.0,140083142656.0,2.04,6308.9,sh000905
2020-12-18 00:00:00,6310.16,6291.92,6332.53,6269.21,128622287.0,137531404288.0,1.0,6291.92,sh000905
2020-12-21 00:00:00,6302.26,6398.6,6401.55,6293.92,136347822.0,156761702400.0,1.71,6398.6,sh000905
2020-12-22 00:00:00,6372.88,6250.06,6378.5,6241.56,151310618.0,172456513536.0,2.14,6250.06,sh000905
2020-12-23 00:00:00,6255.35,6307.6,6330.6,6242.62,144044324.0,166258561024.0,1.41,6307.6,sh000905
2020-12-24 00:00:00,6308.48,6205.22,6308.48,6202.4,131221652.0,147688968192.0,1.68,6205.22,sh000905
2020-12-25 00:00:00,6190.99,6278.5,6284.59,6186.03,134478267.0,143831769088.0,1.59,6278.5,sh000905
2020-12-28 00:00:00,6283.78,6244.48,6288.24,6219.09,148960215.0,160495558656.0,1.1,6244.48,sh000905
2020-12-29 00:00:00,6240.74,6199.85,6280.04,6196.41,154476032.0,155674660864.0,1.34,6199.85,sh000905
2020-12-30 00:00:00,6196.45,6269.25,6289.27,6188.59,138041674.0,148227833856.0,1.62,6269.25,sh000905
2020-12-31 00:00:00,6282.96,6367.11,6370.57,6281.01,160194086.0,174289317888.0,1.43,6367.11,sh000905
2021-01-04 00:00:00,6395.61,6482.79,6501.59,6359.08,186621210.0,211126910976.0,2.24,6482.79,sh000905
2021-01-05 00:00:00,6470.25,6539.73,6539.73,6452.52,196726292.0,227033006080.0,1.35,6539.73,sh000905
2021-01-06 00:00:00,6549.73,6528.14,6569.2,6472.74,178521085.0,209333366784.0,1.47,6528.14,sh000905
2021-01-07 00:00:00,6523.68,6538.12,6567.27,6467.44,197135642.0,219238805504.0,1.53,6538.12,sh000905
2021-01-08 00:00:00,6541.56,6557.6,6598.38,6484.4,180837430.0,207113826304.0,1.74,6557.6,sh000905
2021-01-11 00:00:00,6557.45,6455.4,6572.85,6419.73,183257272.0,217940398080.0,2.34,6455.4,sh000905
2021-01-12 00:00:00,6425.81,6543.23,6543.23,6425.81,162311237.0,199048531968.0,1.82,6543.23,sh000905
2021-01-13 00:00:00,6550.03,6496.91,6553.65,6457.88,184913421.0,222962630656.0,1.46,6496.91,sh000905
2021-01-14 00:00:00,6471.79,6439.89,6516.27,6402.6,163023816.0,198732648448.0,1.75,6439.89,sh000905
2021-01-15 00:00:00,6427.13,6417.5,6447.88,6339.43,138243200.0,166962802688.0,1.68,6417.5,sh000905
2021-01-18 00:00:00,6414.83,6514.46,6529.41,6392.07,136832806.0,169891545088.0,2.14,6514.46,sh000905
2021-01-19 00:00:00,6510.48,6476.37,6532.65,6456.12,147616717.0,174545108992.0,1.17,6476.37,sh000905
2021-01-20 00:00:00,6477.67,6535.42,6535.48,6449.28,128525432.0,153378910208.0,1.33,6535.42,sh000905
2021-01-21 00:00:00,6552.03,6622.5,6649.86,6550.88,156809587.0,189208743936.0,1.51,6622.5,sh000905
2021-01-22 00:00:00,6619.86,6637.81,6643.67,6573.82,158062310.0,202861674496.0,1.05,6637.81,sh000905
2021-01-25 00:00:00,6636.22,6645.31,6711.57,6599.97,165623104.0,223556747264.0,1.68,6645.31,sh000905
2021-01-26 00:00:00,6621.15,6532.96,6624.45,6515.26,143371310.0,191892389888.0,1.64,6532.96,sh000905
2021-01-27 00:00:00,6527.68,6557.16,6564.29,6481.16,139760049.0,174776066048.0,1.27,6557.16,sh000905
2021-01-28 00:00:00,6475.86,6414.38,6529.84,6405.81,144825405.0,174817693696.0,1.89,6414.38,sh000905
2021-01-29 00:00:00,6448.67,6346.14,6462.37,6255.7,146041582.0,172077244416.0,3.22,6346.14,sh000905
2021-02-01 00:00:00,6338.64,6393.28,6397.01,6328.34,137325184.0,157579284480.0,1.08,6393.28,sh000905
2021-02-02 00:00:00,6404.85,6454.79,6459.48,6361.09,132394314.0,161720463360.0,1.54,6454.79,sh000905
2021-02-03 00:00:00,6459.66,6399.33,6484.49,6399.33,145457155.0,175699415040.0,1.32,6399.33,sh000905
2021-02-04 00:00:00,6375.67,6328.79,6414.3,6249.53,148861330.0,173708935168.0,2.57,6328.79,sh000905
2021-02-05 00:00:00,6343.83,6239.87,6382.96,6236.27,135132879.0,162500628480.0,2.32,6239.87,sh000905
2021-02-08 00:00:00,6247.92,6323.16,6354.02,6215.73,116134003.0,141592203264.0,2.22,6323.16,sh000905
2021-02-09 00:00:00,6334.42,6457.88,6468.43,6330.79,119319109.0,146850922496.0,2.18,6457.88,sh000905
2021-02-10 00:00:00,6474.75,6525.17,6542.75,6424.72,119042660.0,150035763200.0,1.83,6525.17,sh000905
2021-02-18 00:00:00,6657.31,6614.54,6678.61,6564.31,166892393.0,194996420608.0,1.75,6614.54,sh000905
2021-02-19 00:00:00,6600.25,6703.48,6706.39,6542.78,178767818.0,201468755968.0,2.47,6703.48,sh000905
2021-02-22 00:00:00,6731.51,6657.06,6810.92,6657.06,237065585.0,259948294144.0,2.3,6657.06,sh000905
2021-02-23 00:00:00,6613.6,6631.23,6701.43,6609.08,192656865.0,206144663552.0,1.39,6631.23,sh000905
2021-02-24 00:00:00,6633.28,6536.19,6661.43,6477.75,173718833.0,196797837312.0,2.77,6536.19,sh000905
2021-02-25 00:00:00,6600.21,6499.15,6609.56,6484.55,162068183.0,171451162624.0,1.91,6499.15,sh000905
2021-02-26 00:00:00,6365.74,6364.35,6446.95,6346.13,150760207.0,163655503872.0,1.55,6364.35,sh000905
2021-03-01 00:00:00,6407.16,6488.44,6491.94,6404.89,158608438.0,165792206848.0,1.37,6488.44,sh000905
2021-03-02 00:00:00,6514.02,6433.33,6514.02,6386.49,165877069.0,174025453568.0,1.97,6433.33,sh000905
2021-03-03 00:00:00,6426.04,6524.75,6528.22,6420.21,171017523.0,169667465216.0,1.68,6524.75,sh000905
2021-03-04 00:00:00,6482.79,6401.99,6485.16,6371.73,194334615.0,192657768448.0,1.74,6401.99,sh000905
2021-03-05 00:00:00,6325.75,6403.5,6442.02,6319.53,166504886.0,163666501632.0,1.91,6403.5,sh000905
2021-03-08 00:00:00,6453.78,6256.41,6488.82,6253.7,168546340.0,177120047104.0,3.67,6256.41,sh000905
2021-03-09 00:00:00,6235.31,6108.0,6250.94,6033.41,196432686.0,181888458752.0,3.48,6108.0,sh000905
2021-03-10 00:00:00,6164.77,6062.26,6179.85,6053.02,142554278.0,135611236352.0,2.08,6062.26,sh000905
2021-03-11 00:00:00,6074.33,6213.83,6213.93,6045.55,160814643.0,149412659200.0,2.78,6213.83,sh000905
2021-03-12 00:00:00,6231.48,6222.38,6232.5,6137.99,175746179.0,160346947584.0,1.52,6222.38,sh000905
2021-03-15 00:00:00,6192.3,6173.87,6229.57,6111.36,170799690.0,150564929536.0,1.9,6173.87,sh000905
2021-03-16 00:00:00,6176.07,6195.24,6222.18,6124.78,152845993.0,138852790272.0,1.58,6195.24,sh000905
2021-03-17 00:00:00,6180.89,6225.36,6230.56,6124.05,134840397.0,125106921472.0,1.72,6225.36,sh000905
2021-03-18 00:00:00,6231.19,6273.86,6300.94,6227.19,140725665.0,137984966656.0,1.18,6273.86,sh000905
2021-03-19 00:00:00,6195.25,6206.6,6258.13,6167.51,143238275.0,143898488832.0,1.44,6206.6,sh000905
2021-03-22 00:00:00,6208.93,6305.69,6307.55,6206.08,143041444.0,138484391936.0,1.63,6305.69,sh000905
2021-03-23 00:00:00,6307.98,6219.17,6307.98,6181.13,150964052.0,144085643264.0,2.01,6219.17,sh000905
2021-03-24 00:00:00,6180.31,6142.54,6232.13,6131.82,147673111.0,137684570112.0,1.61,6142.54,sh000905
2021-03-25 00:00:00,6118.87,6157.41,6190.94,6108.26,129307092.0,122101587968.0,1.35,6157.41,sh000905
2021-03-26 00:00:00,6164.82,6251.79,6264.56,6164.82,128887611.0,130405072896.0,1.62,6251.79,sh000905
2021-03-29 00:00:00,6270.0,6254.94,6277.76,6215.8,139633894.0,137607135232.0,0.99,6254.94,sh000905
2021-03-30 00:00:00,6239.47,6280.36,6287.87,6217.33,134409585.0,138902650880.0,1.13,6280.36,sh000905
2021-03-31 00:00:00,6277.7,6254.07,6277.7,6205.94,125128492.0,124539600896.0,1.14,6254.07,sh000905
2021-04-01 00:00:00,6259.41,6311.66,6321.58,6238.31,130374817.0,124971610112.0,1.33,6311.66,sh000905
2021-04-02 00:00:00,6316.56,6326.61,6341.65,6291.71,123938872.0,125309448192.0,0.79,6326.61,sh000905
2021-04-06 00:00:00,6345.89,6343.1,6367.78,6323.24,111489157.0,115979706368.0,0.7,6343.1,sh000905
2021-04-07 00:00:00,6350.38,6348.08,6350.38,6289.07,150016776.0,139659141120.0,0.97,6348.08,sh000905
2021-04-08 00:00:00,6332.93,6356.75,6385.2,6309.12,173741279.0,147432804352.0,1.2,6356.75,sh000905
2021-04-09 00:00:00,6345.29,6335.24,6360.45,6307.66,141306900.0,127539220480.0,0.83,6335.24,sh000905
2021-04-12 00:00:00,6325.26,6226.42,6344.16,6203.57,155441439.0,142018338816.0,2.22,6226.42,sh000905
2021-04-13 00:00:00,6210.22,6209.78,6254.9,6193.81,130387709.0,116032380928.0,0.98,6209.78,sh000905
2021-04-14 00:00:00,6206.64,6277.21,6287.84,6206.64,117438218.0,107282817024.0,1.31,6277.21,sh000905
2021-04-15 00:00:00,6263.63,6276.46,6281.43,6211.66,119776177.0,111582126080.0,1.11,6276.46,sh000905
2021-04-16 00:00:00,6283.86,6339.59,6344.95,6276.43,126764654.0,119984627712.0,1.09,6339.59,sh000905
2021-04-19 00:00:00,6331.71,6425.26,6431.78,6315.08,142200929.0,144720531456.0,1.84,6425.26,sh000905
2021-04-20 00:00:00,6419.73,6428.54,6467.38,6410.28,134674524.0,143364747264.0,0.89,6428.54,sh000905
2021-04-21 00:00:00,6396.27,6420.26,6434.63,6369.77,121051732.0,128354893824.0,1.01,6420.26,sh000905
2021-04-22 00:00:00,6444.28,6445.47,6472.8,6424.75,124923876.0,131906162688.0,0.75,6445.47,sh000905
2021-04-23 00:00:00,6445.52,6462.76,6463.97,6412.99,126117307.0,135170990080.0,0.79,6462.76,sh000905
2021-04-26 00:00:00,6480.3,6442.65,6546.64,6437.19,144964140.0,166586765312.0,1.69,6442.65,sh000905
2021-04-27 00:00:00,6434.61,6446.28,6466.25,6399.44,125894712.0,138320089088.0,1.04,6446.28,sh000905
2021-04-28 00:00:00,6433.1,6489.74,6489.74,6410.32,117234944.0,136377847808.0,1.23,6489.74,sh000905
2021-04-29 00:00:00,6495.65,6491.93,6502.43,6453.52,128305439.0,145502310400.0,0.75,6491.93,sh000905
2021-04-30 00:00:00,6470.35,6485.71,6503.15,6434.73,144254239.0,163746328576.0,1.05,6485.71,sh000905
2021-05-06 00:00:00,6503.6,6489.35,6548.07,6440.33,154141980.0,167436128256.0,1.66,6489.35,sh000905
2021-05-07 00:00:00,6505.58,6444.44,6524.18,6439.89,177518748.0,177915641856.0,1.3,6444.44,sh000905
2021-05-10 00:00:00,6461.42,6475.99,6493.5,6437.11,189080133.0,180906622976.0,0.88,6475.99,sh000905
2021-05-11 00:00:00,6436.29,6456.04,6472.87,6349.79,187263611.0,175350132736.0,1.9,6456.04,sh000905
2021-05-12 00:00:00,6434.91,6512.05,6521.49,6419.74,156490931.0,150127198208.0,1.58,6512.05,sh000905
2021-05-13 00:00:00,6448.96,6439.03,6497.0,6426.58,159658647.0,155853651968.0,1.08,6439.03,sh000905
2021-05-14 00:00:00,6454.68,6525.8,6525.8,6421.21,166243407.0,163611262976.0,1.62,6525.8,sh000905
2021-05-17 00:00:00,6521.89,6578.14,6613.89,6521.89,159363758.0,172029263872.0,1.41,6578.14,sh000905
2021-05-18 00:00:00,6578.97,6599.6,6604.69,6558.78,132505490.0,141986529280.0,0.7,6599.6,sh000905
2021-05-19 00:00:00,6582.1,6584.39,6590.98,6544.84,135181256.0,146346352640.0,0.7,6584.39,sh000905
2021-05-20 00:00:00,6541.09,6548.71,6580.44,6506.41,162329923.0,167135805440.0,1.12,6548.71,sh000905
2021-05-21 00:00:00,6557.49,6527.86,6570.46,6512.81,134350694.0,145990148096.0,0.88,6527.86,sh000905
2021-05-24 00:00:00,6515.83,6544.12,6564.07,6494.62,137226611.0,150739210240.0,1.06,6544.12,sh000905
2021-05-25 00:00:00,6549.34,6619.67,6628.69,6524.3,144692037.0,158035570688.0,1.6,6619.67,sh000905
2021-05-26 00:00:00,6631.37,6628.21,6642.38,6612.42,156237002.0,169904623616.0,0.45,6628.21,sh000905
2021-05-27 00:00:00,6629.24,6685.41,6685.48,6620.72,145166676.0,164642447360.0,0.98,6685.41,sh000905
2021-05-28 00:00:00,6699.28,6668.17,6718.09,6643.64,157318385.0,176611766272.0,1.11,6668.17,sh000905
2021-05-31 00:00:00,6681.55,6728.99,6729.07,6667.26,146929492.0,176728707072.0,0.93,6728.99,sh000905
2021-06-01 00:00:00,6718.64,6739.76,6742.98,6656.66,161091958.0,185038577664.0,1.28,6739.76,sh000905
2021-06-02 00:00:00,6740.5,6681.43,6748.15,6662.75,157365320.0,174265552896.0,1.27,6681.43,sh000905
2021-06-03 00:00:00,6680.1,6667.73,6744.52,6654.46,154885691.0,167598940160.0,1.35,6667.73,sh000905
2021-06-04 00:00:00,6642.06,6693.06,6725.69,6628.01,137866404.0,161257144320.0,1.46,6693.06,sh000905
2021-06-07 00:00:00,6705.74,6721.5,6729.85,6689.7,140560896.0,174154018816.0,0.6,6721.5,sh000905
2021-06-08 00:00:00,6726.09,6684.56,6752.63,6652.39,138684946.0,169906610176.0,1.49,6684.56,sh000905
2021-06-09 00:00:00,6677.14,6692.9,6712.25,6656.05,136511035.0,155486113792.0,0.84,6692.9,sh000905
2021-06-10 00:00:00,6688.82,6765.64,6773.46,6683.49,154280965.0,177003016192.0,1.34,6765.64,sh000905
2021-06-11 00:00:00,6773.64,6725.92,6775.86,6717.27,169569608.0,194413371392.0,0.87,6725.92,sh000905
2021-06-15 00:00:00,6734.1,6663.66,6736.54,6649.2,152209249.0,166359281664.0,1.3,6663.66,sh000905
2021-06-16 00:00:00,6659.49,6566.29,6662.78,6554.89,136807877.0,152269455360.0,1.62,6566.29,sh000905
2021-06-17 00:00:00,6554.3,6616.17,6618.5,6554.3,124492562.0,143795949568.0,0.98,6616.17,sh000905
2021-06-18 00:00:00,6610.27,6657.76,6671.88,6587.03,138022582.0,161540071424.0,1.28,6657.76,sh000905
2021-06-21 00:00:00,6652.65,6707.18,6722.98,6638.52,143031173.0,174776561664.0,1.27,6707.18,sh000905
2021-06-22 00:00:00,6723.3,6739.79,6748.97,6691.82,146543498.0,170147487744.0,0.85,6739.79,sh000905
2021-06-23 00:00:00,6741.58,6789.95,6803.97,6720.58,155309609.0,184582045696.0,1.24,6789.95,sh000905
2021-06-24 00:00:00,6791.86,6754.87,6791.86,6743.33,145046523.0,172627660800.0,0.71,6754.87,sh000905
2021-06-25 00:00:00,6748.87,6813.41,6824.86,6739.02,151485660.0,174329253888.0,1.27,6813.41,sh000905
2021-06-28 00:00:00,6814.32,6828.52,6843.52,6802.86,145504051.0,175447982080.0,0.6,6828.52,sh000905
2021-06-29 00:00:00,6833.06,6765.42,6835.05,6756.92,136625723.0,167622238208.0,1.14,6765.42,sh000905
2021-06-30 00:00:00,6767.74,6808.18,6812.38,6757.34,125406162.0,155031842816.0,0.81,6808.18,sh000905
2021-07-01 00:00:00,6827.7,6716.67,6827.7,6716.67,138350812.0,168199909376.0,1.63,6716.67,sh000905
2021-07-02 00:00:00,6701.06,6658.05,6718.51,6651.48,136472287.0,162302316544.0,1.0,6658.05,sh000905
2021-07-05 00:00:00,6670.13,6711.01,6716.15,6663.54,134734720.0,165135855616.0,0.79,6711.01,sh000905
2021-07-06 00:00:00,6727.97,6709.5,6747.85,6633.61,145017953.0,183569346560.0,1.7,6709.5,sh000905
2021-07-07 00:00:00,6661.85,6764.13,6765.43,6642.57,147646953.0,176266752000.0,1.83,6764.13,sh000905
2021-07-08 00:00:00,6774.84,6748.65,6797.08,6740.85,159564544.0,203043020800.0,0.83,6748.65,sh000905
2021-07-09 00:00:00,6721.61,6804.54,6814.65,6683.79,166107003.0,204576735232.0,1.94,6804.54,sh000905
2021-07-12 00:00:00,6852.48,6904.38,6926.76,6840.02,193561044.0,239883546624.0,1.27,6904.38,sh000905
2021-07-13 00:00:00,6901.81,6961.85,6961.97,6889.03,179620844.0,223831191552.0,1.06,6961.85,sh000905
2021-07-14 00:00:00,6953.82,6898.75,6973.61,6898.75,171735447.0,214904537088.0,1.08,6898.75,sh000905
2021-07-15 00:00:00,6874.8,6932.41,6936.58,6828.48,173221107.0,205199286272.0,1.57,6932.41,sh000905
2021-07-16 00:00:00,6931.05,6925.12,6992.83,6922.35,184907858.0,221559304192.0,1.02,6925.12,sh000905
2021-07-19 00:00:00,6912.1,6889.34,6931.14,6856.65,169734817.0,208077103104.0,1.08,6889.34,sh000905
2021-07-20 00:00:00,6831.05,6901.13,6901.13,6825.82,140140631.0,171140493312.0,1.09,6901.13,sh000905
2021-07-21 00:00:00,6923.61,6984.54,6998.28,6922.92,163009272.0,204939579392.0,1.09,6984.54,sh000905
2021-07-22 00:00:00,6996.26,7026.55,7026.73,6960.3,190233316.0,219500277760.0,0.95,7026.55,sh000905
2021-07-23 00:00:00,7036.3,6985.75,7061.67,6968.31,225079073.0,253751242752.0,1.33,6985.75,sh000905
2021-07-26 00:00:00,6974.11,6868.21,6986.5,6778.5,208197240.0,242702241792.0,2.98,6868.21,sh000905
2021-07-27 00:00:00,6877.44,6719.26,6925.97,6719.26,228614339.0,266957983744.0,3.01,6719.26,sh000905
2021-07-28 00:00:00,6650.15,6621.98,6709.23,6534.92,197267167.0,222466408448.0,2.59,6621.98,sh000905
2021-07-29 00:00:00,6720.62,6758.89,6773.57,6682.12,171017884.0,209142005760.0,1.38,6758.89,sh000905
2021-07-30 00:00:00,6739.75,6767.32,6775.01,6702.51,189711734.0,222514806784.0,1.07,6767.32,sh000905
2021-08-02 00:00:00,6756.81,6872.0,6875.42,6731.78,206205174.0,249640210432.0,2.12,6872.0,sh000905
2021-08-03 00:00:00,6844.37,6816.01,6879.59,6792.71,194189432.0,237723021312.0,1.26,6816.01,sh000905
2021-08-04 00:00:00,6814.08,6931.34,6931.78,6813.23,174064348.0,216189755392.0,1.74,6931.34,sh000905
2021-08-05 00:00:00,6920.94,6911.83,6946.34,6880.69,179371886.0,226672386048.0,0.95,6911.83,sh000905
2021-08-06 00:00:00,6929.02,6938.87,6947.54,6885.65,172356913.0,214958731264.0,0.9,6938.87,sh000905
2021-08-09 00:00:00,6914.32,6979.53,6989.71,6877.2,173833372.0,210955644928.0,1.62,6979.53,sh000905
2021-08-10 00:00:00,6970.83,7019.23,7019.69,6958.81,173087962.0,222660419584.0,0.87,7019.23,sh000905
2021-08-11 00:00:00,7024.77,7073.52,7076.37,6999.93,188357906.0,221759524864.0,1.09,7073.52,sh000905
2021-08-12 00:00:00,7059.47,7095.2,7115.89,7051.01,194079124.0,226074873856.0,0.92,7095.2,sh000905
2021-08-13 00:00:00,7070.47,7088.89,7124.92,7050.31,192190605.0,221865975808.0,1.05,7088.89,sh000905
2021-08-16 00:00:00,7087.58,7052.49,7102.4,7039.1,188178885.0,222080462848.0,0.89,7052.49,sh000905
2021-08-17 00:00:00,7045.75,6894.4,7063.02,6876.5,201936371.0,226552999936.0,2.64,6894.4,sh000905
2021-08-18 00:00:00,6883.27,6941.01,6950.88,6865.07,175367332.0,191997407232.0,1.24,6941.01,sh000905
2021-08-19 00:00:00,6917.51,6947.06,6978.98,6869.29,171813588.0,194992914432.0,1.58,6947.06,sh000905
2021-08-20 00:00:00,6915.02,6920.02,6952.52,6843.0,175627139.0,205135638528.0,1.58,6920.02,sh000905
2021-08-23 00:00:00,6949.33,7024.56,7031.88,6949.33,189456609.0,216299532288.0,1.19,7024.56,sh000905
2021-08-24 00:00:00,7031.65,7090.78,7098.03,7009.69,202726894.0,236479324160.0,1.26,7090.78,sh000905
2021-08-25 00:00:00,7092.15,7153.0,7153.27,7058.57,198126889.0,228737400832.0,1.34,7153.0,sh000905
2021-08-26 00:00:00,7151.53,7118.84,7175.51,7115.84,230176197.0,255363534848.0,0.83,7118.84,sh000905
2021-08-27 00:00:00,7096.65,7180.11,7185.73,7083.21,223830464.0,258997825536.0,1.44,7180.11,sh000905
2021-08-30 00:00:00,7202.63,7226.88,7262.6,7190.61,250649147.0,301015445504.0,1.0,7226.88,sh000905
2021-08-31 00:00:00,7202.52,7255.34,7255.34,7159.3,245108342.0,288657326080.0,1.33,7255.34,sh000905
2021-09-01 00:00:00,7271.03,7193.1,7278.16,7100.31,295520141.0,331023151104.0,2.45,7193.1,sh000905
2021-09-02 00:00:00,7172.4,7307.01,7309.33,7172.4,253411699.0,271544872960.0,1.9,7307.01,sh000905
2021-09-03 00:00:00,7335.7,7278.68,7385.24,7227.03,288801239.0,315016806400.0,2.17,7278.68,sh000905
2021-09-06 00:00:00,7297.36,7355.4,7359.54,7231.73,255875154.0,273720336384.0,1.76,7355.4,sh000905
2021-09-07 00:00:00,7360.38,7498.93,7501.13,7350.7,260727542.0,280403353600.0,2.05,7498.93,sh000905
2021-09-08 00:00:00,7496.33,7544.04,7549.45,7483.87,272847808.0,287850946560.0,0.87,7544.04,sh000905
2021-09-09 00:00:00,7534.98,7617.45,7617.66,7526.97,287204068.0,302380048384.0,1.2,7617.45,sh000905
2021-09-10 00:00:00,7613.6,7607.67,7661.43,7564.26,293468641.0,322687991808.0,1.28,7607.67,sh000905
2021-09-13 00:00:00,7613.54,7648.75,7650.88,7566.78,263618611.0,298956062720.0,1.11,7648.75,sh000905
2021-09-14 00:00:00,7630.72,7556.62,7688.6,7544.02,271501512.0,306464419840.0,1.89,7556.62,sh000905
2021-09-15 00:00:00,7535.25,7592.31,7627.67,7521.88,233398415.0,274072797184.0,1.4,7592.31,sh000905
2021-09-16 00:00:00,7616.88,7446.94,7657.23,7445.23,267649779.0,301162983424.0,2.79,7446.94,sh000905
2021-09-17 00:00:00,7421.81,7395.56,7471.42,7275.98,233604227.0,259019108352.0,2.62,7395.56,sh000905
2021-09-22 00:00:00,7305.08,7453.62,7453.93,7298.03,196794534.0,221838872576.0,2.11,7453.62,sh000905
2021-09-23 00:00:00,7512.33,7502.84,7543.66,7467.2,241158694.0,267659235328.0,1.03,7502.84,sh000905
2021-09-24 00:00:00,7490.56,7380.38,7490.56,7373.29,231715581.0,248983142400.0,1.56,7380.38,sh000905
2021-09-27 00:00:00,7400.0,7170.59,7410.47,7128.51,239542408.0,255096918016.0,3.82,7170.59,sh000905
2021-09-28 00:00:00,7158.62,7198.9,7227.46,7155.27,202800568.0,196202377216.0,1.01,7198.9,sh000905
2021-09-29 00:00:00,7142.76,7010.22,7161.21,6996.57,210570703.0,207830601728.0,2.29,7010.22,sh000905
2021-09-30 00:00:00,7034.69,7103.61,7116.04,7034.69,202482611.0,186185670656.0,1.16,7103.61,sh000905
2021-10-08 00:00:00,7191.23,7091.34,7198.96,7058.83,205467704.0,202877493248.0,1.97,7091.34,sh000905
2021-10-11 00:00:00,7102.88,7090.47,7123.75,7048.87,195420838.0,194709504000.0,1.06,7090.47,sh000905
2021-10-12 00:00:00,7069.35,6952.19,7079.71,6891.84,201666724.0,194146537472.0,2.65,6952.19,sh000905
2021-10-13 00:00:00,6957.73,6981.59,6991.24,6887.34,162604654.0,163678285824.0,1.49,6981.59,sh000905
2021-10-14 00:00:00,6970.65,7008.33,7033.4,6949.48,154764667.0,162946740224.0,1.2,7008.33,sh000905
2021-10-15 00:00:00,6996.12,7024.16,7034.03,6975.24,174108339.0,188999737344.0,0.84,7024.16,sh000905
2021-10-18 00:00:00,7027.14,7068.1,7071.87,6983.72,175627013.0,194312994816.0,1.25,7068.1,sh000905
2021-10-19 00:00:00,7060.77,7120.38,7127.24,7051.78,168135764.0,182701166592.0,1.07,7120.38,sh000905
2021-10-20 00:00:00,7081.99,7118.8,7154.91,7067.13,170511342.0,186276499456.0,1.23,7118.8,sh000905
2021-10-21 00:00:00,7127.64,7098.25,7145.58,7069.45,167971968.0,184364871680.0,1.07,7098.25,sh000905
2021-10-22 00:00:00,7089.13,7026.07,7110.66,7020.87,171615150.0,184191959040.0,1.26,7026.07,sh000905
2021-10-25 00:00:00,7019.02,7103.99,7105.98,7003.78,159004603.0,184607289344.0,1.45,7103.99,sh000905
2021-10-26 00:00:00,7120.07,7102.43,7155.63,7085.07,175032205.0,204998021120.0,0.99,7102.43,sh000905
2021-10-27 00:00:00,7093.12,7048.6,7097.86,7017.86,179020887.0,212523900928.0,1.13,7048.6,sh000905
2021-10-28 00:00:00,7026.29,6950.28,7043.42,6930.54,188075338.0,210380521472.0,1.6,6950.28,sh000905
2021-10-29 00:00:00,6955.85,7022.5,7022.75,6920.31,170779533.0,207011901440.0,1.47,7022.5,sh000905
2021-11-01 00:00:00,7005.07,7060.76,7087.29,6993.27,184142991.0,226533564416.0,1.34,7060.76,sh000905
2021-11-02 00:00:00,7061.0,6985.1,7093.61,6921.85,196114729.0,230633598976.0,2.43,6985.1,sh000905
2021-11-03 00:00:00,6975.06,7017.85,7034.09,6962.87,150814648.0,183530631168.0,1.02,7017.85,sh000905
2021-11-04 00:00:00,7031.95,7073.85,7073.85,7018.61,152652050.0,188533362688.0,0.79,7073.85,sh000905
2021-11-05 00:00:00,7071.08,6991.91,7073.85,6991.15,177241393.0,207299702784.0,1.17,6991.91,sh000905
2021-11-08 00:00:00,6986.5,7026.97,7034.14,6984.81,146360858.0,176810356736.0,0.71,7026.97,sh000905
2021-11-09 00:00:00,7037.57,7081.75,7087.02,7028.31,141696847.0,175620423680.0,0.84,7081.75,sh000905
2021-11-10 00:00:00,7061.64,7062.33,7072.15,6965.86,162138355.0,187121573888.0,1.5,7062.33,sh000905
2021-11-11 00:00:00,7048.86,7119.86,7121.92,7033.09,165400694.0,186637770752.0,1.26,7119.86,sh000905
2021-11-12 00:00:00,7118.99,7156.61,7165.11,7112.58,168513423.0,195249975296.0,0.74,7156.61,sh000905
2021-11-15 00:00:00,7166.04,7098.21,7176.77,7083.78,161148201.0,201939759104.0,1.3,7098.21,sh000905
2021-11-16 00:00:00,7083.92,7045.94,7121.74,7040.51,162370317.0,192032231424.0,1.14,7045.94,sh000905
2021-11-17 00:00:00,7043.63,7104.53,7106.05,7033.95,140347108.0,168875298816.0,1.02,7104.53,sh000905
2021-11-18 00:00:00,7108.78,7084.68,7130.29,7066.49,162714860.0,185152970752.0,0.9,7084.68,sh000905
2021-11-19 00:00:00,7083.01,7169.88,7174.25,7073.72,178185853.0,193601339392.0,1.42,7169.88,sh000905
2021-11-22 00:00:00,7177.4,7255.07,7259.53,7177.4,180522481.0,222986227712.0,1.15,7255.07,sh000905
2021-11-23 00:00:00,7245.95,7261.38,7292.92,7239.0,189595034.0,218299011072.0,0.74,7261.38,sh000905
2021-11-24 00:00:00,7260.22,7256.11,7278.4,7229.6,177674071.0,209537056768.0,0.67,7256.11,sh000905
2021-11-25 00:00:00,7262.79,7233.54,7262.79,7228.29,164068099.0,190327762944.0,0.48,7233.54,sh000905
2021-11-26 00:00:00,7216.64,7219.86,7249.2,7201.2,159423137.0,192093831168.0,0.66,7219.86,sh000905
2021-11-29 00:00:00,7129.94,7221.9,7226.34,7125.43,166941407.0,198551719936.0,1.4,7221.9,sh000905
2021-11-30 00:00:00,7252.33,7252.76,7281.13,7210.84,186336164.0,213217509376.0,0.97,7252.76,sh000905
2021-12-01 00:00:00,7239.13,7272.84,7272.94,7215.67,171806295.0,196111867904.0,0.79,7272.84,sh000905
2021-12-02 00:00:00,7256.42,7229.99,7279.95,7221.36,176555543.0,198627049472.0,0.81,7229.99,sh000905
2021-12-03 00:00:00,7233.57,7301.92,7310.27,7223.8,186222738.0,200791224320.0,1.2,7301.92,sh000905
2021-12-06 00:00:00,7308.99,7240.46,7330.47,7235.45,213069952.0,218322694144.0,1.3,7240.46,sh000905
2021-12-07 00:00:00,7274.13,7206.83,7284.64,7148.07,192243855.0,206136078336.0,1.89,7206.83,sh000905
2021-12-08 00:00:00,7225.0,7302.99,7302.99,7214.26,169280453.0,190279974912.0,1.23,7302.99,sh000905
2021-12-09 00:00:00,7298.8,7320.32,7331.58,7290.27,196087168.0,211492052992.0,0.57,7320.32,sh000905
2021-12-10 00:00:00,7285.97,7306.65,7317.27,7276.61,187230694.0,209397678080.0,0.56,7306.65,sh000905
2021-12-13 00:00:00,7334.11,7353.03,7371.31,7322.44,185363062.0,210741542912.0,0.67,7353.03,sh000905
2021-12-14 00:00:00,7330.24,7324.13,7349.88,7314.43,159583754.0,183555993600.0,0.48,7324.13,sh000905
2021-12-15 00:00:00,7319.66,7314.26,7352.38,7302.38,159923922.0,183859412992.0,0.68,7314.26,sh000905
2021-12-16 00:00:00,7323.41,7381.0,7381.0,7323.41,177690340.0,187008757760.0,0.79,7381.0,sh000905
2021-12-17 00:00:00,7380.72,7314.56,7384.02,7308.72,196265336.0,203439632384.0,1.02,7314.56,sh000905
2021-12-20 00:00:00,7290.95,7195.97,7313.48,7191.05,181727854.0,190350688256.0,1.67,7195.97,sh000905
2021-12-21 00:00:00,7190.97,7275.47,7285.72,7190.97,176216745.0,164258062336.0,1.32,7275.47,sh000905
2021-12-22 00:00:00,7289.91,7302.46,7318.61,7271.82,174117189.0,171088400384.0,0.64,7302.46,sh000905
2021-12-23 00:00:00,7306.16,7337.19,7350.0,7290.38,169131761.0,180467003392.0,0.82,7337.19,sh000905
2021-12-24 00:00:00,7336.0,7278.76,7339.94,7257.53,169418703.0,182681104384.0,1.12,7278.76,sh000905
2021-12-27 00:00:00,7269.37,7272.75,7323.88,7255.72,148618788.0,165585649664.0,0.94,7272.75,sh000905
2021-12-28 00:00:00,7281.0,7286.03,7290.54,7240.93,143262039.0,164782845952.0,0.68,7286.03,sh000905
2021-12-29 00:00:00,7275.67,7247.77,7290.86,7242.3,136209551.0,155743985664.0,0.67,7247.77,sh000905
2021-12-30 00:00:00,7246.03,7310.96,7324.5,7244.22,141651110.0,158448275456.0,1.11,7310.96,sh000905
2021-12-31 00:00:00,7320.94,7359.4,7368.13,7317.7,149909002.0,169456914432.0,0.69,7359.4,sh000905
2022-01-04 00:00:00,7387.81,7354.46,7392.1,7317.5,200810017.0,219175108608.0,1.01,7354.46,sh000905
2022-01-05 00:00:00,7343.9,7222.67,7346.26,7200.73,194002404.0,209809760256.0,1.98,7222.67,sh000905
2022-01-06 00:00:00,7187.95,7229.96,7242.77,7167.81,173335764.0,179907538944.0,1.04,7229.96,sh000905
2022-01-07 00:00:00,7232.41,7175.68,7262.81,7168.04,200018012.0,202498453504.0,1.31,7175.68,sh000905
2022-01-10 00:00:00,7161.44,7191.45,7193.92,7122.09,165748879.0,176717914112.0,1.0,7191.45,sh000905
2022-01-11 00:00:00,7187.02,7135.22,7206.92,7118.84,169494564.0,179645358080.0,1.22,7135.22,sh000905
2022-01-12 00:00:00,7160.18,7196.93,7196.93,7148.63,156051484.0,170334289920.0,0.68,7196.93,sh000905
2022-01-13 00:00:00,7203.24,7097.76,7203.24,7096.33,169148969.0,174599012352.0,1.49,7097.76,sh000905
2022-01-14 00:00:00,7063.42,7081.14,7125.09,7052.63,175591199.0,181513953280.0,1.02,7081.14,sh000905
2022-01-17 00:00:00,7080.62,7157.86,7169.34,7078.66,161779720.0,183490793472.0,1.28,7157.86,sh000905
2022-01-18 00:00:00,7163.13,7163.16,7191.0,7133.2,179235392.0,195000213504.0,0.81,7163.16,sh000905
2022-01-19 00:00:00,7144.48,7118.76,7182.06,7078.36,163178368.0,174675275776.0,1.45,7118.76,sh000905
2022-01-20 00:00:00,7119.51,7056.79,7135.78,7040.01,168666281.0,172753203200.0,1.35,7056.79,sh000905
2022-01-21 00:00:00,7037.94,6976.62,7040.43,6965.33,144679790.0,158204018688.0,1.06,6976.62,sh000905
2022-01-24 00:00:00,6942.92,6979.25,7006.7,6925.77,122679565.0,135920721920.0,1.16,6979.25,sh000905
2022-01-25 00:00:00,6960.0,6743.96,6979.48,6743.96,150337244.0,154265493504.0,3.37,6743.96,sh000905
2022-01-26 00:00:00,6762.35,6782.58,6799.81,6721.9,120615311.0,130234703872.0,1.16,6782.58,sh000905
2022-01-27 00:00:00,6781.61,6605.92,6785.73,6605.92,125243756.0,132244729856.0,2.65,6605.92,sh000905
2022-01-28 00:00:00,6690.18,6580.53,6690.18,6510.18,127088819.0,130258014208.0,2.72,6580.53,sh000905
2022-02-07 00:00:00,6664.57,6676.61,6702.33,6656.13,145092618.0,138641530880.0,0.7,6676.61,sh000905
2022-02-08 00:00:00,6678.99,6742.19,6742.4,6599.37,159598574.0,145458655232.0,2.14,6742.19,sh000905
2022-02-09 00:00:00,6736.75,6843.03,6848.69,6725.8,162822720.0,155362516992.0,1.82,6843.03,sh000905
2022-02-10 00:00:00,6841.16,6840.49,6864.69,6797.01,154916564.0,147064848384.0,0.99,6840.49,sh000905
2022-02-11 00:00:00,6811.78,6745.02,6840.72,6735.89,159801354.0,156700184576.0,1.53,6745.02,sh000905
2022-02-14 00:00:00,6711.59,6695.7,6765.52,6667.49,137082460.0,132192014336.0,1.45,6695.7,sh000905
2022-02-15 00:00:00,6700.82,6760.28,6762.86,6686.95,112805760.0,121268404224.0,1.13,6760.28,sh000905
2022-02-16 00:00:00,6779.21,6772.03,6788.36,6751.8,108414003.0,114685136896.0,0.54,6772.03,sh000905
2022-02-17 00:00:00,6764.33,6768.79,6797.62,6730.18,122985088.0,130706759680.0,1.0,6768.79,sh000905
2022-02-18 00:00:00,6734.52,6835.02,6835.2,6727.82,139952637.0,134406668288.0,1.59,6835.02,sh000905
2022-02-21 00:00:00,6843.08,6867.11,6871.99,6822.88,145146314.0,150072397824.0,0.72,6867.11,sh000905
2022-02-22 00:00:00,6827.05,6784.76,6827.05,6743.85,148609915.0,152906260480.0,1.21,6784.76,sh000905
2022-02-23 00:00:00,6785.1,6887.42,6889.7,6785.1,144116621.0,159413006336.0,1.54,6887.42,sh000905
2022-02-24 00:00:00,6861.41,6764.88,6898.41,6688.75,210849756.0,218057097216.0,3.04,6764.88,sh000905
2022-02-25 00:00:00,6805.64,6819.43,6895.04,6801.33,156429138.0,164105580544.0,1.39,6819.43,sh000905
2022-02-28 00:00:00,6831.49,6853.31,6853.34,6770.05,139601388.0,148585345024.0,1.22,6853.31,sh000905
2022-03-01 00:00:00,6868.62,6874.04,6889.33,6837.25,137717217.0,147535306752.0,0.76,6874.04,sh000905
2022-03-02 00:00:00,6853.07,6875.24,6878.35,6828.06,137114977.0,140871323648.0,0.73,6875.24,sh000905
2022-03-03 00:00:00,6900.98,6859.55,6907.41,6843.99,189091781.0,173516746752.0,0.92,6859.55,sh000905
2022-03-04 00:00:00,6823.83,6803.83,6871.09,6779.41,177411881.0,165852585984.0,1.34,6803.83,sh000905
2022-03-07 00:00:00,6800.77,6659.39,6800.82,6628.48,166484595.0,164636762112.0,2.53,6659.39,sh000905
2022-03-08 00:00:00,6650.58,6429.89,6665.95,6416.8,186296079.0,184444203008.0,3.74,6429.89,sh000905
2022-03-09 00:00:00,6443.2,6305.61,6462.48,6066.76,197802739.0,188335591424.0,6.15,6305.61,sh000905
2022-03-10 00:00:00,6424.91,6414.94,6475.14,6390.73,153152356.0,158971826176.0,1.34,6414.94,sh000905
2022-03-11 00:00:00,6343.19,6474.13,6479.72,6270.02,152114504.0,158771249152.0,3.27,6474.13,sh000905
2022-03-14 00:00:00,6419.24,6323.58,6490.61,6323.58,137954004.0,153706455040.0,2.58,6323.58,sh000905
2022-03-15 00:00:00,6272.44,5964.98,6278.07,5964.98,194713746.0,184102449152.0,4.95,5964.98,sh000905
2022-03-16 00:00:00,6068.9,6156.27,6173.79,5824.33,178826847.0,178613444608.0,5.86,6156.27,sh000905
2022-03-17 00:00:00,6233.64,6267.52,6369.89,6225.98,170438541.0,184845066240.0,2.34,6267.52,sh000905
2022-03-18 00:00:00,6249.48,6332.22,6338.22,6231.73,152620214.0,153302421504.0,1.7,6332.22,sh000905
2022-03-21 00:00:00,6340.56,6358.94,6389.21,6284.85,159653724.0,161774096384.0,1.65,6358.94,sh000905
2022-03-22 00:00:00,6343.4,6358.11,6404.83,6313.27,151107873.0,145705385984.0,1.44,6358.11,sh000905
2022-03-23 00:00:00,6368.31,6398.1,6420.16,6353.34,143179359.0,141684924416.0,1.05,6398.1,sh000905
2022-03-24 00:00:00,6370.97,6344.12,6384.4,6315.14,137749087.0,139175993344.0,1.08,6344.12,sh000905
2022-03-25 00:00:00,6346.71,6268.24,6373.47,6268.24,134972257.0,135181836288.0,1.66,6268.24,sh000905
2022-03-28 00:00:00,6230.12,6283.28,6322.13,6176.25,144857887.0,136991735808.0,2.33,6283.28,sh000905
2022-03-29 00:00:00,6289.48,6253.07,6316.31,6233.28,141362125.0,140401393664.0,1.32,6253.07,sh000905
2022-03-30 00:00:00,6272.0,6377.87,6377.87,6261.8,164014574.0,155600797696.0,1.86,6377.87,sh000905
2022-03-31 00:00:00,6361.1,6324.96,6383.07,6313.97,176903949.0,167072821248.0,1.08,6324.96,sh000905
2022-04-01 00:00:00,6289.39,6364.52,6373.26,6274.0,175128596.0,154551713792.0,1.57,6364.52,sh000905
2022-04-06 00:00:00,6363.0,6356.93,6363.0,6279.07,196853583.0,169525010432.0,1.32,6356.93,sh000905
2022-04-07 00:00:00,6321.81,6221.59,6364.63,6221.59,190762191.0,163735810048.0,2.25,6221.59,sh000905
2022-04-08 00:00:00,6227.2,6224.12,6237.91,6117.01,183954893.0,159245295616.0,1.94,6224.12,sh000905
2022-04-11 00:00:00,6202.02,6029.89,6202.02,6001.57,178384812.0,162201440256.0,3.22,6029.89,sh000905
2022-04-12 00:00:00,6019.67,6126.91,6135.57,5964.39,173180188.0,151432384512.0,2.84,6126.91,sh000905
2022-04-13 00:00:00,6094.68,6044.33,6129.66,6039.92,167043059.0,147270111232.0,1.46,6044.33,sh000905
2022-04-14 00:00:00,6074.13,6126.49,6156.5,6060.68,159033106.0,147089465344.0,1.59,6126.49,sh000905
2022-04-15 00:00:00,6094.12,6070.75,6122.29,6048.16,184627000.0,162170122240.0,1.21,6070.75,sh000905
2022-04-18 00:00:00,6019.53,6074.01,6094.67,5975.45,149186381.0,131553628160.0,1.96,6074.01,sh000905
2022-04-19 00:00:00,6067.48,6092.4,6106.93,6052.1,141997535.0,129227431936.0,0.9,6092.4,sh000905
2022-04-20 00:00:00,6082.81,5956.92,6093.78,5942.0,151055603.0,134720864256.0,2.49,5956.92,sh000905
2022-04-21 00:00:00,5933.79,5759.8,5971.19,5742.42,157854505.0,135625764864.0,3.84,5759.8,sh000905
2022-04-22 00:00:00,5728.19,5740.98,5794.34,5667.34,139997599.0,120243691520.0,2.2,5740.98,sh000905
2022-04-25 00:00:00,5656.39,5369.72,5656.39,5369.72,186753480.0,150663974912.0,4.99,5369.72,sh000905
2022-04-26 00:00:00,5374.25,5234.01,5434.7,5225.21,171299433.0,139143827456.0,3.9,5234.01,sh000905
2022-04-27 00:00:00,5179.03,5437.04,5440.07,5158.48,179693384.0,148165595136.0,5.38,5437.04,sh000905
2022-04-28 00:00:00,5398.9,5418.76,5472.82,5339.61,155039772.0,133023981568.0,2.45,5418.76,sh000905
2022-04-29 00:00:00,5458.91,5627.9,5630.93,5443.67,181289513.0,157723205632.0,3.46,5627.9,sh000905
2022-05-05 00:00:00,5612.5,5686.7,5728.62,5606.94,168643208.0,153614016512.0,2.16,5686.7,sh000905
2022-05-06 00:00:00,5560.98,5563.77,5629.65,5542.18,152993341.0,128084918272.0,1.54,5563.77,sh000905
2022-05-09 00:00:00,5552.48,5608.52,5626.59,5537.98,131553930.0,114555068416.0,1.59,5608.52,sh000905
2022-05-10 00:00:00,5532.6,5690.09,5698.51,5519.47,165329613.0,141136838656.0,3.19,5690.09,sh000905
2022-05-11 00:00:00,5697.43,5737.82,5856.19,5696.7,185163628.0,172855136256.0,2.8,5737.82,sh000905
2022-05-12 00:00:00,5707.56,5743.1,5779.32,5687.18,139216169.0,125952897024.0,1.61,5743.1,sh000905
2022-05-13 00:00:00,5765.32,5796.8,5796.8,5731.86,136559775.0,116785287168.0,1.13,5796.8,sh000905
2022-05-16 00:00:00,5840.24,5791.08,5855.72,5767.54,151387274.0,132450885632.0,1.52,5791.08,sh000905
2022-05-17 00:00:00,5789.92,5816.34,5816.34,5724.44,130829391.0,119260446720.0,1.59,5816.34,sh000905
2022-05-18 00:00:00,5815.61,5797.49,5846.84,5785.45,127243845.0,114319974400.0,1.06,5797.49,sh000905
2022-05-19 00:00:00,5708.8,5838.41,5838.41,5700.11,136623739.0,122730053632.0,2.39,5838.41,sh000905
2022-05-20 00:00:00,5854.01,5929.49,5929.54,5849.76,165727329.0,151890808832.0,1.37,5929.49,sh000905
2022-05-23 00:00:00,5941.14,5965.73,5968.85,5908.66,153876017.0,143376162816.0,1.02,5965.73,sh000905
2022-05-24 00:00:00,5962.15,5745.68,5967.23,5745.68,177540833.0,161859190784.0,3.71,5745.68,sh000905
2022-05-25 00:00:00,5741.23,5844.25,5844.28,5736.14,143590636.0,126687498240.0,1.88,5844.25,sh000905
2022-05-26 00:00:00,5848.03,5911.56,5928.71,5780.97,162350362.0,142667051008.0,2.53,5911.56,sh000905
2022-05-27 00:00:00,5921.33,5899.92,5952.62,5854.61,143406863.0,128502607872.0,1.66,5899.92,sh000905
2022-05-30 00:00:00,5918.24,5942.83,5943.0,5867.19,133852646.0,124183592960.0,1.28,5942.83,sh000905
2022-05-31 00:00:00,5940.37,6026.24,6033.47,5902.28,155944919.0,147825250304.0,2.21,6026.24,sh000905
2022-06-01 00:00:00,6008.75,6023.64,6042.37,5970.49,155365773.0,143127244800.0,1.19,6023.64,sh000905
2022-06-02 00:00:00,6000.62,6078.43,6084.32,5987.64,159571676.0,150036299776.0,1.61,6078.43,sh000905
2022-06-06 00:00:00,6079.89,6187.44,6194.43,6070.71,182679964.0,180119371776.0,2.04,6187.44,sh000905
2022-06-07 00:00:00,6186.58,6186.57,6199.72,6136.04,177311718.0,169115475968.0,1.03,6186.57,sh000905
2022-06-08 00:00:00,6184.96,6217.83,6227.33,6110.06,186428864.0,176670593024.0,1.9,6217.83,sh000905
2022-06-09 00:00:00,6207.73,6130.69,6209.11,6088.46,172129774.0,160399015936.0,1.94,6130.69,sh000905
2022-06-10 00:00:00,6083.5,6240.1,6250.36,6078.78,192541340.0,178686545920.0,2.8,6240.1,sh000905
2022-06-13 00:00:00,6188.77,6233.62,6250.68,6172.91,188132398.0,197652385792.0,1.25,6233.62,sh000905
2022-06-14 00:00:00,6161.62,6275.57,6278.97,6061.19,197403164.0,196166209536.0,3.49,6275.57,sh000905
2022-06-15 00:00:00,6275.37,6261.06,6398.36,6261.04,238140764.0,231704739840.0,2.19,6261.06,sh000905
2022-06-16 00:00:00,6262.29,6264.82,6330.35,6242.33,194615084.0,200890494976.0,1.41,6264.82,sh000905
2022-06-17 00:00:00,6220.58,6316.31,6328.36,6181.85,167859128.0,188555333632.0,2.34,6316.31,sh000905
2022-06-20 00:00:00,6323.41,6330.39,6359.0,6277.22,175207145.0,202463105024.0,1.29,6330.39,sh000905
2022-06-21 00:00:00,6324.84,6277.0,6337.08,6215.29,164461629.0,178813382656.0,1.92,6277.0,sh000905
2022-06-22 00:00:00,6281.87,6179.57,6285.65,6176.85,154094318.0,164240855040.0,1.73,6179.57,sh000905
2022-06-23 00:00:00,6186.99,6300.47,6300.47,6142.94,168266043.0,179525607424.0,2.55,6300.47,sh000905
2022-06-24 00:00:00,6306.83,6368.28,6378.5,6304.08,157712704.0,181995577344.0,1.18,6368.28,sh000905
2022-06-27 00:00:00,6398.36,6407.74,6449.34,6390.28,168918190.0,201652932608.0,0.93,6407.74,sh000905
2022-06-28 00:00:00,6412.44,6501.35,6506.67,6392.11,170582712.0,196479373312.0,1.79,6501.35,sh000905
2022-06-29 00:00:00,6479.17,6374.3,6501.39,6370.02,190728307.0,215976296448.0,2.02,6374.3,sh000905
2022-06-30 00:00:00,6385.21,6454.08,6493.09,6385.21,163846776.0,193598971904.0,1.69,6454.08,sh000905
2022-07-01 00:00:00,6450.75,6438.54,6481.15,6423.86,144204644.0,172657741824.0,0.89,6438.54,sh000905
2022-07-04 00:00:00,6445.07,6523.13,6524.3,6405.38,157819968.0,193784451072.0,1.85,6523.13,sh000905
2022-07-05 00:00:00,6535.45,6511.53,6548.3,6435.74,186625469.0,206724927488.0,1.73,6511.53,sh000905
2022-07-06 00:00:00,6489.02,6418.55,6496.97,6359.47,177104502.0,188283101184.0,2.11,6418.55,sh000905
2022-07-07 00:00:00,6414.41,6452.99,6482.42,6380.17,157351122.0,176906223616.0,1.59,6452.99,sh000905
2022-07-08 00:00:00,6478.29,6404.44,6490.15,6404.16,150986698.0,171162738688.0,1.33,6404.44,sh000905
2022-07-11 00:00:00,6387.45,6319.14,6387.45,6274.74,151993667.0,169420488704.0,1.76,6319.14,sh000905
2022-07-12 00:00:00,6317.88,6241.48,6346.51,6238.56,144513092.0,162745221371.3,1.71,6241.48,sh000905
2022-07-13 00:00:00,6238.68,6268.49,6287.64,6207.72,142710723.0,148941203951.1,1.28,6268.49,sh000905
2022-07-14 00:00:00,6267.47,6302.43,6339.42,6254.68,140354050.0,156034965327.2,1.35,6302.43,sh000905
2022-07-15 00:00:00,6279.68,6196.8,6323.53,6196.8,158386828.0,169165272836.9,2.01,6196.8,sh000905
2022-07-18 00:00:00,6216.1,6312.36,6315.66,6200.52,159144624.0,163899480504.9,1.86,6312.36,sh000905
2022-07-19 00:00:00,6318.84,6335.71,6347.24,6283.4,146384780.0,163012682490.6,1.01,6335.71,sh000905
2022-07-20 00:00:00,6353.0,6410.71,6416.87,6351.82,142932573.0,157782312749.0,1.03,6410.71,sh000905
2022-07-21 00:00:00,6400.07,6347.6,6408.46,6347.6,148210184.0,163172754178.8,0.95,6347.6,sh000905
2022-07-22 00:00:00,6353.92,6289.53,6371.32,6236.34,130620669.0,143788393867.5,2.13,6289.53,sh000905
2022-07-25 00:00:00,6297.1,6231.24,6319.18,6213.47,129458029.0,139714096679.5,1.68,6231.24,sh000905
2022-07-26 00:00:00,6239.21,6307.96,6319.25,6213.84,117276541.0,129165891647.9,1.69,6307.96,sh000905
2022-07-27 00:00:00,6301.61,6332.23,6344.21,6286.35,120435127.0,133249678638.3,0.92,6332.23,sh000905
2022-07-28 00:00:00,6361.27,6348.17,6393.73,6339.55,138473429.0,152662265342.6,0.86,6348.17,sh000905
2022-07-29 00:00:00,6356.52,6294.11,6365.26,6285.72,137925792.0,152961332812.8,1.25,6294.11,sh000905
2022-08-01 00:00:00,6293.38,6347.22,6350.04,6253.06,128679012.0,151348904696.9,1.54,6347.22,sh000905
2022-08-02 00:00:00,6288.61,6170.0,6288.61,6095.06,182902539.0,192873382570.5,3.05,6170.0,sh000905
2022-08-03 00:00:00,6171.62,6124.31,6261.91,6111.22,147213409.0,175544841793.6,2.44,6124.31,sh000905
2022-08-04 00:00:00,6160.49,6158.73,6177.62,6080.1,113646381.0,137805652801.6,1.59,6158.73,sh000905
2022-08-05 00:00:00,6175.48,6270.51,6274.27,6163.51,124284448.0,150450721916.0,1.8,6270.51,sh000905
2022-08-08 00:00:00,6266.57,6323.07,6324.34,6249.62,116132934.0,149909676464.1,1.19,6323.07,sh000905
2022-08-09 00:00:00,6314.1,6341.48,6344.84,6290.87,116966653.0,148682025631.8,0.85,6341.48,sh000905
2022-08-10 00:00:00,6331.41,6322.06,6362.29,6298.86,118899928.0,153411737859.6,1.0,6322.06,sh000905
2022-08-11 00:00:00,6349.5,6439.36,6439.36,6341.72,142038284.0,168399100707.5,1.54,6439.36,sh000905
2022-08-12 00:00:00,6425.11,6420.85,6463.07,6416.29,140399917.0,158383471763.4,0.73,6420.85,sh000905
2022-08-15 00:00:00,6405.72,6442.81,6462.54,6394.22,133627482.0,151481917268.3,1.06,6442.81,sh000905
2022-08-16 00:00:00,6446.76,6465.19,6492.54,6440.38,135841495.0,150950901281.8,0.81,6465.19,sh000905
2022-08-17 00:00:00,6473.25,6493.5,6501.36,6428.97,146220319.0,165336992378.1,1.12,6493.5,sh000905
2022-08-18 00:00:00,6481.37,6468.81,6483.69,6448.75,130451759.0,151581053114.9,0.54,6468.81,sh000905
2022-08-19 00:00:00,6468.82,6391.72,6477.31,6390.93,142590851.0,161777617603.6,1.34,6391.72,sh000905
2022-08-22 00:00:00,6381.34,6472.68,6472.79,6363.22,133735500.0,155429477947.4,1.71,6472.68,sh000905
2022-08-23 00:00:00,6460.17,6466.4,6475.82,6436.08,133676377.0,152812386392.9,0.61,6466.4,sh000905
2022-08-24 00:00:00,6470.69,6284.58,6472.68,6277.99,158103872.0,171922926765.6,3.01,6284.58,sh000905
2022-08-25 00:00:00,6303.14,6322.7,6327.09,6225.68,141946367.0,152348524289.3,1.61,6322.7,sh000905
2022-08-26 00:00:00,6331.08,6298.37,6381.48,6286.52,130405837.0,145604215469.3,1.5,6298.37,sh000905
2022-08-29 00:00:00,6213.4,6310.4,6310.99,6205.13,125268849.0,132966408290.4,1.68,6310.4,sh000905
2022-08-30 00:00:00,6309.58,6285.93,6319.17,6248.14,132109200.0,136583215311.8,1.13,6285.93,sh000905
2022-08-31 00:00:00,6265.59,6155.75,6280.19,6132.23,147275408.0,153776542736.6,2.35,6155.75,sh000905
2022-09-01 00:00:00,6153.29,6126.77,6207.24,6118.58,118575054.0,124670857677.4,1.44,6126.77,sh000905
2022-09-02 00:00:00,6135.3,6149.43,6176.17,6117.73,106564384.0,114216217368.2,0.95,6149.43,sh000905
2022-09-05 00:00:00,6147.71,6182.65,6184.8,6122.62,117479244.0,119757999919.0,1.01,6182.65,sh000905
2022-09-06 00:00:00,6198.49,6291.57,6292.53,6187.95,129846040.0,135891977558.3,1.69,6291.57,sh000905
2022-09-07 00:00:00,6269.99,6301.56,6314.12,6256.61,120160292.0,130718396246.6,0.91,6301.56,sh000905
2022-09-08 00:00:00,6299.91,6272.58,6309.9,6266.52,116164269.0,120970235492.1,0.69,6272.58,sh000905
2022-09-09 00:00:00,6275.9,6316.97,6321.82,6254.26,121389228.0,124658337639.2,1.08,6316.97,sh000905
2022-09-13 00:00:00,6334.86,6300.42,6343.77,6291.44,118106314.0,123861798297.2,0.83,6300.42,sh000905
2022-09-14 00:00:00,6214.91,6249.96,6273.63,6206.92,109121160.0,114644793268.9,1.06,6249.96,sh000905
2022-09-15 00:00:00,6280.45,6107.8,6282.69,6053.8,141643500.0,148202355024.8,3.66,6107.8,sh000905
2022-09-16 00:00:00,6091.42,5954.5,6102.54,5954.5,137172115.0,131508079987.8,2.42,5954.5,sh000905
2022-09-19 00:00:00,5947.86,5913.15,5967.65,5880.49,104025412.0,104609796776.0,1.46,5913.15,sh000905
2022-09-20 00:00:00,5949.34,5958.29,6002.79,5940.58,88813000.0,96795084956.1,1.05,5958.29,sh000905
2022-09-21 00:00:00,5943.09,5978.58,5998.7,5876.52,103463644.0,100001264102.8,2.05,5978.58,sh000905
2022-09-22 00:00:00,5938.1,5965.89,6015.12,5931.73,99867602.0,102285806654.7,1.39,5965.89,sh000905
2022-09-23 00:00:00,5961.06,5889.6,5986.82,5839.93,100609437.0,104706616405.3,2.46,5889.6,sh000905
2022-09-26 00:00:00,5841.58,5806.32,5922.32,5798.28,103244360.0,102568347040.7,2.11,5806.32,sh000905
2022-09-27 00:00:00,5823.55,5920.05,5920.05,5808.25,97418022.0,103953587047.6,1.93,5920.05,sh000905
2022-09-28 00:00:00,5910.05,5769.52,5910.05,5769.52,93694853.0,99052683111.1,2.37,5769.52,sh000905
2022-09-29 00:00:00,5823.27,5771.88,5856.16,5741.02,95385798.0,97557854862.3,2.0,5771.88,sh000905
2022-09-30 00:00:00,5764.15,5714.06,5804.2,5714.06,85545168.0,87143078864.7,1.56,5714.06,sh000905
2022-10-10 00:00:00,5729.75,5635.71,5758.04,5618.8,97469345.0,97320936443.0,2.44,5635.71,sh000905
2022-10-11 00:00:00,5642.48,5684.51,5703.27,5606.99,86571469.0,88733098158.6,1.71,5684.51,sh000905
2022-10-12 00:00:00,5680.36,5820.45,5820.45,5594.3,106101757.0,110816368258.8,3.98,5820.45,sh000905
2022-10-13 00:00:00,5789.66,5830.34,5876.48,5780.18,105722268.0,114922152769.8,1.65,5830.34,sh000905
2022-10-14 00:00:00,5866.86,5973.44,5996.04,5866.86,118212245.0,138463009285.8,2.22,5973.44,sh000905
2022-10-17 00:00:00,5952.38,6015.6,6023.53,5945.43,111461869.0,127160232940.9,1.31,6015.6,sh000905
2022-10-18 00:00:00,6031.05,6035.67,6074.37,5996.39,105750195.0,127130541930.8,1.3,6035.67,sh000905
2022-10-19 00:00:00,6021.8,5972.72,6037.44,5970.44,93881065.0,112290658653.1,1.11,5972.72,sh000905
2022-10-20 00:00:00,5943.48,5948.86,6035.55,5886.4,103388245.0,121766931023.7,2.5,5948.86,sh000905
2022-10-21 00:00:00,5959.21,5956.88,5993.88,5928.92,96826295.0,112261082744.7,1.09,5956.88,sh000905
2022-10-24 00:00:00,5968.54,5896.9,6061.21,5857.86,119501081.0,137328967809.0,3.41,5896.9,sh000905
2022-10-25 00:00:00,5864.02,5869.78,5926.57,5785.41,107045854.0,123655965044.2,2.39,5869.78,sh000905
2022-10-26 00:00:00,5871.08,5971.6,6016.92,5871.08,116530079.0,143742557269.8,2.48,5971.6,sh000905
2022-10-27 00:00:00,5978.28,5963.0,6020.89,5962.97,117088219.0,147969762402.1,0.97,5963.0,sh000905
2022-10-28 00:00:00,5922.82,5781.8,5934.8,5760.05,131676332.0,147373418224.4,2.93,5781.8,sh000905
2022-10-31 00:00:00,5745.08,5807.11,5859.6,5743.56,127016064.0,150059218566.0,2.01,5807.11,sh000905
2022-11-01 00:00:00,5814.21,5941.15,5942.14,5786.87,136616776.0,165176134816.8,2.67,5941.15,sh000905
2022-11-02 00:00:00,5925.65,5997.8,6028.77,5916.06,142330286.0,183166205234.3,1.9,5997.8,sh000905
2022-11-03 00:00:00,5944.51,5996.72,6018.42,5937.61,106386906.0,145162731659.8,1.35,5996.72,sh000905
2022-11-04 00:00:00,5996.31,6133.46,6157.43,5996.31,138707111.0,174457116038.9,2.69,6133.46,sh000905
2022-11-07 00:00:00,6133.24,6141.41,6166.19,6100.61,138092409.0,167294752766.8,1.07,6141.41,sh000905
2022-11-08 00:00:00,6139.89,6134.26,6141.02,6095.44,108267531.0,134372666241.4,0.74,6134.26,sh000905
2022-11-09 00:00:00,6140.54,6120.83,6182.34,6118.73,104762250.0,127037472145.0,1.04,6120.83,sh000905
2022-11-10 00:00:00,6085.28,6089.7,6119.03,6061.81,116401928.0,129142711483.4,0.93,6089.7,sh000905
2022-11-11 00:00:00,6223.23,6138.62,6249.35,6134.68,176492121.0,198177118398.1,1.88,6138.62,sh000905
2022-11-14 00:00:00,6140.19,6129.51,6189.38,6104.93,159486725.0,174064714506.7,1.38,6129.51,sh000905
2022-11-15 00:00:00,6125.11,6236.38,6236.38,6112.62,149860965.0,171481798607.2,2.02,6236.38,sh000905
2022-11-16 00:00:00,6238.58,6203.92,6263.16,6190.01,129770376.0,151854939979.7,1.17,6203.92,sh000905
2022-11-17 00:00:00,6182.69,6217.21,6217.21,6148.61,123430196.0,152683752658.2,1.11,6217.21,sh000905
2022-11-18 00:00:00,6213.09,6191.65,6251.11,6181.55,131181093.0,164591218427.4,1.12,6191.65,sh000905
2022-11-21 00:00:00,6147.72,6189.71,6196.65,6116.3,112854387.0,141789496020.9,1.3,6189.71,sh000905
2022-11-22 00:00:00,6178.16,6125.4,6196.2,6100.11,116086024.0,137587008255.8,1.55,6125.4,sh000905
2022-11-23 00:00:00,6114.27,6115.6,6140.11,6045.02,115193517.0,128686794201.7,1.55,6115.6,sh000905
2022-11-24 00:00:00,6126.6,6120.07,6149.96,6099.75,100200699.0,117480438950.3,0.82,6120.07,sh000905
2022-11-25 00:00:00,6095.13,6087.86,6107.07,6062.0,107742345.0,110059809752.5,0.74,6087.86,sh000905
2022-11-28 00:00:00,5999.85,6055.28,6059.02,5970.09,117940107.0,125697913892.5,1.46,6055.28,sh000905
2022-11-29 00:00:00,6071.45,6163.82,6173.85,6071.22,155324471.0,159512108828.4,1.69,6163.82,sh000905
2022-11-30 00:00:00,6156.77,6156.15,6175.68,6118.9,154647972.0,153125576728.1,0.92,6156.15,sh000905
2022-12-01 00:00:00,6211.29,6186.1,6229.83,6186.1,152523325.0,171479199866.6,0.71,6186.1,sh000905
2022-12-02 00:00:00,6177.92,6168.01,6206.99,6154.21,115500975.0,133339764575.1,0.85,6168.01,sh000905
2022-12-05 00:00:00,6201.98,6215.12,6227.21,6182.98,170477211.0,177698737275.3,0.72,6215.12,sh000905
2022-12-06 00:00:00,6202.52,6211.25,6244.64,6185.49,149372815.0,164215807003.7,0.95,6211.25,sh000905
2022-12-07 00:00:00,6198.05,6204.01,6243.9,6183.33,137821246.0,155238837726.6,0.98,6204.01,sh000905
2022-12-08 00:00:00,6199.16,6186.28,6206.14,6168.78,131051325.0,149348401389.7,0.6,6186.28,sh000905
2022-12-09 00:00:00,6185.79,6192.3,6213.52,6159.5,167806825.0,180239306547.1,0.87,6192.3,sh000905
2022-12-12 00:00:00,6181.24,6154.81,6182.08,6146.25,134098310.0,162420257195.9,0.58,6154.81,sh000905
2022-12-13 00:00:00,6153.74,6121.66,6154.3,6113.41,104857515.0,131515610802.4,0.66,6121.66,sh000905
2022-12-14 00:00:00,6122.43,6096.39,6139.74,6084.08,95089916.0,125346101098.7,0.91,6096.39,sh000905
2022-12-15 00:00:00,6090.12,6101.88,6108.96,6078.0,88190454.0,113088367630.4,0.51,6101.88,sh000905
2022-12-16 00:00:00,6071.96,6072.86,6087.46,6036.05,93910672.0,113412125964.0,0.84,6072.86,sh000905
2022-12-19 00:00:00,6058.89,5936.48,6081.44,5911.88,105106201.0,121083184766.5,2.79,5936.48,sh000905
2022-12-20 00:00:00,5919.03,5878.03,5920.99,5857.86,78623273.0,96369670928.2,1.06,5878.03,sh000905
2022-12-21 00:00:00,5879.27,5845.84,5892.91,5819.67,69783431.0,85257777709.1,1.25,5845.84,sh000905
2022-12-22 00:00:00,5867.72,5779.06,5875.47,5761.98,82231873.0,97446795232.4,1.94,5779.06,sh000905
2022-12-23 00:00:00,5751.95,5763.35,5805.51,5732.47,66556865.0,81911192697.9,1.26,5763.35,sh000905
2022-12-26 00:00:00,5769.07,5843.26,5850.91,5769.07,75424133.0,93646097254.9,1.42,5843.26,sh000905
2022-12-27 00:00:00,5857.75,5885.66,5891.35,5832.27,81780423.0,101272091294.0,1.01,5885.66,sh000905
2022-12-28 00:00:00,5869.46,5862.1,5889.32,5848.24,90098898.0,102679233203.2,0.7,5862.1,sh000905
2022-12-29 00:00:00,5843.94,5857.4,5895.98,5835.33,79510794.0,94429698666.4,1.03,5857.4,sh000905
2022-12-30 00:00:00,5875.28,5864.47,5885.89,5848.95,75345032.0,86117939625.6,0.63,5864.47,sh000905
2023-01-03 00:00:00,5861.55,5955.9,5964.82,5848.15,99557837.0,119271237764.2,1.99,5955.9,sh000905
2023-01-04 00:00:00,5952.51,5952.45,5970.58,5922.86,97160441.0,114358731440.4,0.8,5952.45,sh000905
2023-01-05 00:00:00,5959.44,6010.46,6017.34,5950.09,96629979.0,117479981150.9,1.13,6010.46,sh000905
2023-01-06 00:00:00,6004.17,6012.82,6050.89,5998.83,99244877.0,121596399779.3,0.87,6012.82,sh000905
2023-01-09 00:00:00,6028.4,6040.02,6070.16,6023.64,100696829.0,124921325580.9,0.77,6040.02,sh000905
2023-01-10 00:00:00,6044.64,6048.3,6053.58,6017.15,96393351.0,113967056402.2,0.6,6048.3,sh000905
2023-01-11 00:00:00,6049.04,6014.16,6070.45,6004.22,94406389.0,112879598037.5,1.1,6014.16,sh000905
2023-01-12 00:00:00,6022.56,6015.29,6048.19,5995.91,92900124.0,104902996993.9,0.87,6015.29,sh000905
2023-01-13 00:00:00,6030.93,6057.69,6058.22,6015.22,90025020.0,102449872563.5,0.71,6057.69,sh000905
2023-01-16 00:00:00,6068.91,6126.18,6168.74,6068.14,129619730.0,146526749755.3,1.66,6126.18,sh000905
2023-01-17 00:00:00,6129.73,6132.64,6138.17,6107.76,95921699.0,109180206701.1,0.5,6132.64,sh000905
2023-01-18 00:00:00,6139.69,6151.46,6168.37,6136.97,94555836.0,103052545401.6,0.51,6151.46,sh000905
2023-01-19 00:00:00,6145.62,6204.33,6204.33,6130.42,99777793.0,114472416014.4,1.2,6204.33,sh000905
2023-01-20 00:00:00,6214.03,6251.43,6253.27,6214.03,113904542.0,128362190660.4,0.63,6251.43,sh000905
2023-01-30 00:00:00,6331.88,6283.33,6342.45,6279.45,146517920.0,173697713880.0,1.01,6283.33,sh000905
2023-01-31 00:00:00,6266.3,6289.15,6303.91,6259.53,135302093.0,146630404005.4,0.71,6289.15,sh000905
2023-02-01 00:00:00,6300.5,6365.91,6368.79,6293.49,152442220.0,166449081743.9,1.2,6365.91,sh000905
2023-02-02 00:00:00,6383.3,6370.14,6402.26,6347.73,149292811.0,166213113911.5,0.86,6370.14,sh000905
2023-02-03 00:00:00,6354.71,6343.69,6354.71,6267.44,121507182.0,138714379584.2,1.37,6343.69,sh000905
2023-02-06 00:00:00,6314.6,6302.33,6330.79,6274.54,108485308.0,127652063425.2,0.89,6302.33,sh000905
2023-02-07 00:00:00,6309.22,6317.24,6318.84,6273.6,109662683.0,125078065034.8,0.72,6317.24,sh000905
2023-02-08 00:00:00,6319.52,6268.28,6323.85,6263.76,105994895.0,116986269907.4,0.95,6268.28,sh000905
2023-02-09 00:00:00,6256.31,6354.56,6354.8,6250.45,109031119.0,129044254163.8,1.66,6354.56,sh000905
2023-02-10 00:00:00,6349.0,6334.25,6368.49,6296.55,120100829.0,134994907399.5,1.13,6334.25,sh000905
2023-02-13 00:00:00,6333.22,6383.83,6386.72,6331.37,131566227.0,151374560994.8,0.87,6383.83,sh000905
2023-02-14 00:00:00,6394.62,6397.21,6408.55,6369.57,124674389.0,143967118961.2,0.61,6397.21,sh000905
2023-02-15 00:00:00,6398.87,6384.35,6407.75,6365.31,115907022.0,143472324421.4,0.66,6384.35,sh000905
2023-02-16 00:00:00,6384.21,6289.48,6429.05,6244.48,168388416.0,190791364474.4,2.89,6289.48,sh000905
2023-02-17 00:00:00,6284.92,6237.41,6308.57,6237.41,117210985.0,143422448167.7,1.13,6237.41,sh000905
2023-02-20 00:00:00,6248.26,6346.07,6349.41,6227.35,140334075.0,157289265128.8,1.96,6346.07,sh000905
2023-02-21 00:00:00,6349.91,6383.42,6396.74,6337.6,141824714.0,153705795821.1,0.93,6383.42,sh000905
2023-02-22 00:00:00,6352.03,6375.07,6397.15,6344.99,109083029.0,128341320025.0,0.82,6375.07,sh000905
2023-02-23 00:00:00,6377.29,6360.32,6396.66,6328.64,116064654.0,135992246881.1,1.07,6360.32,sh000905
2023-02-24 00:00:00,6367.63,6340.84,6372.49,6308.22,96957281.0,119877925583.4,1.01,6340.84,sh000905
2023-02-27 00:00:00,6318.64,6307.21,6349.09,6288.3,101082738.0,124887490151.6,0.96,6307.21,sh000905
2023-02-28 00:00:00,6323.84,6357.54,6357.54,6293.18,96603163.0,119094834715.1,1.02,6357.54,sh000905
2023-03-01 00:00:00,6356.5,6402.14,6410.52,6340.0,123907639.0,144327640100.9,1.11,6402.14,sh000905
2023-03-02 00:00:00,6398.26,6382.23,6410.23,6375.01,125349297.0,147597102774.1,0.55,6382.23,sh000905
2023-03-03 00:00:00,6384.06,6390.32,6398.47,6346.96,123234775.0,140273359354.4,0.81,6390.32,sh000905
2023-03-06 00:00:00,6398.1,6395.22,6405.82,6362.47,126845634.0,155123686031.2,0.68,6395.22,sh000905
2023-03-07 00:00:00,6389.81,6284.3,6396.54,6284.22,137928869.0,149308292189.0,1.76,6284.3,sh000905
2023-03-08 00:00:00,6264.43,6301.52,6303.71,6258.32,98698357.0,114463801002.9,0.72,6301.52,sh000905
2023-03-09 00:00:00,6311.04,6285.95,6311.34,6258.45,92688914.0,111866575503.5,0.84,6285.95,sh000905
2023-03-10 00:00:00,6251.56,6204.9,6261.33,6202.61,108052290.0,129144574718.6,0.93,6204.9,sh000905
2023-03-13 00:00:00,6189.98,6245.0,6245.0,6178.67,108006552.0,132474098352.3,1.07,6245.0,sh000905
2023-03-14 00:00:00,6237.73,6189.4,6243.42,6127.69,121200145.0,149977754662.0,1.85,6189.4,sh000905
2023-03-15 00:00:00,6210.93,6224.64,6254.49,6210.93,112948528.0,129455795140.3,0.7,6224.64,sh000905
2023-03-16 00:00:00,6191.3,6140.83,6209.97,6133.83,127632685.0,143759016862.1,1.22,6140.83,sh000905
2023-03-17 00:00:00,6174.19,6183.18,6233.75,6169.84,137108334.0,157222487365.1,1.04,6183.18,sh000905
2023-03-20 00:00:00,6195.35,6160.35,6201.97,6152.81,145580891.0,167826184366.7,0.8,6160.35,sh000905
2023-03-21 00:00:00,6171.89,6234.68,6235.01,6171.28,123025331.0,144174739305.4,1.03,6234.68,sh000905
2023-03-22 00:00:00,6244.36,6269.74,6271.52,6242.16,128266386.0,149867921197.4,0.47,6269.74,sh000905
2023-03-23 00:00:00,6253.58,6305.76,6305.76,6245.98,129179648.0,164124553074.5,0.95,6305.76,sh000905
2023-03-24 00:00:00,6312.43,6310.1,6315.68,6279.54,141020989.0,179449338405.6,0.57,6310.1,sh000905
2023-03-27 00:00:00,6304.48,6311.6,6320.66,6265.01,144664863.0,184209306469.8,0.88,6311.6,sh000905
2023-03-28 00:00:00,6314.58,6279.92,6331.56,6272.72,139156104.0,174935282609.8,0.93,6279.92,sh000905
2023-03-29 00:00:00,6285.95,6260.55,6294.3,6239.94,131548284.0,166565424024.2,0.87,6260.55,sh000905
2023-03-30 00:00:00,6257.64,6286.18,6287.44,6213.97,123218599.0,155158644767.8,1.17,6286.18,sh000905
2023-03-31 00:00:00,6284.85,6339.82,6343.23,6282.14,129489835.0,164138969077.5,0.97,6339.82,sh000905
2023-04-03 00:00:00,6346.69,6413.81,6419.87,6346.69,163921048.0,215330527397.2,1.15,6413.81,sh000905
2023-04-04 00:00:00,6414.82,6408.9,6423.31,6377.53,157491755.0,218740913531.4,0.71,6408.9,sh000905
2023-04-06 00:00:00,6387.23,6416.85,6428.72,6382.03,144064448.0,207002794759.6,0.73,6416.85,sh000905
2023-04-07 00:00:00,6418.26,6464.47,6470.09,6416.68,127964625.0,177737436540.0,0.83,6464.47,sh000905
2023-04-10 00:00:00,6474.94,6410.52,6476.22,6395.37,145134187.0,203397862936.4,1.25,6410.52,sh000905
2023-04-11 00:00:00,6405.63,6420.88,6421.49,6381.06,142399109.0,188800337843.3,0.63,6420.88,sh000905
2023-04-12 00:00:00,6415.7,6443.44,6450.35,6407.2,149447956.0,188164796583.5,0.67,6443.44,sh000905
2023-04-13 00:00:00,6438.16,6404.65,6451.79,6396.02,156199573.0,196031015021.2,0.87,6404.65,sh000905
2023-04-14 00:00:00,6420.31,6431.07,6444.89,6390.92,145300668.0,190743030851.0,0.84,6431.07,sh000905
2023-04-17 00:00:00,6422.87,6459.24,6459.24,6421.39,168823079.0,196752268308.1,0.59,6459.24,sh000905
2023-04-18 00:00:00,6448.76,6449.85,6462.25,6422.05,143471341.0,184598154225.6,0.62,6449.85,sh000905
2023-04-19 00:00:00,6444.87,6416.97,6456.15,6404.99,148699774.0,192403574162.7,0.79,6416.97,sh000905
2023-04-20 00:00:00,6408.81,6411.76,6413.08,6376.35,150501294.0,196199845238.5,0.57,6411.76,sh000905
2023-04-21 00:00:00,6411.51,6250.54,6411.51,6250.54,162313297.0,210802112228.2,2.51,6250.54,sh000905
2023-04-24 00:00:00,6250.96,6208.78,6260.54,6184.71,147694845.0,191204975164.8,1.21,6208.78,sh000905
2023-04-25 00:00:00,6205.62,6118.15,6208.4,6042.64,162459277.0,200847244830.6,2.67,6118.15,sh000905
2023-04-26 00:00:00,6095.13,6142.15,6178.17,6093.2,152166354.0,197699832955.3,1.39,6142.15,sh000905
2023-04-27 00:00:00,6127.64,6157.94,6190.25,6121.61,143136116.0,179308956550.4,1.12,6157.94,sh000905
2023-04-28 00:00:00,6151.64,6241.24,6245.55,6151.64,167876482.0,199335712325.8,1.53,6241.24,sh000905
2023-05-04 00:00:00,6223.23,6262.39,6264.52,6218.78,202487970.0,215098748101.1,0.73,6262.39,sh000905
2023-05-05 00:00:00,6255.7,6200.58,6256.23,6172.69,178261017.0,192217857467.7,1.33,6200.58,sh000905
2023-05-08 00:00:00,6202.68,6248.58,6259.69,6200.15,202718255.0,198162493586.1,0.96,6248.58,sh000905
2023-05-09 00:00:00,6242.66,6181.98,6274.9,6177.65,224389467.0,215437054342.0,1.56,6181.98,sh000905
2023-05-10 00:00:00,6167.13,6173.81,6199.16,6137.15,175453727.0,180485291578.1,1.0,6173.81,sh000905
2023-05-11 00:00:00,6185.67,6154.47,6190.39,6151.07,146064946.0,152275213604.4,0.64,6154.47,sh000905
2023-05-12 00:00:00,6138.94,6091.65,6173.91,6088.22,140410664.0,142316419328.4,1.39,6091.65,sh000905
2023-05-15 00:00:00,6094.68,6159.39,6159.39,6036.81,149843583.0,159620224620.0,2.01,6159.39,sh000905
2023-05-16 00:00:00,6159.17,6110.83,6159.17,6095.69,121841116.0,142447474647.0,1.03,6110.83,sh000905
2023-05-17 00:00:00,6097.98,6122.05,6137.02,6090.88,107266349.0,125585549046.7,0.76,6122.05,sh000905
2023-05-18 00:00:00,6132.52,6128.18,6153.99,6101.24,122942111.0,144557618052.5,0.86,6128.18,sh000905
2023-05-19 00:00:00,6116.84,6117.08,6149.14,6085.04,119304896.0,147524516028.4,1.05,6117.08,sh000905
2023-05-22 00:00:00,6111.84,6115.32,6136.86,6086.23,112715682.0,126363418363.6,0.83,6115.32,sh000905
2023-05-23 00:00:00,6114.21,6052.43,6117.36,6052.43,111104244.0,120628486661.7,1.06,6052.43,sh000905
2023-05-24 00:00:00,6032.69,6005.79,6058.39,5988.03,107223414.0,116914166402.6,1.16,6005.79,sh000905
2023-05-25 00:00:00,6000.22,5988.19,6028.64,5926.2,109922832.0,126769237204.5,1.71,5988.19,sh000905
2023-05-26 00:00:00,5983.14,6034.98,6045.13,5953.88,106381588.0,123263014837.6,1.52,6034.98,sh000905
2023-05-29 00:00:00,6046.54,6025.16,6058.92,6012.4,125139417.0,146808330637.6,0.77,6025.16,sh000905
2023-05-30 00:00:00,6008.46,6061.31,6061.31,5960.34,127312017.0,151849134859.6,1.68,6061.31,sh000905
2023-05-31 00:00:00,6044.02,6047.8,6063.19,6009.25,117476106.0,144653727477.5,0.89,6047.8,sh000905
2023-06-01 00:00:00,6028.8,6051.46,6094.24,6008.27,126250315.0,154907281920.7,1.42,6051.46,sh000905
2023-06-02 00:00:00,6061.91,6105.22,6115.07,6061.91,122306738.0,142073539923.0,0.88,6105.22,sh000905
2023-06-05 00:00:00,6102.13,6097.11,6107.12,6075.59,115747953.0,131118706647.8,0.52,6097.11,sh000905
2023-06-06 00:00:00,6088.66,5983.42,6089.07,5969.29,123045387.0,133636232835.4,1.96,5983.42,sh000905
2023-06-07 00:00:00,5982.31,5987.01,6010.03,5969.16,93597892.0,113593743557.7,0.68,5987.01,sh000905
2023-06-08 00:00:00,5971.72,5966.15,5992.97,5922.39,108981632.0,124387889683.3,1.18,5966.15,sh000905
2023-06-09 00:00:00,5968.7,6009.58,6017.28,5960.11,127553432.0,158760400688.5,0.96,6009.58,sh000905
2023-06-12 00:00:00,5999.62,6027.71,6045.66,5987.27,113612471.0,151203107291.2,0.97,6027.71,sh000905
2023-06-13 00:00:00,6016.69,6044.04,6047.06,6014.06,98680298.0,134425849549.1,0.55,6044.04,sh000905
2023-06-14 00:00:00,6046.44,6044.08,6064.29,6034.47,109689021.0,148046160093.7,0.49,6044.08,sh000905
2023-06-15 00:00:00,6049.47,6096.81,6100.23,6046.16,118417734.0,165700035083.1,0.89,6096.81,sh000905
2023-06-16 00:00:00,6094.84,6148.01,6154.93,6091.18,115349568.0,165690149218.5,1.05,6148.01,sh000905
2023-06-19 00:00:00,6148.85,6131.38,6148.85,6126.39,113787209.0,164780447140.9,0.37,6131.38,sh000905
2023-06-20 00:00:00,6122.74,6126.11,6144.01,6100.14,106630832.0,161419763306.8,0.72,6126.11,sh000905
2023-06-21 00:00:00,6104.25,5990.85,6104.25,5990.79,106447766.0,154200972220.3,1.85,5990.85,sh000905
2023-06-26 00:00:00,5947.57,5887.03,5970.61,5875.94,111081791.0,148203624502.1,1.58,5887.03,sh000905
2023-06-27 00:00:00,5897.69,5948.0,5956.18,5884.95,93039155.0,118625135535.9,1.21,5948.0,sh000905
2023-06-28 00:00:00,5945.64,5942.31,5951.13,5857.13,93944302.0,128454934662.7,1.58,5942.31,sh000905
2023-06-29 00:00:00,5928.71,5940.58,5964.86,5924.28,88376857.0,123484005846.8,0.68,5940.58,sh000905
2023-06-30 00:00:00,5931.87,5998.73,6016.45,5927.94,94504668.0,133367471516.9,1.49,5998.73,sh000905
2023-07-03 00:00:00,6009.27,6042.31,6056.16,5997.85,113075905.0,153065229521.6,0.97,6042.31,sh000905
2023-07-04 00:00:00,6042.72,6055.26,6059.57,6027.29,105583765.0,144484638910.0,0.53,6055.26,sh000905
2023-07-05 00:00:00,6050.35,6020.82,6059.38,6011.87,104129041.0,142198505817.2,0.78,6020.82,sh000905
2023-07-06 00:00:00,6010.66,5988.55,6042.29,5983.48,93965038.0,131979482562.6,0.98,5988.55,sh000905
2023-07-07 00:00:00,5973.98,5961.61,5994.28,5936.23,94118346.0,121687700019.0,0.97,5961.61,sh000905
2023-07-10 00:00:00,5980.61,5984.28,6003.4,5958.73,85168564.0,113940191969.5,0.75,5984.28,sh000905
2023-07-11 00:00:00,5991.02,6029.23,6029.23,5972.14,84531897.0,117919697046.3,0.95,6029.23,sh000905
2023-07-12 00:00:00,6030.64,5962.79,6033.58,5960.43,96692241.0,134419386322.7,1.21,5962.79,sh000905
2023-07-13 00:00:00,5986.25,6044.06,6049.06,5986.25,99656398.0,138941870295.0,1.05,6044.06,sh000905
2023-07-14 00:00:00,6052.95,6030.52,6055.53,6026.33,94963197.0,137880575951.9,0.48,6030.52,sh000905
2023-07-17 00:00:00,6012.76,6012.69,6018.07,5985.44,88420212.0,124991560881.3,0.54,6012.69,sh000905
2023-07-18 00:00:00,6015.98,6001.8,6027.61,5984.06,87719910.0,121310187887.2,0.72,6001.8,sh000905
2023-07-19 00:00:00,5998.38,5993.41,6017.45,5962.99,77791034.0,104054562581.1,0.91,5993.41,sh000905
2023-07-20 00:00:00,5996.84,5925.48,6009.43,5920.15,91195368.0,123684933457.2,1.49,5925.48,sh000905
2023-07-21 00:00:00,5914.35,5925.63,5961.05,5904.79,81975307.0,107065413903.9,0.95,5925.63,sh000905
2023-07-24 00:00:00,5913.57,5916.71,5954.24,5896.45,75928001.0,99623302711.1,0.98,5916.71,sh000905
2023-07-25 00:00:00,5976.97,6016.63,6016.75,5971.73,131896392.0,145732847141.7,0.76,6016.63,sh000905
2023-07-26 00:00:00,6014.76,6001.54,6015.58,5984.39,121825219.0,120547387629.8,0.52,6001.54,sh000905
2023-07-27 00:00:00,5998.85,5961.18,6017.67,5952.89,123000825.0,117272101565.3,1.08,5961.18,sh000905
2023-07-28 00:00:00,5945.91,6043.24,6049.76,5932.06,163171871.0,149147477703.5,1.97,6043.24,sh000905
2023-07-31 00:00:00,6059.11,6088.24,6133.72,6059.11,186551103.0,179595743483.0,1.23,6088.24,sh000905
2023-08-01 00:00:00,6086.9,6098.88,6113.98,6077.11,187588600.0,166628364673.4,0.61,6098.88,sh000905
2023-08-02 00:00:00,6088.14,6077.46,6111.24,6059.87,147154529.0,135758673344.6,0.84,6077.46,sh000905
2023-08-03 00:00:00,6062.64,6098.69,6101.81,6047.68,146479011.0,138777463929.6,0.89,6098.69,sh000905
2023-08-04 00:00:00,6126.15,6128.56,6164.16,6105.64,196943501.0,186850093568.5,0.96,6128.56,sh000905
2023-08-07 00:00:00,6115.84,6090.73,6117.92,6072.54,145319137.0,154416328543.1,0.74,6090.73,sh000905
2023-08-08 00:00:00,6077.3,6066.1,6088.1,6044.24,121545728.0,131357351526.3,0.72,6066.1,sh000905
2023-08-09 00:00:00,6049.45,6021.75,6062.02,6012.25,98809174.0,116294678353.9,0.82,6021.75,sh000905
2023-08-10 00:00:00,6013.35,6031.71,6040.46,5999.56,99842638.0,103950301369.3,0.68,6031.71,sh000905
2023-08-11 00:00:00,6030.05,5913.35,6030.05,5913.35,113072007.0,115393420336.3,1.93,5913.35,sh000905
2023-08-14 00:00:00,5864.48,5916.8,5919.8,5833.46,103675706.0,116321082192.1,1.46,5916.8,sh000905
2023-08-15 00:00:00,5919.77,5879.78,5926.42,5830.97,92417381.0,107626210841.9,1.61,5879.78,sh000905
2023-08-16 00:00:00,5858.6,5833.22,5891.81,5833.22,104950425.0,114013689380.0,1.0,5833.22,sh000905
2023-08-17 00:00:00,5808.91,5874.36,5882.15,5778.53,113576384.0,120852973476.6,1.78,5874.36,sh000905
2023-08-18 00:00:00,5875.11,5777.8,5891.4,5777.8,102931845.0,109766358594.4,1.93,5777.8,sh000905
2023-08-21 00:00:00,5764.67,5710.78,5802.51,5710.78,92835698.0,96691987125.6,1.59,5710.78,sh000905
2023-08-22 00:00:00,5733.25,5741.06,5754.57,5646.51,106175193.0,120035178924.1,1.89,5741.06,sh000905
2023-08-23 00:00:00,5732.39,5629.5,5732.39,5629.5,94186725.0,101871329162.8,1.79,5629.5,sh000905
2023-08-24 00:00:00,5650.36,5652.67,5701.32,5619.33,108086771.0,120640882887.6,1.46,5652.67,sh000905
2023-08-25 00:00:00,5624.77,5581.21,5648.62,5560.22,106241602.0,114730298316.4,1.56,5581.21,sh000905
2023-08-28 00:00:00,5885.88,5644.14,5887.51,5631.69,185745619.0,181457042375.4,4.58,5644.14,sh000905
2023-08-29 00:00:00,5631.01,5770.32,5789.96,5626.52,160851895.0,165476278766.7,2.9,5770.32,sh000905
2023-08-30 00:00:00,5780.28,5775.15,5817.73,5753.22,136004384.0,145078565405.8,1.12,5775.15,sh000905
2023-08-31 00:00:00,5770.95,5739.4,5777.42,5728.47,116335134.0,121252796160.9,0.85,5739.4,sh000905
2023-09-01 00:00:00,5746.41,5750.8,5775.18,5732.97,104179103.0,107061408580.6,0.74,5750.8,sh000905
2023-09-04 00:00:00,5772.03,5829.78,5829.78,5758.03,135648873.0,135994054181.1,1.25,5829.78,sh000905
2023-09-05 00:00:00,5819.97,5788.71,5822.06,5779.37,106517658.0,114971726102.7,0.73,5788.71,sh000905
2023-09-06 00:00:00,5771.85,5790.38,5800.96,5748.65,90480502.0,106512753384.6,0.9,5790.38,sh000905
2023-09-07 00:00:00,5782.07,5702.7,5782.07,5701.8,92920518.0,105713167275.8,1.39,5702.7,sh000905
2023-09-08 00:00:00,5684.66,5708.62,5732.37,5683.4,79520028.0,93059123325.2,0.86,5708.62,sh000905
2023-09-11 00:00:00,5723.02,5774.73,5802.21,5704.7,112837137.0,132425678094.5,1.71,5774.73,sh000905
2023-09-12 00:00:00,5774.47,5770.93,5793.83,5763.3,86041207.0,105032116597.9,0.53,5770.93,sh000905
2023-09-13 00:00:00,5764.82,5715.4,5770.41,5681.5,91472473.0,101933192541.5,1.54,5715.4,sh000905
2023-09-14 00:00:00,5714.67,5702.1,5721.21,5679.2,90247792.0,97979765540.8,0.74,5702.1,sh000905
2023-09-15 00:00:00,5716.29,5704.66,5741.07,5680.9,98375964.0,110557876200.1,1.06,5704.66,sh000905
2023-09-18 00:00:00,5685.85,5719.69,5734.19,5665.58,92305722.0,109249767455.6,1.2,5719.69,sh000905
2023-09-19 00:00:00,5713.49,5687.9,5713.6,5670.42,85112102.0,94544819485.1,0.75,5687.9,sh000905
2023-09-20 00:00:00,5677.92,5651.01,5689.83,5651.01,77634158.0,84080282560.4,0.68,5651.01,sh000905
2023-09-21 00:00:00,5638.44,5611.92,5666.7,5609.21,81931509.0,84847061987.6,1.02,5611.92,sh000905
2023-09-22 00:00:00,5606.83,5698.82,5700.32,5603.81,104118982.0,120276386023.4,1.72,5698.82,sh000905
2023-09-25 00:00:00,5694.9,5666.66,5699.15,5659.32,93340719.0,114172282948.0,0.7,5666.66,sh000905
2023-09-26 00:00:00,5661.03,5646.65,5682.28,5646.65,74309615.0,100424427689.8,0.63,5646.65,sh000905
2023-09-27 00:00:00,5642.39,5674.35,5701.51,5641.85,81086240.0,102149151673.6,1.06,5674.35,sh000905
2023-09-28 00:00:00,5687.64,5690.77,5704.62,5677.53,79477338.0,101456952317.7,0.48,5690.77,sh000905
2023-10-09 00:00:00,5679.64,5658.08,5680.95,5634.35,90029836.0,109095282387.9,0.82,5658.08,sh000905
2023-10-10 00:00:00,5665.66,5630.37,5678.46,5627.41,87726425.0,104621240810.9,0.9,5630.37,sh000905
2023-10-11 00:00:00,5639.07,5629.79,5674.25,5617.87,90644826.0,112202131187.6,1.0,5629.79,sh000905
2023-10-12 00:00:00,5655.61,5671.64,5677.82,5642.49,100502986.0,119947478383.3,0.63,5671.64,sh000905
2023-10-13 00:00:00,5645.44,5633.38,5646.07,5616.85,89391702.0,110878380412.7,0.52,5633.38,sh000905
2023-10-16 00:00:00,5633.3,5580.67,5636.32,5559.42,89867550.0,107684372825.8,1.37,5580.67,sh000905
2023-10-17 00:00:00,5585.14,5595.34,5599.42,5556.57,92516737.0,105060399668.5,0.77,5595.34,sh000905
2023-10-18 00:00:00,5586.02,5524.6,5586.02,5519.46,98953562.0,110310590720.5,1.19,5524.6,sh000905
2023-10-19 00:00:00,5496.76,5464.03,5529.87,5463.65,108078335.0,117347195293.0,1.2,5464.03,sh000905
2023-10-20 00:00:00,5443.46,5423.67,5473.21,5413.02,94936115.0,107713531625.7,1.1,5423.67,sh000905
2023-10-23 00:00:00,5400.54,5290.33,5400.79,5269.83,103083126.0,112227737477.3,2.41,5290.33,sh000905
2023-10-24 00:00:00,5311.67,5352.01,5363.2,5290.5,114745729.0,126190795980.9,1.37,5352.01,sh000905
2023-10-25 00:00:00,5386.43,5376.0,5423.01,5376.0,114921244.0,129741397087.7,0.88,5376.0,sh000905
2023-10-26 00:00:00,5351.16,5398.93,5404.99,5337.49,102485044.0,116893043685.1,1.26,5398.93,sh000905
2023-10-27 00:00:00,5387.27,5492.03,5514.31,5380.94,112542804.0,132776259320.2,2.47,5492.03,sh000905
2023-10-30 00:00:00,5484.62,5546.39,5559.78,5483.16,123034185.0,153066651404.1,1.4,5546.39,sh000905
2023-10-31 00:00:00,5547.32,5528.24,5554.19,5505.93,105679375.0,127527068558.9,0.87,5528.24,sh000905
2023-11-01 00:00:00,5534.89,5509.97,5534.94,5496.83,87185785.0,105639439602.5,0.69,5509.97,sh000905
2023-11-02 00:00:00,5514.52,5459.45,5532.85,5457.75,90202645.0,101795786004.1,1.36,5459.45,sh000905
2023-11-03 00:00:00,5462.14,5510.36,5537.73,5462.14,97990576.0,114009935832.3,1.38,5510.36,sh000905
2023-11-06 00:00:00,5549.29,5605.06,5609.26,5549.29,139241046.0,156664899021.4,1.09,5605.06,sh000905
2023-11-07 00:00:00,5594.47,5611.1,5631.1,5578.51,120579321.0,139898836824.0,0.94,5611.1,sh000905
2023-11-08 00:00:00,5602.97,5608.02,5633.97,5577.39,122994558.0,139708501031.2,1.01,5608.02,sh000905
2023-11-09 00:00:00,5602.49,5592.06,5638.08,5582.12,106362800.0,123039510738.4,1.0,5592.06,sh000905
2023-11-10 00:00:00,5577.34,5573.1,5585.21,5550.82,94324024.0,109671917967.6,0.61,5573.1,sh000905
2023-11-13 00:00:00,5589.06,5605.57,5605.57,5565.09,102158932.0,117833772398.6,0.73,5605.57,sh000905
2023-11-14 00:00:00,5602.98,5630.55,5639.19,5600.78,101073136.0,116072656381.1,0.69,5630.55,sh000905
2023-11-15 00:00:00,5677.55,5664.62,5684.75,5649.72,113087937.0,131864342620.6,0.62,5664.62,sh000905
2023-11-16 00:00:00,5647.06,5609.36,5652.4,5609.36,94662677.0,105765074960.8,0.76,5609.36,sh000905
2023-11-17 00:00:00,5598.95,5631.42,5632.39,5593.49,89422342.0,101443839223.4,0.69,5631.42,sh000905
2023-11-20 00:00:00,5635.59,5659.77,5669.38,5609.27,103105072.0,119885024783.4,1.07,5659.77,sh000905
2023-11-21 00:00:00,5669.17,5641.08,5696.09,5634.27,114861205.0,126740611037.5,1.09,5641.08,sh000905
2023-11-22 00:00:00,5622.86,5572.9,5639.0,5572.9,104718408.0,109971792008.8,1.17,5572.9,sh000905
2023-11-23 00:00:00,5566.73,5622.99,5627.79,5548.97,98042432.0,101151204629.6,1.41,5622.99,sh000905
2023-11-24 00:00:00,5619.32,5570.42,5619.32,5556.71,101248044.0,100701104772.1,1.11,5570.42,sh000905
2023-11-27 00:00:00,5562.75,5566.51,5579.72,5531.65,98218653.0,107690772117.8,0.86,5566.51,sh000905
2023-11-28 00:00:00,5561.58,5591.5,5594.72,5529.54,89373272.0,98930980618.3,1.17,5591.5,sh000905
2023-11-29 00:00:00,5588.77,5553.33,5593.37,5547.84,89509151.0,96924084400.2,0.81,5553.33,sh000905
2023-11-30 00:00:00,5548.52,5545.05,5560.33,5509.96,87841505.0,95350481599.1,0.91,5545.05,sh000905
2023-12-01 00:00:00,5541.23,5566.87,5576.73,5521.06,93371708.0,107454844321.7,1.0,5566.87,sh000905
2023-12-04 00:00:00,5578.42,5559.07,5590.84,5559.07,99306543.0,119628388288.4,0.57,5559.07,sh000905
2023-12-05 00:00:00,5542.87,5460.41,5542.87,5460.41,91298248.0,103824359571.7,1.48,5460.41,sh000905
2023-12-06 00:00:00,5448.46,5481.82,5513.09,5443.07,88373997.0,102084528903.4,1.28,5481.82,sh000905
2023-12-07 00:00:00,5475.27,5481.14,5501.48,5443.29,89048687.0,103621973820.8,1.06,5481.14,sh000905
2023-12-08 00:00:00,5484.68,5497.99,5522.06,5477.53,118123774.0,140788027712.1,0.81,5497.99,sh000905
2023-12-11 00:00:00,5473.65,5564.85,5574.12,5429.44,118605911.0,140631297822.3,2.63,5564.85,sh000905
2023-12-12 00:00:00,5560.44,5566.18,5576.01,5545.16,84232331.0,110639096839.0,0.55,5566.18,sh000905
2023-12-13 00:00:00,5557.05,5507.51,5558.06,5507.51,75929894.0,96464641302.3,0.91,5507.51,sh000905
2023-12-14 00:00:00,5532.99,5489.33,5557.37,5487.75,74118097.0,89999982306.2,1.26,5489.33,sh000905
2023-12-15 00:00:00,5499.37,5449.79,5516.22,5438.53,80125418.0,94631897359.6,1.42,5449.79,sh000905
2023-12-18 00:00:00,5436.99,5385.27,5448.08,5374.59,78022493.0,88053828533.8,1.35,5385.27,sh000905
2023-12-19 00:00:00,5380.73,5379.87,5406.96,5344.03,70323722.0,82191407660.2,1.17,5379.87,sh000905
2023-12-20 00:00:00,5386.0,5309.29,5388.46,5308.57,75387097.0,86209163297.2,1.48,5309.29,sh000905
2023-12-21 00:00:00,5286.45,5338.76,5352.5,5253.32,81522318.0,96981042377.4,1.87,5338.76,sh000905
2023-12-22 00:00:00,5337.38,5311.69,5366.23,5293.22,90387004.0,108918439607.9,1.37,5311.69,sh000905
2023-12-25 00:00:00,5301.57,5315.37,5339.66,5288.47,65918772.0,81018151918.5,0.96,5315.37,sh000905
2023-12-26 00:00:00,5312.8,5258.28,5313.92,5238.04,67532007.0,80910364895.8,1.43,5258.28,sh000905
2023-12-27 00:00:00,5261.57,5285.53,5293.8,5235.46,75397918.0,84253444705.4,1.11,5285.53,sh000905
2023-12-28 00:00:00,5280.69,5382.8,5400.24,5275.4,107699239.0,126896204801.3,2.36,5382.8,sh000905
2023-12-29 00:00:00,5376.98,5429.23,5437.15,5374.69,90931766.0,112533613054.4,1.16,5429.23,sh000905
2024-01-02 00:00:00,5431.48,5409.46,5439.48,5409.46,92964747.0,106839922689.4,0.55,5409.46,sh000905
2024-01-03 00:00:00,5398.29,5401.4,5428.52,5373.83,86705229.0,99883598918.1,1.01,5401.4,sh000905
2024-01-04 00:00:00,5395.14,5355.32,5395.14,5331.89,78846568.0,91011406056.3,1.17,5355.32,sh000905
2024-01-05 00:00:00,5347.07,5281.87,5373.68,5260.59,89538884.0,101084569596.5,2.11,5281.87,sh000905
2024-01-08 00:00:00,5268.23,5167.7,5268.98,5167.7,83785155.0,92792791379.5,1.92,5167.7,sh000905
2024-01-09 00:00:00,5176.11,5180.65,5220.46,5153.0,78740418.0,90959823751.5,1.31,5180.65,sh000905
2024-01-10 00:00:00,5167.73,5158.08,5211.82,5118.43,71173946.0,84227807644.4,1.8,5158.08,sh000905
2024-01-11 00:00:00,5152.36,5223.86,5243.14,5146.9,85041295.0,106151947191.7,1.87,5223.86,sh000905
2024-01-12 00:00:00,5213.14,5206.18,5262.62,5206.16,76619831.0,93271394880.1,1.08,5206.18,sh000905
2024-01-15 00:00:00,5189.53,5193.3,5238.96,5171.24,73925097.0,88027788849.7,1.3,5193.3,sh000905
2024-01-16 00:00:00,5188.37,5190.4,5210.08,5124.08,83070371.0,92337607304.7,1.66,5190.4,sh000905
2024-01-17 00:00:00,5180.93,5061.54,5180.93,5061.54,78741849.0,87930639304.5,2.3,5061.54,sh000905
2024-01-18 00:00:00,5033.1,5066.96,5069.23,4924.68,118751055.0,123436419725.2,2.86,5066.96,sh000905
2024-01-19 00:00:00,5056.48,5018.43,5084.29,5014.77,78467383.0,92039421274.4,1.37,5018.43,sh000905
2024-01-22 00:00:00,5008.68,4780.97,5008.77,4753.63,109708492.0,115622857135.0,5.08,4780.97,sh000905
2024-01-23 00:00:00,4771.5,4865.74,4889.42,4727.88,99944718.0,107808853142.3,3.38,4865.74,sh000905
2024-01-24 00:00:00,4886.2,4933.7,4941.44,4766.8,114025805.0,112683270494.8,3.59,4933.7,sh000905
2024-01-25 00:00:00,4931.63,5073.18,5074.49,4910.96,132307766.0,134822852027.2,3.31,5073.18,sh000905
2024-01-26 00:00:00,5055.29,5027.09,5086.13,5009.97,117009836.0,119232918977.8,1.5,5027.09,sh000905
2024-01-29 00:00:00,5032.11,4927.91,5050.11,4927.91,116876657.0,117835011090.9,2.43,4927.91,sh000905
2024-01-30 00:00:00,4898.36,4814.99,4939.35,4810.1,99675811.0,95474113525.6,2.62,4814.99,sh000905
2024-01-31 00:00:00,4786.81,4696.98,4832.4,4690.94,121093158.0,116592536773.1,2.94,4696.98,sh000905
2024-02-01 00:00:00,4667.91,4678.73,4771.05,4629.99,111471910.0,107508825587.6,3.0,4678.73,sh000905
2024-02-02 00:00:00,4686.1,4563.22,4724.05,4435.56,137501832.0,124953077788.8,6.17,4563.22,sh000905
2024-02-05 00:00:00,4527.71,4460.26,4598.06,4281.24,165958337.0,143547017412.4,6.94,4460.26,sh000905
2024-02-06 00:00:00,4411.3,4805.9,4817.12,4405.31,173058335.0,156485198829.2,9.23,4805.9,sh000905
2024-02-07 00:00:00,4813.95,5109.57,5110.8,4813.23,227198934.0,212618286127.8,6.19,5109.57,sh000905
2024-02-08 00:00:00,5131.8,5150.23,5367.22,5129.78,213676123.0,212255665093.8,4.65,5150.23,sh000905
2024-02-19 00:00:00,5225.14,5141.6,5225.14,5074.76,162949893.0,172805832899.6,2.92,5141.6,sh000905
2024-02-20 00:00:00,5107.57,5140.96,5151.72,5072.88,121646379.0,133242205643.5,1.53,5140.96,sh000905
2024-02-21 00:00:00,5101.41,5139.04,5252.88,5074.82,150872501.0,155561259421.7,3.46,5139.04,sh000905
2024-02-22 00:00:00,5133.55,5176.34,5184.62,5117.68,116614806.0,127546517889.3,1.3,5176.34,sh000905
2024-02-23 00:00:00,5190.65,5197.71,5197.71,5118.57,135265004.0,145442447176.8,1.53,5197.71,sh000905
2024-02-26 00:00:00,5194.74,5195.46,5255.36,5162.95,144018944.0,152600869381.9,1.78,5195.46,sh000905
2024-02-27 00:00:00,5174.82,5307.8,5307.8,5160.88,138971751.0,157201596730.4,2.83,5307.8,sh000905
2024-02-28 00:00:00,5311.43,5184.05,5383.32,5184.05,202560985.0,214135426954.0,3.75,5184.05,sh000905
2024-02-29 00:00:00,5154.15,5346.79,5349.77,5154.15,160790165.0,178975999913.2,3.77,5346.79,sh000905
2024-03-01 00:00:00,5350.86,5379.05,5387.78,5321.56,142298395.0,171103270101.0,1.24,5379.05,sh000905
2024-03-04 00:00:00,5386.94,5388.82,5400.12,5325.96,143928469.0,175906403369.0,1.38,5388.82,sh000905
2024-03-05 00:00:00,5358.22,5351.83,5382.98,5329.97,140816479.0,174282675002.5,0.98,5351.83,sh000905
2024-03-06 00:00:00,5332.83,5350.1,5405.49,5293.95,121099564.0,146843351594.8,2.08,5350.1,sh000905
2024-03-07 00:00:00,5354.33,5277.3,5384.66,5277.3,139831342.0,157442183149.0,2.01,5277.3,sh000905
2024-03-08 00:00:00,5282.41,5349.6,5361.71,5268.53,121467978.0,144003562005.9,1.77,5349.6,sh000905
2024-03-11 00:00:00,5342.18,5441.05,5443.04,5339.26,142981732.0,173588864750.5,1.94,5441.05,sh000905
2024-03-12 00:00:00,5445.88,5423.72,5473.29,5385.14,147072536.0,178848761377.9,1.62,5423.72,sh000905
2024-03-13 00:00:00,5430.04,5415.11,5459.32,5389.53,129746301.0,164526330861.1,1.29,5415.11,sh000905
2024-03-14 00:00:00,5415.15,5392.93,5447.54,5352.12,131887357.0,157337167775.7,1.76,5392.93,sh000905
2024-03-15 00:00:00,5380.02,5454.15,5456.73,5357.18,136405030.0,158718756617.2,1.85,5454.15,sh000905
2024-03-18 00:00:00,5472.31,5528.45,5528.45,5459.55,159862638.0,190794115131.3,1.26,5528.45,sh000905
2024-03-19 00:00:00,5514.55,5478.22,5533.64,5477.12,146777240.0,176661748327.6,1.02,5478.22,sh000905
2024-03-20 00:00:00,5469.61,5493.41,5499.24,5455.76,126273262.0,157036230421.8,0.79,5493.41,sh000905
2024-03-21 00:00:00,5505.7,5465.83,5517.46,5454.23,129489458.0,159252387801.8,1.15,5465.83,sh000905
2024-03-22 00:00:00,5454.41,5384.57,5463.54,5356.11,137096029.0,163185963748.5,1.97,5384.57,sh000905
2024-03-25 00:00:00,5369.78,5294.75,5401.6,5292.64,130778254.0,156251665726.7,2.02,5294.75,sh000905
2024-03-26 00:00:00,5291.52,5284.42,5318.88,5237.9,116468112.0,145296216679.9,1.53,5284.42,sh000905
2024-03-27 00:00:00,5280.73,5156.68,5282.7,5156.68,110107142.0,129828707609.3,2.38,5156.68,sh000905
2024-03-28 00:00:00,5156.48,5223.81,5276.64,5156.48,116318192.0,140612607112.3,2.33,5223.81,sh000905
2024-03-29 00:00:00,5220.55,5286.16,5287.04,5211.19,109047149.0,126574031377.1,1.45,5286.16,sh000905
2024-04-01 00:00:00,5309.83,5401.22,5401.78,5309.83,136734854.0,166553105409.3,1.74,5401.22,sh000905
2024-04-02 00:00:00,5395.48,5381.23,5402.16,5353.31,132148642.0,155779915085.8,0.9,5381.23,sh000905
2024-04-03 00:00:00,5373.5,5374.6,5386.34,5350.16,133628053.0,154114398165.9,0.67,5374.6,sh000905
2024-04-08 00:00:00,5358.96,5298.59,5383.66,5297.56,148588559.0,161260958590.0,1.6,5298.59,sh000905
2024-04-09 00:00:00,5294.47,5342.9,5342.9,5284.96,113300745.0,133262737277.5,1.09,5342.9,sh000905
2024-04-10 00:00:00,5335.73,5275.47,5335.73,5242.86,117908618.0,132251020973.6,1.74,5275.47,sh000905
2024-04-11 00:00:00,5244.05,5301.81,5353.81,5240.51,127745143.0,141290912857.4,2.15,5301.81,sh000905
2024-04-12 00:00:00,5307.72,5277.22,5336.45,5270.46,118524933.0,136145117631.0,1.24,5277.22,sh000905
2024-04-15 00:00:00,5270.04,5339.72,5376.05,5219.43,159217624.0,169269295711.9,2.97,5339.72,sh000905
2024-04-16 00:00:00,5309.1,5191.55,5346.76,5184.65,162583973.0,168778499341.7,3.04,5191.55,sh000905
2024-04-17 00:00:00,5211.25,5339.75,5339.75,5211.25,147594552.0,155660732929.5,2.48,5339.75,sh000905
2024-04-18 00:00:00,5317.8,5349.84,5410.7,5299.23,153497682.0,167338860159.0,2.09,5349.84,sh000905
2024-04-19 00:00:00,5322.36,5314.87,5369.95,5292.02,142134216.0,156010347135.9,1.46,5314.87,sh000905
2024-04-22 00:00:00,5289.41,5267.58,5340.63,5264.19,135266882.0,150190436487.7,1.44,5267.58,sh000905
2024-04-23 00:00:00,5257.77,5208.27,5280.06,5196.96,125801120.0,139018868110.2,1.58,5208.27,sh000905
2024-04-24 00:00:00,5210.18,5263.04,5263.04,5183.7,117297220.0,139471094806.5,1.52,5263.04,sh000905
2024-04-25 00:00:00,5240.48,5259.34,5297.16,5229.82,110833929.0,127544603285.3,1.28,5259.34,sh000905
2024-04-26 00:00:00,5258.38,5372.12,5379.67,5258.38,173777701.0,193788859192.2,2.31,5372.12,sh000905
2024-04-29 00:00:00,5371.21,5478.49,5488.28,5371.21,190936055.0,212148850246.6,2.18,5478.49,sh000905
2024-04-30 00:00:00,5471.17,5441.14,5478.04,5436.58,162797344.0,175143689576.2,0.76,5441.14,sh000905
2024-05-06 00:00:00,5498.44,5528.6,5535.95,5496.91,165791626.0,187906843862.2,0.72,5528.6,sh000905
2024-05-07 00:00:00,5532.32,5527.08,5543.13,5507.5,136535402.0,162155744860.2,0.64,5527.08,sh000905
2024-05-08 00:00:00,5516.45,5458.76,5516.45,5454.87,123955621.0,139472996786.3,1.11,5458.76,sh000905
2024-05-09 00:00:00,5461.36,5556.77,5568.73,5461.36,131121230.0,153999870752.3,1.97,5556.77,sh000905
2024-05-10 00:00:00,5562.19,5535.4,5570.57,5497.5,128688030.0,144026969940.9,1.31,5535.4,sh000905
2024-05-13 00:00:00,5503.13,5505.26,5527.2,5462.51,131627588.0,146159918962.1,1.17,5505.26,sh000905
2024-05-14 00:00:00,5508.47,5500.74,5538.74,5484.96,118994399.0,132592062465.6,0.98,5500.74,sh000905
2024-05-15 00:00:00,5495.56,5446.66,5497.08,5441.35,110124989.0,121525793558.0,1.01,5446.66,sh000905
2024-05-16 00:00:00,5461.11,5424.67,5475.37,5408.13,122108119.0,133148761562.0,1.23,5424.67,sh000905
2024-05-17 00:00:00,5418.66,5491.89,5493.2,5409.7,126916168.0,139244609264.9,1.54,5491.89,sh000905
2024-05-20 00:00:00,5496.79,5523.5,5536.66,5484.36,144971448.0,163572079873.3,0.95,5523.5,sh000905
2024-05-21 00:00:00,5511.48,5478.91,5513.42,5460.98,108691192.0,123832374658.6,0.95,5478.91,sh000905
2024-05-22 00:00:00,5472.01,5468.61,5486.3,5455.08,113057782.0,126572719199.3,0.57,5468.61,sh000905
2024-05-23 00:00:00,5448.94,5362.31,5448.94,5352.39,126657569.0,135749197020.0,1.77,5362.31,sh000905
2024-05-24 00:00:00,5348.51,5313.45,5400.16,5311.49,106564175.0,117396142024.9,1.65,5313.45,sh000905
2024-05-27 00:00:00,5325.85,5371.37,5373.11,5284.51,115643229.0,124785634504.8,1.67,5371.37,sh000905
2024-05-28 00:00:00,5363.33,5316.13,5365.47,5310.32,110965373.0,120979080988.0,1.03,5316.13,sh000905
2024-05-29 00:00:00,5308.59,5328.31,5361.74,5305.96,104361267.0,112762595771.6,1.05,5328.31,sh000905
2024-05-30 00:00:00,5316.4,5308.66,5349.69,5296.49,107350187.0,114757614217.4,1.0,5308.66,sh000905
2024-05-31 00:00:00,5310.72,5308.54,5357.02,5308.54,104151147.0,113019704335.1,0.91,5308.54,sh000905
2024-06-03 00:00:00,5300.79,5274.07,5316.34,5232.69,126968515.0,129543758977.7,1.58,5274.07,sh000905
2024-06-04 00:00:00,5263.23,5341.95,5352.28,5247.58,108083144.0,117835610768.9,1.99,5341.95,sh000905
2024-06-05 00:00:00,5328.87,5277.94,5347.43,5277.94,105792757.0,111608396273.0,1.3,5277.94,sh000905
2024-06-06 00:00:00,5291.52,5228.8,5305.88,5213.66,133368231.0,135739981470.4,1.75,5228.8,sh000905
2024-06-07 00:00:00,5247.15,5208.98,5258.82,5172.05,113527478.0,118553769519.2,1.66,5208.98,sh000905
2024-06-11 00:00:00,5182.41,5217.47,5232.85,5159.33,116437116.0,119660626659.4,1.41,5217.47,sh000905
2024-06-12 00:00:00,5209.13,5232.95,5245.99,5205.57,103065569.0,111341271703.7,0.77,5232.95,sh000905
2024-06-13 00:00:00,5231.91,5194.59,5233.8,5182.74,118232764.0,123194241679.1,0.98,5194.59,sh000905
2024-06-14 00:00:00,5180.29,5213.09,5235.88,5163.38,133998620.0,146009261400.6,1.4,5213.09,sh000905
2024-06-17 00:00:00,5189.28,5207.13,5223.59,5184.6,107970664.0,135704407617.0,0.75,5207.13,sh000905
2024-06-18 00:00:00,5207.98,5230.89,5243.59,5204.97,94090903.0,120391272834.4,0.74,5230.89,sh000905
2024-06-19 00:00:00,5235.48,5168.82,5236.3,5168.82,87849590.0,111740529823.1,1.29,5168.82,sh000905
2024-06-20 00:00:00,5162.16,5094.57,5184.75,5092.29,95609003.0,113062777426.7,1.79,5094.57,sh000905
2024-06-21 00:00:00,5079.92,5102.33,5128.14,5071.65,83838907.0,98090349439.3,1.11,5102.33,sh000905
2024-06-24 00:00:00,5072.8,4992.91,5078.96,4986.77,100186646.0,113108464981.7,1.81,4992.91,sh000905
2024-06-25 00:00:00,4989.07,4948.63,5007.34,4918.04,91636779.0,104683752506.4,1.79,4948.63,sh000905
2024-06-26 00:00:00,4942.17,5020.43,5024.77,4915.66,93394621.0,102152255030.0,2.2,5020.43,sh000905
2024-06-27 00:00:00,4998.99,4928.05,5000.18,4925.16,88537187.0,97364975399.3,1.49,4928.05,sh000905
2024-06-28 00:00:00,4914.67,4942.78,5003.41,4914.55,106308342.0,114743251798.9,1.8,4942.78,sh000905
2024-07-01 00:00:00,4943.79,5003.16,5017.61,4929.09,97312793.0,110821074065.9,1.79,5003.16,sh000905
2024-07-02 00:00:00,5000.58,4949.48,5002.74,4934.12,96209334.0,105902911013.0,1.37,4949.48,sh000905
2024-07-03 00:00:00,4945.4,4910.92,4950.51,4905.39,84528331.0,96121126342.0,0.91,4910.92,sh000905
2024-07-04 00:00:00,4917.44,4834.5,4935.61,4827.34,91008466.0,98771611006.7,2.2,4834.5,sh000905
2024-07-05 00:00:00,4828.86,4866.26,4877.93,4794.13,83133279.0,93724633826.8,1.73,4866.26,sh000905
2024-07-08 00:00:00,4857.02,4783.62,4857.27,4768.56,90254500.0,96789200226.5,1.82,4783.62,sh000905
2024-07-09 00:00:00,4775.31,4876.9,4888.48,4745.32,111401968.0,126704548339.3,2.99,4876.9,sh000905
2024-07-10 00:00:00,4857.48,4844.16,4891.37,4836.17,100953186.0,117244916014.0,1.13,4844.16,sh000905
2024-07-11 00:00:00,4902.81,4939.73,4941.7,4871.17,115275494.0,133127527342.5,1.46,4939.73,sh000905
2024-07-12 00:00:00,4926.98,4919.36,4937.35,4905.8,97175106.0,115594261299.6,0.64,4919.36,sh000905
2024-07-15 00:00:00,4903.52,4883.9,4903.52,4868.74,86824312.0,102734711417.3,0.71,4883.9,sh000905
2024-07-16 00:00:00,4877.6,4898.36,4907.83,4850.43,87267978.0,113648284397.5,1.18,4898.36,sh000905
2024-07-17 00:00:00,4893.41,4856.58,4900.36,4853.6,96909547.0,117932902593.7,0.95,4856.58,sh000905
2024-07-18 00:00:00,4822.13,4877.69,4879.69,4793.43,96654750.0,115283847816.1,1.78,4877.69,sh000905
2024-07-19 00:00:00,4853.04,4872.05,4900.38,4842.93,93290746.0,111989382468.3,1.18,4872.05,sh000905
2024-07-22 00:00:00,4872.64,4865.98,4885.36,4839.11,92710458.0,110307683161.2,0.95,4865.98,sh000905
2024-07-23 00:00:00,4862.97,4722.8,4862.97,4722.8,102403712.0,110578297603.3,2.88,4722.8,sh000905
2024-07-24 00:00:00,4712.29,4668.06,4738.76,4661.83,112674635.0,103026731862.0,1.63,4668.06,sh000905
2024-07-25 00:00:00,4644.42,4665.45,4710.46,4635.24,88600074.0,95885153870.2,1.61,4665.45,sh000905
2024-07-26 00:00:00,4670.45,4736.38,4744.45,4670.45,86472049.0,94118612207.0,1.59,4736.38,sh000905
2024-07-29 00:00:00,4740.5,4708.84,4742.15,4702.98,81102039.0,90979232032.0,0.83,4708.84,sh000905
2024-07-30 00:00:00,4694.52,4699.28,4712.04,4650.56,83353382.0,86181033613.6,1.31,4699.28,sh000905
2024-07-31 00:00:00,4694.73,4886.41,4887.92,4687.05,143180919.0,146601666177.8,4.27,4886.41,sh000905
2024-08-01 00:00:00,4893.87,4852.97,4928.24,4834.65,113213393.0,119765528788.7,1.92,4852.97,sh000905
2024-08-02 00:00:00,4816.94,4788.62,4874.71,4783.12,98529844.0,105654740577.4,1.89,4788.62,sh000905
2024-08-05 00:00:00,4756.08,4693.85,4846.54,4693.82,113338148.0,123487463651.4,3.19,4693.85,sh000905
2024-08-06 00:00:00,4740.45,4750.78,4774.93,4699.18,107774770.0,105286322238.1,1.61,4750.78,sh000905
2024-08-07 00:00:00,4747.98,4751.94,4783.42,4719.94,96989481.0,96834771203.2,1.34,4751.94,sh000905
2024-08-08 00:00:00,4737.09,4755.81,4791.66,4701.79,104309253.0,95364149202.0,1.89,4755.81,sh000905
2024-08-09 00:00:00,4778.26,4720.31,4805.1,4720.31,108819586.0,88057504682.2,1.78,4720.31,sh000905
2024-08-12 00:00:00,4716.96,4714.16,4737.19,4696.05,89100832.0,76375856580.1,0.87,4714.16,sh000905
2024-08-13 00:00:00,4713.96,4731.84,4731.84,4680.59,81365173.0,71101413451.5,1.09,4731.84,sh000905
2024-08-14 00:00:00,4729.81,4667.07,4730.24,4667.07,74588030.0,68308163886.2,1.33,4667.07,sh000905
2024-08-15 00:00:00,4656.7,4698.38,4746.41,4647.79,90973293.0,83712897622.1,2.11,4698.38,sh000905
2024-08-16 00:00:00,4703.6,4670.38,4708.02,4662.11,87379580.0,81927269812.8,0.98,4670.38,sh000905
2024-08-19 00:00:00,4666.33,4682.96,4729.87,4666.26,87136867.0,80742361426.1,1.36,4682.96,sh000905
2024-08-20 00:00:00,4684.29,4602.01,4686.36,4590.39,91846146.0,81351685184.9,2.05,4602.01,sh000905
2024-08-21 00:00:00,4589.09,4587.12,4610.87,4582.27,83526910.0,74809964819.1,0.62,4587.12,sh000905
2024-08-22 00:00:00,4589.5,4533.37,4595.05,4526.25,85856868.0,78202476718.8,1.5,4533.37,sh000905
2024-08-23 00:00:00,4523.99,4537.09,4549.3,4513.2,75778364.0,71369991695.7,0.8,4537.09,sh000905
2024-08-26 00:00:00,4542.86,4544.36,4558.59,4523.73,87118296.0,84365247766.9,0.77,4544.36,sh000905
2024-08-27 00:00:00,4532.49,4495.29,4532.49,4487.09,82529205.0,78742868644.7,1.0,4495.29,sh000905
2024-08-28 00:00:00,4486.43,4500.01,4527.77,4482.03,82681199.0,74244549232.7,1.02,4500.01,sh000905
2024-08-29 00:00:00,4483.55,4557.9,4577.79,4475.22,103115562.0,96829969885.4,2.28,4557.9,sh000905
2024-08-30 00:00:00,4557.5,4639.11,4704.34,4548.38,151593361.0,144749168233.3,3.42,4639.11,sh000905
2024-09-02 00:00:00,4631.9,4546.88,4632.31,4546.84,126368517.0,115893027848.1,1.84,4546.88,sh000905
2024-09-03 00:00:00,4543.22,4596.48,4612.28,4543.22,98589686.0,92749159672.5,1.52,4596.48,sh000905
2024-09-04 00:00:00,4567.69,4582.08,4623.38,4552.3,92435685.0,88646018095.4,1.55,4582.08,sh000905
2024-09-05 00:00:00,4585.17,4601.09,4630.64,4582.05,80583723.0,80148632780.7,1.06,4601.09,sh000905
2024-09-06 00:00:00,4609.34,4537.45,4613.31,4535.35,90147596.0,80215749103.2,1.69,4537.45,sh000905
2024-09-09 00:00:00,4517.57,4507.19,4541.79,4487.84,91944608.0,81907584834.7,1.19,4507.19,sh000905
2024-09-10 00:00:00,4509.32,4507.71,4528.67,4432.91,98529542.0,87011759811.7,2.12,4507.71,sh000905
2024-09-11 00:00:00,4490.19,4514.92,4529.35,4479.03,85206842.0,81707868059.9,1.12,4514.92,sh000905
2024-09-12 00:00:00,4518.99,4496.59,4568.75,4496.59,86654304.0,80916511375.5,1.6,4496.59,sh000905
2024-09-13 00:00:00,4500.39,4450.96,4509.07,4450.96,92533757.0,85710614259.9,1.29,4450.96,sh000905
2024-09-18 00:00:00,4450.09,4462.87,4474.72,4397.16,90989683.0,79102523647.7,1.74,4462.87,sh000905
2024-09-19 00:00:00,4481.46,4520.39,4565.39,4437.54,115611868.0,105405904204.6,2.86,4520.39,sh000905
2024-09-20 00:00:00,4514.96,4498.39,4515.81,4471.94,94312044.0,89084435754.7,0.97,4498.39,sh000905
2024-09-23 00:00:00,4495.78,4494.69,4545.54,4483.13,89935227.0,85104838086.0,1.39,4494.69,sh000905
2024-09-24 00:00:00,4524.22,4689.6,4690.57,4503.12,177144703.0,159947071682.9,4.17,4689.6,sh000905
2024-09-25 00:00:00,4743.63,4731.48,4847.2,4724.43,204593519.0,182209573751.3,2.62,4731.48,sh000905
2024-09-26 00:00:00,4726.0,4938.18,4938.18,4719.35,229930323.0,196122560309.1,4.62,4938.18,sh000905
2024-09-27 00:00:00,5027.26,5201.67,5227.96,5021.51,230177508.0,232646658012.5,4.18,5201.67,sh000905
2024-09-30 00:00:00,5449.79,5743.22,5757.92,5387.34,388703200.0,418784669568.5,7.12,5743.22,sh000905
2024-10-08 00:00:00,6417.81,6155.58,6417.81,5868.85,493546420.0,579263323621.8,9.56,6155.58,sh000905
2024-10-09 00:00:00,6013.7,5735.64,6088.08,5704.48,431156416.0,529447530363.7,6.23,5735.64,sh000905
2024-10-10 00:00:00,5768.61,5690.88,5875.94,5597.48,353480245.0,390814224053.0,4.85,5690.88,sh000905
2024-10-11 00:00:00,5650.05,5470.81,5652.85,5408.87,244383373.0,266749263112.0,4.29,5470.81,sh000905
2024-10-14 00:00:00,5503.65,5608.15,5623.97,5408.39,250608541.0,279231292488.6,3.94,5608.15,sh000905
2024-10-15 00:00:00,5578.26,5472.56,5661.07,5471.88,238997019.0,276816614630.7,3.37,5472.56,sh000905
2024-10-16 00:00:00,5393.67,5461.09,5546.18,5393.67,205450926.0,222425749319.4,2.79,5461.09,sh000905
2024-10-17 00:00:00,5499.77,5418.99,5541.03,5417.88,202768685.0,234458932483.4,2.26,5418.99,sh000905
2024-10-18 00:00:00,5416.03,5640.02,5774.14,5404.2,287114219.0,352062136787.1,6.83,5640.02,sh000905
2024-10-21 00:00:00,5680.56,5704.23,5797.88,5631.23,266885186.0,359965731439.6,2.95,5704.23,sh000905
2024-10-22 00:00:00,5703.32,5753.85,5779.3,5673.79,237023624.0,312584329119.8,1.85,5753.85,sh000905
2024-10-23 00:00:00,5745.11,5776.38,5853.46,5727.77,273412640.0,336167749458.4,2.18,5776.38,sh000905
2024-10-24 00:00:00,5747.56,5726.7,5759.87,5694.78,207690046.0,257232250889.5,1.13,5726.7,sh000905
2024-10-25 00:00:00,5735.29,5809.69,5855.26,5729.44,236725708.0,299590180533.3,2.2,5809.69,sh000905
2024-10-28 00:00:00,5816.33,5883.72,5883.72,5787.48,270653787.0,312663682663.8,1.66,5883.72,sh000905
2024-10-29 00:00:00,5903.31,5812.53,5917.21,5807.29,275371143.0,332481504886.9,1.87,5812.53,sh000905
2024-10-30 00:00:00,5793.83,5837.93,5869.11,5777.43,252021275.0,315956554496.2,1.58,5837.93,sh000905
2024-10-31 00:00:00,5839.98,5901.29,5935.18,5812.03,313549202.0,377454102584.7,2.11,5901.29,sh000905
2024-11-01 00:00:00,5893.32,5831.82,5934.2,5795.08,369840641.0,429257467070.0,2.36,5831.82,sh000905
2024-11-04 00:00:00,5835.39,5928.91,5928.91,5835.39,286552294.0,342776867779.9,1.6,5928.91,sh000905
2024-11-05 00:00:00,5925.87,6111.97,6119.25,5910.89,366344492.0,441462863294.4,3.51,6111.97,sh000905
2024-11-06 00:00:00,6134.92,6125.79,6204.53,6081.81,415187737.0,502324104677.0,2.01,6125.79,sh000905
2024-11-07 00:00:00,6061.73,6239.56,6240.76,6049.59,418413323.0,465814955829.2,3.12,6239.56,sh000905
2024-11-08 00:00:00,6306.8,6222.45,6333.68,6206.29,385648347.0,470080201608.9,2.04,6222.45,sh000905
2024-11-11 00:00:00,6211.03,6330.62,6330.8,6199.06,334096921.0,453328339552.7,2.12,6330.62,sh000905
2024-11-12 00:00:00,6349.23,6263.88,6382.98,6205.1,332856919.0,452685440809.0,2.81,6263.88,sh000905
2024-11-13 00:00:00,6234.16,6259.84,6282.28,6162.9,260400673.0,347812976326.8,1.91,6259.84,sh000905
2024-11-14 00:00:00,6240.61,6078.31,6240.61,6068.66,239743138.0,317335892174.5,2.75,6078.31,sh000905
2024-11-15 00:00:00,6055.54,5924.48,6093.42,5924.35,236226042.0,309679795180.8,2.78,5924.48,sh000905
2024-11-18 00:00:00,5940.49,5833.04,5977.49,5799.91,282527224.0,296423264134.4,3.0,5833.04,sh000905
2024-11-19 00:00:00,5836.61,5936.6,5936.93,5776.2,241404215.0,262477730599.7,2.76,5936.6,sh000905
2024-11-20 00:00:00,5920.32,5992.39,6015.23,5909.11,217345224.0,261005441610.0,1.79,5992.39,sh000905
2024-11-21 00:00:00,5973.15,5985.31,6009.63,5937.81,206198941.0,252722313895.1,1.2,5985.31,sh000905
2024-11-22 00:00:00,5969.08,5750.25,5983.34,5750.25,225066737.0,267675732292.4,3.89,5750.25,sh000905
2024-11-25 00:00:00,5754.55,5735.65,5774.82,5662.09,186005060.0,215261571671.1,1.96,5735.65,sh000905
2024-11-26 00:00:00,5727.37,5690.48,5773.36,5688.58,147562865.0,170186745318.8,1.48,5690.48,sh000905
2024-11-27 00:00:00,5669.55,5804.94,5805.64,5604.0,175313302.0,204528721580.5,3.54,5804.94,sh000905
2024-11-28 00:00:00,5802.8,5757.6,5826.49,5749.29,172183537.0,204358289211.1,1.33,5757.6,sh000905
2024-11-29 00:00:00,5748.17,5851.94,5899.87,5736.41,204255544.0,243571196943.7,2.84,5851.94,sh000905
2024-12-02 00:00:00,5853.71,5943.62,5956.6,5848.42,236181308.0,257212815525.1,1.85,5943.62,sh000905
2024-12-03 00:00:00,5946.74,5932.12,5954.66,5877.8,209870509.0,229346951926.7,1.29,5932.12,sh000905
2024-12-04 00:00:00,5929.48,5879.27,5940.85,5850.91,215991634.0,234212942758.9,1.52,5879.27,sh000905
2024-12-05 00:00:00,5855.74,5901.99,5923.62,5853.53,198542236.0,212251881677.0,1.19,5901.99,sh000905
2024-12-06 00:00:00,5903.5,5979.2,6011.77,5877.04,265329536.0,255600553068.3,2.28,5979.2,sh000905
2024-12-09 00:00:00,5983.33,5947.11,6004.23,5911.36,284462209.0,237294662391.5,1.55,5947.11,sh000905
2024-12-10 00:00:00,6132.29,5992.09,6141.07,5982.58,320527823.0,324711288431.3,2.66,5992.09,sh000905
2024-12-11 00:00:00,5973.33,6047.11,6051.47,5972.27,253883941.0,250011474489.1,1.32,6047.11,sh000905
2024-12-12 00:00:00,6048.78,6100.39,6107.71,6023.23,243653690.0,258380795570.8,1.4,6100.39,sh000905
2024-12-13 00:00:00,6065.95,5988.29,6065.95,5988.29,286328198.0,307316221178.0,1.27,5988.29,sh000905
2024-12-16 00:00:00,5983.16,5912.6,5991.58,5888.04,214647441.0,241790858877.2,1.73,5912.6,sh000905
2024-12-17 00:00:00,5896.97,5848.16,5924.62,5837.25,193108547.0,204630242337.7,1.48,5848.16,sh000905
2024-12-18 00:00:00,5861.26,5888.62,5921.98,5853.16,187996290.0,193282038369.0,1.18,5888.62,sh000905
2024-12-19 00:00:00,5829.26,5901.92,5918.49,5816.47,196531194.0,211287492264.4,1.73,5901.92,sh000905
2024-12-20 00:00:00,5889.95,5917.18,5962.42,5889.95,178090399.0,221132517265.6,1.23,5917.18,sh000905
2024-12-23 00:00:00,5917.69,5818.55,5935.15,5815.34,177315486.0,217347047187.5,2.02,5818.55,sh000905
2024-12-24 00:00:00,5827.16,5895.26,5897.19,5827.16,167365824.0,196112525345.7,1.2,5895.26,sh000905
2024-12-25 00:00:00,5896.43,5840.29,5897.51,5796.65,157279132.0,191269446368.3,1.71,5840.29,sh000905
2024-12-26 00:00:00,5830.72,5887.06,5897.48,5830.72,145319444.0,201723277582.2,1.14,5887.06,sh000905
2024-12-27 00:00:00,5892.69,5899.17,5975.79,5881.72,179085498.0,236680633735.7,1.6,5899.17,sh000905
2024-12-30 00:00:00,5890.46,5898.88,5928.57,5867.85,155565586.0,196182578970.3,1.03,5898.88,sh000905
2024-12-31 00:00:00,5902.03,5725.73,5905.46,5725.73,182158855.0,217194009078.8,3.05,5725.73,sh000905
2025-01-02 00:00:00,5717.92,5545.82,5722.11,5498.82,193763157.0,220078999057.0,3.9,5545.82,sh000905
2025-01-03 00:00:00,5552.75,5427.8,5581.4,5419.74,174077310.0,187233075270.9,2.91,5427.8,sh000905
2025-01-06 00:00:00,5421.07,5427.1,5482.63,5384.33,146265658.0,156743673376.1,1.81,5427.1,sh000905
2025-01-07 00:00:00,5429.17,5484.68,5485.58,5405.13,145065278.0,159836326878.2,1.48,5484.68,sh000905
2025-01-08 00:00:00,5462.32,5461.59,5501.66,5326.93,163849915.0,181141237075.9,3.19,5461.59,sh000905
2025-01-09 00:00:00,5437.81,5456.59,5493.68,5436.7,129832627.0,156798867820.6,1.04,5456.59,sh000905
2025-01-10 00:00:00,5449.0,5369.28,5496.38,5369.28,130179553.0,159984103633.2,2.33,5369.28,sh000905
2025-01-13 00:00:00,5319.7,5381.7,5422.01,5319.27,119682937.0,139406540969.0,1.91,5381.7,sh000905
2025-01-14 00:00:00,5393.76,5572.27,5582.84,5378.59,172142860.0,208083727936.2,3.8,5572.27,sh000905
2025-01-15 00:00:00,5559.58,5522.46,5569.19,5509.58,138393243.0,169060453013.4,1.07,5522.46,sh000905
2025-01-16 00:00:00,5546.7,5545.63,5633.85,5508.91,149318085.0,182995873631.7,2.26,5545.63,sh000905
2025-01-17 00:00:00,5524.21,5587.29,5621.94,5519.41,126691174.0,164437435727.2,1.85,5587.29,sh000905
2025-01-20 00:00:00,5621.92,5614.33,5665.18,5598.16,135712507.0,173426107632.4,1.2,5614.33,sh000905
2025-01-21 00:00:00,5639.6,5633.92,5642.92,5573.5,126491300.0,170909135202.8,1.24,5633.92,sh000905
2025-01-22 00:00:00,5606.85,5607.06,5618.58,5567.78,115374996.0,158106585548.6,0.9,5607.06,sh000905
2025-01-23 00:00:00,5659.37,5584.25,5717.69,5584.25,163419987.0,203633761249.2,2.38,5584.25,sh000905
2025-01-24 00:00:00,5570.48,5649.95,5660.43,5570.48,139438058.0,180858845316.0,1.61,5649.95,sh000905
2025-01-27 00:00:00,5660.48,5589.34,5676.03,5589.34,136546056.0,163085841547.7,1.53,5589.34,sh000905
2025-02-05 00:00:00,5643.17,5614.39,5646.04,5588.56,155674141.0,214999512244.8,1.03,5614.39,sh000905
2025-02-06 00:00:00,5606.87,5747.9,5749.02,5597.32,181428193.0,257122087039.6,2.7,5747.9,sh000905
2025-02-07 00:00:00,5750.29,5833.99,5889.43,5741.73,232718863.0,327949184790.5,2.57,5833.99,sh000905
2025-02-10 00:00:00,5858.24,5888.55,5895.41,5836.17,209300905.0,286253277530.5,1.02,5888.55,sh000905
2025-02-11 00:00:00,5890.37,5858.28,5890.37,5827.38,181920508.0,260281069640.5,1.07,5858.28,sh000905
2025-02-12 00:00:00,5841.36,5940.53,5940.54,5841.32,195446155.0,285438865878.9,1.69,5940.53,sh000905
2025-02-13 00:00:00,5938.2,5898.26,5957.58,5889.7,228281839.0,313080162906.2,1.14,5898.26,sh000905
2025-02-14 00:00:00,5893.93,5947.8,5954.48,5886.95,211914261.0,306627494264.1,1.14,5947.8,sh000905
2025-02-17 00:00:00,5979.84,5948.72,5985.36,5906.27,233901689.0,356940293723.8,1.33,5948.72,sh000905
2025-02-18 00:00:00,5935.5,5840.71,5947.93,5816.05,214941482.0,306905660928.8,2.22,5840.71,sh000905
2025-02-19 00:00:00,5834.95,5943.88,5945.35,5831.48,205298305.0,313960331576.5,1.95,5943.88,sh000905
2025-02-20 00:00:00,5941.6,5957.55,5977.73,5920.57,198207411.0,305885399073.0,0.96,5957.55,sh000905
2025-02-21 00:00:00,5969.65,6057.06,6061.82,5943.19,252317128.0,396960769353.7,1.99,6057.06,sh000905
2025-02-24 00:00:00,6057.38,6044.97,6079.02,6007.18,243813798.0,382362648270.6,1.19,6044.97,sh000905
2025-02-25 00:00:00,5967.04,5979.97,6044.76,5956.18,206833953.0,340316449158.0,1.47,5979.97,sh000905
2025-02-26 00:00:00,5990.29,6051.74,6055.87,5973.86,210860898.0,327265336672.0,1.37,6051.74,sh000905
2025-02-27 00:00:00,6050.19,6028.99,6064.49,5940.34,216652930.0,328254761442.7,2.05,6028.99,sh000905
2025-02-28 00:00:00,5997.92,5859.87,6007.47,5847.15,205223814.0,298290643729.1,2.66,5859.87,sh000905
2025-03-03 00:00:00,5875.95,5885.77,5964.27,5851.56,185024581.0,266955659875.8,1.92,5885.77,sh000905
2025-03-04 00:00:00,5845.47,5937.63,5943.08,5843.46,153922211.0,231145314804.5,1.69,5937.63,sh000905
2025-03-05 00:00:00,5937.11,5950.7,5955.9,5892.53,163071500.0,241738025092.7,1.07,5950.7,sh000905
2025-03-06 00:00:00,5980.38,6047.77,6062.54,5972.6,213042852.0,320542701863.5,1.51,6047.77,sh000905
2025-03-07 00:00:00,6029.38,6013.77,6067.35,5989.32,207437149.0,301122130059.3,1.29,6013.77,sh000905
2025-03-10 00:00:00,6022.68,6013.62,6041.52,5971.81,173044336.0,248513462299.4,1.16,6013.62,sh000905
2025-03-11 00:00:00,5944.42,6044.97,6044.97,5942.91,173855643.0,245205106219.3,1.7,6044.97,sh000905
2025-03-12 00:00:00,6068.38,6040.5,6098.24,6038.82,184763537.0,267906301206.6,0.98,6040.5,sh000905
2025-03-13 00:00:00,6032.85,5993.97,6050.18,5947.78,193710717.0,253622427436.4,1.7,5993.97,sh000905
2025-03-14 00:00:00,5993.97,6099.98,6099.98,5978.53,219245834.0,289038080526.0,2.03,6099.98,sh000905
2025-03-17 00:00:00,6119.61,6108.02,6129.85,6098.51,184317273.0,250160671107.9,0.51,6108.02,sh000905
2025-03-18 00:00:00,6126.04,6133.3,6161.23,6114.21,166023043.0,236342189394.2,0.77,6133.3,sh000905
2025-03-19 00:00:00,6117.42,6101.44,6128.23,6076.56,153893780.0,218871992193.0,0.84,6101.44,sh000905
2025-03-20 00:00:00,6094.84,6059.49,6109.18,6055.38,147187865.0,203849586195.9,0.88,6059.49,sh000905
2025-03-21 00:00:00,6038.99,5971.93,6071.08,5951.8,174103785.0,225801003414.7,1.97,5971.93,sh000905
2025-03-24 00:00:00,5973.05,5969.08,5987.06,5882.88,169192435.0,220094329255.6,1.74,5969.08,sh000905
2025-03-25 00:00:00,5969.42,5946.95,5993.93,5929.67,147483948.0,192227014821.0,1.08,5946.95,sh000905
2025-03-26 00:00:00,5935.85,5948.5,5983.47,5935.85,136702111.0,171695842016.5,0.8,5948.5,sh000905
2025-03-27 00:00:00,5932.52,5957.6,6000.66,5891.77,134708904.0,176590477346.0,1.83,5957.6,sh000905
2025-03-28 00:00:00,5954.73,5916.03,5973.8,5904.92,134261927.0,168899478619.3,1.16,5916.03,sh000905
2025-03-31 00:00:00,5886.96,5857.77,5908.3,5802.42,154256090.0,189563392181.2,1.79,5857.77,sh000905
2025-04-01 00:00:00,5870.94,5892.85,5931.5,5867.85,136448602.0,179327950524.9,1.09,5892.85,sh000905
2025-04-02 00:00:00,5884.89,5899.09,5936.65,5884.11,112159960.0,140642079451.3,0.89,5899.09,sh000905
2025-04-03 00:00:00,5842.62,5845.5,5906.71,5817.97,134938625.0,173662140191.8,1.5,5845.5,sh000905
2025-04-07 00:00:00,5523.96,5287.03,5587.85,5212.68,236522656.0,267397400609.4,6.42,5287.03,sh000905
2025-04-08 00:00:00,5279.76,5326.91,5371.18,5249.23,223840665.0,261875349400.4,2.31,5326.91,sh000905
2025-04-09 00:00:00,5249.68,5439.77,5465.14,5135.97,245118027.0,288257435803.9,6.18,5439.77,sh000905
2025-04-10 00:00:00,5534.56,5544.06,5610.19,5513.95,211963035.0,268666431276.5,1.77,5544.06,sh000905
2025-04-11 00:00:00,5514.19,5581.32,5631.6,5510.89,164411663.0,227659789695.8,2.18,5581.32,sh000905
2025-04-14 00:00:00,5633.78,5627.14,5661.8,5608.73,155487077.0,207470466690.5,0.95,5627.14,sh000905
2025-04-15 00:00:00,5625.0,5602.53,5626.68,5567.03,123273708.0,161900884812.5,1.06,5602.53,sh000905
2025-04-16 00:00:00,5589.78,5556.86,5592.67,5492.65,132537224.0,163751037649.9,1.79,5556.86,sh000905
2025-04-17 00:00:00,5527.59,5557.01,5604.62,5526.89,113652382.0,148283242243.4,1.4,5557.01,sh000905
2025-04-18 00:00:00,5546.97,5560.72,5579.48,5525.4,111644258.0,139804146811.9,0.97,5560.72,sh000905
2025-04-21 00:00:00,5556.51,5642.38,5646.22,5535.7,123111883.0,160264813233.9,1.99,5642.38,sh000905
2025-04-22 00:00:00,5634.89,5624.21,5651.55,5617.88,124666689.0,164464321326.5,0.6,5624.21,sh000905
2025-04-23 00:00:00,5647.91,5634.95,5670.26,5614.77,127007764.0,177991292765.2,0.99,5634.95,sh000905
2025-04-24 00:00:00,5633.02,5605.88,5651.53,5583.43,122696696.0,157899194340.6,1.21,5605.88,sh000905
2025-04-25 00:00:00,5613.14,5627.18,5661.59,5596.53,140000800.0,171933817273.4,1.16,5627.18,sh000905
2025-04-28 00:00:00,5624.42,5598.3,5628.08,5587.79,136218094.0,167616287077.3,0.72,5598.3,sh000905
2025-04-29 00:00:00,5583.72,5604.91,5622.02,5571.24,126742927.0,158033003939.8,0.91,5604.91,sh000905
2025-04-30 00:00:00,5604.65,5631.82,5647.78,5603.17,138386621.0,181616584522.5,0.8,5631.82,sh000905
2025-05-06 00:00:00,5668.88,5740.33,5740.33,5666.47,162773606.0,217059975785.3,1.31,5740.33,sh000905
2025-05-07 00:00:00,5805.66,5750.29,5819.24,5713.27,171011757.0,227566204818.1,1.85,5750.29,sh000905
2025-05-08 00:00:00,5731.72,5773.81,5783.79,5724.95,136140322.0,187032631458.8,1.02,5773.81,sh000905
2025-05-09 00:00:00,5770.44,5721.72,5770.44,5705.17,123939007.0,178162276679.5,1.13,5721.72,sh000905
2025-05-12 00:00:00,5751.44,5793.67,5794.52,5737.46,135824367.0,199426833721.2,1.0,5793.67,sh000905
2025-05-13 00:00:00,5838.03,5781.67,5838.03,5772.07,138271081.0,194252270526.7,1.14,5781.67,sh000905
2025-05-14 00:00:00,5778.08,5799.12,5835.49,5750.54,156279994.0,188145126840.3,1.47,5799.12,sh000905
2025-05-15 00:00:00,5786.78,5715.3,5786.78,5715.29,135160768.0,165136693963.9,1.23,5715.3,sh000905
2025-05-16 00:00:00,5703.74,5715.85,5735.01,5703.74,116709136.0,141882122895.5,0.55,5715.85,sh000905
2025-05-19 00:00:00,5719.44,5720.79,5729.07,5669.72,115384939.0,141098692009.1,1.04,5720.79,sh000905
2025-05-20 00:00:00,5723.51,5747.37,5759.46,5707.81,116896615.0,151751185853.6,0.9,5747.37,sh000905
2025-05-21 00:00:00,5741.69,5757.92,5763.08,5733.83,115804542.0,155147378006.4,0.51,5757.92,sh000905
2025-05-22 00:00:00,5739.19,5703.28,5757.79,5701.16,109057720.0,141620883824.3,0.98,5703.28,sh000905
2025-05-23 00:00:00,5697.14,5653.04,5738.08,5653.04,114361198.0,148123602870.9,1.49,5653.04,sh000905
2025-05-26 00:00:00,5653.21,5669.46,5693.63,5644.58,97170989.0,127343603493.8,0.87,5669.46,sh000905
2025-05-27 00:00:00,5666.3,5652.15,5667.87,5629.13,95149363.0,125275690002.2,0.68,5652.15,sh000905
2025-05-28 00:00:00,5651.88,5637.24,5660.47,5628.42,94908883.0,119959827369.0,0.57,5637.24,sh000905
2025-05-29 00:00:00,5637.06,5719.91,5724.52,5637.06,114682484.0,148095092966.2,1.55,5719.91,sh000905
2025-05-30 00:00:00,5704.77,5671.07,5704.77,5665.52,109900707.0,137670579253.9,0.69,5671.07,sh000905
2025-06-03 00:00:00,5653.67,5694.84,5710.42,5653.3,122853903.0,159996843500.1,1.01,5694.84,sh000905
2025-06-04 00:00:00,5696.57,5739.01,5744.45,5696.57,116196077.0,150314940398.1,0.84,5739.01,sh000905
2025-06-05 00:00:00,5741.03,5769.97,5778.1,5719.55,125223584.0,174970104156.2,1.02,5769.97,sh000905
2025-06-06 00:00:00,5768.4,5762.08,5771.76,5750.66,108217660.0,148022372105.1,0.37,5762.08,sh000905
2025-06-09 00:00:00,5772.78,5805.65,5823.9,5765.35,128188619.0,171482411225.9,1.02,5805.65,sh000905
2025-06-10 00:00:00,5809.83,5757.99,5810.92,5715.97,138269181.0,182980299992.1,1.64,5757.99,sh000905
2025-06-11 00:00:00,5758.53,5792.95,5818.57,5758.53,123716707.0,161353672422.0,1.04,5792.95,sh000905
2025-06-12 00:00:00,5780.97,5799.93,5808.8,5766.52,125615846.0,165393538363.1,0.73,5799.93,sh000905
2025-06-13 00:00:00,5783.16,5740.24,5794.67,5728.21,167613374.0,216010351562.9,1.15,5740.24,sh000905
2021-01-04 00:00:00,6395.61,6482.79,6501.59,6359.08,186621210.0,211126910976.0,2.24,6482.79,sh000905
2021-01-05 00:00:00,6470.25,6539.73,6539.73,6452.52,196726292.0,227033006080.0,1.35,6539.73,sh000905
2021-01-06 00:00:00,6549.73,6528.14,6569.2,6472.74,178521085.0,209333366784.0,1.47,6528.14,sh000905
2021-01-07 00:00:00,6523.68,6538.12,6567.27,6467.44,197135642.0,219238805504.0,1.53,6538.12,sh000905
2021-01-08 00:00:00,6541.56,6557.6,6598.38,6484.4,180837430.0,207113826304.0,1.74,6557.6,sh000905
2021-01-11 00:00:00,6557.45,6455.4,6572.85,6419.73,183257272.0,217940398080.0,2.34,6455.4,sh000905
2021-01-12 00:00:00,6425.81,6543.23,6543.23,6425.81,162311237.0,199048531968.0,1.82,6543.23,sh000905
2021-01-13 00:00:00,6550.03,6496.91,6553.65,6457.88,184913421.0,222962630656.0,1.46,6496.91,sh000905
2021-01-14 00:00:00,6471.79,6439.89,6516.27,6402.6,163023816.0,198732648448.0,1.75,6439.89,sh000905
2021-01-15 00:00:00,6427.13,6417.5,6447.88,6339.43,138243200.0,166962802688.0,1.68,6417.5,sh000905
2021-01-18 00:00:00,6414.83,6514.46,6529.41,6392.07,136832806.0,169891545088.0,2.14,6514.46,sh000905
2021-01-19 00:00:00,6510.48,6476.37,6532.65,6456.12,147616717.0,174545108992.0,1.17,6476.37,sh000905
2021-01-20 00:00:00,6477.67,6535.42,6535.48,6449.28,128525432.0,153378910208.0,1.33,6535.42,sh000905
2021-01-21 00:00:00,6552.03,6622.5,6649.86,6550.88,156809587.0,189208743936.0,1.51,6622.5,sh000905
2021-01-22 00:00:00,6619.86,6637.81,6643.67,6573.82,158062310.0,202861674496.0,1.05,6637.81,sh000905
2021-01-25 00:00:00,6636.22,6645.31,6711.57,6599.97,165623104.0,223556747264.0,1.68,6645.31,sh000905
2021-01-26 00:00:00,6621.15,6532.96,6624.45,6515.26,143371310.0,191892389888.0,1.64,6532.96,sh000905
2021-01-27 00:00:00,6527.68,6557.16,6564.29,6481.16,139760049.0,174776066048.0,1.27,6557.16,sh000905
2021-01-28 00:00:00,6475.86,6414.38,6529.84,6405.81,144825405.0,174817693696.0,1.89,6414.38,sh000905
2021-01-29 00:00:00,6448.67,6346.14,6462.37,6255.7,146041582.0,172077244416.0,3.22,6346.14,sh000905
2021-02-01 00:00:00,6338.64,6393.28,6397.01,6328.34,137325184.0,157579284480.0,1.08,6393.28,sh000905
2021-02-02 00:00:00,6404.85,6454.79,6459.48,6361.09,132394314.0,161720463360.0,1.54,6454.79,sh000905
2021-02-03 00:00:00,6459.66,6399.33,6484.49,6399.33,145457155.0,175699415040.0,1.32,6399.33,sh000905
2021-02-04 00:00:00,6375.67,6328.79,6414.3,6249.53,148861330.0,173708935168.0,2.57,6328.79,sh000905
2021-02-05 00:00:00,6343.83,6239.87,6382.96,6236.27,135132879.0,162500628480.0,2.32,6239.87,sh000905
2021-02-08 00:00:00,6247.92,6323.16,6354.02,6215.73,116134003.0,141592203264.0,2.22,6323.16,sh000905
2021-02-09 00:00:00,6334.42,6457.88,6468.43,6330.79,119319109.0,146850922496.0,2.18,6457.88,sh000905
2021-02-10 00:00:00,6474.75,6525.17,6542.75,6424.72,119042660.0,150035763200.0,1.83,6525.17,sh000905
2021-02-18 00:00:00,6657.31,6614.54,6678.61,6564.31,166892393.0,194996420608.0,1.75,6614.54,sh000905
2021-02-19 00:00:00,6600.25,6703.48,6706.39,6542.78,178767818.0,201468755968.0,2.47,6703.48,sh000905
2021-02-22 00:00:00,6731.51,6657.06,6810.92,6657.06,237065585.0,259948294144.0,2.3,6657.06,sh000905
2021-02-23 00:00:00,6613.6,6631.23,6701.43,6609.08,192656865.0,206144663552.0,1.39,6631.23,sh000905
2021-02-24 00:00:00,6633.28,6536.19,6661.43,6477.75,173718833.0,196797837312.0,2.77,6536.19,sh000905
2021-02-25 00:00:00,6600.21,6499.15,6609.56,6484.55,162068183.0,171451162624.0,1.91,6499.15,sh000905
2021-02-26 00:00:00,6365.74,6364.35,6446.95,6346.13,150760207.0,163655503872.0,1.55,6364.35,sh000905
2021-03-01 00:00:00,6407.16,6488.44,6491.94,6404.89,158608438.0,165792206848.0,1.37,6488.44,sh000905
2021-03-02 00:00:00,6514.02,6433.33,6514.02,6386.49,165877069.0,174025453568.0,1.97,6433.33,sh000905
2021-03-03 00:00:00,6426.04,6524.75,6528.22,6420.21,171017523.0,169667465216.0,1.68,6524.75,sh000905
2021-03-04 00:00:00,6482.79,6401.99,6485.16,6371.73,194334615.0,192657768448.0,1.74,6401.99,sh000905
2021-03-05 00:00:00,6325.75,6403.5,6442.02,6319.53,166504886.0,163666501632.0,1.91,6403.5,sh000905
2021-03-08 00:00:00,6453.78,6256.41,6488.82,6253.7,168546340.0,177120047104.0,3.67,6256.41,sh000905
2021-03-09 00:00:00,6235.31,6108.0,6250.94,6033.41,196432686.0,181888458752.0,3.48,6108.0,sh000905
2021-03-10 00:00:00,6164.77,6062.26,6179.85,6053.02,142554278.0,135611236352.0,2.08,6062.26,sh000905
2021-03-11 00:00:00,6074.33,6213.83,6213.93,6045.55,160814643.0,149412659200.0,2.78,6213.83,sh000905
2021-03-12 00:00:00,6231.48,6222.38,6232.5,6137.99,175746179.0,160346947584.0,1.52,6222.38,sh000905
2021-03-15 00:00:00,6192.3,6173.87,6229.57,6111.36,170799690.0,150564929536.0,1.9,6173.87,sh000905
2021-03-16 00:00:00,6176.07,6195.24,6222.18,6124.78,152845993.0,138852790272.0,1.58,6195.24,sh000905
2021-03-17 00:00:00,6180.89,6225.36,6230.56,6124.05,134840397.0,125106921472.0,1.72,6225.36,sh000905
2021-03-18 00:00:00,6231.19,6273.86,6300.94,6227.19,140725665.0,137984966656.0,1.18,6273.86,sh000905
2021-03-19 00:00:00,6195.25,6206.6,6258.13,6167.51,143238275.0,143898488832.0,1.44,6206.6,sh000905
2021-03-22 00:00:00,6208.93,6305.69,6307.55,6206.08,143041444.0,138484391936.0,1.63,6305.69,sh000905
2021-03-23 00:00:00,6307.98,6219.17,6307.98,6181.13,150964052.0,144085643264.0,2.01,6219.17,sh000905
2021-03-24 00:00:00,6180.31,6142.54,6232.13,6131.82,147673111.0,137684570112.0,1.61,6142.54,sh000905
2021-03-25 00:00:00,6118.87,6157.41,6190.94,6108.26,129307092.0,122101587968.0,1.35,6157.41,sh000905
2021-03-26 00:00:00,6164.82,6251.79,6264.56,6164.82,128887611.0,130405072896.0,1.62,6251.79,sh000905
2021-03-29 00:00:00,6270.0,6254.94,6277.76,6215.8,139633894.0,137607135232.0,0.99,6254.94,sh000905
2021-03-30 00:00:00,6239.47,6280.36,6287.87,6217.33,134409585.0,138902650880.0,1.13,6280.36,sh000905
2021-03-31 00:00:00,6277.7,6254.07,6277.7,6205.94,125128492.0,124539600896.0,1.14,6254.07,sh000905
2021-04-01 00:00:00,6259.41,6311.66,6321.58,6238.31,130374817.0,124971610112.0,1.33,6311.66,sh000905
2021-04-02 00:00:00,6316.56,6326.61,6341.65,6291.71,123938872.0,125309448192.0,0.79,6326.61,sh000905
2021-04-06 00:00:00,6345.89,6343.1,6367.78,6323.24,111489157.0,115979706368.0,0.7,6343.1,sh000905
2021-04-07 00:00:00,6350.38,6348.08,6350.38,6289.07,150016776.0,139659141120.0,0.97,6348.08,sh000905
2021-04-08 00:00:00,6332.93,6356.75,6385.2,6309.12,173741279.0,147432804352.0,1.2,6356.75,sh000905
2021-04-09 00:00:00,6345.29,6335.24,6360.45,6307.66,141306900.0,127539220480.0,0.83,6335.24,sh000905
2021-04-12 00:00:00,6325.26,6226.42,6344.16,6203.57,155441439.0,142018338816.0,2.22,6226.42,sh000905
2021-04-13 00:00:00,6210.22,6209.78,6254.9,6193.81,130387709.0,116032380928.0,0.98,6209.78,sh000905
2021-04-14 00:00:00,6206.64,6277.21,6287.84,6206.64,117438218.0,107282817024.0,1.31,6277.21,sh000905
2021-04-15 00:00:00,6263.63,6276.46,6281.43,6211.66,119776177.0,111582126080.0,1.11,6276.46,sh000905
2021-04-16 00:00:00,6283.86,6339.59,6344.95,6276.43,126764654.0,119984627712.0,1.09,6339.59,sh000905
2021-04-19 00:00:00,6331.71,6425.26,6431.78,6315.08,142200929.0,144720531456.0,1.84,6425.26,sh000905
2021-04-20 00:00:00,6419.73,6428.54,6467.38,6410.28,134674524.0,143364747264.0,0.89,6428.54,sh000905
2021-04-21 00:00:00,6396.27,6420.26,6434.63,6369.77,121051732.0,128354893824.0,1.01,6420.26,sh000905
2021-04-22 00:00:00,6444.28,6445.47,6472.8,6424.75,124923876.0,131906162688.0,0.75,6445.47,sh000905
2021-04-23 00:00:00,6445.52,6462.76,6463.97,6412.99,126117307.0,135170990080.0,0.79,6462.76,sh000905
2021-04-26 00:00:00,6480.3,6442.65,6546.64,6437.19,144964140.0,166586765312.0,1.69,6442.65,sh000905
2021-04-27 00:00:00,6434.61,6446.28,6466.25,6399.44,125894712.0,138320089088.0,1.04,6446.28,sh000905
2021-04-28 00:00:00,6433.1,6489.74,6489.74,6410.32,117234944.0,136377847808.0,1.23,6489.74,sh000905
2021-04-29 00:00:00,6495.65,6491.93,6502.43,6453.52,128305439.0,145502310400.0,0.75,6491.93,sh000905
2021-04-30 00:00:00,6470.35,6485.71,6503.15,6434.73,144254239.0,163746328576.0,1.05,6485.71,sh000905
2021-05-06 00:00:00,6503.6,6489.35,6548.07,6440.33,154141980.0,167436128256.0,1.66,6489.35,sh000905
2021-05-07 00:00:00,6505.58,6444.44,6524.18,6439.89,177518748.0,177915641856.0,1.3,6444.44,sh000905
2021-05-10 00:00:00,6461.42,6475.99,6493.5,6437.11,189080133.0,180906622976.0,0.88,6475.99,sh000905
2021-05-11 00:00:00,6436.29,6456.04,6472.87,6349.79,187263611.0,175350132736.0,1.9,6456.04,sh000905
2021-05-12 00:00:00,6434.91,6512.05,6521.49,6419.74,156490931.0,150127198208.0,1.58,6512.05,sh000905
2021-05-13 00:00:00,6448.96,6439.03,6497.0,6426.58,159658647.0,155853651968.0,1.08,6439.03,sh000905
2021-05-14 00:00:00,6454.68,6525.8,6525.8,6421.21,166243407.0,163611262976.0,1.62,6525.8,sh000905
2021-05-17 00:00:00,6521.89,6578.14,6613.89,6521.89,159363758.0,172029263872.0,1.41,6578.14,sh000905
2021-05-18 00:00:00,6578.97,6599.6,6604.69,6558.78,132505490.0,141986529280.0,0.7,6599.6,sh000905
2021-05-19 00:00:00,6582.1,6584.39,6590.98,6544.84,135181256.0,146346352640.0,0.7,6584.39,sh000905
2021-05-20 00:00:00,6541.09,6548.71,6580.44,6506.41,162329923.0,167135805440.0,1.12,6548.71,sh000905
2021-05-21 00:00:00,6557.49,6527.86,6570.46,6512.81,134350694.0,145990148096.0,0.88,6527.86,sh000905
2021-05-24 00:00:00,6515.83,6544.12,6564.07,6494.62,137226611.0,150739210240.0,1.06,6544.12,sh000905
2021-05-25 00:00:00,6549.34,6619.67,6628.69,6524.3,144692037.0,158035570688.0,1.6,6619.67,sh000905
2021-05-26 00:00:00,6631.37,6628.21,6642.38,6612.42,156237002.0,169904623616.0,0.45,6628.21,sh000905
2021-05-27 00:00:00,6629.24,6685.41,6685.48,6620.72,145166676.0,164642447360.0,0.98,6685.41,sh000905
2021-05-28 00:00:00,6699.28,6668.17,6718.09,6643.64,157318385.0,176611766272.0,1.11,6668.17,sh000905
2021-05-31 00:00:00,6681.55,6728.99,6729.07,6667.26,146929492.0,176728707072.0,0.93,6728.99,sh000905
2021-06-01 00:00:00,6718.64,6739.76,6742.98,6656.66,161091958.0,185038577664.0,1.28,6739.76,sh000905
2021-06-02 00:00:00,6740.5,6681.43,6748.15,6662.75,157365320.0,174265552896.0,1.27,6681.43,sh000905
2021-06-03 00:00:00,6680.1,6667.73,6744.52,6654.46,154885691.0,167598940160.0,1.35,6667.73,sh000905
2021-06-04 00:00:00,6642.06,6693.06,6725.69,6628.01,137866404.0,161257144320.0,1.46,6693.06,sh000905
2021-06-07 00:00:00,6705.74,6721.5,6729.85,6689.7,140560896.0,174154018816.0,0.6,6721.5,sh000905
2021-06-08 00:00:00,6726.09,6684.56,6752.63,6652.39,138684946.0,169906610176.0,1.49,6684.56,sh000905
2021-06-09 00:00:00,6677.14,6692.9,6712.25,6656.05,136511035.0,155486113792.0,0.84,6692.9,sh000905
2021-06-10 00:00:00,6688.82,6765.64,6773.46,6683.49,154280965.0,177003016192.0,1.34,6765.64,sh000905
2021-06-11 00:00:00,6773.64,6725.92,6775.86,6717.27,169569608.0,194413371392.0,0.87,6725.92,sh000905
2021-06-15 00:00:00,6734.1,6663.66,6736.54,6649.2,152209249.0,166359281664.0,1.3,6663.66,sh000905
2021-06-16 00:00:00,6659.49,6566.29,6662.78,6554.89,136807877.0,152269455360.0,1.62,6566.29,sh000905
2021-06-17 00:00:00,6554.3,6616.17,6618.5,6554.3,124492562.0,143795949568.0,0.98,6616.17,sh000905
2021-06-18 00:00:00,6610.27,6657.76,6671.88,6587.03,138022582.0,161540071424.0,1.28,6657.76,sh000905
2021-06-21 00:00:00,6652.65,6707.18,6722.98,6638.52,143031173.0,174776561664.0,1.27,6707.18,sh000905
2021-06-22 00:00:00,6723.3,6739.79,6748.97,6691.82,146543498.0,170147487744.0,0.85,6739.79,sh000905
2021-06-23 00:00:00,6741.58,6789.95,6803.97,6720.58,155309609.0,184582045696.0,1.24,6789.95,sh000905
2021-06-24 00:00:00,6791.86,6754.87,6791.86,6743.33,145046523.0,172627660800.0,0.71,6754.87,sh000905
2021-06-25 00:00:00,6748.87,6813.41,6824.86,6739.02,151485660.0,174329253888.0,1.27,6813.41,sh000905
2021-06-28 00:00:00,6814.32,6828.52,6843.52,6802.86,145504051.0,175447982080.0,0.6,6828.52,sh000905
2021-06-29 00:00:00,6833.06,6765.42,6835.05,6756.92,136625723.0,167622238208.0,1.14,6765.42,sh000905
2021-06-30 00:00:00,6767.74,6808.18,6812.38,6757.34,125406162.0,155031842816.0,0.81,6808.18,sh000905
2021-07-01 00:00:00,6827.7,6716.67,6827.7,6716.67,138350812.0,168199909376.0,1.63,6716.67,sh000905
2021-07-02 00:00:00,6701.06,6658.05,6718.51,6651.48,136472287.0,162302316544.0,1.0,6658.05,sh000905
2021-07-05 00:00:00,6670.13,6711.01,6716.15,6663.54,134734720.0,165135855616.0,0.79,6711.01,sh000905
2021-07-06 00:00:00,6727.97,6709.5,6747.85,6633.61,145017953.0,183569346560.0,1.7,6709.5,sh000905
2021-07-07 00:00:00,6661.85,6764.13,6765.43,6642.57,147646953.0,176266752000.0,1.83,6764.13,sh000905
2021-07-08 00:00:00,6774.84,6748.65,6797.08,6740.85,159564544.0,203043020800.0,0.83,6748.65,sh000905
2021-07-09 00:00:00,6721.61,6804.54,6814.65,6683.79,166107003.0,204576735232.0,1.94,6804.54,sh000905
2021-07-12 00:00:00,6852.48,6904.38,6926.76,6840.02,193561044.0,239883546624.0,1.27,6904.38,sh000905
2021-07-13 00:00:00,6901.81,6961.85,6961.97,6889.03,179620844.0,223831191552.0,1.06,6961.85,sh000905
2021-07-14 00:00:00,6953.82,6898.75,6973.61,6898.75,171735447.0,214904537088.0,1.08,6898.75,sh000905
2021-07-15 00:00:00,6874.8,6932.41,6936.58,6828.48,173221107.0,205199286272.0,1.57,6932.41,sh000905
2021-07-16 00:00:00,6931.05,6925.12,6992.83,6922.35,184907858.0,221559304192.0,1.02,6925.12,sh000905
2021-07-19 00:00:00,6912.1,6889.34,6931.14,6856.65,169734817.0,208077103104.0,1.08,6889.34,sh000905
2021-07-20 00:00:00,6831.05,6901.13,6901.13,6825.82,140140631.0,171140493312.0,1.09,6901.13,sh000905
2021-07-21 00:00:00,6923.61,6984.54,6998.28,6922.92,163009272.0,204939579392.0,1.09,6984.54,sh000905
2021-07-22 00:00:00,6996.26,7026.55,7026.73,6960.3,190233316.0,219500277760.0,0.95,7026.55,sh000905
2021-07-23 00:00:00,7036.3,6985.75,7061.67,6968.31,225079073.0,253751242752.0,1.33,6985.75,sh000905
2021-07-26 00:00:00,6974.11,6868.21,6986.5,6778.5,208197240.0,242702241792.0,2.98,6868.21,sh000905
2021-07-27 00:00:00,6877.44,6719.26,6925.97,6719.26,228614339.0,266957983744.0,3.01,6719.26,sh000905
2021-07-28 00:00:00,6650.15,6621.98,6709.23,6534.92,197267167.0,222466408448.0,2.59,6621.98,sh000905
2021-07-29 00:00:00,6720.62,6758.89,6773.57,6682.12,171017884.0,209142005760.0,1.38,6758.89,sh000905
2021-07-30 00:00:00,6739.75,6767.32,6775.01,6702.51,189711734.0,222514806784.0,1.07,6767.32,sh000905
2021-08-02 00:00:00,6756.81,6872.0,6875.42,6731.78,206205174.0,249640210432.0,2.12,6872.0,sh000905
2021-08-03 00:00:00,6844.37,6816.01,6879.59,6792.71,194189432.0,237723021312.0,1.26,6816.01,sh000905
2021-08-04 00:00:00,6814.08,6931.34,6931.78,6813.23,174064348.0,216189755392.0,1.74,6931.34,sh000905
2021-08-05 00:00:00,6920.94,6911.83,6946.34,6880.69,179371886.0,226672386048.0,0.95,6911.83,sh000905
2021-08-06 00:00:00,6929.02,6938.87,6947.54,6885.65,172356913.0,214958731264.0,0.9,6938.87,sh000905
2021-08-09 00:00:00,6914.32,6979.53,6989.71,6877.2,173833372.0,210955644928.0,1.62,6979.53,sh000905
2021-08-10 00:00:00,6970.83,7019.23,7019.69,6958.81,173087962.0,222660419584.0,0.87,7019.23,sh000905
2021-08-11 00:00:00,7024.77,7073.52,7076.37,6999.93,188357906.0,221759524864.0,1.09,7073.52,sh000905
2021-08-12 00:00:00,7059.47,7095.2,7115.89,7051.01,194079124.0,226074873856.0,0.92,7095.2,sh000905
2021-08-13 00:00:00,7070.47,7088.89,7124.92,7050.31,192190605.0,221865975808.0,1.05,7088.89,sh000905
2021-08-16 00:00:00,7087.58,7052.49,7102.4,7039.1,188178885.0,222080462848.0,0.89,7052.49,sh000905
2021-08-17 00:00:00,7045.75,6894.4,7063.02,6876.5,201936371.0,226552999936.0,2.64,6894.4,sh000905
2021-08-18 00:00:00,6883.27,6941.01,6950.88,6865.07,175367332.0,191997407232.0,1.24,6941.01,sh000905
2021-08-19 00:00:00,6917.51,6947.06,6978.98,6869.29,171813588.0,194992914432.0,1.58,6947.06,sh000905
2021-08-20 00:00:00,6915.02,6920.02,6952.52,6843.0,175627139.0,205135638528.0,1.58,6920.02,sh000905
2021-08-23 00:00:00,6949.33,7024.56,7031.88,6949.33,189456609.0,216299532288.0,1.19,7024.56,sh000905
2021-08-24 00:00:00,7031.65,7090.78,7098.03,7009.69,202726894.0,236479324160.0,1.26,7090.78,sh000905
2021-08-25 00:00:00,7092.15,7153.0,7153.27,7058.57,198126889.0,228737400832.0,1.34,7153.0,sh000905
2021-08-26 00:00:00,7151.53,7118.84,7175.51,7115.84,230176197.0,255363534848.0,0.83,7118.84,sh000905
2021-08-27 00:00:00,7096.65,7180.11,7185.73,7083.21,223830464.0,258997825536.0,1.44,7180.11,sh000905
2021-08-30 00:00:00,7202.63,7226.88,7262.6,7190.61,250649147.0,301015445504.0,1.0,7226.88,sh000905
2021-08-31 00:00:00,7202.52,7255.34,7255.34,7159.3,245108342.0,288657326080.0,1.33,7255.34,sh000905
2021-09-01 00:00:00,7271.03,7193.1,7278.16,7100.31,295520141.0,331023151104.0,2.45,7193.1,sh000905
2021-09-02 00:00:00,7172.4,7307.01,7309.33,7172.4,253411699.0,271544872960.0,1.9,7307.01,sh000905
2021-09-03 00:00:00,7335.7,7278.68,7385.24,7227.03,288801239.0,315016806400.0,2.17,7278.68,sh000905
2021-09-06 00:00:00,7297.36,7355.4,7359.54,7231.73,255875154.0,273720336384.0,1.76,7355.4,sh000905
2021-09-07 00:00:00,7360.38,7498.93,7501.13,7350.7,260727542.0,280403353600.0,2.05,7498.93,sh000905
2021-09-08 00:00:00,7496.33,7544.04,7549.45,7483.87,272847808.0,287850946560.0,0.87,7544.04,sh000905
2021-09-09 00:00:00,7534.98,7617.45,7617.66,7526.97,287204068.0,302380048384.0,1.2,7617.45,sh000905
2021-09-10 00:00:00,7613.6,7607.67,7661.43,7564.26,293468641.0,322687991808.0,1.28,7607.67,sh000905
2021-09-13 00:00:00,7613.54,7648.75,7650.88,7566.78,263618611.0,298956062720.0,1.11,7648.75,sh000905
2021-09-14 00:00:00,7630.72,7556.62,7688.6,7544.02,271501512.0,306464419840.0,1.89,7556.62,sh000905
2021-09-15 00:00:00,7535.25,7592.31,7627.67,7521.88,233398415.0,274072797184.0,1.4,7592.31,sh000905
2021-09-16 00:00:00,7616.88,7446.94,7657.23,7445.23,267649779.0,301162983424.0,2.79,7446.94,sh000905
2021-09-17 00:00:00,7421.81,7395.56,7471.42,7275.98,233604227.0,259019108352.0,2.62,7395.56,sh000905
2021-09-22 00:00:00,7305.08,7453.62,7453.93,7298.03,196794534.0,221838872576.0,2.11,7453.62,sh000905
2021-09-23 00:00:00,7512.33,7502.84,7543.66,7467.2,241158694.0,267659235328.0,1.03,7502.84,sh000905
2021-09-24 00:00:00,7490.56,7380.38,7490.56,7373.29,231715581.0,248983142400.0,1.56,7380.38,sh000905
2021-09-27 00:00:00,7400.0,7170.59,7410.47,7128.51,239542408.0,255096918016.0,3.82,7170.59,sh000905
2021-09-28 00:00:00,7158.62,7198.9,7227.46,7155.27,202800568.0,196202377216.0,1.01,7198.9,sh000905
2021-09-29 00:00:00,7142.76,7010.22,7161.21,6996.57,210570703.0,207830601728.0,2.29,7010.22,sh000905
2021-09-30 00:00:00,7034.69,7103.61,7116.04,7034.69,202482611.0,186185670656.0,1.16,7103.61,sh000905
2021-10-08 00:00:00,7191.23,7091.34,7198.96,7058.83,205467704.0,202877493248.0,1.97,7091.34,sh000905
2021-10-11 00:00:00,7102.88,7090.47,7123.75,7048.87,195420838.0,194709504000.0,1.06,7090.47,sh000905
2021-10-12 00:00:00,7069.35,6952.19,7079.71,6891.84,201666724.0,194146537472.0,2.65,6952.19,sh000905
2021-10-13 00:00:00,6957.73,6981.59,6991.24,6887.34,162604654.0,163678285824.0,1.49,6981.59,sh000905
2021-10-14 00:00:00,6970.65,7008.33,7033.4,6949.48,154764667.0,162946740224.0,1.2,7008.33,sh000905
2021-10-15 00:00:00,6996.12,7024.16,7034.03,6975.24,174108339.0,188999737344.0,0.84,7024.16,sh000905
2021-10-18 00:00:00,7027.14,7068.1,7071.87,6983.72,175627013.0,194312994816.0,1.25,7068.1,sh000905
2021-10-19 00:00:00,7060.77,7120.38,7127.24,7051.78,168135764.0,182701166592.0,1.07,7120.38,sh000905
2021-10-20 00:00:00,7081.99,7118.8,7154.91,7067.13,170511342.0,186276499456.0,1.23,7118.8,sh000905
2021-10-21 00:00:00,7127.64,7098.25,7145.58,7069.45,167971968.0,184364871680.0,1.07,7098.25,sh000905
2021-10-22 00:00:00,7089.13,7026.07,7110.66,7020.87,171615150.0,184191959040.0,1.26,7026.07,sh000905
2021-10-25 00:00:00,7019.02,7103.99,7105.98,7003.78,159004603.0,184607289344.0,1.45,7103.99,sh000905
2021-10-26 00:00:00,7120.07,7102.43,7155.63,7085.07,175032205.0,204998021120.0,0.99,7102.43,sh000905
2021-10-27 00:00:00,7093.12,7048.6,7097.86,7017.86,179020887.0,212523900928.0,1.13,7048.6,sh000905
2021-10-28 00:00:00,7026.29,6950.28,7043.42,6930.54,188075338.0,210380521472.0,1.6,6950.28,sh000905
2021-10-29 00:00:00,6955.85,7022.5,7022.75,6920.31,170779533.0,207011901440.0,1.47,7022.5,sh000905
2021-11-01 00:00:00,7005.07,7060.76,7087.29,6993.27,184142991.0,226533564416.0,1.34,7060.76,sh000905
2021-11-02 00:00:00,7061.0,6985.1,7093.61,6921.85,196114729.0,230633598976.0,2.43,6985.1,sh000905
2021-11-03 00:00:00,6975.06,7017.85,7034.09,6962.87,150814648.0,183530631168.0,1.02,7017.85,sh000905
2021-11-04 00:00:00,7031.95,7073.85,7073.85,7018.61,152652050.0,188533362688.0,0.79,7073.85,sh000905
2021-11-05 00:00:00,7071.08,6991.91,7073.85,6991.15,177241393.0,207299702784.0,1.17,6991.91,sh000905
2021-11-08 00:00:00,6986.5,7026.97,7034.14,6984.81,146360858.0,176810356736.0,0.71,7026.97,sh000905
2021-11-09 00:00:00,7037.57,7081.75,7087.02,7028.31,141696847.0,175620423680.0,0.84,7081.75,sh000905
2021-11-10 00:00:00,7061.64,7062.33,7072.15,6965.86,162138355.0,187121573888.0,1.5,7062.33,sh000905
2021-11-11 00:00:00,7048.86,7119.86,7121.92,7033.09,165400694.0,186637770752.0,1.26,7119.86,sh000905
2021-11-12 00:00:00,7118.99,7156.61,7165.11,7112.58,168513423.0,195249975296.0,0.74,7156.61,sh000905
2021-11-15 00:00:00,7166.04,7098.21,7176.77,7083.78,161148201.0,201939759104.0,1.3,7098.21,sh000905
2021-11-16 00:00:00,7083.92,7045.94,7121.74,7040.51,162370317.0,192032231424.0,1.14,7045.94,sh000905
2021-11-17 00:00:00,7043.63,7104.53,7106.05,7033.95,140347108.0,168875298816.0,1.02,7104.53,sh000905
2021-11-18 00:00:00,7108.78,7084.68,7130.29,7066.49,162714860.0,185152970752.0,0.9,7084.68,sh000905
2021-11-19 00:00:00,7083.01,7169.88,7174.25,7073.72,178185853.0,193601339392.0,1.42,7169.88,sh000905
2021-11-22 00:00:00,7177.4,7255.07,7259.53,7177.4,180522481.0,222986227712.0,1.15,7255.07,sh000905
2021-11-23 00:00:00,7245.95,7261.38,7292.92,7239.0,189595034.0,218299011072.0,0.74,7261.38,sh000905
2021-11-24 00:00:00,7260.22,7256.11,7278.4,7229.6,177674071.0,209537056768.0,0.67,7256.11,sh000905
2021-11-25 00:00:00,7262.79,7233.54,7262.79,7228.29,164068099.0,190327762944.0,0.48,7233.54,sh000905
2021-11-26 00:00:00,7216.64,7219.86,7249.2,7201.2,159423137.0,192093831168.0,0.66,7219.86,sh000905
2021-11-29 00:00:00,7129.94,7221.9,7226.34,7125.43,166941407.0,198551719936.0,1.4,7221.9,sh000905
2021-11-30 00:00:00,7252.33,7252.76,7281.13,7210.84,186336164.0,213217509376.0,0.97,7252.76,sh000905
2021-12-01 00:00:00,7239.13,7272.84,7272.94,7215.67,171806295.0,196111867904.0,0.79,7272.84,sh000905
2021-12-02 00:00:00,7256.42,7229.99,7279.95,7221.36,176555543.0,198627049472.0,0.81,7229.99,sh000905
2021-12-03 00:00:00,7233.57,7301.92,7310.27,7223.8,186222738.0,200791224320.0,1.2,7301.92,sh000905
2021-12-06 00:00:00,7308.99,7240.46,7330.47,7235.45,213069952.0,218322694144.0,1.3,7240.46,sh000905
2021-12-07 00:00:00,7274.13,7206.83,7284.64,7148.07,192243855.0,206136078336.0,1.89,7206.83,sh000905
2021-12-08 00:00:00,7225.0,7302.99,7302.99,7214.26,169280453.0,190279974912.0,1.23,7302.99,sh000905
2021-12-09 00:00:00,7298.8,7320.32,7331.58,7290.27,196087168.0,211492052992.0,0.57,7320.32,sh000905
2021-12-10 00:00:00,7285.97,7306.65,7317.27,7276.61,187230694.0,209397678080.0,0.56,7306.65,sh000905
2021-12-13 00:00:00,7334.11,7353.03,7371.31,7322.44,185363062.0,210741542912.0,0.67,7353.03,sh000905
2021-12-14 00:00:00,7330.24,7324.13,7349.88,7314.43,159583754.0,183555993600.0,0.48,7324.13,sh000905
2021-12-15 00:00:00,7319.66,7314.26,7352.38,7302.38,159923922.0,183859412992.0,0.68,7314.26,sh000905
2021-12-16 00:00:00,7323.41,7381.0,7381.0,7323.41,177690340.0,187008757760.0,0.79,7381.0,sh000905
2021-12-17 00:00:00,7380.72,7314.56,7384.02,7308.72,196265336.0,203439632384.0,1.02,7314.56,sh000905
2021-12-20 00:00:00,7290.95,7195.97,7313.48,7191.05,181727854.0,190350688256.0,1.67,7195.97,sh000905
2021-12-21 00:00:00,7190.97,7275.47,7285.72,7190.97,176216745.0,164258062336.0,1.32,7275.47,sh000905
2021-12-22 00:00:00,7289.91,7302.46,7318.61,7271.82,174117189.0,171088400384.0,0.64,7302.46,sh000905
2021-12-23 00:00:00,7306.16,7337.19,7350.0,7290.38,169131761.0,180467003392.0,0.82,7337.19,sh000905
2021-12-24 00:00:00,7336.0,7278.76,7339.94,7257.53,169418703.0,182681104384.0,1.12,7278.76,sh000905
2021-12-27 00:00:00,7269.37,7272.75,7323.88,7255.72,148618788.0,165585649664.0,0.94,7272.75,sh000905
2021-12-28 00:00:00,7281.0,7286.03,7290.54,7240.93,143262039.0,164782845952.0,0.68,7286.03,sh000905
2021-12-29 00:00:00,7275.67,7247.77,7290.86,7242.3,136209551.0,155743985664.0,0.67,7247.77,sh000905
2021-12-30 00:00:00,7246.03,7310.96,7324.5,7244.22,141651110.0,158448275456.0,1.11,7310.96,sh000905
2021-12-31 00:00:00,7320.94,7359.4,7368.13,7317.7,149909002.0,169456914432.0,0.69,7359.4,sh000905
2022-01-04 00:00:00,7387.81,7354.46,7392.1,7317.5,200810017.0,219175108608.0,1.01,7354.46,sh000905
2022-01-05 00:00:00,7343.9,7222.67,7346.26,7200.73,194002404.0,209809760256.0,1.98,7222.67,sh000905
2022-01-06 00:00:00,7187.95,7229.96,7242.77,7167.81,173335764.0,179907538944.0,1.04,7229.96,sh000905
2022-01-07 00:00:00,7232.41,7175.68,7262.81,7168.04,200018012.0,202498453504.0,1.31,7175.68,sh000905
2022-01-10 00:00:00,7161.44,7191.45,7193.92,7122.09,165748879.0,176717914112.0,1.0,7191.45,sh000905
2022-01-11 00:00:00,7187.02,7135.22,7206.92,7118.84,169494564.0,179645358080.0,1.22,7135.22,sh000905
2022-01-12 00:00:00,7160.18,7196.93,7196.93,7148.63,156051484.0,170334289920.0,0.68,7196.93,sh000905
2022-01-13 00:00:00,7203.24,7097.76,7203.24,7096.33,169148969.0,174599012352.0,1.49,7097.76,sh000905
2022-01-14 00:00:00,7063.42,7081.14,7125.09,7052.63,175591199.0,181513953280.0,1.02,7081.14,sh000905
2022-01-17 00:00:00,7080.62,7157.86,7169.34,7078.66,161779720.0,183490793472.0,1.28,7157.86,sh000905
2022-01-18 00:00:00,7163.13,7163.16,7191.0,7133.2,179235392.0,195000213504.0,0.81,7163.16,sh000905
2022-01-19 00:00:00,7144.48,7118.76,7182.06,7078.36,163178368.0,174675275776.0,1.45,7118.76,sh000905
2022-01-20 00:00:00,7119.51,7056.79,7135.78,7040.01,168666281.0,172753203200.0,1.35,7056.79,sh000905
2022-01-21 00:00:00,7037.94,6976.62,7040.43,6965.33,144679790.0,158204018688.0,1.06,6976.62,sh000905
2022-01-24 00:00:00,6942.92,6979.25,7006.7,6925.77,122679565.0,135920721920.0,1.16,6979.25,sh000905
2022-01-25 00:00:00,6960.0,6743.96,6979.48,6743.96,150337244.0,154265493504.0,3.37,6743.96,sh000905
2022-01-26 00:00:00,6762.35,6782.58,6799.81,6721.9,120615311.0,130234703872.0,1.16,6782.58,sh000905
2022-01-27 00:00:00,6781.61,6605.92,6785.73,6605.92,125243756.0,132244729856.0,2.65,6605.92,sh000905
2022-01-28 00:00:00,6690.18,6580.53,6690.18,6510.18,127088819.0,130258014208.0,2.72,6580.53,sh000905
2022-02-07 00:00:00,6664.57,6676.61,6702.33,6656.13,145092618.0,138641530880.0,0.7,6676.61,sh000905
2022-02-08 00:00:00,6678.99,6742.19,6742.4,6599.37,159598574.0,145458655232.0,2.14,6742.19,sh000905
2022-02-09 00:00:00,6736.75,6843.03,6848.69,6725.8,162822720.0,155362516992.0,1.82,6843.03,sh000905
2022-02-10 00:00:00,6841.16,6840.49,6864.69,6797.01,154916564.0,147064848384.0,0.99,6840.49,sh000905
2022-02-11 00:00:00,6811.78,6745.02,6840.72,6735.89,159801354.0,156700184576.0,1.53,6745.02,sh000905
2022-02-14 00:00:00,6711.59,6695.7,6765.52,6667.49,137082460.0,132192014336.0,1.45,6695.7,sh000905
2022-02-15 00:00:00,6700.82,6760.28,6762.86,6686.95,112805760.0,121268404224.0,1.13,6760.28,sh000905
2022-02-16 00:00:00,6779.21,6772.03,6788.36,6751.8,108414003.0,114685136896.0,0.54,6772.03,sh000905
2022-02-17 00:00:00,6764.33,6768.79,6797.62,6730.18,122985088.0,130706759680.0,1.0,6768.79,sh000905
2022-02-18 00:00:00,6734.52,6835.02,6835.2,6727.82,139952637.0,134406668288.0,1.59,6835.02,sh000905
2022-02-21 00:00:00,6843.08,6867.11,6871.99,6822.88,145146314.0,150072397824.0,0.72,6867.11,sh000905
2022-02-22 00:00:00,6827.05,6784.76,6827.05,6743.85,148609915.0,152906260480.0,1.21,6784.76,sh000905
2022-02-23 00:00:00,6785.1,6887.42,6889.7,6785.1,144116621.0,159413006336.0,1.54,6887.42,sh000905
2022-02-24 00:00:00,6861.41,6764.88,6898.41,6688.75,210849756.0,218057097216.0,3.04,6764.88,sh000905
2022-02-25 00:00:00,6805.64,6819.43,6895.04,6801.33,156429138.0,164105580544.0,1.39,6819.43,sh000905
2022-02-28 00:00:00,6831.49,6853.31,6853.34,6770.05,139601388.0,148585345024.0,1.22,6853.31,sh000905
2022-03-01 00:00:00,6868.62,6874.04,6889.33,6837.25,137717217.0,147535306752.0,0.76,6874.04,sh000905
2022-03-02 00:00:00,6853.07,6875.24,6878.35,6828.06,137114977.0,140871323648.0,0.73,6875.24,sh000905
2022-03-03 00:00:00,6900.98,6859.55,6907.41,6843.99,189091781.0,173516746752.0,0.92,6859.55,sh000905
2022-03-04 00:00:00,6823.83,6803.83,6871.09,6779.41,177411881.0,165852585984.0,1.34,6803.83,sh000905
2022-03-07 00:00:00,6800.77,6659.39,6800.82,6628.48,166484595.0,164636762112.0,2.53,6659.39,sh000905
2022-03-08 00:00:00,6650.58,6429.89,6665.95,6416.8,186296079.0,184444203008.0,3.74,6429.89,sh000905
2022-03-09 00:00:00,6443.2,6305.61,6462.48,6066.76,197802739.0,188335591424.0,6.15,6305.61,sh000905
2022-03-10 00:00:00,6424.91,6414.94,6475.14,6390.73,153152356.0,158971826176.0,1.34,6414.94,sh000905
2022-03-11 00:00:00,6343.19,6474.13,6479.72,6270.02,152114504.0,158771249152.0,3.27,6474.13,sh000905
2022-03-14 00:00:00,6419.24,6323.58,6490.61,6323.58,137954004.0,153706455040.0,2.58,6323.58,sh000905
2022-03-15 00:00:00,6272.44,5964.98,6278.07,5964.98,194713746.0,184102449152.0,4.95,5964.98,sh000905
2022-03-16 00:00:00,6068.9,6156.27,6173.79,5824.33,178826847.0,178613444608.0,5.86,6156.27,sh000905
2022-03-17 00:00:00,6233.64,6267.52,6369.89,6225.98,170438541.0,184845066240.0,2.34,6267.52,sh000905
2022-03-18 00:00:00,6249.48,6332.22,6338.22,6231.73,152620214.0,153302421504.0,1.7,6332.22,sh000905
2022-03-21 00:00:00,6340.56,6358.94,6389.21,6284.85,159653724.0,161774096384.0,1.65,6358.94,sh000905
2022-03-22 00:00:00,6343.4,6358.11,6404.83,6313.27,151107873.0,145705385984.0,1.44,6358.11,sh000905
2022-03-23 00:00:00,6368.31,6398.1,6420.16,6353.34,143179359.0,141684924416.0,1.05,6398.1,sh000905
2022-03-24 00:00:00,6370.97,6344.12,6384.4,6315.14,137749087.0,139175993344.0,1.08,6344.12,sh000905
2022-03-25 00:00:00,6346.71,6268.24,6373.47,6268.24,134972257.0,135181836288.0,1.66,6268.24,sh000905
2022-03-28 00:00:00,6230.12,6283.28,6322.13,6176.25,144857887.0,136991735808.0,2.33,6283.28,sh000905
2022-03-29 00:00:00,6289.48,6253.07,6316.31,6233.28,141362125.0,140401393664.0,1.32,6253.07,sh000905
2022-03-30 00:00:00,6272.0,6377.87,6377.87,6261.8,164014574.0,155600797696.0,1.86,6377.87,sh000905
2022-03-31 00:00:00,6361.1,6324.96,6383.07,6313.97,176903949.0,167072821248.0,1.08,6324.96,sh000905
2022-04-01 00:00:00,6289.39,6364.52,6373.26,6274.0,175128596.0,154551713792.0,1.57,6364.52,sh000905
2022-04-06 00:00:00,6363.0,6356.93,6363.0,6279.07,196853583.0,169525010432.0,1.32,6356.93,sh000905
2022-04-07 00:00:00,6321.81,6221.59,6364.63,6221.59,190762191.0,163735810048.0,2.25,6221.59,sh000905
2022-04-08 00:00:00,6227.2,6224.12,6237.91,6117.01,183954893.0,159245295616.0,1.94,6224.12,sh000905
2022-04-11 00:00:00,6202.02,6029.89,6202.02,6001.57,178384812.0,162201440256.0,3.22,6029.89,sh000905
2022-04-12 00:00:00,6019.67,6126.91,6135.57,5964.39,173180188.0,151432384512.0,2.84,6126.91,sh000905
2022-04-13 00:00:00,6094.68,6044.33,6129.66,6039.92,167043059.0,147270111232.0,1.46,6044.33,sh000905
2022-04-14 00:00:00,6074.13,6126.49,6156.5,6060.68,159033106.0,147089465344.0,1.59,6126.49,sh000905
2022-04-15 00:00:00,6094.12,6070.75,6122.29,6048.16,184627000.0,162170122240.0,1.21,6070.75,sh000905
2022-04-18 00:00:00,6019.53,6074.01,6094.67,5975.45,149186381.0,131553628160.0,1.96,6074.01,sh000905
2022-04-19 00:00:00,6067.48,6092.4,6106.93,6052.1,141997535.0,129227431936.0,0.9,6092.4,sh000905
2022-04-20 00:00:00,6082.81,5956.92,6093.78,5942.0,151055603.0,134720864256.0,2.49,5956.92,sh000905
2022-04-21 00:00:00,5933.79,5759.8,5971.19,5742.42,157854505.0,135625764864.0,3.84,5759.8,sh000905
2022-04-22 00:00:00,5728.19,5740.98,5794.34,5667.34,139997599.0,120243691520.0,2.2,5740.98,sh000905
2022-04-25 00:00:00,5656.39,5369.72,5656.39,5369.72,186753480.0,150663974912.0,4.99,5369.72,sh000905
2022-04-26 00:00:00,5374.25,5234.01,5434.7,5225.21,171299433.0,139143827456.0,3.9,5234.01,sh000905
2022-04-27 00:00:00,5179.03,5437.04,5440.07,5158.48,179693384.0,148165595136.0,5.38,5437.04,sh000905
2022-04-28 00:00:00,5398.9,5418.76,5472.82,5339.61,155039772.0,133023981568.0,2.45,5418.76,sh000905
2022-04-29 00:00:00,5458.91,5627.9,5630.93,5443.67,181289513.0,157723205632.0,3.46,5627.9,sh000905
2022-05-05 00:00:00,5612.5,5686.7,5728.62,5606.94,168643208.0,153614016512.0,2.16,5686.7,sh000905
2022-05-06 00:00:00,5560.98,5563.77,5629.65,5542.18,152993341.0,128084918272.0,1.54,5563.77,sh000905
2022-05-09 00:00:00,5552.48,5608.52,5626.59,5537.98,131553930.0,114555068416.0,1.59,5608.52,sh000905
2022-05-10 00:00:00,5532.6,5690.09,5698.51,5519.47,165329613.0,141136838656.0,3.19,5690.09,sh000905
2022-05-11 00:00:00,5697.43,5737.82,5856.19,5696.7,185163628.0,172855136256.0,2.8,5737.82,sh000905
2022-05-12 00:00:00,5707.56,5743.1,5779.32,5687.18,139216169.0,125952897024.0,1.61,5743.1,sh000905
2022-05-13 00:00:00,5765.32,5796.8,5796.8,5731.86,136559775.0,116785287168.0,1.13,5796.8,sh000905
2022-05-16 00:00:00,5840.24,5791.08,5855.72,5767.54,151387274.0,132450885632.0,1.52,5791.08,sh000905
2022-05-17 00:00:00,5789.92,5816.34,5816.34,5724.44,130829391.0,119260446720.0,1.59,5816.34,sh000905
2022-05-18 00:00:00,5815.61,5797.49,5846.84,5785.45,127243845.0,114319974400.0,1.06,5797.49,sh000905
2022-05-19 00:00:00,5708.8,5838.41,5838.41,5700.11,136623739.0,122730053632.0,2.39,5838.41,sh000905
2022-05-20 00:00:00,5854.01,5929.49,5929.54,5849.76,165727329.0,151890808832.0,1.37,5929.49,sh000905
2022-05-23 00:00:00,5941.14,5965.73,5968.85,5908.66,153876017.0,143376162816.0,1.02,5965.73,sh000905
2022-05-24 00:00:00,5962.15,5745.68,5967.23,5745.68,177540833.0,161859190784.0,3.71,5745.68,sh000905
2022-05-25 00:00:00,5741.23,5844.25,5844.28,5736.14,143590636.0,126687498240.0,1.88,5844.25,sh000905
2022-05-26 00:00:00,5848.03,5911.56,5928.71,5780.97,162350362.0,142667051008.0,2.53,5911.56,sh000905
2022-05-27 00:00:00,5921.33,5899.92,5952.62,5854.61,143406863.0,128502607872.0,1.66,5899.92,sh000905
2022-05-30 00:00:00,5918.24,5942.83,5943.0,5867.19,133852646.0,124183592960.0,1.28,5942.83,sh000905
2022-05-31 00:00:00,5940.37,6026.24,6033.47,5902.28,155944919.0,147825250304.0,2.21,6026.24,sh000905
2022-06-01 00:00:00,6008.75,6023.64,6042.37,5970.49,155365773.0,143127244800.0,1.19,6023.64,sh000905
2022-06-02 00:00:00,6000.62,6078.43,6084.32,5987.64,159571676.0,150036299776.0,1.61,6078.43,sh000905
2022-06-06 00:00:00,6079.89,6187.44,6194.43,6070.71,182679964.0,180119371776.0,2.04,6187.44,sh000905
2022-06-07 00:00:00,6186.58,6186.57,6199.72,6136.04,177311718.0,169115475968.0,1.03,6186.57,sh000905
2022-06-08 00:00:00,6184.96,6217.83,6227.33,6110.06,186428864.0,176670593024.0,1.9,6217.83,sh000905
2022-06-09 00:00:00,6207.73,6130.69,6209.11,6088.46,172129774.0,160399015936.0,1.94,6130.69,sh000905
2022-06-10 00:00:00,6083.5,6240.1,6250.36,6078.78,192541340.0,178686545920.0,2.8,6240.1,sh000905
2022-06-13 00:00:00,6188.77,6233.62,6250.68,6172.91,188132398.0,197652385792.0,1.25,6233.62,sh000905
2022-06-14 00:00:00,6161.62,6275.57,6278.97,6061.19,197403164.0,196166209536.0,3.49,6275.57,sh000905
2022-06-15 00:00:00,6275.37,6261.06,6398.36,6261.04,238140764.0,231704739840.0,2.19,6261.06,sh000905
2022-06-16 00:00:00,6262.29,6264.82,6330.35,6242.33,194615084.0,200890494976.0,1.41,6264.82,sh000905
2022-06-17 00:00:00,6220.58,6316.31,6328.36,6181.85,167859128.0,188555333632.0,2.34,6316.31,sh000905
2022-06-20 00:00:00,6323.41,6330.39,6359.0,6277.22,175207145.0,202463105024.0,1.29,6330.39,sh000905
2022-06-21 00:00:00,6324.84,6277.0,6337.08,6215.29,164461629.0,178813382656.0,1.92,6277.0,sh000905
2022-06-22 00:00:00,6281.87,6179.57,6285.65,6176.85,154094318.0,164240855040.0,1.73,6179.57,sh000905
2022-06-23 00:00:00,6186.99,6300.47,6300.47,6142.94,168266043.0,179525607424.0,2.55,6300.47,sh000905
2022-06-24 00:00:00,6306.83,6368.28,6378.5,6304.08,157712704.0,181995577344.0,1.18,6368.28,sh000905
2022-06-27 00:00:00,6398.36,6407.74,6449.34,6390.28,168918190.0,201652932608.0,0.93,6407.74,sh000905
2022-06-28 00:00:00,6412.44,6501.35,6506.67,6392.11,170582712.0,196479373312.0,1.79,6501.35,sh000905
2022-06-29 00:00:00,6479.17,6374.3,6501.39,6370.02,190728307.0,215976296448.0,2.02,6374.3,sh000905
2022-06-30 00:00:00,6385.21,6454.08,6493.09,6385.21,163846776.0,193598971904.0,1.69,6454.08,sh000905
2022-07-01 00:00:00,6450.75,6438.54,6481.15,6423.86,144204644.0,172657741824.0,0.89,6438.54,sh000905
2022-07-04 00:00:00,6445.07,6523.13,6524.3,6405.38,157819968.0,193784451072.0,1.85,6523.13,sh000905
2022-07-05 00:00:00,6535.45,6511.53,6548.3,6435.74,186625469.0,206724927488.0,1.73,6511.53,sh000905
2022-07-06 00:00:00,6489.02,6418.55,6496.97,6359.47,177104502.0,188283101184.0,2.11,6418.55,sh000905
2022-07-07 00:00:00,6414.41,6452.99,6482.42,6380.17,157351122.0,176906223616.0,1.59,6452.99,sh000905
2022-07-08 00:00:00,6478.29,6404.44,6490.15,6404.16,150986698.0,171162738688.0,1.33,6404.44,sh000905
2022-07-11 00:00:00,6387.45,6319.14,6387.45,6274.74,151993667.0,169420488704.0,1.76,6319.14,sh000905
2022-07-12 00:00:00,6317.88,6241.48,6346.51,6238.56,144513092.0,162745221371.3,1.71,6241.48,sh000905
2022-07-13 00:00:00,6238.68,6268.49,6287.64,6207.72,142710723.0,148941203951.1,1.28,6268.49,sh000905
2022-07-14 00:00:00,6267.47,6302.43,6339.42,6254.68,140354050.0,156034965327.2,1.35,6302.43,sh000905
2022-07-15 00:00:00,6279.68,6196.8,6323.53,6196.8,158386828.0,169165272836.9,2.01,6196.8,sh000905
2022-07-18 00:00:00,6216.1,6312.36,6315.66,6200.52,159144624.0,163899480504.9,1.86,6312.36,sh000905
2022-07-19 00:00:00,6318.84,6335.71,6347.24,6283.4,146384780.0,163012682490.6,1.01,6335.71,sh000905
2022-07-20 00:00:00,6353.0,6410.71,6416.87,6351.82,142932573.0,157782312749.0,1.03,6410.71,sh000905
2022-07-21 00:00:00,6400.07,6347.6,6408.46,6347.6,148210184.0,163172754178.8,0.95,6347.6,sh000905
2022-07-22 00:00:00,6353.92,6289.53,6371.32,6236.34,130620669.0,143788393867.5,2.13,6289.53,sh000905
2022-07-25 00:00:00,6297.1,6231.24,6319.18,6213.47,129458029.0,139714096679.5,1.68,6231.24,sh000905
2022-07-26 00:00:00,6239.21,6307.96,6319.25,6213.84,117276541.0,129165891647.9,1.69,6307.96,sh000905
2022-07-27 00:00:00,6301.61,6332.23,6344.21,6286.35,120435127.0,133249678638.3,0.92,6332.23,sh000905
2022-07-28 00:00:00,6361.27,6348.17,6393.73,6339.55,138473429.0,152662265342.6,0.86,6348.17,sh000905
2022-07-29 00:00:00,6356.52,6294.11,6365.26,6285.72,137925792.0,152961332812.8,1.25,6294.11,sh000905
2022-08-01 00:00:00,6293.38,6347.22,6350.04,6253.06,128679012.0,151348904696.9,1.54,6347.22,sh000905
2022-08-02 00:00:00,6288.61,6170.0,6288.61,6095.06,182902539.0,192873382570.5,3.05,6170.0,sh000905
2022-08-03 00:00:00,6171.62,6124.31,6261.91,6111.22,147213409.0,175544841793.6,2.44,6124.31,sh000905
2022-08-04 00:00:00,6160.49,6158.73,6177.62,6080.1,113646381.0,137805652801.6,1.59,6158.73,sh000905
2022-08-05 00:00:00,6175.48,6270.51,6274.27,6163.51,124284448.0,150450721916.0,1.8,6270.51,sh000905
2022-08-08 00:00:00,6266.57,6323.07,6324.34,6249.62,116132934.0,149909676464.1,1.19,6323.07,sh000905
2022-08-09 00:00:00,6314.1,6341.48,6344.84,6290.87,116966653.0,148682025631.8,0.85,6341.48,sh000905
2022-08-10 00:00:00,6331.41,6322.06,6362.29,6298.86,118899928.0,153411737859.6,1.0,6322.06,sh000905
2022-08-11 00:00:00,6349.5,6439.36,6439.36,6341.72,142038284.0,168399100707.5,1.54,6439.36,sh000905
2022-08-12 00:00:00,6425.11,6420.85,6463.07,6416.29,140399917.0,158383471763.4,0.73,6420.85,sh000905
2022-08-15 00:00:00,6405.72,6442.81,6462.54,6394.22,133627482.0,151481917268.3,1.06,6442.81,sh000905
2022-08-16 00:00:00,6446.76,6465.19,6492.54,6440.38,135841495.0,150950901281.8,0.81,6465.19,sh000905
2022-08-17 00:00:00,6473.25,6493.5,6501.36,6428.97,146220319.0,165336992378.1,1.12,6493.5,sh000905
2022-08-18 00:00:00,6481.37,6468.81,6483.69,6448.75,130451759.0,151581053114.9,0.54,6468.81,sh000905
2022-08-19 00:00:00,6468.82,6391.72,6477.31,6390.93,142590851.0,161777617603.6,1.34,6391.72,sh000905
2022-08-22 00:00:00,6381.34,6472.68,6472.79,6363.22,133735500.0,155429477947.4,1.71,6472.68,sh000905
2022-08-23 00:00:00,6460.17,6466.4,6475.82,6436.08,133676377.0,152812386392.9,0.61,6466.4,sh000905
2022-08-24 00:00:00,6470.69,6284.58,6472.68,6277.99,158103872.0,171922926765.6,3.01,6284.58,sh000905
2022-08-25 00:00:00,6303.14,6322.7,6327.09,6225.68,141946367.0,152348524289.3,1.61,6322.7,sh000905
2022-08-26 00:00:00,6331.08,6298.37,6381.48,6286.52,130405837.0,145604215469.3,1.5,6298.37,sh000905
2022-08-29 00:00:00,6213.4,6310.4,6310.99,6205.13,125268849.0,132966408290.4,1.68,6310.4,sh000905
2022-08-30 00:00:00,6309.58,6285.93,6319.17,6248.14,132109200.0,136583215311.8,1.13,6285.93,sh000905
2022-08-31 00:00:00,6265.59,6155.75,6280.19,6132.23,147275408.0,153776542736.6,2.35,6155.75,sh000905
2022-09-01 00:00:00,6153.29,6126.77,6207.24,6118.58,118575054.0,124670857677.4,1.44,6126.77,sh000905
2022-09-02 00:00:00,6135.3,6149.43,6176.17,6117.73,106564384.0,114216217368.2,0.95,6149.43,sh000905
2022-09-05 00:00:00,6147.71,6182.65,6184.8,6122.62,117479244.0,119757999919.0,1.01,6182.65,sh000905
2022-09-06 00:00:00,6198.49,6291.57,6292.53,6187.95,129846040.0,135891977558.3,1.69,6291.57,sh000905
2022-09-07 00:00:00,6269.99,6301.56,6314.12,6256.61,120160292.0,130718396246.6,0.91,6301.56,sh000905
2022-09-08 00:00:00,6299.91,6272.58,6309.9,6266.52,116164269.0,120970235492.1,0.69,6272.58,sh000905
2022-09-09 00:00:00,6275.9,6316.97,6321.82,6254.26,121389228.0,124658337639.2,1.08,6316.97,sh000905
2022-09-13 00:00:00,6334.86,6300.42,6343.77,6291.44,118106314.0,123861798297.2,0.83,6300.42,sh000905
2022-09-14 00:00:00,6214.91,6249.96,6273.63,6206.92,109121160.0,114644793268.9,1.06,6249.96,sh000905
2022-09-15 00:00:00,6280.45,6107.8,6282.69,6053.8,141643500.0,148202355024.8,3.66,6107.8,sh000905
2022-09-16 00:00:00,6091.42,5954.5,6102.54,5954.5,137172115.0,131508079987.8,2.42,5954.5,sh000905
2022-09-19 00:00:00,5947.86,5913.15,5967.65,5880.49,104025412.0,104609796776.0,1.46,5913.15,sh000905
2022-09-20 00:00:00,5949.34,5958.29,6002.79,5940.58,88813000.0,96795084956.1,1.05,5958.29,sh000905
2022-09-21 00:00:00,5943.09,5978.58,5998.7,5876.52,103463644.0,100001264102.8,2.05,5978.58,sh000905
2022-09-22 00:00:00,5938.1,5965.89,6015.12,5931.73,99867602.0,102285806654.7,1.39,5965.89,sh000905
2022-09-23 00:00:00,5961.06,5889.6,5986.82,5839.93,100609437.0,104706616405.3,2.46,5889.6,sh000905
2022-09-26 00:00:00,5841.58,5806.32,5922.32,5798.28,103244360.0,102568347040.7,2.11,5806.32,sh000905
2022-09-27 00:00:00,5823.55,5920.05,5920.05,5808.25,97418022.0,103953587047.6,1.93,5920.05,sh000905
2022-09-28 00:00:00,5910.05,5769.52,5910.05,5769.52,93694853.0,99052683111.1,2.37,5769.52,sh000905
2022-09-29 00:00:00,5823.27,5771.88,5856.16,5741.02,95385798.0,97557854862.3,2.0,5771.88,sh000905
2022-09-30 00:00:00,5764.15,5714.06,5804.2,5714.06,85545168.0,87143078864.7,1.56,5714.06,sh000905
2022-10-10 00:00:00,5729.75,5635.71,5758.04,5618.8,97469345.0,97320936443.0,2.44,5635.71,sh000905
2022-10-11 00:00:00,5642.48,5684.51,5703.27,5606.99,86571469.0,88733098158.6,1.71,5684.51,sh000905
2022-10-12 00:00:00,5680.36,5820.45,5820.45,5594.3,106101757.0,110816368258.8,3.98,5820.45,sh000905
2022-10-13 00:00:00,5789.66,5830.34,5876.48,5780.18,105722268.0,114922152769.8,1.65,5830.34,sh000905
2022-10-14 00:00:00,5866.86,5973.44,5996.04,5866.86,118212245.0,138463009285.8,2.22,5973.44,sh000905
2022-10-17 00:00:00,5952.38,6015.6,6023.53,5945.43,111461869.0,127160232940.9,1.31,6015.6,sh000905
2022-10-18 00:00:00,6031.05,6035.67,6074.37,5996.39,105750195.0,127130541930.8,1.3,6035.67,sh000905
2022-10-19 00:00:00,6021.8,5972.72,6037.44,5970.44,93881065.0,112290658653.1,1.11,5972.72,sh000905
2022-10-20 00:00:00,5943.48,5948.86,6035.55,5886.4,103388245.0,121766931023.7,2.5,5948.86,sh000905
2022-10-21 00:00:00,5959.21,5956.88,5993.88,5928.92,96826295.0,112261082744.7,1.09,5956.88,sh000905
2022-10-24 00:00:00,5968.54,5896.9,6061.21,5857.86,119501081.0,137328967809.0,3.41,5896.9,sh000905
2022-10-25 00:00:00,5864.02,5869.78,5926.57,5785.41,107045854.0,123655965044.2,2.39,5869.78,sh000905
2022-10-26 00:00:00,5871.08,5971.6,6016.92,5871.08,116530079.0,143742557269.8,2.48,5971.6,sh000905
2022-10-27 00:00:00,5978.28,5963.0,6020.89,5962.97,117088219.0,147969762402.1,0.97,5963.0,sh000905
2022-10-28 00:00:00,5922.82,5781.8,5934.8,5760.05,131676332.0,147373418224.4,2.93,5781.8,sh000905
2022-10-31 00:00:00,5745.08,5807.11,5859.6,5743.56,127016064.0,150059218566.0,2.01,5807.11,sh000905
2022-11-01 00:00:00,5814.21,5941.15,5942.14,5786.87,136616776.0,165176134816.8,2.67,5941.15,sh000905
2022-11-02 00:00:00,5925.65,5997.8,6028.77,5916.06,142330286.0,183166205234.3,1.9,5997.8,sh000905
2022-11-03 00:00:00,5944.51,5996.72,6018.42,5937.61,106386906.0,145162731659.8,1.35,5996.72,sh000905
2022-11-04 00:00:00,5996.31,6133.46,6157.43,5996.31,138707111.0,174457116038.9,2.69,6133.46,sh000905
2022-11-07 00:00:00,6133.24,6141.41,6166.19,6100.61,138092409.0,167294752766.8,1.07,6141.41,sh000905
2022-11-08 00:00:00,6139.89,6134.26,6141.02,6095.44,108267531.0,134372666241.4,0.74,6134.26,sh000905
2022-11-09 00:00:00,6140.54,6120.83,6182.34,6118.73,104762250.0,127037472145.0,1.04,6120.83,sh000905
2022-11-10 00:00:00,6085.28,6089.7,6119.03,6061.81,116401928.0,129142711483.4,0.93,6089.7,sh000905
2022-11-11 00:00:00,6223.23,6138.62,6249.35,6134.68,176492121.0,198177118398.1,1.88,6138.62,sh000905
2022-11-14 00:00:00,6140.19,6129.51,6189.38,6104.93,159486725.0,174064714506.7,1.38,6129.51,sh000905
2022-11-15 00:00:00,6125.11,6236.38,6236.38,6112.62,149860965.0,171481798607.2,2.02,6236.38,sh000905
2022-11-16 00:00:00,6238.58,6203.92,6263.16,6190.01,129770376.0,151854939979.7,1.17,6203.92,sh000905
2022-11-17 00:00:00,6182.69,6217.21,6217.21,6148.61,123430196.0,152683752658.2,1.11,6217.21,sh000905
2022-11-18 00:00:00,6213.09,6191.65,6251.11,6181.55,131181093.0,164591218427.4,1.12,6191.65,sh000905
2022-11-21 00:00:00,6147.72,6189.71,6196.65,6116.3,112854387.0,141789496020.9,1.3,6189.71,sh000905
2022-11-22 00:00:00,6178.16,6125.4,6196.2,6100.11,116086024.0,137587008255.8,1.55,6125.4,sh000905
2022-11-23 00:00:00,6114.27,6115.6,6140.11,6045.02,115193517.0,128686794201.7,1.55,6115.6,sh000905
2022-11-24 00:00:00,6126.6,6120.07,6149.96,6099.75,100200699.0,117480438950.3,0.82,6120.07,sh000905
2022-11-25 00:00:00,6095.13,6087.86,6107.07,6062.0,107742345.0,110059809752.5,0.74,6087.86,sh000905
2022-11-28 00:00:00,5999.85,6055.28,6059.02,5970.09,117940107.0,125697913892.5,1.46,6055.28,sh000905
2022-11-29 00:00:00,6071.45,6163.82,6173.85,6071.22,155324471.0,159512108828.4,1.69,6163.82,sh000905
2022-11-30 00:00:00,6156.77,6156.15,6175.68,6118.9,154647972.0,153125576728.1,0.92,6156.15,sh000905
2022-12-01 00:00:00,6211.29,6186.1,6229.83,6186.1,152523325.0,171479199866.6,0.71,6186.1,sh000905
2022-12-02 00:00:00,6177.92,6168.01,6206.99,6154.21,115500975.0,133339764575.1,0.85,6168.01,sh000905
2022-12-05 00:00:00,6201.98,6215.12,6227.21,6182.98,170477211.0,177698737275.3,0.72,6215.12,sh000905
2022-12-06 00:00:00,6202.52,6211.25,6244.64,6185.49,149372815.0,164215807003.7,0.95,6211.25,sh000905
2022-12-07 00:00:00,6198.05,6204.01,6243.9,6183.33,137821246.0,155238837726.6,0.98,6204.01,sh000905
2022-12-08 00:00:00,6199.16,6186.28,6206.14,6168.78,131051325.0,149348401389.7,0.6,6186.28,sh000905
2022-12-09 00:00:00,6185.79,6192.3,6213.52,6159.5,167806825.0,180239306547.1,0.87,6192.3,sh000905
2022-12-12 00:00:00,6181.24,6154.81,6182.08,6146.25,134098310.0,162420257195.9,0.58,6154.81,sh000905
2022-12-13 00:00:00,6153.74,6121.66,6154.3,6113.41,104857515.0,131515610802.4,0.66,6121.66,sh000905
2022-12-14 00:00:00,6122.43,6096.39,6139.74,6084.08,95089916.0,125346101098.7,0.91,6096.39,sh000905
2022-12-15 00:00:00,6090.12,6101.88,6108.96,6078.0,88190454.0,113088367630.4,0.51,6101.88,sh000905
2022-12-16 00:00:00,6071.96,6072.86,6087.46,6036.05,93910672.0,113412125964.0,0.84,6072.86,sh000905
2022-12-19 00:00:00,6058.89,5936.48,6081.44,5911.88,105106201.0,121083184766.5,2.79,5936.48,sh000905
2022-12-20 00:00:00,5919.03,5878.03,5920.99,5857.86,78623273.0,96369670928.2,1.06,5878.03,sh000905
2022-12-21 00:00:00,5879.27,5845.84,5892.91,5819.67,69783431.0,85257777709.1,1.25,5845.84,sh000905
2022-12-22 00:00:00,5867.72,5779.06,5875.47,5761.98,82231873.0,97446795232.4,1.94,5779.06,sh000905
2022-12-23 00:00:00,5751.95,5763.35,5805.51,5732.47,66556865.0,81911192697.9,1.26,5763.35,sh000905
2022-12-26 00:00:00,5769.07,5843.26,5850.91,5769.07,75424133.0,93646097254.9,1.42,5843.26,sh000905
2022-12-27 00:00:00,5857.75,5885.66,5891.35,5832.27,81780423.0,101272091294.0,1.01,5885.66,sh000905
2022-12-28 00:00:00,5869.46,5862.1,5889.32,5848.24,90098898.0,102679233203.2,0.7,5862.1,sh000905
2022-12-29 00:00:00,5843.94,5857.4,5895.98,5835.33,79510794.0,94429698666.4,1.03,5857.4,sh000905
2022-12-30 00:00:00,5875.28,5864.47,5885.89,5848.95,75345032.0,86117939625.6,0.63,5864.47,sh000905
2023-01-03 00:00:00,5861.55,5955.9,5964.82,5848.15,99557837.0,119271237764.2,1.99,5955.9,sh000905
2023-01-04 00:00:00,5952.51,5952.45,5970.58,5922.86,97160441.0,114358731440.4,0.8,5952.45,sh000905
2023-01-05 00:00:00,5959.44,6010.46,6017.34,5950.09,96629979.0,117479981150.9,1.13,6010.46,sh000905
2023-01-06 00:00:00,6004.17,6012.82,6050.89,5998.83,99244877.0,121596399779.3,0.87,6012.82,sh000905
2023-01-09 00:00:00,6028.4,6040.02,6070.16,6023.64,100696829.0,124921325580.9,0.77,6040.02,sh000905
2023-01-10 00:00:00,6044.64,6048.3,6053.58,6017.15,96393351.0,113967056402.2,0.6,6048.3,sh000905
2023-01-11 00:00:00,6049.04,6014.16,6070.45,6004.22,94406389.0,112879598037.5,1.1,6014.16,sh000905
2023-01-12 00:00:00,6022.56,6015.29,6048.19,5995.91,92900124.0,104902996993.9,0.87,6015.29,sh000905
2023-01-13 00:00:00,6030.93,6057.69,6058.22,6015.22,90025020.0,102449872563.5,0.71,6057.69,sh000905
2023-01-16 00:00:00,6068.91,6126.18,6168.74,6068.14,129619730.0,146526749755.3,1.66,6126.18,sh000905
2023-01-17 00:00:00,6129.73,6132.64,6138.17,6107.76,95921699.0,109180206701.1,0.5,6132.64,sh000905
2023-01-18 00:00:00,6139.69,6151.46,6168.37,6136.97,94555836.0,103052545401.6,0.51,6151.46,sh000905
2023-01-19 00:00:00,6145.62,6204.33,6204.33,6130.42,99777793.0,114472416014.4,1.2,6204.33,sh000905
2023-01-20 00:00:00,6214.03,6251.43,6253.27,6214.03,113904542.0,128362190660.4,0.63,6251.43,sh000905
2023-01-30 00:00:00,6331.88,6283.33,6342.45,6279.45,146517920.0,173697713880.0,1.01,6283.33,sh000905
2023-01-31 00:00:00,6266.3,6289.15,6303.91,6259.53,135302093.0,146630404005.4,0.71,6289.15,sh000905
2023-02-01 00:00:00,6300.5,6365.91,6368.79,6293.49,152442220.0,166449081743.9,1.2,6365.91,sh000905
2023-02-02 00:00:00,6383.3,6370.14,6402.26,6347.73,149292811.0,166213113911.5,0.86,6370.14,sh000905
2023-02-03 00:00:00,6354.71,6343.69,6354.71,6267.44,121507182.0,138714379584.2,1.37,6343.69,sh000905
2023-02-06 00:00:00,6314.6,6302.33,6330.79,6274.54,108485308.0,127652063425.2,0.89,6302.33,sh000905
2023-02-07 00:00:00,6309.22,6317.24,6318.84,6273.6,109662683.0,125078065034.8,0.72,6317.24,sh000905
2023-02-08 00:00:00,6319.52,6268.28,6323.85,6263.76,105994895.0,116986269907.4,0.95,6268.28,sh000905
2023-02-09 00:00:00,6256.31,6354.56,6354.8,6250.45,109031119.0,129044254163.8,1.66,6354.56,sh000905
2023-02-10 00:00:00,6349.0,6334.25,6368.49,6296.55,120100829.0,134994907399.5,1.13,6334.25,sh000905
2023-02-13 00:00:00,6333.22,6383.83,6386.72,6331.37,131566227.0,151374560994.8,0.87,6383.83,sh000905
2023-02-14 00:00:00,6394.62,6397.21,6408.55,6369.57,124674389.0,143967118961.2,0.61,6397.21,sh000905
2023-02-15 00:00:00,6398.87,6384.35,6407.75,6365.31,115907022.0,143472324421.4,0.66,6384.35,sh000905
2023-02-16 00:00:00,6384.21,6289.48,6429.05,6244.48,168388416.0,190791364474.4,2.89,6289.48,sh000905
2023-02-17 00:00:00,6284.92,6237.41,6308.57,6237.41,117210985.0,143422448167.7,1.13,6237.41,sh000905
2023-02-20 00:00:00,6248.26,6346.07,6349.41,6227.35,140334075.0,157289265128.8,1.96,6346.07,sh000905
2023-02-21 00:00:00,6349.91,6383.42,6396.74,6337.6,141824714.0,153705795821.1,0.93,6383.42,sh000905
2023-02-22 00:00:00,6352.03,6375.07,6397.15,6344.99,109083029.0,128341320025.0,0.82,6375.07,sh000905
2023-02-23 00:00:00,6377.29,6360.32,6396.66,6328.64,116064654.0,135992246881.1,1.07,6360.32,sh000905
2023-02-24 00:00:00,6367.63,6340.84,6372.49,6308.22,96957281.0,119877925583.4,1.01,6340.84,sh000905
2023-02-27 00:00:00,6318.64,6307.21,6349.09,6288.3,101082738.0,124887490151.6,0.96,6307.21,sh000905
2023-02-28 00:00:00,6323.84,6357.54,6357.54,6293.18,96603163.0,119094834715.1,1.02,6357.54,sh000905
2023-03-01 00:00:00,6356.5,6402.14,6410.52,6340.0,123907639.0,144327640100.9,1.11,6402.14,sh000905
2023-03-02 00:00:00,6398.26,6382.23,6410.23,6375.01,125349297.0,147597102774.1,0.55,6382.23,sh000905
2023-03-03 00:00:00,6384.06,6390.32,6398.47,6346.96,123234775.0,140273359354.4,0.81,6390.32,sh000905
2023-03-06 00:00:00,6398.1,6395.22,6405.82,6362.47,126845634.0,155123686031.2,0.68,6395.22,sh000905
2023-03-07 00:00:00,6389.81,6284.3,6396.54,6284.22,137928869.0,149308292189.0,1.76,6284.3,sh000905
2023-03-08 00:00:00,6264.43,6301.52,6303.71,6258.32,98698357.0,114463801002.9,0.72,6301.52,sh000905
2023-03-09 00:00:00,6311.04,6285.95,6311.34,6258.45,92688914.0,111866575503.5,0.84,6285.95,sh000905
2023-03-10 00:00:00,6251.56,6204.9,6261.33,6202.61,108052290.0,129144574718.6,0.93,6204.9,sh000905
2023-03-13 00:00:00,6189.98,6245.0,6245.0,6178.67,108006552.0,132474098352.3,1.07,6245.0,sh000905
2023-03-14 00:00:00,6237.73,6189.4,6243.42,6127.69,121200145.0,149977754662.0,1.85,6189.4,sh000905
2023-03-15 00:00:00,6210.93,6224.64,6254.49,6210.93,112948528.0,129455795140.3,0.7,6224.64,sh000905
2023-03-16 00:00:00,6191.3,6140.83,6209.97,6133.83,127632685.0,143759016862.1,1.22,6140.83,sh000905
2023-03-17 00:00:00,6174.19,6183.18,6233.75,6169.84,137108334.0,157222487365.1,1.04,6183.18,sh000905
2023-03-20 00:00:00,6195.35,6160.35,6201.97,6152.81,145580891.0,167826184366.7,0.8,6160.35,sh000905
2023-03-21 00:00:00,6171.89,6234.68,6235.01,6171.28,123025331.0,144174739305.4,1.03,6234.68,sh000905
2023-03-22 00:00:00,6244.36,6269.74,6271.52,6242.16,128266386.0,149867921197.4,0.47,6269.74,sh000905
2023-03-23 00:00:00,6253.58,6305.76,6305.76,6245.98,129179648.0,164124553074.5,0.95,6305.76,sh000905
2023-03-24 00:00:00,6312.43,6310.1,6315.68,6279.54,141020989.0,179449338405.6,0.57,6310.1,sh000905
2023-03-27 00:00:00,6304.48,6311.6,6320.66,6265.01,144664863.0,184209306469.8,0.88,6311.6,sh000905
2023-03-28 00:00:00,6314.58,6279.92,6331.56,6272.72,139156104.0,174935282609.8,0.93,6279.92,sh000905
2023-03-29 00:00:00,6285.95,6260.55,6294.3,6239.94,131548284.0,166565424024.2,0.87,6260.55,sh000905
2023-03-30 00:00:00,6257.64,6286.18,6287.44,6213.97,123218599.0,155158644767.8,1.17,6286.18,sh000905
2023-03-31 00:00:00,6284.85,6339.82,6343.23,6282.14,129489835.0,164138969077.5,0.97,6339.82,sh000905
2023-04-03 00:00:00,6346.69,6413.81,6419.87,6346.69,163921048.0,215330527397.2,1.15,6413.81,sh000905
2023-04-04 00:00:00,6414.82,6408.9,6423.31,6377.53,157491755.0,218740913531.4,0.71,6408.9,sh000905
2023-04-06 00:00:00,6387.23,6416.85,6428.72,6382.03,144064448.0,207002794759.6,0.73,6416.85,sh000905
2023-04-07 00:00:00,6418.26,6464.47,6470.09,6416.68,127964625.0,177737436540.0,0.83,6464.47,sh000905
2023-04-10 00:00:00,6474.94,6410.52,6476.22,6395.37,145134187.0,203397862936.4,1.25,6410.52,sh000905
2023-04-11 00:00:00,6405.63,6420.88,6421.49,6381.06,142399109.0,188800337843.3,0.63,6420.88,sh000905
2023-04-12 00:00:00,6415.7,6443.44,6450.35,6407.2,149447956.0,188164796583.5,0.67,6443.44,sh000905
2023-04-13 00:00:00,6438.16,6404.65,6451.79,6396.02,156199573.0,196031015021.2,0.87,6404.65,sh000905
2023-04-14 00:00:00,6420.31,6431.07,6444.89,6390.92,145300668.0,190743030851.0,0.84,6431.07,sh000905
2023-04-17 00:00:00,6422.87,6459.24,6459.24,6421.39,168823079.0,196752268308.1,0.59,6459.24,sh000905
2023-04-18 00:00:00,6448.76,6449.85,6462.25,6422.05,143471341.0,184598154225.6,0.62,6449.85,sh000905
2023-04-19 00:00:00,6444.87,6416.97,6456.15,6404.99,148699774.0,192403574162.7,0.79,6416.97,sh000905
2023-04-20 00:00:00,6408.81,6411.76,6413.08,6376.35,150501294.0,196199845238.5,0.57,6411.76,sh000905
2023-04-21 00:00:00,6411.51,6250.54,6411.51,6250.54,162313297.0,210802112228.2,2.51,6250.54,sh000905
2023-04-24 00:00:00,6250.96,6208.78,6260.54,6184.71,147694845.0,191204975164.8,1.21,6208.78,sh000905
2023-04-25 00:00:00,6205.62,6118.15,6208.4,6042.64,162459277.0,200847244830.6,2.67,6118.15,sh000905
2023-04-26 00:00:00,6095.13,6142.15,6178.17,6093.2,152166354.0,197699832955.3,1.39,6142.15,sh000905
2023-04-27 00:00:00,6127.64,6157.94,6190.25,6121.61,143136116.0,179308956550.4,1.12,6157.94,sh000905
2023-04-28 00:00:00,6151.64,6241.24,6245.55,6151.64,167876482.0,199335712325.8,1.53,6241.24,sh000905
2023-05-04 00:00:00,6223.23,6262.39,6264.52,6218.78,202487970.0,215098748101.1,0.73,6262.39,sh000905
2023-05-05 00:00:00,6255.7,6200.58,6256.23,6172.69,178261017.0,192217857467.7,1.33,6200.58,sh000905
2023-05-08 00:00:00,6202.68,6248.58,6259.69,6200.15,202718255.0,198162493586.1,0.96,6248.58,sh000905
2023-05-09 00:00:00,6242.66,6181.98,6274.9,6177.65,224389467.0,215437054342.0,1.56,6181.98,sh000905
2023-05-10 00:00:00,6167.13,6173.81,6199.16,6137.15,175453727.0,180485291578.1,1.0,6173.81,sh000905
2023-05-11 00:00:00,6185.67,6154.47,6190.39,6151.07,146064946.0,152275213604.4,0.64,6154.47,sh000905
2023-05-12 00:00:00,6138.94,6091.65,6173.91,6088.22,140410664.0,142316419328.4,1.39,6091.65,sh000905
2023-05-15 00:00:00,6094.68,6159.39,6159.39,6036.81,149843583.0,159620224620.0,2.01,6159.39,sh000905
2023-05-16 00:00:00,6159.17,6110.83,6159.17,6095.69,121841116.0,142447474647.0,1.03,6110.83,sh000905
2023-05-17 00:00:00,6097.98,6122.05,6137.02,6090.88,107266349.0,125585549046.7,0.76,6122.05,sh000905
2023-05-18 00:00:00,6132.52,6128.18,6153.99,6101.24,122942111.0,144557618052.5,0.86,6128.18,sh000905
2023-05-19 00:00:00,6116.84,6117.08,6149.14,6085.04,119304896.0,147524516028.4,1.05,6117.08,sh000905
2023-05-22 00:00:00,6111.84,6115.32,6136.86,6086.23,112715682.0,126363418363.6,0.83,6115.32,sh000905
2023-05-23 00:00:00,6114.21,6052.43,6117.36,6052.43,111104244.0,120628486661.7,1.06,6052.43,sh000905
2023-05-24 00:00:00,6032.69,6005.79,6058.39,5988.03,107223414.0,116914166402.6,1.16,6005.79,sh000905
2023-05-25 00:00:00,6000.22,5988.19,6028.64,5926.2,109922832.0,126769237204.5,1.71,5988.19,sh000905
2023-05-26 00:00:00,5983.14,6034.98,6045.13,5953.88,106381588.0,123263014837.6,1.52,6034.98,sh000905
2023-05-29 00:00:00,6046.54,6025.16,6058.92,6012.4,125139417.0,146808330637.6,0.77,6025.16,sh000905
2023-05-30 00:00:00,6008.46,6061.31,6061.31,5960.34,127312017.0,151849134859.6,1.68,6061.31,sh000905
2023-05-31 00:00:00,6044.02,6047.8,6063.19,6009.25,117476106.0,144653727477.5,0.89,6047.8,sh000905
2023-06-01 00:00:00,6028.8,6051.46,6094.24,6008.27,126250315.0,154907281920.7,1.42,6051.46,sh000905
2023-06-02 00:00:00,6061.91,6105.22,6115.07,6061.91,122306738.0,142073539923.0,0.88,6105.22,sh000905
2023-06-05 00:00:00,6102.13,6097.11,6107.12,6075.59,115747953.0,131118706647.8,0.52,6097.11,sh000905
2023-06-06 00:00:00,6088.66,5983.42,6089.07,5969.29,123045387.0,133636232835.4,1.96,5983.42,sh000905
2023-06-07 00:00:00,5982.31,5987.01,6010.03,5969.16,93597892.0,113593743557.7,0.68,5987.01,sh000905
2023-06-08 00:00:00,5971.72,5966.15,5992.97,5922.39,108981632.0,124387889683.3,1.18,5966.15,sh000905
2023-06-09 00:00:00,5968.7,6009.58,6017.28,5960.11,127553432.0,158760400688.5,0.96,6009.58,sh000905
2023-06-12 00:00:00,5999.62,6027.71,6045.66,5987.27,113612471.0,151203107291.2,0.97,6027.71,sh000905
2023-06-13 00:00:00,6016.69,6044.04,6047.06,6014.06,98680298.0,134425849549.1,0.55,6044.04,sh000905
2023-06-14 00:00:00,6046.44,6044.08,6064.29,6034.47,109689021.0,148046160093.7,0.49,6044.08,sh000905
2023-06-15 00:00:00,6049.47,6096.81,6100.23,6046.16,118417734.0,165700035083.1,0.89,6096.81,sh000905
2023-06-16 00:00:00,6094.84,6148.01,6154.93,6091.18,115349568.0,165690149218.5,1.05,6148.01,sh000905
2023-06-19 00:00:00,6148.85,6131.38,6148.85,6126.39,113787209.0,164780447140.9,0.37,6131.38,sh000905
2023-06-20 00:00:00,6122.74,6126.11,6144.01,6100.14,106630832.0,161419763306.8,0.72,6126.11,sh000905
2023-06-21 00:00:00,6104.25,5990.85,6104.25,5990.79,106447766.0,154200972220.3,1.85,5990.85,sh000905
2023-06-26 00:00:00,5947.57,5887.03,5970.61,5875.94,111081791.0,148203624502.1,1.58,5887.03,sh000905
2023-06-27 00:00:00,5897.69,5948.0,5956.18,5884.95,93039155.0,118625135535.9,1.21,5948.0,sh000905
2023-06-28 00:00:00,5945.64,5942.31,5951.13,5857.13,93944302.0,128454934662.7,1.58,5942.31,sh000905
2023-06-29 00:00:00,5928.71,5940.58,5964.86,5924.28,88376857.0,123484005846.8,0.68,5940.58,sh000905
2023-06-30 00:00:00,5931.87,5998.73,6016.45,5927.94,94504668.0,133367471516.9,1.49,5998.73,sh000905
2023-07-03 00:00:00,6009.27,6042.31,6056.16,5997.85,113075905.0,153065229521.6,0.97,6042.31,sh000905
2023-07-04 00:00:00,6042.72,6055.26,6059.57,6027.29,105583765.0,144484638910.0,0.53,6055.26,sh000905
2023-07-05 00:00:00,6050.35,6020.82,6059.38,6011.87,104129041.0,142198505817.2,0.78,6020.82,sh000905
2023-07-06 00:00:00,6010.66,5988.55,6042.29,5983.48,93965038.0,131979482562.6,0.98,5988.55,sh000905
2023-07-07 00:00:00,5973.98,5961.61,5994.28,5936.23,94118346.0,121687700019.0,0.97,5961.61,sh000905
2023-07-10 00:00:00,5980.61,5984.28,6003.4,5958.73,85168564.0,113940191969.5,0.75,5984.28,sh000905
2023-07-11 00:00:00,5991.02,6029.23,6029.23,5972.14,84531897.0,117919697046.3,0.95,6029.23,sh000905
2023-07-12 00:00:00,6030.64,5962.79,6033.58,5960.43,96692241.0,134419386322.7,1.21,5962.79,sh000905
2023-07-13 00:00:00,5986.25,6044.06,6049.06,5986.25,99656398.0,138941870295.0,1.05,6044.06,sh000905
2023-07-14 00:00:00,6052.95,6030.52,6055.53,6026.33,94963197.0,137880575951.9,0.48,6030.52,sh000905
2023-07-17 00:00:00,6012.76,6012.69,6018.07,5985.44,88420212.0,124991560881.3,0.54,6012.69,sh000905
2023-07-18 00:00:00,6015.98,6001.8,6027.61,5984.06,87719910.0,121310187887.2,0.72,6001.8,sh000905
2023-07-19 00:00:00,5998.38,5993.41,6017.45,5962.99,77791034.0,104054562581.1,0.91,5993.41,sh000905
2023-07-20 00:00:00,5996.84,5925.48,6009.43,5920.15,91195368.0,123684933457.2,1.49,5925.48,sh000905
2023-07-21 00:00:00,5914.35,5925.63,5961.05,5904.79,81975307.0,107065413903.9,0.95,5925.63,sh000905
2023-07-24 00:00:00,5913.57,5916.71,5954.24,5896.45,75928001.0,99623302711.1,0.98,5916.71,sh000905
2023-07-25 00:00:00,5976.97,6016.63,6016.75,5971.73,131896392.0,145732847141.7,0.76,6016.63,sh000905
2023-07-26 00:00:00,6014.76,6001.54,6015.58,5984.39,121825219.0,120547387629.8,0.52,6001.54,sh000905
2023-07-27 00:00:00,5998.85,5961.18,6017.67,5952.89,123000825.0,117272101565.3,1.08,5961.18,sh000905
2023-07-28 00:00:00,5945.91,6043.24,6049.76,5932.06,163171871.0,149147477703.5,1.97,6043.24,sh000905
2023-07-31 00:00:00,6059.11,6088.24,6133.72,6059.11,186551103.0,179595743483.0,1.23,6088.24,sh000905
2023-08-01 00:00:00,6086.9,6098.88,6113.98,6077.11,187588600.0,166628364673.4,0.61,6098.88,sh000905
2023-08-02 00:00:00,6088.14,6077.46,6111.24,6059.87,147154529.0,135758673344.6,0.84,6077.46,sh000905
2023-08-03 00:00:00,6062.64,6098.69,6101.81,6047.68,146479011.0,138777463929.6,0.89,6098.69,sh000905
2023-08-04 00:00:00,6126.15,6128.56,6164.16,6105.64,196943501.0,186850093568.5,0.96,6128.56,sh000905
2023-08-07 00:00:00,6115.84,6090.73,6117.92,6072.54,145319137.0,154416328543.1,0.74,6090.73,sh000905
2023-08-08 00:00:00,6077.3,6066.1,6088.1,6044.24,121545728.0,131357351526.3,0.72,6066.1,sh000905
2023-08-09 00:00:00,6049.45,6021.75,6062.02,6012.25,98809174.0,116294678353.9,0.82,6021.75,sh000905
2023-08-10 00:00:00,6013.35,6031.71,6040.46,5999.56,99842638.0,103950301369.3,0.68,6031.71,sh000905
2023-08-11 00:00:00,6030.05,5913.35,6030.05,5913.35,113072007.0,115393420336.3,1.93,5913.35,sh000905
2023-08-14 00:00:00,5864.48,5916.8,5919.8,5833.46,103675706.0,116321082192.1,1.46,5916.8,sh000905
2023-08-15 00:00:00,5919.77,5879.78,5926.42,5830.97,92417381.0,107626210841.9,1.61,5879.78,sh000905
2023-08-16 00:00:00,5858.6,5833.22,5891.81,5833.22,104950425.0,114013689380.0,1.0,5833.22,sh000905
2023-08-17 00:00:00,5808.91,5874.36,5882.15,5778.53,113576384.0,120852973476.6,1.78,5874.36,sh000905
2023-08-18 00:00:00,5875.11,5777.8,5891.4,5777.8,102931845.0,109766358594.4,1.93,5777.8,sh000905
2023-08-21 00:00:00,5764.67,5710.78,5802.51,5710.78,92835698.0,96691987125.6,1.59,5710.78,sh000905
2023-08-22 00:00:00,5733.25,5741.06,5754.57,5646.51,106175193.0,120035178924.1,1.89,5741.06,sh000905
2023-08-23 00:00:00,5732.39,5629.5,5732.39,5629.5,94186725.0,101871329162.8,1.79,5629.5,sh000905
2023-08-24 00:00:00,5650.36,5652.67,5701.32,5619.33,108086771.0,120640882887.6,1.46,5652.67,sh000905
2023-08-25 00:00:00,5624.77,5581.21,5648.62,5560.22,106241602.0,114730298316.4,1.56,5581.21,sh000905
2023-08-28 00:00:00,5885.88,5644.14,5887.51,5631.69,185745619.0,181457042375.4,4.58,5644.14,sh000905
2023-08-29 00:00:00,5631.01,5770.32,5789.96,5626.52,160851895.0,165476278766.7,2.9,5770.32,sh000905
2023-08-30 00:00:00,5780.28,5775.15,5817.73,5753.22,136004384.0,145078565405.8,1.12,5775.15,sh000905
2023-08-31 00:00:00,5770.95,5739.4,5777.42,5728.47,116335134.0,121252796160.9,0.85,5739.4,sh000905
2023-09-01 00:00:00,5746.41,5750.8,5775.18,5732.97,104179103.0,107061408580.6,0.74,5750.8,sh000905
2023-09-04 00:00:00,5772.03,5829.78,5829.78,5758.03,135648873.0,135994054181.1,1.25,5829.78,sh000905
2023-09-05 00:00:00,5819.97,5788.71,5822.06,5779.37,106517658.0,114971726102.7,0.73,5788.71,sh000905
2023-09-06 00:00:00,5771.85,5790.38,5800.96,5748.65,90480502.0,106512753384.6,0.9,5790.38,sh000905
2023-09-07 00:00:00,5782.07,5702.7,5782.07,5701.8,92920518.0,105713167275.8,1.39,5702.7,sh000905
2023-09-08 00:00:00,5684.66,5708.62,5732.37,5683.4,79520028.0,93059123325.2,0.86,5708.62,sh000905
2023-09-11 00:00:00,5723.02,5774.73,5802.21,5704.7,112837137.0,132425678094.5,1.71,5774.73,sh000905
2023-09-12 00:00:00,5774.47,5770.93,5793.83,5763.3,86041207.0,105032116597.9,0.53,5770.93,sh000905
2023-09-13 00:00:00,5764.82,5715.4,5770.41,5681.5,91472473.0,101933192541.5,1.54,5715.4,sh000905
2023-09-14 00:00:00,5714.67,5702.1,5721.21,5679.2,90247792.0,97979765540.8,0.74,5702.1,sh000905
2023-09-15 00:00:00,5716.29,5704.66,5741.07,5680.9,98375964.0,110557876200.1,1.06,5704.66,sh000905
2023-09-18 00:00:00,5685.85,5719.69,5734.19,5665.58,92305722.0,109249767455.6,1.2,5719.69,sh000905
2023-09-19 00:00:00,5713.49,5687.9,5713.6,5670.42,85112102.0,94544819485.1,0.75,5687.9,sh000905
2023-09-20 00:00:00,5677.92,5651.01,5689.83,5651.01,77634158.0,84080282560.4,0.68,5651.01,sh000905
2023-09-21 00:00:00,5638.44,5611.92,5666.7,5609.21,81931509.0,84847061987.6,1.02,5611.92,sh000905
2023-09-22 00:00:00,5606.83,5698.82,5700.32,5603.81,104118982.0,120276386023.4,1.72,5698.82,sh000905
2023-09-25 00:00:00,5694.9,5666.66,5699.15,5659.32,93340719.0,114172282948.0,0.7,5666.66,sh000905
2023-09-26 00:00:00,5661.03,5646.65,5682.28,5646.65,74309615.0,100424427689.8,0.63,5646.65,sh000905
2023-09-27 00:00:00,5642.39,5674.35,5701.51,5641.85,81086240.0,102149151673.6,1.06,5674.35,sh000905
2023-09-28 00:00:00,5687.64,5690.77,5704.62,5677.53,79477338.0,101456952317.7,0.48,5690.77,sh000905
2023-10-09 00:00:00,5679.64,5658.08,5680.95,5634.35,90029836.0,109095282387.9,0.82,5658.08,sh000905
2023-10-10 00:00:00,5665.66,5630.37,5678.46,5627.41,87726425.0,104621240810.9,0.9,5630.37,sh000905
2023-10-11 00:00:00,5639.07,5629.79,5674.25,5617.87,90644826.0,112202131187.6,1.0,5629.79,sh000905
2023-10-12 00:00:00,5655.61,5671.64,5677.82,5642.49,100502986.0,119947478383.3,0.63,5671.64,sh000905
2023-10-13 00:00:00,5645.44,5633.38,5646.07,5616.85,89391702.0,110878380412.7,0.52,5633.38,sh000905
2023-10-16 00:00:00,5633.3,5580.67,5636.32,5559.42,89867550.0,107684372825.8,1.37,5580.67,sh000905
2023-10-17 00:00:00,5585.14,5595.34,5599.42,5556.57,92516737.0,105060399668.5,0.77,5595.34,sh000905
2023-10-18 00:00:00,5586.02,5524.6,5586.02,5519.46,98953562.0,110310590720.5,1.19,5524.6,sh000905
2023-10-19 00:00:00,5496.76,5464.03,5529.87,5463.65,108078335.0,117347195293.0,1.2,5464.03,sh000905
2023-10-20 00:00:00,5443.46,5423.67,5473.21,5413.02,94936115.0,107713531625.7,1.1,5423.67,sh000905
2023-10-23 00:00:00,5400.54,5290.33,5400.79,5269.83,103083126.0,112227737477.3,2.41,5290.33,sh000905
2023-10-24 00:00:00,5311.67,5352.01,5363.2,5290.5,114745729.0,126190795980.9,1.37,5352.01,sh000905
2023-10-25 00:00:00,5386.43,5376.0,5423.01,5376.0,114921244.0,129741397087.7,0.88,5376.0,sh000905
2023-10-26 00:00:00,5351.16,5398.93,5404.99,5337.49,102485044.0,116893043685.1,1.26,5398.93,sh000905
2023-10-27 00:00:00,5387.27,5492.03,5514.31,5380.94,112542804.0,132776259320.2,2.47,5492.03,sh000905
2023-10-30 00:00:00,5484.62,5546.39,5559.78,5483.16,123034185.0,153066651404.1,1.4,5546.39,sh000905
2023-10-31 00:00:00,5547.32,5528.24,5554.19,5505.93,105679375.0,127527068558.9,0.87,5528.24,sh000905
2023-11-01 00:00:00,5534.89,5509.97,5534.94,5496.83,87185785.0,105639439602.5,0.69,5509.97,sh000905
2023-11-02 00:00:00,5514.52,5459.45,5532.85,5457.75,90202645.0,101795786004.1,1.36,5459.45,sh000905
2023-11-03 00:00:00,5462.14,5510.36,5537.73,5462.14,97990576.0,114009935832.3,1.38,5510.36,sh000905
2023-11-06 00:00:00,5549.29,5605.06,5609.26,5549.29,139241046.0,156664899021.4,1.09,5605.06,sh000905
2023-11-07 00:00:00,5594.47,5611.1,5631.1,5578.51,120579321.0,139898836824.0,0.94,5611.1,sh000905
2023-11-08 00:00:00,5602.97,5608.02,5633.97,5577.39,122994558.0,139708501031.2,1.01,5608.02,sh000905
2023-11-09 00:00:00,5602.49,5592.06,5638.08,5582.12,106362800.0,123039510738.4,1.0,5592.06,sh000905
2023-11-10 00:00:00,5577.34,5573.1,5585.21,5550.82,94324024.0,109671917967.6,0.61,5573.1,sh000905
2023-11-13 00:00:00,5589.06,5605.57,5605.57,5565.09,102158932.0,117833772398.6,0.73,5605.57,sh000905
2023-11-14 00:00:00,5602.98,5630.55,5639.19,5600.78,101073136.0,116072656381.1,0.69,5630.55,sh000905
2023-11-15 00:00:00,5677.55,5664.62,5684.75,5649.72,113087937.0,131864342620.6,0.62,5664.62,sh000905
2023-11-16 00:00:00,5647.06,5609.36,5652.4,5609.36,94662677.0,105765074960.8,0.76,5609.36,sh000905
2023-11-17 00:00:00,5598.95,5631.42,5632.39,5593.49,89422342.0,101443839223.4,0.69,5631.42,sh000905
2023-11-20 00:00:00,5635.59,5659.77,5669.38,5609.27,103105072.0,119885024783.4,1.07,5659.77,sh000905
2023-11-21 00:00:00,5669.17,5641.08,5696.09,5634.27,114861205.0,126740611037.5,1.09,5641.08,sh000905
2023-11-22 00:00:00,5622.86,5572.9,5639.0,5572.9,104718408.0,109971792008.8,1.17,5572.9,sh000905
2023-11-23 00:00:00,5566.73,5622.99,5627.79,5548.97,98042432.0,101151204629.6,1.41,5622.99,sh000905
2023-11-24 00:00:00,5619.32,5570.42,5619.32,5556.71,101248044.0,100701104772.1,1.11,5570.42,sh000905
2023-11-27 00:00:00,5562.75,5566.51,5579.72,5531.65,98218653.0,107690772117.8,0.86,5566.51,sh000905
2023-11-28 00:00:00,5561.58,5591.5,5594.72,5529.54,89373272.0,98930980618.3,1.17,5591.5,sh000905
2023-11-29 00:00:00,5588.77,5553.33,5593.37,5547.84,89509151.0,96924084400.2,0.81,5553.33,sh000905
2023-11-30 00:00:00,5548.52,5545.05,5560.33,5509.96,87841505.0,95350481599.1,0.91,5545.05,sh000905
2023-12-01 00:00:00,5541.23,5566.87,5576.73,5521.06,93371708.0,107454844321.7,1.0,5566.87,sh000905
2023-12-04 00:00:00,5578.42,5559.07,5590.84,5559.07,99306543.0,119628388288.4,0.57,5559.07,sh000905
2023-12-05 00:00:00,5542.87,5460.41,5542.87,5460.41,91298248.0,103824359571.7,1.48,5460.41,sh000905
2023-12-06 00:00:00,5448.46,5481.82,5513.09,5443.07,88373997.0,102084528903.4,1.28,5481.82,sh000905
2023-12-07 00:00:00,5475.27,5481.14,5501.48,5443.29,89048687.0,103621973820.8,1.06,5481.14,sh000905
2023-12-08 00:00:00,5484.68,5497.99,5522.06,5477.53,118123774.0,140788027712.1,0.81,5497.99,sh000905
2023-12-11 00:00:00,5473.65,5564.85,5574.12,5429.44,118605911.0,140631297822.3,2.63,5564.85,sh000905
2023-12-12 00:00:00,5560.44,5566.18,5576.01,5545.16,84232331.0,110639096839.0,0.55,5566.18,sh000905
2023-12-13 00:00:00,5557.05,5507.51,5558.06,5507.51,75929894.0,96464641302.3,0.91,5507.51,sh000905
2023-12-14 00:00:00,5532.99,5489.33,5557.37,5487.75,74118097.0,89999982306.2,1.26,5489.33,sh000905
2023-12-15 00:00:00,5499.37,5449.79,5516.22,5438.53,80125418.0,94631897359.6,1.42,5449.79,sh000905
2023-12-18 00:00:00,5436.99,5385.27,5448.08,5374.59,78022493.0,88053828533.8,1.35,5385.27,sh000905
2023-12-19 00:00:00,5380.73,5379.87,5406.96,5344.03,70323722.0,82191407660.2,1.17,5379.87,sh000905
2023-12-20 00:00:00,5386.0,5309.29,5388.46,5308.57,75387097.0,86209163297.2,1.48,5309.29,sh000905
2023-12-21 00:00:00,5286.45,5338.76,5352.5,5253.32,81522318.0,96981042377.4,1.87,5338.76,sh000905
2023-12-22 00:00:00,5337.38,5311.69,5366.23,5293.22,90387004.0,108918439607.9,1.37,5311.69,sh000905
2023-12-25 00:00:00,5301.57,5315.37,5339.66,5288.47,65918772.0,81018151918.5,0.96,5315.37,sh000905
2023-12-26 00:00:00,5312.8,5258.28,5313.92,5238.04,67532007.0,80910364895.8,1.43,5258.28,sh000905
2023-12-27 00:00:00,5261.57,5285.53,5293.8,5235.46,75397918.0,84253444705.4,1.11,5285.53,sh000905
2023-12-28 00:00:00,5280.69,5382.8,5400.24,5275.4,107699239.0,126896204801.3,2.36,5382.8,sh000905
2023-12-29 00:00:00,5376.98,5429.23,5437.15,5374.69,90931766.0,112533613054.4,1.16,5429.23,sh000905
2024-01-02 00:00:00,5431.48,5409.46,5439.48,5409.46,92964747.0,106839922689.4,0.55,5409.46,sh000905
2024-01-03 00:00:00,5398.29,5401.4,5428.52,5373.83,86705229.0,99883598918.1,1.01,5401.4,sh000905
2024-01-04 00:00:00,5395.14,5355.32,5395.14,5331.89,78846568.0,91011406056.3,1.17,5355.32,sh000905
2024-01-05 00:00:00,5347.07,5281.87,5373.68,5260.59,89538884.0,101084569596.5,2.11,5281.87,sh000905
2024-01-08 00:00:00,5268.23,5167.7,5268.98,5167.7,83785155.0,92792791379.5,1.92,5167.7,sh000905
2024-01-09 00:00:00,5176.11,5180.65,5220.46,5153.0,78740418.0,90959823751.5,1.31,5180.65,sh000905
2024-01-10 00:00:00,5167.73,5158.08,5211.82,5118.43,71173946.0,84227807644.4,1.8,5158.08,sh000905
2024-01-11 00:00:00,5152.36,5223.86,5243.14,5146.9,85041295.0,106151947191.7,1.87,5223.86,sh000905
2024-01-12 00:00:00,5213.14,5206.18,5262.62,5206.16,76619831.0,93271394880.1,1.08,5206.18,sh000905
2024-01-15 00:00:00,5189.53,5193.3,5238.96,5171.24,73925097.0,88027788849.7,1.3,5193.3,sh000905
2024-01-16 00:00:00,5188.37,5190.4,5210.08,5124.08,83070371.0,92337607304.7,1.66,5190.4,sh000905
2024-01-17 00:00:00,5180.93,5061.54,5180.93,5061.54,78741849.0,87930639304.5,2.3,5061.54,sh000905
2024-01-18 00:00:00,5033.1,5066.96,5069.23,4924.68,118751055.0,123436419725.2,2.86,5066.96,sh000905
2024-01-19 00:00:00,5056.48,5018.43,5084.29,5014.77,78467383.0,92039421274.4,1.37,5018.43,sh000905
2024-01-22 00:00:00,5008.68,4780.97,5008.77,4753.63,109708492.0,115622857135.0,5.08,4780.97,sh000905
2024-01-23 00:00:00,4771.5,4865.74,4889.42,4727.88,99944718.0,107808853142.3,3.38,4865.74,sh000905
2024-01-24 00:00:00,4886.2,4933.7,4941.44,4766.8,114025805.0,112683270494.8,3.59,4933.7,sh000905
2024-01-25 00:00:00,4931.63,5073.18,5074.49,4910.96,132307766.0,134822852027.2,3.31,5073.18,sh000905
2024-01-26 00:00:00,5055.29,5027.09,5086.13,5009.97,117009836.0,119232918977.8,1.5,5027.09,sh000905
2024-01-29 00:00:00,5032.11,4927.91,5050.11,4927.91,116876657.0,117835011090.9,2.43,4927.91,sh000905
2024-01-30 00:00:00,4898.36,4814.99,4939.35,4810.1,99675811.0,95474113525.6,2.62,4814.99,sh000905
2024-01-31 00:00:00,4786.81,4696.98,4832.4,4690.94,121093158.0,116592536773.1,2.94,4696.98,sh000905
2024-02-01 00:00:00,4667.91,4678.73,4771.05,4629.99,111471910.0,107508825587.6,3.0,4678.73,sh000905
2024-02-02 00:00:00,4686.1,4563.22,4724.05,4435.56,137501832.0,124953077788.8,6.17,4563.22,sh000905
2024-02-05 00:00:00,4527.71,4460.26,4598.06,4281.24,165958337.0,143547017412.4,6.94,4460.26,sh000905
2024-02-06 00:00:00,4411.3,4805.9,4817.12,4405.31,173058335.0,156485198829.2,9.23,4805.9,sh000905
2024-02-07 00:00:00,4813.95,5109.57,5110.8,4813.23,227198934.0,212618286127.8,6.19,5109.57,sh000905
2024-02-08 00:00:00,5131.8,5150.23,5367.22,5129.78,213676123.0,212255665093.8,4.65,5150.23,sh000905
2024-02-19 00:00:00,5225.14,5141.6,5225.14,5074.76,162949893.0,172805832899.6,2.92,5141.6,sh000905
2024-02-20 00:00:00,5107.57,5140.96,5151.72,5072.88,121646379.0,133242205643.5,1.53,5140.96,sh000905
2024-02-21 00:00:00,5101.41,5139.04,5252.88,5074.82,150872501.0,155561259421.7,3.46,5139.04,sh000905
2024-02-22 00:00:00,5133.55,5176.34,5184.62,5117.68,116614806.0,127546517889.3,1.3,5176.34,sh000905
2024-02-23 00:00:00,5190.65,5197.71,5197.71,5118.57,135265004.0,145442447176.8,1.53,5197.71,sh000905
2024-02-26 00:00:00,5194.74,5195.46,5255.36,5162.95,144018944.0,152600869381.9,1.78,5195.46,sh000905
2024-02-27 00:00:00,5174.82,5307.8,5307.8,5160.88,138971751.0,157201596730.4,2.83,5307.8,sh000905
2024-02-28 00:00:00,5311.43,5184.05,5383.32,5184.05,202560985.0,214135426954.0,3.75,5184.05,sh000905
2024-02-29 00:00:00,5154.15,5346.79,5349.77,5154.15,160790165.0,178975999913.2,3.77,5346.79,sh000905
2024-03-01 00:00:00,5350.86,5379.05,5387.78,5321.56,142298395.0,171103270101.0,1.24,5379.05,sh000905
2024-03-04 00:00:00,5386.94,5388.82,5400.12,5325.96,143928469.0,175906403369.0,1.38,5388.82,sh000905
2024-03-05 00:00:00,5358.22,5351.83,5382.98,5329.97,140816479.0,174282675002.5,0.98,5351.83,sh000905
2024-03-06 00:00:00,5332.83,5350.1,5405.49,5293.95,121099564.0,146843351594.8,2.08,5350.1,sh000905
2024-03-07 00:00:00,5354.33,5277.3,5384.66,5277.3,139831342.0,157442183149.0,2.01,5277.3,sh000905
2024-03-08 00:00:00,5282.41,5349.6,5361.71,5268.53,121467978.0,144003562005.9,1.77,5349.6,sh000905
2024-03-11 00:00:00,5342.18,5441.05,5443.04,5339.26,142981732.0,173588864750.5,1.94,5441.05,sh000905
2024-03-12 00:00:00,5445.88,5423.72,5473.29,5385.14,147072536.0,178848761377.9,1.62,5423.72,sh000905
2024-03-13 00:00:00,5430.04,5415.11,5459.32,5389.53,129746301.0,164526330861.1,1.29,5415.11,sh000905
2024-03-14 00:00:00,5415.15,5392.93,5447.54,5352.12,131887357.0,157337167775.7,1.76,5392.93,sh000905
2024-03-15 00:00:00,5380.02,5454.15,5456.73,5357.18,136405030.0,158718756617.2,1.85,5454.15,sh000905
2024-03-18 00:00:00,5472.31,5528.45,5528.45,5459.55,159862638.0,190794115131.3,1.26,5528.45,sh000905
2024-03-19 00:00:00,5514.55,5478.22,5533.64,5477.12,146777240.0,176661748327.6,1.02,5478.22,sh000905
2024-03-20 00:00:00,5469.61,5493.41,5499.24,5455.76,126273262.0,157036230421.8,0.79,5493.41,sh000905
2024-03-21 00:00:00,5505.7,5465.83,5517.46,5454.23,129489458.0,159252387801.8,1.15,5465.83,sh000905
2024-03-22 00:00:00,5454.41,5384.57,5463.54,5356.11,137096029.0,163185963748.5,1.97,5384.57,sh000905
2024-03-25 00:00:00,5369.78,5294.75,5401.6,5292.64,130778254.0,156251665726.7,2.02,5294.75,sh000905
2024-03-26 00:00:00,5291.52,5284.42,5318.88,5237.9,116468112.0,145296216679.9,1.53,5284.42,sh000905
2024-03-27 00:00:00,5280.73,5156.68,5282.7,5156.68,110107142.0,129828707609.3,2.38,5156.68,sh000905
2024-03-28 00:00:00,5156.48,5223.81,5276.64,5156.48,116318192.0,140612607112.3,2.33,5223.81,sh000905
2024-03-29 00:00:00,5220.55,5286.16,5287.04,5211.19,109047149.0,126574031377.1,1.45,5286.16,sh000905
2024-04-01 00:00:00,5309.83,5401.22,5401.78,5309.83,136734854.0,166553105409.3,1.74,5401.22,sh000905
2024-04-02 00:00:00,5395.48,5381.23,5402.16,5353.31,132148642.0,155779915085.8,0.9,5381.23,sh000905
2024-04-03 00:00:00,5373.5,5374.6,5386.34,5350.16,133628053.0,154114398165.9,0.67,5374.6,sh000905
2024-04-08 00:00:00,5358.96,5298.59,5383.66,5297.56,148588559.0,161260958590.0,1.6,5298.59,sh000905
2024-04-09 00:00:00,5294.47,5342.9,5342.9,5284.96,113300745.0,133262737277.5,1.09,5342.9,sh000905
2024-04-10 00:00:00,5335.73,5275.47,5335.73,5242.86,117908618.0,132251020973.6,1.74,5275.47,sh000905
2024-04-11 00:00:00,5244.05,5301.81,5353.81,5240.51,127745143.0,141290912857.4,2.15,5301.81,sh000905
2024-04-12 00:00:00,5307.72,5277.22,5336.45,5270.46,118524933.0,136145117631.0,1.24,5277.22,sh000905
2024-04-15 00:00:00,5270.04,5339.72,5376.05,5219.43,159217624.0,169269295711.9,2.97,5339.72,sh000905
2024-04-16 00:00:00,5309.1,5191.55,5346.76,5184.65,162583973.0,168778499341.7,3.04,5191.55,sh000905
2024-04-17 00:00:00,5211.25,5339.75,5339.75,5211.25,147594552.0,155660732929.5,2.48,5339.75,sh000905
2024-04-18 00:00:00,5317.8,5349.84,5410.7,5299.23,153497682.0,167338860159.0,2.09,5349.84,sh000905
2024-04-19 00:00:00,5322.36,5314.87,5369.95,5292.02,142134216.0,156010347135.9,1.46,5314.87,sh000905
2024-04-22 00:00:00,5289.41,5267.58,5340.63,5264.19,135266882.0,150190436487.7,1.44,5267.58,sh000905
2024-04-23 00:00:00,5257.77,5208.27,5280.06,5196.96,125801120.0,139018868110.2,1.58,5208.27,sh000905
2024-04-24 00:00:00,5210.18,5263.04,5263.04,5183.7,117297220.0,139471094806.5,1.52,5263.04,sh000905
2024-04-25 00:00:00,5240.48,5259.34,5297.16,5229.82,110833929.0,127544603285.3,1.28,5259.34,sh000905
2024-04-26 00:00:00,5258.38,5372.12,5379.67,5258.38,173777701.0,193788859192.2,2.31,5372.12,sh000905
2024-04-29 00:00:00,5371.21,5478.49,5488.28,5371.21,190936055.0,212148850246.6,2.18,5478.49,sh000905
2024-04-30 00:00:00,5471.17,5441.14,5478.04,5436.58,162797344.0,175143689576.2,0.76,5441.14,sh000905
2024-05-06 00:00:00,5498.44,5528.6,5535.95,5496.91,165791626.0,187906843862.2,0.72,5528.6,sh000905
2024-05-07 00:00:00,5532.32,5527.08,5543.13,5507.5,136535402.0,162155744860.2,0.64,5527.08,sh000905
2024-05-08 00:00:00,5516.45,5458.76,5516.45,5454.87,123955621.0,139472996786.3,1.11,5458.76,sh000905
2024-05-09 00:00:00,5461.36,5556.77,5568.73,5461.36,131121230.0,153999870752.3,1.97,5556.77,sh000905
2024-05-10 00:00:00,5562.19,5535.4,5570.57,5497.5,128688030.0,144026969940.9,1.31,5535.4,sh000905
2024-05-13 00:00:00,5503.13,5505.26,5527.2,5462.51,131627588.0,146159918962.1,1.17,5505.26,sh000905
2024-05-14 00:00:00,5508.47,5500.74,5538.74,5484.96,118994399.0,132592062465.6,0.98,5500.74,sh000905
2024-05-15 00:00:00,5495.56,5446.66,5497.08,5441.35,110124989.0,121525793558.0,1.01,5446.66,sh000905
2024-05-16 00:00:00,5461.11,5424.67,5475.37,5408.13,122108119.0,133148761562.0,1.23,5424.67,sh000905
2024-05-17 00:00:00,5418.66,5491.89,5493.2,5409.7,126916168.0,139244609264.9,1.54,5491.89,sh000905
2024-05-20 00:00:00,5496.79,5523.5,5536.66,5484.36,144971448.0,163572079873.3,0.95,5523.5,sh000905
2024-05-21 00:00:00,5511.48,5478.91,5513.42,5460.98,108691192.0,123832374658.6,0.95,5478.91,sh000905
2024-05-22 00:00:00,5472.01,5468.61,5486.3,5455.08,113057782.0,126572719199.3,0.57,5468.61,sh000905
2024-05-23 00:00:00,5448.94,5362.31,5448.94,5352.39,126657569.0,135749197020.0,1.77,5362.31,sh000905
2024-05-24 00:00:00,5348.51,5313.45,5400.16,5311.49,106564175.0,117396142024.9,1.65,5313.45,sh000905
2024-05-27 00:00:00,5325.85,5371.37,5373.11,5284.51,115643229.0,124785634504.8,1.67,5371.37,sh000905
2024-05-28 00:00:00,5363.33,5316.13,5365.47,5310.32,110965373.0,120979080988.0,1.03,5316.13,sh000905
2024-05-29 00:00:00,5308.59,5328.31,5361.74,5305.96,104361267.0,112762595771.6,1.05,5328.31,sh000905
2024-05-30 00:00:00,5316.4,5308.66,5349.69,5296.49,107350187.0,114757614217.4,1.0,5308.66,sh000905
2024-05-31 00:00:00,5310.72,5308.54,5357.02,5308.54,104151147.0,113019704335.1,0.91,5308.54,sh000905
2024-06-03 00:00:00,5300.79,5274.07,5316.34,5232.69,126968515.0,129543758977.7,1.58,5274.07,sh000905
2024-06-04 00:00:00,5263.23,5341.95,5352.28,5247.58,108083144.0,117835610768.9,1.99,5341.95,sh000905
2024-06-05 00:00:00,5328.87,5277.94,5347.43,5277.94,105792757.0,111608396273.0,1.3,5277.94,sh000905
2024-06-06 00:00:00,5291.52,5228.8,5305.88,5213.66,133368231.0,135739981470.4,1.75,5228.8,sh000905
2024-06-07 00:00:00,5247.15,5208.98,5258.82,5172.05,113527478.0,118553769519.2,1.66,5208.98,sh000905
2024-06-11 00:00:00,5182.41,5217.47,5232.85,5159.33,116437116.0,119660626659.4,1.41,5217.47,sh000905
2024-06-12 00:00:00,5209.13,5232.95,5245.99,5205.57,103065569.0,111341271703.7,0.77,5232.95,sh000905
2024-06-13 00:00:00,5231.91,5194.59,5233.8,5182.74,118232764.0,123194241679.1,0.98,5194.59,sh000905
2024-06-14 00:00:00,5180.29,5213.09,5235.88,5163.38,133998620.0,146009261400.6,1.4,5213.09,sh000905
2024-06-17 00:00:00,5189.28,5207.13,5223.59,5184.6,107970664.0,135704407617.0,0.75,5207.13,sh000905
2024-06-18 00:00:00,5207.98,5230.89,5243.59,5204.97,94090903.0,120391272834.4,0.74,5230.89,sh000905
2024-06-19 00:00:00,5235.48,5168.82,5236.3,5168.82,87849590.0,111740529823.1,1.29,5168.82,sh000905
2024-06-20 00:00:00,5162.16,5094.57,5184.75,5092.29,95609003.0,113062777426.7,1.79,5094.57,sh000905
2024-06-21 00:00:00,5079.92,5102.33,5128.14,5071.65,83838907.0,98090349439.3,1.11,5102.33,sh000905
2024-06-24 00:00:00,5072.8,4992.91,5078.96,4986.77,100186646.0,113108464981.7,1.81,4992.91,sh000905
2024-06-25 00:00:00,4989.07,4948.63,5007.34,4918.04,91636779.0,104683752506.4,1.79,4948.63,sh000905
2024-06-26 00:00:00,4942.17,5020.43,5024.77,4915.66,93394621.0,102152255030.0,2.2,5020.43,sh000905
2024-06-27 00:00:00,4998.99,4928.05,5000.18,4925.16,88537187.0,97364975399.3,1.49,4928.05,sh000905
2024-06-28 00:00:00,4914.67,4942.78,5003.41,4914.55,106308342.0,114743251798.9,1.8,4942.78,sh000905
2024-07-01 00:00:00,4943.79,5003.16,5017.61,4929.09,97312793.0,110821074065.9,1.79,5003.16,sh000905
2024-07-02 00:00:00,5000.58,4949.48,5002.74,4934.12,96209334.0,105902911013.0,1.37,4949.48,sh000905
2024-07-03 00:00:00,4945.4,4910.92,4950.51,4905.39,84528331.0,96121126342.0,0.91,4910.92,sh000905
2024-07-04 00:00:00,4917.44,4834.5,4935.61,4827.34,91008466.0,98771611006.7,2.2,4834.5,sh000905
2024-07-05 00:00:00,4828.86,4866.26,4877.93,4794.13,83133279.0,93724633826.8,1.73,4866.26,sh000905
2024-07-08 00:00:00,4857.02,4783.62,4857.27,4768.56,90254500.0,96789200226.5,1.82,4783.62,sh000905
2024-07-09 00:00:00,4775.31,4876.9,4888.48,4745.32,111401968.0,126704548339.3,2.99,4876.9,sh000905
2024-07-10 00:00:00,4857.48,4844.16,4891.37,4836.17,100953186.0,117244916014.0,1.13,4844.16,sh000905
2024-07-11 00:00:00,4902.81,4939.73,4941.7,4871.17,115275494.0,133127527342.5,1.46,4939.73,sh000905
2024-07-12 00:00:00,4926.98,4919.36,4937.35,4905.8,97175106.0,115594261299.6,0.64,4919.36,sh000905
2024-07-15 00:00:00,4903.52,4883.9,4903.52,4868.74,86824312.0,102734711417.3,0.71,4883.9,sh000905
2024-07-16 00:00:00,4877.6,4898.36,4907.83,4850.43,87267978.0,113648284397.5,1.18,4898.36,sh000905
2024-07-17 00:00:00,4893.41,4856.58,4900.36,4853.6,96909547.0,117932902593.7,0.95,4856.58,sh000905
2024-07-18 00:00:00,4822.13,4877.69,4879.69,4793.43,96654750.0,115283847816.1,1.78,4877.69,sh000905
2024-07-19 00:00:00,4853.04,4872.05,4900.38,4842.93,93290746.0,111989382468.3,1.18,4872.05,sh000905
2024-07-22 00:00:00,4872.64,4865.98,4885.36,4839.11,92710458.0,110307683161.2,0.95,4865.98,sh000905
2024-07-23 00:00:00,4862.97,4722.8,4862.97,4722.8,102403712.0,110578297603.3,2.88,4722.8,sh000905
2024-07-24 00:00:00,4712.29,4668.06,4738.76,4661.83,112674635.0,103026731862.0,1.63,4668.06,sh000905
2024-07-25 00:00:00,4644.42,4665.45,4710.46,4635.24,88600074.0,95885153870.2,1.61,4665.45,sh000905
2024-07-26 00:00:00,4670.45,4736.38,4744.45,4670.45,86472049.0,94118612207.0,1.59,4736.38,sh000905
2024-07-29 00:00:00,4740.5,4708.84,4742.15,4702.98,81102039.0,90979232032.0,0.83,4708.84,sh000905
2024-07-30 00:00:00,4694.52,4699.28,4712.04,4650.56,83353382.0,86181033613.6,1.31,4699.28,sh000905
2024-07-31 00:00:00,4694.73,4886.41,4887.92,4687.05,143180919.0,146601666177.8,4.27,4886.41,sh000905
2024-08-01 00:00:00,4893.87,4852.97,4928.24,4834.65,113213393.0,119765528788.7,1.92,4852.97,sh000905
2024-08-02 00:00:00,4816.94,4788.62,4874.71,4783.12,98529844.0,105654740577.4,1.89,4788.62,sh000905
2024-08-05 00:00:00,4756.08,4693.85,4846.54,4693.82,113338148.0,123487463651.4,3.19,4693.85,sh000905
2024-08-06 00:00:00,4740.45,4750.78,4774.93,4699.18,107774770.0,105286322238.1,1.61,4750.78,sh000905
2024-08-07 00:00:00,4747.98,4751.94,4783.42,4719.94,96989481.0,96834771203.2,1.34,4751.94,sh000905
2024-08-08 00:00:00,4737.09,4755.81,4791.66,4701.79,104309253.0,95364149202.0,1.89,4755.81,sh000905
2024-08-09 00:00:00,4778.26,4720.31,4805.1,4720.31,108819586.0,88057504682.2,1.78,4720.31,sh000905
2024-08-12 00:00:00,4716.96,4714.16,4737.19,4696.05,89100832.0,76375856580.1,0.87,4714.16,sh000905
2024-08-13 00:00:00,4713.96,4731.84,4731.84,4680.59,81365173.0,71101413451.5,1.09,4731.84,sh000905
2024-08-14 00:00:00,4729.81,4667.07,4730.24,4667.07,74588030.0,68308163886.2,1.33,4667.07,sh000905
2024-08-15 00:00:00,4656.7,4698.38,4746.41,4647.79,90973293.0,83712897622.1,2.11,4698.38,sh000905
2024-08-16 00:00:00,4703.6,4670.38,4708.02,4662.11,87379580.0,81927269812.8,0.98,4670.38,sh000905
2024-08-19 00:00:00,4666.33,4682.96,4729.87,4666.26,87136867.0,80742361426.1,1.36,4682.96,sh000905
2024-08-20 00:00:00,4684.29,4602.01,4686.36,4590.39,91846146.0,81351685184.9,2.05,4602.01,sh000905
2024-08-21 00:00:00,4589.09,4587.12,4610.87,4582.27,83526910.0,74809964819.1,0.62,4587.12,sh000905
2024-08-22 00:00:00,4589.5,4533.37,4595.05,4526.25,85856868.0,78202476718.8,1.5,4533.37,sh000905
2024-08-23 00:00:00,4523.99,4537.09,4549.3,4513.2,75778364.0,71369991695.7,0.8,4537.09,sh000905
2024-08-26 00:00:00,4542.86,4544.36,4558.59,4523.73,87118296.0,84365247766.9,0.77,4544.36,sh000905
2024-08-27 00:00:00,4532.49,4495.29,4532.49,4487.09,82529205.0,78742868644.7,1.0,4495.29,sh000905
2024-08-28 00:00:00,4486.43,4500.01,4527.77,4482.03,82681199.0,74244549232.7,1.02,4500.01,sh000905
2024-08-29 00:00:00,4483.55,4557.9,4577.79,4475.22,103115562.0,96829969885.4,2.28,4557.9,sh000905
2024-08-30 00:00:00,4557.5,4639.11,4704.34,4548.38,151593361.0,144749168233.3,3.42,4639.11,sh000905
2024-09-02 00:00:00,4631.9,4546.88,4632.31,4546.84,126368517.0,115893027848.1,1.84,4546.88,sh000905
2024-09-03 00:00:00,4543.22,4596.48,4612.28,4543.22,98589686.0,92749159672.5,1.52,4596.48,sh000905
2024-09-04 00:00:00,4567.69,4582.08,4623.38,4552.3,92435685.0,88646018095.4,1.55,4582.08,sh000905
2024-09-05 00:00:00,4585.17,4601.09,4630.64,4582.05,80583723.0,80148632780.7,1.06,4601.09,sh000905
2024-09-06 00:00:00,4609.34,4537.45,4613.31,4535.35,90147596.0,80215749103.2,1.69,4537.45,sh000905
2024-09-09 00:00:00,4517.57,4507.19,4541.79,4487.84,91944608.0,81907584834.7,1.19,4507.19,sh000905
2024-09-10 00:00:00,4509.32,4507.71,4528.67,4432.91,98529542.0,87011759811.7,2.12,4507.71,sh000905
2024-09-11 00:00:00,4490.19,4514.92,4529.35,4479.03,85206842.0,81707868059.9,1.12,4514.92,sh000905
2024-09-12 00:00:00,4518.99,4496.59,4568.75,4496.59,86654304.0,80916511375.5,1.6,4496.59,sh000905
2024-09-13 00:00:00,4500.39,4450.96,4509.07,4450.96,92533757.0,85710614259.9,1.29,4450.96,sh000905
2024-09-18 00:00:00,4450.09,4462.87,4474.72,4397.16,90989683.0,79102523647.7,1.74,4462.87,sh000905
2024-09-19 00:00:00,4481.46,4520.39,4565.39,4437.54,115611868.0,105405904204.6,2.86,4520.39,sh000905
2024-09-20 00:00:00,4514.96,4498.39,4515.81,4471.94,94312044.0,89084435754.7,0.97,4498.39,sh000905
2024-09-23 00:00:00,4495.78,4494.69,4545.54,4483.13,89935227.0,85104838086.0,1.39,4494.69,sh000905
2024-09-24 00:00:00,4524.22,4689.6,4690.57,4503.12,177144703.0,159947071682.9,4.17,4689.6,sh000905
2024-09-25 00:00:00,4743.63,4731.48,4847.2,4724.43,204593519.0,182209573751.3,2.62,4731.48,sh000905
2024-09-26 00:00:00,4726.0,4938.18,4938.18,4719.35,229930323.0,196122560309.1,4.62,4938.18,sh000905
2024-09-27 00:00:00,5027.26,5201.67,5227.96,5021.51,230177508.0,232646658012.5,4.18,5201.67,sh000905
2024-09-30 00:00:00,5449.79,5743.22,5757.92,5387.34,388703200.0,418784669568.5,7.12,5743.22,sh000905
2024-10-08 00:00:00,6417.81,6155.58,6417.81,5868.85,493546420.0,579263323621.8,9.56,6155.58,sh000905
2024-10-09 00:00:00,6013.7,5735.64,6088.08,5704.48,431156416.0,529447530363.7,6.23,5735.64,sh000905
2024-10-10 00:00:00,5768.61,5690.88,5875.94,5597.48,353480245.0,390814224053.0,4.85,5690.88,sh000905
2024-10-11 00:00:00,5650.05,5470.81,5652.85,5408.87,244383373.0,266749263112.0,4.29,5470.81,sh000905
2024-10-14 00:00:00,5503.65,5608.15,5623.97,5408.39,250608541.0,279231292488.6,3.94,5608.15,sh000905
2024-10-15 00:00:00,5578.26,5472.56,5661.07,5471.88,238997019.0,276816614630.7,3.37,5472.56,sh000905
2024-10-16 00:00:00,5393.67,5461.09,5546.18,5393.67,205450926.0,222425749319.4,2.79,5461.09,sh000905
2024-10-17 00:00:00,5499.77,5418.99,5541.03,5417.88,202768685.0,234458932483.4,2.26,5418.99,sh000905
2024-10-18 00:00:00,5416.03,5640.02,5774.14,5404.2,287114219.0,352062136787.1,6.83,5640.02,sh000905
2024-10-21 00:00:00,5680.56,5704.23,5797.88,5631.23,266885186.0,359965731439.6,2.95,5704.23,sh000905
2024-10-22 00:00:00,5703.32,5753.85,5779.3,5673.79,237023624.0,312584329119.8,1.85,5753.85,sh000905
2024-10-23 00:00:00,5745.11,5776.38,5853.46,5727.77,273412640.0,336167749458.4,2.18,5776.38,sh000905
2024-10-24 00:00:00,5747.56,5726.7,5759.87,5694.78,207690046.0,257232250889.5,1.13,5726.7,sh000905
2024-10-25 00:00:00,5735.29,5809.69,5855.26,5729.44,236725708.0,299590180533.3,2.2,5809.69,sh000905
2024-10-28 00:00:00,5816.33,5883.72,5883.72,5787.48,270653787.0,312663682663.8,1.66,5883.72,sh000905
2024-10-29 00:00:00,5903.31,5812.53,5917.21,5807.29,275371143.0,332481504886.9,1.87,5812.53,sh000905
2024-10-30 00:00:00,5793.83,5837.93,5869.11,5777.43,252021275.0,315956554496.2,1.58,5837.93,sh000905
2024-10-31 00:00:00,5839.98,5901.29,5935.18,5812.03,313549202.0,377454102584.7,2.11,5901.29,sh000905
2024-11-01 00:00:00,5893.32,5831.82,5934.2,5795.08,369840641.0,429257467070.0,2.36,5831.82,sh000905
2024-11-04 00:00:00,5835.39,5928.91,5928.91,5835.39,286552294.0,342776867779.9,1.6,5928.91,sh000905
2024-11-05 00:00:00,5925.87,6111.97,6119.25,5910.89,366344492.0,441462863294.4,3.51,6111.97,sh000905
2024-11-06 00:00:00,6134.92,6125.79,6204.53,6081.81,415187737.0,502324104677.0,2.01,6125.79,sh000905
2024-11-07 00:00:00,6061.73,6239.56,6240.76,6049.59,418413323.0,465814955829.2,3.12,6239.56,sh000905
2024-11-08 00:00:00,6306.8,6222.45,6333.68,6206.29,385648347.0,470080201608.9,2.04,6222.45,sh000905
2024-11-11 00:00:00,6211.03,6330.62,6330.8,6199.06,334096921.0,453328339552.7,2.12,6330.62,sh000905
2024-11-12 00:00:00,6349.23,6263.88,6382.98,6205.1,332856919.0,452685440809.0,2.81,6263.88,sh000905
2024-11-13 00:00:00,6234.16,6259.84,6282.28,6162.9,260400673.0,347812976326.8,1.91,6259.84,sh000905
2024-11-14 00:00:00,6240.61,6078.31,6240.61,6068.66,239743138.0,317335892174.5,2.75,6078.31,sh000905
2024-11-15 00:00:00,6055.54,5924.48,6093.42,5924.35,236226042.0,309679795180.8,2.78,5924.48,sh000905
2024-11-18 00:00:00,5940.49,5833.04,5977.49,5799.91,282527224.0,296423264134.4,3.0,5833.04,sh000905
2024-11-19 00:00:00,5836.61,5936.6,5936.93,5776.2,241404215.0,262477730599.7,2.76,5936.6,sh000905
2024-11-20 00:00:00,5920.32,5992.39,6015.23,5909.11,217345224.0,261005441610.0,1.79,5992.39,sh000905
2024-11-21 00:00:00,5973.15,5985.31,6009.63,5937.81,206198941.0,252722313895.1,1.2,5985.31,sh000905
2024-11-22 00:00:00,5969.08,5750.25,5983.34,5750.25,225066737.0,267675732292.4,3.89,5750.25,sh000905
2024-11-25 00:00:00,5754.55,5735.65,5774.82,5662.09,186005060.0,215261571671.1,1.96,5735.65,sh000905
2024-11-26 00:00:00,5727.37,5690.48,5773.36,5688.58,147562865.0,170186745318.8,1.48,5690.48,sh000905
2024-11-27 00:00:00,5669.55,5804.94,5805.64,5604.0,175313302.0,204528721580.5,3.54,5804.94,sh000905
2024-11-28 00:00:00,5802.8,5757.6,5826.49,5749.29,172183537.0,204358289211.1,1.33,5757.6,sh000905
2024-11-29 00:00:00,5748.17,5851.94,5899.87,5736.41,204255544.0,243571196943.7,2.84,5851.94,sh000905
2024-12-02 00:00:00,5853.71,5943.62,5956.6,5848.42,236181308.0,257212815525.1,1.85,5943.62,sh000905
2024-12-03 00:00:00,5946.74,5932.12,5954.66,5877.8,209870509.0,229346951926.7,1.29,5932.12,sh000905
2024-12-04 00:00:00,5929.48,5879.27,5940.85,5850.91,215991634.0,234212942758.9,1.52,5879.27,sh000905
2024-12-05 00:00:00,5855.74,5901.99,5923.62,5853.53,198542236.0,212251881677.0,1.19,5901.99,sh000905
2024-12-06 00:00:00,5903.5,5979.2,6011.77,5877.04,265329536.0,255600553068.3,2.28,5979.2,sh000905
2024-12-09 00:00:00,5983.33,5947.11,6004.23,5911.36,284462209.0,237294662391.5,1.55,5947.11,sh000905
2024-12-10 00:00:00,6132.29,5992.09,6141.07,5982.58,320527823.0,324711288431.3,2.66,5992.09,sh000905
2024-12-11 00:00:00,5973.33,6047.11,6051.47,5972.27,253883941.0,250011474489.1,1.32,6047.11,sh000905
2024-12-12 00:00:00,6048.78,6100.39,6107.71,6023.23,243653690.0,258380795570.8,1.4,6100.39,sh000905
2024-12-13 00:00:00,6065.95,5988.29,6065.95,5988.29,286328198.0,307316221178.0,1.27,5988.29,sh000905
2024-12-16 00:00:00,5983.16,5912.6,5991.58,5888.04,214647441.0,241790858877.2,1.73,5912.6,sh000905
2024-12-17 00:00:00,5896.97,5848.16,5924.62,5837.25,193108547.0,204630242337.7,1.48,5848.16,sh000905
2024-12-18 00:00:00,5861.26,5888.62,5921.98,5853.16,187996290.0,193282038369.0,1.18,5888.62,sh000905
2024-12-19 00:00:00,5829.26,5901.92,5918.49,5816.47,196531194.0,211287492264.4,1.73,5901.92,sh000905
2024-12-20 00:00:00,5889.95,5917.18,5962.42,5889.95,178090399.0,221132517265.6,1.23,5917.18,sh000905
2024-12-23 00:00:00,5917.69,5818.55,5935.15,5815.34,177315486.0,217347047187.5,2.02,5818.55,sh000905
2024-12-24 00:00:00,5827.16,5895.26,5897.19,5827.16,167365824.0,196112525345.7,1.2,5895.26,sh000905
2024-12-25 00:00:00,5896.43,5840.29,5897.51,5796.65,157279132.0,191269446368.3,1.71,5840.29,sh000905
2024-12-26 00:00:00,5830.72,5887.06,5897.48,5830.72,145319444.0,201723277582.2,1.14,5887.06,sh000905
2024-12-27 00:00:00,5892.69,5899.17,5975.79,5881.72,179085498.0,236680633735.7,1.6,5899.17,sh000905
2024-12-30 00:00:00,5890.46,5898.88,5928.57,5867.85,155565586.0,196182578970.3,1.03,5898.88,sh000905
2024-12-31 00:00:00,5902.03,5725.73,5905.46,5725.73,182158855.0,217194009078.8,3.05,5725.73,sh000905
2025-01-02 00:00:00,5717.92,5545.82,5722.11,5498.82,193763157.0,220078999057.0,3.9,5545.82,sh000905
2025-01-03 00:00:00,5552.75,5427.8,5581.4,5419.74,174077310.0,187233075270.9,2.91,5427.8,sh000905
2025-01-06 00:00:00,5421.07,5427.1,5482.63,5384.33,146265658.0,156743673376.1,1.81,5427.1,sh000905
2025-01-07 00:00:00,5429.17,5484.68,5485.58,5405.13,145065278.0,159836326878.2,1.48,5484.68,sh000905
2025-01-08 00:00:00,5462.32,5461.59,5501.66,5326.93,163849915.0,181141237075.9,3.19,5461.59,sh000905
2025-01-09 00:00:00,5437.81,5456.59,5493.68,5436.7,129832627.0,156798867820.6,1.04,5456.59,sh000905
2025-01-10 00:00:00,5449.0,5369.28,5496.38,5369.28,130179553.0,159984103633.2,2.33,5369.28,sh000905
2025-01-13 00:00:00,5319.7,5381.7,5422.01,5319.27,119682937.0,139406540969.0,1.91,5381.7,sh000905
2025-01-14 00:00:00,5393.76,5572.27,5582.84,5378.59,172142860.0,208083727936.2,3.8,5572.27,sh000905
2025-01-15 00:00:00,5559.58,5522.46,5569.19,5509.58,138393243.0,169060453013.4,1.07,5522.46,sh000905
2025-01-16 00:00:00,5546.7,5545.63,5633.85,5508.91,149318085.0,182995873631.7,2.26,5545.63,sh000905
2025-01-17 00:00:00,5524.21,5587.29,5621.94,5519.41,126691174.0,164437435727.2,1.85,5587.29,sh000905
2025-01-20 00:00:00,5621.92,5614.33,5665.18,5598.16,135712507.0,173426107632.4,1.2,5614.33,sh000905
2025-01-21 00:00:00,5639.6,5633.92,5642.92,5573.5,126491300.0,170909135202.8,1.24,5633.92,sh000905
2025-01-22 00:00:00,5606.85,5607.06,5618.58,5567.78,115374996.0,158106585548.6,0.9,5607.06,sh000905
2025-01-23 00:00:00,5659.37,5584.25,5717.69,5584.25,163419987.0,203633761249.2,2.38,5584.25,sh000905
2025-01-24 00:00:00,5570.48,5649.95,5660.43,5570.48,139438058.0,180858845316.0,1.61,5649.95,sh000905
2025-01-27 00:00:00,5660.48,5589.34,5676.03,5589.34,136546056.0,163085841547.7,1.53,5589.34,sh000905
2025-02-05 00:00:00,5643.17,5614.39,5646.04,5588.56,155674141.0,214999512244.8,1.03,5614.39,sh000905
2025-02-06 00:00:00,5606.87,5747.9,5749.02,5597.32,181428193.0,257122087039.6,2.7,5747.9,sh000905
2025-02-07 00:00:00,5750.29,5833.99,5889.43,5741.73,232718863.0,327949184790.5,2.57,5833.99,sh000905
2025-02-10 00:00:00,5858.24,5888.55,5895.41,5836.17,209300905.0,286253277530.5,1.02,5888.55,sh000905
2025-02-11 00:00:00,5890.37,5858.28,5890.37,5827.38,181920508.0,260281069640.5,1.07,5858.28,sh000905
2025-02-12 00:00:00,5841.36,5940.53,5940.54,5841.32,195446155.0,285438865878.9,1.69,5940.53,sh000905
2025-02-13 00:00:00,5938.2,5898.26,5957.58,5889.7,228281839.0,313080162906.2,1.14,5898.26,sh000905
2025-02-14 00:00:00,5893.93,5947.8,5954.48,5886.95,211914261.0,306627494264.1,1.14,5947.8,sh000905
2025-02-17 00:00:00,5979.84,5948.72,5985.36,5906.27,233901689.0,356940293723.8,1.33,5948.72,sh000905
2025-02-18 00:00:00,5935.5,5840.71,5947.93,5816.05,214941482.0,306905660928.8,2.22,5840.71,sh000905
2025-02-19 00:00:00,5834.95,5943.88,5945.35,5831.48,205298305.0,313960331576.5,1.95,5943.88,sh000905
2025-02-20 00:00:00,5941.6,5957.55,5977.73,5920.57,198207411.0,305885399073.0,0.96,5957.55,sh000905
2025-02-21 00:00:00,5969.65,6057.06,6061.82,5943.19,252317128.0,396960769353.7,1.99,6057.06,sh000905
2025-02-24 00:00:00,6057.38,6044.97,6079.02,6007.18,243813798.0,382362648270.6,1.19,6044.97,sh000905
2025-02-25 00:00:00,5967.04,5979.97,6044.76,5956.18,206833953.0,340316449158.0,1.47,5979.97,sh000905
2025-02-26 00:00:00,5990.29,6051.74,6055.87,5973.86,210860898.0,327265336672.0,1.37,6051.74,sh000905
2025-02-27 00:00:00,6050.19,6028.99,6064.49,5940.34,216652930.0,328254761442.7,2.05,6028.99,sh000905
2025-02-28 00:00:00,5997.92,5859.87,6007.47,5847.15,205223814.0,298290643729.1,2.66,5859.87,sh000905
2025-03-03 00:00:00,5875.95,5885.77,5964.27,5851.56,185024581.0,266955659875.8,1.92,5885.77,sh000905
2025-03-04 00:00:00,5845.47,5937.63,5943.08,5843.46,153922211.0,231145314804.5,1.69,5937.63,sh000905
2025-03-05 00:00:00,5937.11,5950.7,5955.9,5892.53,163071500.0,241738025092.7,1.07,5950.7,sh000905
2025-03-06 00:00:00,5980.38,6047.77,6062.54,5972.6,213042852.0,320542701863.5,1.51,6047.77,sh000905
2025-03-07 00:00:00,6029.38,6013.77,6067.35,5989.32,207437149.0,301122130059.3,1.29,6013.77,sh000905
2025-03-10 00:00:00,6022.68,6013.62,6041.52,5971.81,173044336.0,248513462299.4,1.16,6013.62,sh000905
2025-03-11 00:00:00,5944.42,6044.97,6044.97,5942.91,173855643.0,245205106219.3,1.7,6044.97,sh000905
2025-03-12 00:00:00,6068.38,6040.5,6098.24,6038.82,184763537.0,267906301206.6,0.98,6040.5,sh000905
2025-03-13 00:00:00,6032.85,5993.97,6050.18,5947.78,193710717.0,253622427436.4,1.7,5993.97,sh000905
2025-03-14 00:00:00,5993.97,6099.98,6099.98,5978.53,219245834.0,289038080526.0,2.03,6099.98,sh000905
2025-03-17 00:00:00,6119.61,6108.02,6129.85,6098.51,184317273.0,250160671107.9,0.51,6108.02,sh000905
2025-03-18 00:00:00,6126.04,6133.3,6161.23,6114.21,166023043.0,236342189394.2,0.77,6133.3,sh000905
2025-03-19 00:00:00,6117.42,6101.44,6128.23,6076.56,153893780.0,218871992193.0,0.84,6101.44,sh000905
2025-03-20 00:00:00,6094.84,6059.49,6109.18,6055.38,147187865.0,203849586195.9,0.88,6059.49,sh000905
2025-03-21 00:00:00,6038.99,5971.93,6071.08,5951.8,174103785.0,225801003414.7,1.97,5971.93,sh000905
2025-03-24 00:00:00,5973.05,5969.08,5987.06,5882.88,169192435.0,220094329255.6,1.74,5969.08,sh000905
2025-03-25 00:00:00,5969.42,5946.95,5993.93,5929.67,147483948.0,192227014821.0,1.08,5946.95,sh000905
2025-03-26 00:00:00,5935.85,5948.5,5983.47,5935.85,136702111.0,171695842016.5,0.8,5948.5,sh000905
2025-03-27 00:00:00,5932.52,5957.6,6000.66,5891.77,134708904.0,176590477346.0,1.83,5957.6,sh000905
2025-03-28 00:00:00,5954.73,5916.03,5973.8,5904.92,134261927.0,168899478619.3,1.16,5916.03,sh000905
2025-03-31 00:00:00,5886.96,5857.77,5908.3,5802.42,154256090.0,189563392181.2,1.79,5857.77,sh000905
2025-04-01 00:00:00,5870.94,5892.85,5931.5,5867.85,136448602.0,179327950524.9,1.09,5892.85,sh000905
2025-04-02 00:00:00,5884.89,5899.09,5936.65,5884.11,112159960.0,140642079451.3,0.89,5899.09,sh000905
2025-04-03 00:00:00,5842.62,5845.5,5906.71,5817.97,134938625.0,173662140191.8,1.5,5845.5,sh000905
2025-04-07 00:00:00,5523.96,5287.03,5587.85,5212.68,236522656.0,267397400609.4,6.42,5287.03,sh000905
2025-04-08 00:00:00,5279.76,5326.91,5371.18,5249.23,223840665.0,261875349400.4,2.31,5326.91,sh000905
2025-04-09 00:00:00,5249.68,5439.77,5465.14,5135.97,245118027.0,288257435803.9,6.18,5439.77,sh000905
2025-04-10 00:00:00,5534.56,5544.06,5610.19,5513.95,211963035.0,268666431276.5,1.77,5544.06,sh000905
2025-04-11 00:00:00,5514.19,5581.32,5631.6,5510.89,164411663.0,227659789695.8,2.18,5581.32,sh000905
2025-04-14 00:00:00,5633.78,5627.14,5661.8,5608.73,155487077.0,207470466690.5,0.95,5627.14,sh000905
2025-04-15 00:00:00,5625.0,5602.53,5626.68,5567.03,123273708.0,161900884812.5,1.06,5602.53,sh000905
2025-04-16 00:00:00,5589.78,5556.86,5592.67,5492.65,132537224.0,163751037649.9,1.79,5556.86,sh000905
2025-04-17 00:00:00,5527.59,5557.01,5604.62,5526.89,113652382.0,148283242243.4,1.4,5557.01,sh000905
2025-04-18 00:00:00,5546.97,5560.72,5579.48,5525.4,111644258.0,139804146811.9,0.97,5560.72,sh000905
2025-04-21 00:00:00,5556.51,5642.38,5646.22,5535.7,123111883.0,160264813233.9,1.99,5642.38,sh000905
2025-04-22 00:00:00,5634.89,5624.21,5651.55,5617.88,124666689.0,164464321326.5,0.6,5624.21,sh000905
2025-04-23 00:00:00,5647.91,5634.95,5670.26,5614.77,127007764.0,177991292765.2,0.99,5634.95,sh000905
2025-04-24 00:00:00,5633.02,5605.88,5651.53,5583.43,122696696.0,157899194340.6,1.21,5605.88,sh000905
2025-04-25 00:00:00,5613.14,5627.18,5661.59,5596.53,140000800.0,171933817273.4,1.16,5627.18,sh000905
2025-04-28 00:00:00,5624.42,5598.3,5628.08,5587.79,136218094.0,167616287077.3,0.72,5598.3,sh000905
2025-04-29 00:00:00,5583.72,5604.91,5622.02,5571.24,126742927.0,158033003939.8,0.91,5604.91,sh000905
2025-04-30 00:00:00,5604.65,5631.82,5647.78,5603.17,138386621.0,181616584522.5,0.8,5631.82,sh000905
2025-05-06 00:00:00,5668.88,5740.33,5740.33,5666.47,162773606.0,217059975785.3,1.31,5740.33,sh000905
2025-05-07 00:00:00,5805.66,5750.29,5819.24,5713.27,171011757.0,227566204818.1,1.85,5750.29,sh000905
2025-05-08 00:00:00,5731.72,5773.81,5783.79,5724.95,136140322.0,187032631458.8,1.02,5773.81,sh000905
2025-05-09 00:00:00,5770.44,5721.72,5770.44,5705.17,123939007.0,178162276679.5,1.13,5721.72,sh000905
2025-05-12 00:00:00,5751.44,5793.67,5794.52,5737.46,135824367.0,199426833721.2,1.0,5793.67,sh000905
2025-05-13 00:00:00,5838.03,5781.67,5838.03,5772.07,138271081.0,194252270526.7,1.14,5781.67,sh000905
2025-05-14 00:00:00,5778.08,5799.12,5835.49,5750.54,156279994.0,188145126840.3,1.47,5799.12,sh000905
2025-05-15 00:00:00,5786.78,5715.3,5786.78,5715.29,135160768.0,165136693963.9,1.23,5715.3,sh000905
2025-05-16 00:00:00,5703.74,5715.85,5735.01,5703.74,116709136.0,141882122895.5,0.55,5715.85,sh000905
2025-05-19 00:00:00,5719.44,5720.79,5729.07,5669.72,115384939.0,141098692009.1,1.04,5720.79,sh000905
2025-05-20 00:00:00,5723.51,5747.37,5759.46,5707.81,116896615.0,151751185853.6,0.9,5747.37,sh000905
2025-05-21 00:00:00,5741.69,5757.92,5763.08,5733.83,115804542.0,155147378006.4,0.51,5757.92,sh000905
2025-05-22 00:00:00,5739.19,5703.28,5757.79,5701.16,109057720.0,141620883824.3,0.98,5703.28,sh000905
2025-05-23 00:00:00,5697.14,5653.04,5738.08,5653.04,114361198.0,148123602870.9,1.49,5653.04,sh000905
2025-05-26 00:00:00,5653.21,5669.46,5693.63,5644.58,97170989.0,127343603493.8,0.87,5669.46,sh000905
2025-05-27 00:00:00,5666.3,5652.15,5667.87,5629.13,95149363.0,125275690002.2,0.68,5652.15,sh000905
2025-05-28 00:00:00,5651.88,5637.24,5660.47,5628.42,94908883.0,119959827369.0,0.57,5637.24,sh000905
2025-05-29 00:00:00,5637.06,5719.91,5724.52,5637.06,114682484.0,148095092966.2,1.55,5719.91,sh000905
2025-05-30 00:00:00,5704.77,5671.07,5704.77,5665.52,109900707.0,137670579253.9,0.69,5671.07,sh000905
2025-06-03 00:00:00,5653.67,5694.84,5710.42,5653.3,122853903.0,159996843500.1,1.01,5694.84,sh000905
2025-06-04 00:00:00,5696.57,5739.01,5744.45,5696.57,116196077.0,150314940398.1,0.84,5739.01,sh000905
2025-06-05 00:00:00,5741.03,5769.97,5778.1,5719.55,125223584.0,174970104156.2,1.02,5769.97,sh000905
2025-06-06 00:00:00,5768.4,5762.08,5771.76,5750.66,108217660.0,148022372105.1,0.37,5762.08,sh000905
2025-06-09 00:00:00,5772.78,5805.65,5823.9,5765.35,128188619.0,171482411225.9,1.02,5805.65,sh000905
2025-06-10 00:00:00,5809.83,5757.99,5810.92,5715.97,138269181.0,182980299992.1,1.64,5757.99,sh000905
2025-06-11 00:00:00,5758.53,5792.95,5818.57,5758.53,123716707.0,161353672422.0,1.04,5792.95,sh000905
2025-06-12 00:00:00,5780.97,5799.93,5808.8,5766.52,125615846.0,165393538363.1,0.73,5799.93,sh000905
2025-06-13 00:00:00,5783.16,5740.24,5794.67,5728.21,167613374.0,216010351562.9,1.15,5740.24,sh000905
2021-01-04 00:00:00,6395.61,6482.79,6501.59,6359.08,186621210.0,211126910976.0,2.24,6482.79,sh000905
2021-01-05 00:00:00,6470.25,6539.73,6539.73,6452.52,196726292.0,227033006080.0,1.35,6539.73,sh000905
2021-01-06 00:00:00,6549.73,6528.14,6569.2,6472.74,178521085.0,209333366784.0,1.47,6528.14,sh000905
2021-01-07 00:00:00,6523.68,6538.12,6567.27,6467.44,197135642.0,219238805504.0,1.53,6538.12,sh000905
2021-01-08 00:00:00,6541.56,6557.6,6598.38,6484.4,180837430.0,207113826304.0,1.74,6557.6,sh000905
2021-01-11 00:00:00,6557.45,6455.4,6572.85,6419.73,183257272.0,217940398080.0,2.34,6455.4,sh000905
2021-01-12 00:00:00,6425.81,6543.23,6543.23,6425.81,162311237.0,199048531968.0,1.82,6543.23,sh000905
2021-01-13 00:00:00,6550.03,6496.91,6553.65,6457.88,184913421.0,222962630656.0,1.46,6496.91,sh000905
2021-01-14 00:00:00,6471.79,6439.89,6516.27,6402.6,163023816.0,198732648448.0,1.75,6439.89,sh000905
2021-01-15 00:00:00,6427.13,6417.5,6447.88,6339.43,138243200.0,166962802688.0,1.68,6417.5,sh000905
2021-01-18 00:00:00,6414.83,6514.46,6529.41,6392.07,136832806.0,169891545088.0,2.14,6514.46,sh000905
2021-01-19 00:00:00,6510.48,6476.37,6532.65,6456.12,147616717.0,174545108992.0,1.17,6476.37,sh000905
2021-01-20 00:00:00,6477.67,6535.42,6535.48,6449.28,128525432.0,153378910208.0,1.33,6535.42,sh000905
2021-01-21 00:00:00,6552.03,6622.5,6649.86,6550.88,156809587.0,189208743936.0,1.51,6622.5,sh000905
2021-01-22 00:00:00,6619.86,6637.81,6643.67,6573.82,158062310.0,202861674496.0,1.05,6637.81,sh000905
2021-01-25 00:00:00,6636.22,6645.31,6711.57,6599.97,165623104.0,223556747264.0,1.68,6645.31,sh000905
2021-01-26 00:00:00,6621.15,6532.96,6624.45,6515.26,143371310.0,191892389888.0,1.64,6532.96,sh000905
2021-01-27 00:00:00,6527.68,6557.16,6564.29,6481.16,139760049.0,174776066048.0,1.27,6557.16,sh000905
2021-01-28 00:00:00,6475.86,6414.38,6529.84,6405.81,144825405.0,174817693696.0,1.89,6414.38,sh000905
2021-01-29 00:00:00,6448.67,6346.14,6462.37,6255.7,146041582.0,172077244416.0,3.22,6346.14,sh000905
2021-02-01 00:00:00,6338.64,6393.28,6397.01,6328.34,137325184.0,157579284480.0,1.08,6393.28,sh000905
2021-02-02 00:00:00,6404.85,6454.79,6459.48,6361.09,132394314.0,161720463360.0,1.54,6454.79,sh000905
2021-02-03 00:00:00,6459.66,6399.33,6484.49,6399.33,145457155.0,175699415040.0,1.32,6399.33,sh000905
2021-02-04 00:00:00,6375.67,6328.79,6414.3,6249.53,148861330.0,173708935168.0,2.57,6328.79,sh000905
2021-02-05 00:00:00,6343.83,6239.87,6382.96,6236.27,135132879.0,162500628480.0,2.32,6239.87,sh000905
2021-02-08 00:00:00,6247.92,6323.16,6354.02,6215.73,116134003.0,141592203264.0,2.22,6323.16,sh000905
2021-02-09 00:00:00,6334.42,6457.88,6468.43,6330.79,119319109.0,146850922496.0,2.18,6457.88,sh000905
2021-02-10 00:00:00,6474.75,6525.17,6542.75,6424.72,119042660.0,150035763200.0,1.83,6525.17,sh000905
2021-02-18 00:00:00,6657.31,6614.54,6678.61,6564.31,166892393.0,194996420608.0,1.75,6614.54,sh000905
2021-02-19 00:00:00,6600.25,6703.48,6706.39,6542.78,178767818.0,201468755968.0,2.47,6703.48,sh000905
2021-02-22 00:00:00,6731.51,6657.06,6810.92,6657.06,237065585.0,259948294144.0,2.3,6657.06,sh000905
2021-02-23 00:00:00,6613.6,6631.23,6701.43,6609.08,192656865.0,206144663552.0,1.39,6631.23,sh000905
2021-02-24 00:00:00,6633.28,6536.19,6661.43,6477.75,173718833.0,196797837312.0,2.77,6536.19,sh000905
2021-02-25 00:00:00,6600.21,6499.15,6609.56,6484.55,162068183.0,171451162624.0,1.91,6499.15,sh000905
2021-02-26 00:00:00,6365.74,6364.35,6446.95,6346.13,150760207.0,163655503872.0,1.55,6364.35,sh000905
2021-03-01 00:00:00,6407.16,6488.44,6491.94,6404.89,158608438.0,165792206848.0,1.37,6488.44,sh000905
2021-03-02 00:00:00,6514.02,6433.33,6514.02,6386.49,165877069.0,174025453568.0,1.97,6433.33,sh000905
2021-03-03 00:00:00,6426.04,6524.75,6528.22,6420.21,171017523.0,169667465216.0,1.68,6524.75,sh000905
2021-03-04 00:00:00,6482.79,6401.99,6485.16,6371.73,194334615.0,192657768448.0,1.74,6401.99,sh000905
2021-03-05 00:00:00,6325.75,6403.5,6442.02,6319.53,166504886.0,163666501632.0,1.91,6403.5,sh000905
2021-03-08 00:00:00,6453.78,6256.41,6488.82,6253.7,168546340.0,177120047104.0,3.67,6256.41,sh000905
2021-03-09 00:00:00,6235.31,6108.0,6250.94,6033.41,196432686.0,181888458752.0,3.48,6108.0,sh000905
2021-03-10 00:00:00,6164.77,6062.26,6179.85,6053.02,142554278.0,135611236352.0,2.08,6062.26,sh000905
2021-03-11 00:00:00,6074.33,6213.83,6213.93,6045.55,160814643.0,149412659200.0,2.78,6213.83,sh000905
2021-03-12 00:00:00,6231.48,6222.38,6232.5,6137.99,175746179.0,160346947584.0,1.52,6222.38,sh000905
2021-03-15 00:00:00,6192.3,6173.87,6229.57,6111.36,170799690.0,150564929536.0,1.9,6173.87,sh000905
2021-03-16 00:00:00,6176.07,6195.24,6222.18,6124.78,152845993.0,138852790272.0,1.58,6195.24,sh000905
2021-03-17 00:00:00,6180.89,6225.36,6230.56,6124.05,134840397.0,125106921472.0,1.72,6225.36,sh000905
2021-03-18 00:00:00,6231.19,6273.86,6300.94,6227.19,140725665.0,137984966656.0,1.18,6273.86,sh000905
2021-03-19 00:00:00,6195.25,6206.6,6258.13,6167.51,143238275.0,143898488832.0,1.44,6206.6,sh000905
2021-03-22 00:00:00,6208.93,6305.69,6307.55,6206.08,143041444.0,138484391936.0,1.63,6305.69,sh000905
2021-03-23 00:00:00,6307.98,6219.17,6307.98,6181.13,150964052.0,144085643264.0,2.01,6219.17,sh000905
2021-03-24 00:00:00,6180.31,6142.54,6232.13,6131.82,147673111.0,137684570112.0,1.61,6142.54,sh000905
2021-03-25 00:00:00,6118.87,6157.41,6190.94,6108.26,129307092.0,122101587968.0,1.35,6157.41,sh000905
2021-03-26 00:00:00,6164.82,6251.79,6264.56,6164.82,128887611.0,130405072896.0,1.62,6251.79,sh000905
2021-03-29 00:00:00,6270.0,6254.94,6277.76,6215.8,139633894.0,137607135232.0,0.99,6254.94,sh000905
2021-03-30 00:00:00,6239.47,6280.36,6287.87,6217.33,134409585.0,138902650880.0,1.13,6280.36,sh000905
2021-03-31 00:00:00,6277.7,6254.07,6277.7,6205.94,125128492.0,124539600896.0,1.14,6254.07,sh000905
2021-04-01 00:00:00,6259.41,6311.66,6321.58,6238.31,130374817.0,124971610112.0,1.33,6311.66,sh000905
2021-04-02 00:00:00,6316.56,6326.61,6341.65,6291.71,123938872.0,125309448192.0,0.79,6326.61,sh000905
2021-04-06 00:00:00,6345.89,6343.1,6367.78,6323.24,111489157.0,115979706368.0,0.7,6343.1,sh000905
2021-04-07 00:00:00,6350.38,6348.08,6350.38,6289.07,150016776.0,139659141120.0,0.97,6348.08,sh000905
2021-04-08 00:00:00,6332.93,6356.75,6385.2,6309.12,173741279.0,147432804352.0,1.2,6356.75,sh000905
2021-04-09 00:00:00,6345.29,6335.24,6360.45,6307.66,141306900.0,127539220480.0,0.83,6335.24,sh000905
2021-04-12 00:00:00,6325.26,6226.42,6344.16,6203.57,155441439.0,142018338816.0,2.22,6226.42,sh000905
2021-04-13 00:00:00,6210.22,6209.78,6254.9,6193.81,130387709.0,116032380928.0,0.98,6209.78,sh000905
2021-04-14 00:00:00,6206.64,6277.21,6287.84,6206.64,117438218.0,107282817024.0,1.31,6277.21,sh000905
2021-04-15 00:00:00,6263.63,6276.46,6281.43,6211.66,119776177.0,111582126080.0,1.11,6276.46,sh000905
2021-04-16 00:00:00,6283.86,6339.59,6344.95,6276.43,126764654.0,119984627712.0,1.09,6339.59,sh000905
2021-04-19 00:00:00,6331.71,6425.26,6431.78,6315.08,142200929.0,144720531456.0,1.84,6425.26,sh000905
2021-04-20 00:00:00,6419.73,6428.54,6467.38,6410.28,134674524.0,143364747264.0,0.89,6428.54,sh000905
2021-04-21 00:00:00,6396.27,6420.26,6434.63,6369.77,121051732.0,128354893824.0,1.01,6420.26,sh000905
2021-04-22 00:00:00,6444.28,6445.47,6472.8,6424.75,124923876.0,131906162688.0,0.75,6445.47,sh000905
2021-04-23 00:00:00,6445.52,6462.76,6463.97,6412.99,126117307.0,135170990080.0,0.79,6462.76,sh000905
2021-04-26 00:00:00,6480.3,6442.65,6546.64,6437.19,144964140.0,166586765312.0,1.69,6442.65,sh000905
2021-04-27 00:00:00,6434.61,6446.28,6466.25,6399.44,125894712.0,138320089088.0,1.04,6446.28,sh000905
2021-04-28 00:00:00,6433.1,6489.74,6489.74,6410.32,117234944.0,136377847808.0,1.23,6489.74,sh000905
2021-04-29 00:00:00,6495.65,6491.93,6502.43,6453.52,128305439.0,145502310400.0,0.75,6491.93,sh000905
2021-04-30 00:00:00,6470.35,6485.71,6503.15,6434.73,144254239.0,163746328576.0,1.05,6485.71,sh000905
2021-05-06 00:00:00,6503.6,6489.35,6548.07,6440.33,154141980.0,167436128256.0,1.66,6489.35,sh000905
2021-05-07 00:00:00,6505.58,6444.44,6524.18,6439.89,177518748.0,177915641856.0,1.3,6444.44,sh000905
2021-05-10 00:00:00,6461.42,6475.99,6493.5,6437.11,189080133.0,180906622976.0,0.88,6475.99,sh000905
2021-05-11 00:00:00,6436.29,6456.04,6472.87,6349.79,187263611.0,175350132736.0,1.9,6456.04,sh000905
2021-05-12 00:00:00,6434.91,6512.05,6521.49,6419.74,156490931.0,150127198208.0,1.58,6512.05,sh000905
2021-05-13 00:00:00,6448.96,6439.03,6497.0,6426.58,159658647.0,155853651968.0,1.08,6439.03,sh000905
2021-05-14 00:00:00,6454.68,6525.8,6525.8,6421.21,166243407.0,163611262976.0,1.62,6525.8,sh000905
2021-05-17 00:00:00,6521.89,6578.14,6613.89,6521.89,159363758.0,172029263872.0,1.41,6578.14,sh000905
2021-05-18 00:00:00,6578.97,6599.6,6604.69,6558.78,132505490.0,141986529280.0,0.7,6599.6,sh000905
2021-05-19 00:00:00,6582.1,6584.39,6590.98,6544.84,135181256.0,146346352640.0,0.7,6584.39,sh000905
2021-05-20 00:00:00,6541.09,6548.71,6580.44,6506.41,162329923.0,167135805440.0,1.12,6548.71,sh000905
2021-05-21 00:00:00,6557.49,6527.86,6570.46,6512.81,134350694.0,145990148096.0,0.88,6527.86,sh000905
2021-05-24 00:00:00,6515.83,6544.12,6564.07,6494.62,137226611.0,150739210240.0,1.06,6544.12,sh000905
2021-05-25 00:00:00,6549.34,6619.67,6628.69,6524.3,144692037.0,158035570688.0,1.6,6619.67,sh000905
2021-05-26 00:00:00,6631.37,6628.21,6642.38,6612.42,156237002.0,169904623616.0,0.45,6628.21,sh000905
2021-05-27 00:00:00,6629.24,6685.41,6685.48,6620.72,145166676.0,164642447360.0,0.98,6685.41,sh000905
2021-05-28 00:00:00,6699.28,6668.17,6718.09,6643.64,157318385.0,176611766272.0,1.11,6668.17,sh000905
2021-05-31 00:00:00,6681.55,6728.99,6729.07,6667.26,146929492.0,176728707072.0,0.93,6728.99,sh000905
2021-06-01 00:00:00,6718.64,6739.76,6742.98,6656.66,161091958.0,185038577664.0,1.28,6739.76,sh000905
2021-06-02 00:00:00,6740.5,6681.43,6748.15,6662.75,157365320.0,174265552896.0,1.27,6681.43,sh000905
2021-06-03 00:00:00,6680.1,6667.73,6744.52,6654.46,154885691.0,167598940160.0,1.35,6667.73,sh000905
2021-06-04 00:00:00,6642.06,6693.06,6725.69,6628.01,137866404.0,161257144320.0,1.46,6693.06,sh000905
2021-06-07 00:00:00,6705.74,6721.5,6729.85,6689.7,140560896.0,174154018816.0,0.6,6721.5,sh000905
2021-06-08 00:00:00,6726.09,6684.56,6752.63,6652.39,138684946.0,169906610176.0,1.49,6684.56,sh000905
2021-06-09 00:00:00,6677.14,6692.9,6712.25,6656.05,136511035.0,155486113792.0,0.84,6692.9,sh000905
2021-06-10 00:00:00,6688.82,6765.64,6773.46,6683.49,154280965.0,177003016192.0,1.34,6765.64,sh000905
2021-06-11 00:00:00,6773.64,6725.92,6775.86,6717.27,169569608.0,194413371392.0,0.87,6725.92,sh000905
2021-06-15 00:00:00,6734.1,6663.66,6736.54,6649.2,152209249.0,166359281664.0,1.3,6663.66,sh000905
2021-06-16 00:00:00,6659.49,6566.29,6662.78,6554.89,136807877.0,152269455360.0,1.62,6566.29,sh000905
2021-06-17 00:00:00,6554.3,6616.17,6618.5,6554.3,124492562.0,143795949568.0,0.98,6616.17,sh000905
2021-06-18 00:00:00,6610.27,6657.76,6671.88,6587.03,138022582.0,161540071424.0,1.28,6657.76,sh000905
2021-06-21 00:00:00,6652.65,6707.18,6722.98,6638.52,143031173.0,174776561664.0,1.27,6707.18,sh000905
2021-06-22 00:00:00,6723.3,6739.79,6748.97,6691.82,146543498.0,170147487744.0,0.85,6739.79,sh000905
2021-06-23 00:00:00,6741.58,6789.95,6803.97,6720.58,155309609.0,184582045696.0,1.24,6789.95,sh000905
2021-06-24 00:00:00,6791.86,6754.87,6791.86,6743.33,145046523.0,172627660800.0,0.71,6754.87,sh000905
2021-06-25 00:00:00,6748.87,6813.41,6824.86,6739.02,151485660.0,174329253888.0,1.27,6813.41,sh000905
2021-06-28 00:00:00,6814.32,6828.52,6843.52,6802.86,145504051.0,175447982080.0,0.6,6828.52,sh000905
2021-06-29 00:00:00,6833.06,6765.42,6835.05,6756.92,136625723.0,167622238208.0,1.14,6765.42,sh000905
2021-06-30 00:00:00,6767.74,6808.18,6812.38,6757.34,125406162.0,155031842816.0,0.81,6808.18,sh000905
2021-07-01 00:00:00,6827.7,6716.67,6827.7,6716.67,138350812.0,168199909376.0,1.63,6716.67,sh000905
2021-07-02 00:00:00,6701.06,6658.05,6718.51,6651.48,136472287.0,162302316544.0,1.0,6658.05,sh000905
2021-07-05 00:00:00,6670.13,6711.01,6716.15,6663.54,134734720.0,165135855616.0,0.79,6711.01,sh000905
2021-07-06 00:00:00,6727.97,6709.5,6747.85,6633.61,145017953.0,183569346560.0,1.7,6709.5,sh000905
2021-07-07 00:00:00,6661.85,6764.13,6765.43,6642.57,147646953.0,176266752000.0,1.83,6764.13,sh000905
2021-07-08 00:00:00,6774.84,6748.65,6797.08,6740.85,159564544.0,203043020800.0,0.83,6748.65,sh000905
2021-07-09 00:00:00,6721.61,6804.54,6814.65,6683.79,166107003.0,204576735232.0,1.94,6804.54,sh000905
2021-07-12 00:00:00,6852.48,6904.38,6926.76,6840.02,193561044.0,239883546624.0,1.27,6904.38,sh000905
2021-07-13 00:00:00,6901.81,6961.85,6961.97,6889.03,179620844.0,223831191552.0,1.06,6961.85,sh000905
2021-07-14 00:00:00,6953.82,6898.75,6973.61,6898.75,171735447.0,214904537088.0,1.08,6898.75,sh000905
2021-07-15 00:00:00,6874.8,6932.41,6936.58,6828.48,173221107.0,205199286272.0,1.57,6932.41,sh000905
2021-07-16 00:00:00,6931.05,6925.12,6992.83,6922.35,184907858.0,221559304192.0,1.02,6925.12,sh000905
2021-07-19 00:00:00,6912.1,6889.34,6931.14,6856.65,169734817.0,208077103104.0,1.08,6889.34,sh000905
2021-07-20 00:00:00,6831.05,6901.13,6901.13,6825.82,140140631.0,171140493312.0,1.09,6901.13,sh000905
2021-07-21 00:00:00,6923.61,6984.54,6998.28,6922.92,163009272.0,204939579392.0,1.09,6984.54,sh000905
2021-07-22 00:00:00,6996.26,7026.55,7026.73,6960.3,190233316.0,219500277760.0,0.95,7026.55,sh000905
2021-07-23 00:00:00,7036.3,6985.75,7061.67,6968.31,225079073.0,253751242752.0,1.33,6985.75,sh000905
2021-07-26 00:00:00,6974.11,6868.21,6986.5,6778.5,208197240.0,242702241792.0,2.98,6868.21,sh000905
2021-07-27 00:00:00,6877.44,6719.26,6925.97,6719.26,228614339.0,266957983744.0,3.01,6719.26,sh000905
2021-07-28 00:00:00,6650.15,6621.98,6709.23,6534.92,197267167.0,222466408448.0,2.59,6621.98,sh000905
2021-07-29 00:00:00,6720.62,6758.89,6773.57,6682.12,171017884.0,209142005760.0,1.38,6758.89,sh000905
2021-07-30 00:00:00,6739.75,6767.32,6775.01,6702.51,189711734.0,222514806784.0,1.07,6767.32,sh000905
2021-08-02 00:00:00,6756.81,6872.0,6875.42,6731.78,206205174.0,249640210432.0,2.12,6872.0,sh000905
2021-08-03 00:00:00,6844.37,6816.01,6879.59,6792.71,194189432.0,237723021312.0,1.26,6816.01,sh000905
2021-08-04 00:00:00,6814.08,6931.34,6931.78,6813.23,174064348.0,216189755392.0,1.74,6931.34,sh000905
2021-08-05 00:00:00,6920.94,6911.83,6946.34,6880.69,179371886.0,226672386048.0,0.95,6911.83,sh000905
2021-08-06 00:00:00,6929.02,6938.87,6947.54,6885.65,172356913.0,214958731264.0,0.9,6938.87,sh000905
2021-08-09 00:00:00,6914.32,6979.53,6989.71,6877.2,173833372.0,210955644928.0,1.62,6979.53,sh000905
2021-08-10 00:00:00,6970.83,7019.23,7019.69,6958.81,173087962.0,222660419584.0,0.87,7019.23,sh000905
2021-08-11 00:00:00,7024.77,7073.52,7076.37,6999.93,188357906.0,221759524864.0,1.09,7073.52,sh000905
2021-08-12 00:00:00,7059.47,7095.2,7115.89,7051.01,194079124.0,226074873856.0,0.92,7095.2,sh000905
2021-08-13 00:00:00,7070.47,7088.89,7124.92,7050.31,192190605.0,221865975808.0,1.05,7088.89,sh000905
2021-08-16 00:00:00,7087.58,7052.49,7102.4,7039.1,188178885.0,222080462848.0,0.89,7052.49,sh000905
2021-08-17 00:00:00,7045.75,6894.4,7063.02,6876.5,201936371.0,226552999936.0,2.64,6894.4,sh000905
2021-08-18 00:00:00,6883.27,6941.01,6950.88,6865.07,175367332.0,191997407232.0,1.24,6941.01,sh000905
2021-08-19 00:00:00,6917.51,6947.06,6978.98,6869.29,171813588.0,194992914432.0,1.58,6947.06,sh000905
2021-08-20 00:00:00,6915.02,6920.02,6952.52,6843.0,175627139.0,205135638528.0,1.58,6920.02,sh000905
2021-08-23 00:00:00,6949.33,7024.56,7031.88,6949.33,189456609.0,216299532288.0,1.19,7024.56,sh000905
2021-08-24 00:00:00,7031.65,7090.78,7098.03,7009.69,202726894.0,236479324160.0,1.26,7090.78,sh000905
2021-08-25 00:00:00,7092.15,7153.0,7153.27,7058.57,198126889.0,228737400832.0,1.34,7153.0,sh000905
2021-08-26 00:00:00,7151.53,7118.84,7175.51,7115.84,230176197.0,255363534848.0,0.83,7118.84,sh000905
2021-08-27 00:00:00,7096.65,7180.11,7185.73,7083.21,223830464.0,258997825536.0,1.44,7180.11,sh000905
2021-08-30 00:00:00,7202.63,7226.88,7262.6,7190.61,250649147.0,301015445504.0,1.0,7226.88,sh000905
2021-08-31 00:00:00,7202.52,7255.34,7255.34,7159.3,245108342.0,288657326080.0,1.33,7255.34,sh000905
2021-09-01 00:00:00,7271.03,7193.1,7278.16,7100.31,295520141.0,331023151104.0,2.45,7193.1,sh000905
2021-09-02 00:00:00,7172.4,7307.01,7309.33,7172.4,253411699.0,271544872960.0,1.9,7307.01,sh000905
2021-09-03 00:00:00,7335.7,7278.68,7385.24,7227.03,288801239.0,315016806400.0,2.17,7278.68,sh000905
2021-09-06 00:00:00,7297.36,7355.4,7359.54,7231.73,255875154.0,273720336384.0,1.76,7355.4,sh000905
2021-09-07 00:00:00,7360.38,7498.93,7501.13,7350.7,260727542.0,280403353600.0,2.05,7498.93,sh000905
2021-09-08 00:00:00,7496.33,7544.04,7549.45,7483.87,272847808.0,287850946560.0,0.87,7544.04,sh000905
2021-09-09 00:00:00,7534.98,7617.45,7617.66,7526.97,287204068.0,302380048384.0,1.2,7617.45,sh000905
2021-09-10 00:00:00,7613.6,7607.67,7661.43,7564.26,293468641.0,322687991808.0,1.28,7607.67,sh000905
2021-09-13 00:00:00,7613.54,7648.75,7650.88,7566.78,263618611.0,298956062720.0,1.11,7648.75,sh000905
2021-09-14 00:00:00,7630.72,7556.62,7688.6,7544.02,271501512.0,306464419840.0,1.89,7556.62,sh000905
2021-09-15 00:00:00,7535.25,7592.31,7627.67,7521.88,233398415.0,274072797184.0,1.4,7592.31,sh000905
2021-09-16 00:00:00,7616.88,7446.94,7657.23,7445.23,267649779.0,301162983424.0,2.79,7446.94,sh000905
2021-09-17 00:00:00,7421.81,7395.56,7471.42,7275.98,233604227.0,259019108352.0,2.62,7395.56,sh000905
2021-09-22 00:00:00,7305.08,7453.62,7453.93,7298.03,196794534.0,221838872576.0,2.11,7453.62,sh000905
2021-09-23 00:00:00,7512.33,7502.84,7543.66,7467.2,241158694.0,267659235328.0,1.03,7502.84,sh000905
2021-09-24 00:00:00,7490.56,7380.38,7490.56,7373.29,231715581.0,248983142400.0,1.56,7380.38,sh000905
2021-09-27 00:00:00,7400.0,7170.59,7410.47,7128.51,239542408.0,255096918016.0,3.82,7170.59,sh000905
2021-09-28 00:00:00,7158.62,7198.9,7227.46,7155.27,202800568.0,196202377216.0,1.01,7198.9,sh000905
2021-09-29 00:00:00,7142.76,7010.22,7161.21,6996.57,210570703.0,207830601728.0,2.29,7010.22,sh000905
2021-09-30 00:00:00,7034.69,7103.61,7116.04,7034.69,202482611.0,186185670656.0,1.16,7103.61,sh000905
2021-10-08 00:00:00,7191.23,7091.34,7198.96,7058.83,205467704.0,202877493248.0,1.97,7091.34,sh000905
2021-10-11 00:00:00,7102.88,7090.47,7123.75,7048.87,195420838.0,194709504000.0,1.06,7090.47,sh000905
2021-10-12 00:00:00,7069.35,6952.19,7079.71,6891.84,201666724.0,194146537472.0,2.65,6952.19,sh000905
2021-10-13 00:00:00,6957.73,6981.59,6991.24,6887.34,162604654.0,163678285824.0,1.49,6981.59,sh000905
2021-10-14 00:00:00,6970.65,7008.33,7033.4,6949.48,154764667.0,162946740224.0,1.2,7008.33,sh000905
2021-10-15 00:00:00,6996.12,7024.16,7034.03,6975.24,174108339.0,188999737344.0,0.84,7024.16,sh000905
2021-10-18 00:00:00,7027.14,7068.1,7071.87,6983.72,175627013.0,194312994816.0,1.25,7068.1,sh000905
2021-10-19 00:00:00,7060.77,7120.38,7127.24,7051.78,168135764.0,182701166592.0,1.07,7120.38,sh000905
2021-10-20 00:00:00,7081.99,7118.8,7154.91,7067.13,170511342.0,186276499456.0,1.23,7118.8,sh000905
2021-10-21 00:00:00,7127.64,7098.25,7145.58,7069.45,167971968.0,184364871680.0,1.07,7098.25,sh000905
2021-10-22 00:00:00,7089.13,7026.07,7110.66,7020.87,171615150.0,184191959040.0,1.26,7026.07,sh000905
2021-10-25 00:00:00,7019.02,7103.99,7105.98,7003.78,159004603.0,184607289344.0,1.45,7103.99,sh000905
2021-10-26 00:00:00,7120.07,7102.43,7155.63,7085.07,175032205.0,204998021120.0,0.99,7102.43,sh000905
2021-10-27 00:00:00,7093.12,7048.6,7097.86,7017.86,179020887.0,212523900928.0,1.13,7048.6,sh000905
2021-10-28 00:00:00,7026.29,6950.28,7043.42,6930.54,188075338.0,210380521472.0,1.6,6950.28,sh000905
2021-10-29 00:00:00,6955.85,7022.5,7022.75,6920.31,170779533.0,207011901440.0,1.47,7022.5,sh000905
2021-11-01 00:00:00,7005.07,7060.76,7087.29,6993.27,184142991.0,226533564416.0,1.34,7060.76,sh000905
2021-11-02 00:00:00,7061.0,6985.1,7093.61,6921.85,196114729.0,230633598976.0,2.43,6985.1,sh000905
2021-11-03 00:00:00,6975.06,7017.85,7034.09,6962.87,150814648.0,183530631168.0,1.02,7017.85,sh000905
2021-11-04 00:00:00,7031.95,7073.85,7073.85,7018.61,152652050.0,188533362688.0,0.79,7073.85,sh000905
2021-11-05 00:00:00,7071.08,6991.91,7073.85,6991.15,177241393.0,207299702784.0,1.17,6991.91,sh000905
2021-11-08 00:00:00,6986.5,7026.97,7034.14,6984.81,146360858.0,176810356736.0,0.71,7026.97,sh000905
2021-11-09 00:00:00,7037.57,7081.75,7087.02,7028.31,141696847.0,175620423680.0,0.84,7081.75,sh000905
2021-11-10 00:00:00,7061.64,7062.33,7072.15,6965.86,162138355.0,187121573888.0,1.5,7062.33,sh000905
2021-11-11 00:00:00,7048.86,7119.86,7121.92,7033.09,165400694.0,186637770752.0,1.26,7119.86,sh000905
2021-11-12 00:00:00,7118.99,7156.61,7165.11,7112.58,168513423.0,195249975296.0,0.74,7156.61,sh000905
2021-11-15 00:00:00,7166.04,7098.21,7176.77,7083.78,161148201.0,201939759104.0,1.3,7098.21,sh000905
2021-11-16 00:00:00,7083.92,7045.94,7121.74,7040.51,162370317.0,192032231424.0,1.14,7045.94,sh000905
2021-11-17 00:00:00,7043.63,7104.53,7106.05,7033.95,140347108.0,168875298816.0,1.02,7104.53,sh000905
2021-11-18 00:00:00,7108.78,7084.68,7130.29,7066.49,162714860.0,185152970752.0,0.9,7084.68,sh000905
2021-11-19 00:00:00,7083.01,7169.88,7174.25,7073.72,178185853.0,193601339392.0,1.42,7169.88,sh000905
2021-11-22 00:00:00,7177.4,7255.07,7259.53,7177.4,180522481.0,222986227712.0,1.15,7255.07,sh000905
2021-11-23 00:00:00,7245.95,7261.38,7292.92,7239.0,189595034.0,218299011072.0,0.74,7261.38,sh000905
2021-11-24 00:00:00,7260.22,7256.11,7278.4,7229.6,177674071.0,209537056768.0,0.67,7256.11,sh000905
2021-11-25 00:00:00,7262.79,7233.54,7262.79,7228.29,164068099.0,190327762944.0,0.48,7233.54,sh000905
2021-11-26 00:00:00,7216.64,7219.86,7249.2,7201.2,159423137.0,192093831168.0,0.66,7219.86,sh000905
2021-11-29 00:00:00,7129.94,7221.9,7226.34,7125.43,166941407.0,198551719936.0,1.4,7221.9,sh000905
2021-11-30 00:00:00,7252.33,7252.76,7281.13,7210.84,186336164.0,213217509376.0,0.97,7252.76,sh000905
2021-12-01 00:00:00,7239.13,7272.84,7272.94,7215.67,171806295.0,196111867904.0,0.79,7272.84,sh000905
2021-12-02 00:00:00,7256.42,7229.99,7279.95,7221.36,176555543.0,198627049472.0,0.81,7229.99,sh000905
2021-12-03 00:00:00,7233.57,7301.92,7310.27,7223.8,186222738.0,200791224320.0,1.2,7301.92,sh000905
2021-12-06 00:00:00,7308.99,7240.46,7330.47,7235.45,213069952.0,218322694144.0,1.3,7240.46,sh000905
2021-12-07 00:00:00,7274.13,7206.83,7284.64,7148.07,192243855.0,206136078336.0,1.89,7206.83,sh000905
2021-12-08 00:00:00,7225.0,7302.99,7302.99,7214.26,169280453.0,190279974912.0,1.23,7302.99,sh000905
2021-12-09 00:00:00,7298.8,7320.32,7331.58,7290.27,196087168.0,211492052992.0,0.57,7320.32,sh000905
2021-12-10 00:00:00,7285.97,7306.65,7317.27,7276.61,187230694.0,209397678080.0,0.56,7306.65,sh000905
2021-12-13 00:00:00,7334.11,7353.03,7371.31,7322.44,185363062.0,210741542912.0,0.67,7353.03,sh000905
2021-12-14 00:00:00,7330.24,7324.13,7349.88,7314.43,159583754.0,183555993600.0,0.48,7324.13,sh000905
2021-12-15 00:00:00,7319.66,7314.26,7352.38,7302.38,159923922.0,183859412992.0,0.68,7314.26,sh000905
2021-12-16 00:00:00,7323.41,7381.0,7381.0,7323.41,177690340.0,187008757760.0,0.79,7381.0,sh000905
2021-12-17 00:00:00,7380.72,7314.56,7384.02,7308.72,196265336.0,203439632384.0,1.02,7314.56,sh000905
2021-12-20 00:00:00,7290.95,7195.97,7313.48,7191.05,181727854.0,190350688256.0,1.67,7195.97,sh000905
2021-12-21 00:00:00,7190.97,7275.47,7285.72,7190.97,176216745.0,164258062336.0,1.32,7275.47,sh000905
2021-12-22 00:00:00,7289.91,7302.46,7318.61,7271.82,174117189.0,171088400384.0,0.64,7302.46,sh000905
2021-12-23 00:00:00,7306.16,7337.19,7350.0,7290.38,169131761.0,180467003392.0,0.82,7337.19,sh000905
2021-12-24 00:00:00,7336.0,7278.76,7339.94,7257.53,169418703.0,182681104384.0,1.12,7278.76,sh000905
2021-12-27 00:00:00,7269.37,7272.75,7323.88,7255.72,148618788.0,165585649664.0,0.94,7272.75,sh000905
2021-12-28 00:00:00,7281.0,7286.03,7290.54,7240.93,143262039.0,164782845952.0,0.68,7286.03,sh000905
2021-12-29 00:00:00,7275.67,7247.77,7290.86,7242.3,136209551.0,155743985664.0,0.67,7247.77,sh000905
2021-12-30 00:00:00,7246.03,7310.96,7324.5,7244.22,141651110.0,158448275456.0,1.11,7310.96,sh000905
2021-12-31 00:00:00,7320.94,7359.4,7368.13,7317.7,149909002.0,169456914432.0,0.69,7359.4,sh000905
2022-01-04 00:00:00,7387.81,7354.46,7392.1,7317.5,200810017.0,219175108608.0,1.01,7354.46,sh000905
2022-01-05 00:00:00,7343.9,7222.67,7346.26,7200.73,194002404.0,209809760256.0,1.98,7222.67,sh000905
2022-01-06 00:00:00,7187.95,7229.96,7242.77,7167.81,173335764.0,179907538944.0,1.04,7229.96,sh000905
2022-01-07 00:00:00,7232.41,7175.68,7262.81,7168.04,200018012.0,202498453504.0,1.31,7175.68,sh000905
2022-01-10 00:00:00,7161.44,7191.45,7193.92,7122.09,165748879.0,176717914112.0,1.0,7191.45,sh000905
2022-01-11 00:00:00,7187.02,7135.22,7206.92,7118.84,169494564.0,179645358080.0,1.22,7135.22,sh000905
2022-01-12 00:00:00,7160.18,7196.93,7196.93,7148.63,156051484.0,170334289920.0,0.68,7196.93,sh000905
2022-01-13 00:00:00,7203.24,7097.76,7203.24,7096.33,169148969.0,174599012352.0,1.49,7097.76,sh000905
2022-01-14 00:00:00,7063.42,7081.14,7125.09,7052.63,175591199.0,181513953280.0,1.02,7081.14,sh000905
2022-01-17 00:00:00,7080.62,7157.86,7169.34,7078.66,161779720.0,183490793472.0,1.28,7157.86,sh000905
2022-01-18 00:00:00,7163.13,7163.16,7191.0,7133.2,179235392.0,195000213504.0,0.81,7163.16,sh000905
2022-01-19 00:00:00,7144.48,7118.76,7182.06,7078.36,163178368.0,174675275776.0,1.45,7118.76,sh000905
2022-01-20 00:00:00,7119.51,7056.79,7135.78,7040.01,168666281.0,172753203200.0,1.35,7056.79,sh000905
2022-01-21 00:00:00,7037.94,6976.62,7040.43,6965.33,144679790.0,158204018688.0,1.06,6976.62,sh000905
2022-01-24 00:00:00,6942.92,6979.25,7006.7,6925.77,122679565.0,135920721920.0,1.16,6979.25,sh000905
2022-01-25 00:00:00,6960.0,6743.96,6979.48,6743.96,150337244.0,154265493504.0,3.37,6743.96,sh000905
2022-01-26 00:00:00,6762.35,6782.58,6799.81,6721.9,120615311.0,130234703872.0,1.16,6782.58,sh000905
2022-01-27 00:00:00,6781.61,6605.92,6785.73,6605.92,125243756.0,132244729856.0,2.65,6605.92,sh000905
2022-01-28 00:00:00,6690.18,6580.53,6690.18,6510.18,127088819.0,130258014208.0,2.72,6580.53,sh000905
2022-02-07 00:00:00,6664.57,6676.61,6702.33,6656.13,145092618.0,138641530880.0,0.7,6676.61,sh000905
2022-02-08 00:00:00,6678.99,6742.19,6742.4,6599.37,159598574.0,145458655232.0,2.14,6742.19,sh000905
2022-02-09 00:00:00,6736.75,6843.03,6848.69,6725.8,162822720.0,155362516992.0,1.82,6843.03,sh000905
2022-02-10 00:00:00,6841.16,6840.49,6864.69,6797.01,154916564.0,147064848384.0,0.99,6840.49,sh000905
2022-02-11 00:00:00,6811.78,6745.02,6840.72,6735.89,159801354.0,156700184576.0,1.53,6745.02,sh000905
2022-02-14 00:00:00,6711.59,6695.7,6765.52,6667.49,137082460.0,132192014336.0,1.45,6695.7,sh000905
2022-02-15 00:00:00,6700.82,6760.28,6762.86,6686.95,112805760.0,121268404224.0,1.13,6760.28,sh000905
2022-02-16 00:00:00,6779.21,6772.03,6788.36,6751.8,108414003.0,114685136896.0,0.54,6772.03,sh000905
2022-02-17 00:00:00,6764.33,6768.79,6797.62,6730.18,122985088.0,130706759680.0,1.0,6768.79,sh000905
2022-02-18 00:00:00,6734.52,6835.02,6835.2,6727.82,139952637.0,134406668288.0,1.59,6835.02,sh000905
2022-02-21 00:00:00,6843.08,6867.11,6871.99,6822.88,145146314.0,150072397824.0,0.72,6867.11,sh000905
2022-02-22 00:00:00,6827.05,6784.76,6827.05,6743.85,148609915.0,152906260480.0,1.21,6784.76,sh000905
2022-02-23 00:00:00,6785.1,6887.42,6889.7,6785.1,144116621.0,159413006336.0,1.54,6887.42,sh000905
2022-02-24 00:00:00,6861.41,6764.88,6898.41,6688.75,210849756.0,218057097216.0,3.04,6764.88,sh000905
2022-02-25 00:00:00,6805.64,6819.43,6895.04,6801.33,156429138.0,164105580544.0,1.39,6819.43,sh000905
2022-02-28 00:00:00,6831.49,6853.31,6853.34,6770.05,139601388.0,148585345024.0,1.22,6853.31,sh000905
2022-03-01 00:00:00,6868.62,6874.04,6889.33,6837.25,137717217.0,147535306752.0,0.76,6874.04,sh000905
2022-03-02 00:00:00,6853.07,6875.24,6878.35,6828.06,137114977.0,140871323648.0,0.73,6875.24,sh000905
2022-03-03 00:00:00,6900.98,6859.55,6907.41,6843.99,189091781.0,173516746752.0,0.92,6859.55,sh000905
2022-03-04 00:00:00,6823.83,6803.83,6871.09,6779.41,177411881.0,165852585984.0,1.34,6803.83,sh000905
2022-03-07 00:00:00,6800.77,6659.39,6800.82,6628.48,166484595.0,164636762112.0,2.53,6659.39,sh000905
2022-03-08 00:00:00,6650.58,6429.89,6665.95,6416.8,186296079.0,184444203008.0,3.74,6429.89,sh000905
2022-03-09 00:00:00,6443.2,6305.61,6462.48,6066.76,197802739.0,188335591424.0,6.15,6305.61,sh000905
2022-03-10 00:00:00,6424.91,6414.94,6475.14,6390.73,153152356.0,158971826176.0,1.34,6414.94,sh000905
2022-03-11 00:00:00,6343.19,6474.13,6479.72,6270.02,152114504.0,158771249152.0,3.27,6474.13,sh000905
2022-03-14 00:00:00,6419.24,6323.58,6490.61,6323.58,137954004.0,153706455040.0,2.58,6323.58,sh000905
2022-03-15 00:00:00,6272.44,5964.98,6278.07,5964.98,194713746.0,184102449152.0,4.95,5964.98,sh000905
2022-03-16 00:00:00,6068.9,6156.27,6173.79,5824.33,178826847.0,178613444608.0,5.86,6156.27,sh000905
2022-03-17 00:00:00,6233.64,6267.52,6369.89,6225.98,170438541.0,184845066240.0,2.34,6267.52,sh000905
2022-03-18 00:00:00,6249.48,6332.22,6338.22,6231.73,152620214.0,153302421504.0,1.7,6332.22,sh000905
2022-03-21 00:00:00,6340.56,6358.94,6389.21,6284.85,159653724.0,161774096384.0,1.65,6358.94,sh000905
2022-03-22 00:00:00,6343.4,6358.11,6404.83,6313.27,151107873.0,145705385984.0,1.44,6358.11,sh000905
2022-03-23 00:00:00,6368.31,6398.1,6420.16,6353.34,143179359.0,141684924416.0,1.05,6398.1,sh000905
2022-03-24 00:00:00,6370.97,6344.12,6384.4,6315.14,137749087.0,139175993344.0,1.08,6344.12,sh000905
2022-03-25 00:00:00,6346.71,6268.24,6373.47,6268.24,134972257.0,135181836288.0,1.66,6268.24,sh000905
2022-03-28 00:00:00,6230.12,6283.28,6322.13,6176.25,144857887.0,136991735808.0,2.33,6283.28,sh000905
2022-03-29 00:00:00,6289.48,6253.07,6316.31,6233.28,141362125.0,140401393664.0,1.32,6253.07,sh000905
2022-03-30 00:00:00,6272.0,6377.87,6377.87,6261.8,164014574.0,155600797696.0,1.86,6377.87,sh000905
2022-03-31 00:00:00,6361.1,6324.96,6383.07,6313.97,176903949.0,167072821248.0,1.08,6324.96,sh000905
2022-04-01 00:00:00,6289.39,6364.52,6373.26,6274.0,175128596.0,154551713792.0,1.57,6364.52,sh000905
2022-04-06 00:00:00,6363.0,6356.93,6363.0,6279.07,196853583.0,169525010432.0,1.32,6356.93,sh000905
2022-04-07 00:00:00,6321.81,6221.59,6364.63,6221.59,190762191.0,163735810048.0,2.25,6221.59,sh000905
2022-04-08 00:00:00,6227.2,6224.12,6237.91,6117.01,183954893.0,159245295616.0,1.94,6224.12,sh000905
2022-04-11 00:00:00,6202.02,6029.89,6202.02,6001.57,178384812.0,162201440256.0,3.22,6029.89,sh000905
2022-04-12 00:00:00,6019.67,6126.91,6135.57,5964.39,173180188.0,151432384512.0,2.84,6126.91,sh000905
2022-04-13 00:00:00,6094.68,6044.33,6129.66,6039.92,167043059.0,147270111232.0,1.46,6044.33,sh000905
2022-04-14 00:00:00,6074.13,6126.49,6156.5,6060.68,159033106.0,147089465344.0,1.59,6126.49,sh000905
2022-04-15 00:00:00,6094.12,6070.75,6122.29,6048.16,184627000.0,162170122240.0,1.21,6070.75,sh000905
2022-04-18 00:00:00,6019.53,6074.01,6094.67,5975.45,149186381.0,131553628160.0,1.96,6074.01,sh000905
2022-04-19 00:00:00,6067.48,6092.4,6106.93,6052.1,141997535.0,129227431936.0,0.9,6092.4,sh000905
2022-04-20 00:00:00,6082.81,5956.92,6093.78,5942.0,151055603.0,134720864256.0,2.49,5956.92,sh000905
2022-04-21 00:00:00,5933.79,5759.8,5971.19,5742.42,157854505.0,135625764864.0,3.84,5759.8,sh000905
2022-04-22 00:00:00,5728.19,5740.98,5794.34,5667.34,139997599.0,120243691520.0,2.2,5740.98,sh000905
2022-04-25 00:00:00,5656.39,5369.72,5656.39,5369.72,186753480.0,150663974912.0,4.99,5369.72,sh000905
2022-04-26 00:00:00,5374.25,5234.01,5434.7,5225.21,171299433.0,139143827456.0,3.9,5234.01,sh000905
2022-04-27 00:00:00,5179.03,5437.04,5440.07,5158.48,179693384.0,148165595136.0,5.38,5437.04,sh000905
2022-04-28 00:00:00,5398.9,5418.76,5472.82,5339.61,155039772.0,133023981568.0,2.45,5418.76,sh000905
2022-04-29 00:00:00,5458.91,5627.9,5630.93,5443.67,181289513.0,157723205632.0,3.46,5627.9,sh000905
2022-05-05 00:00:00,5612.5,5686.7,5728.62,5606.94,168643208.0,153614016512.0,2.16,5686.7,sh000905
2022-05-06 00:00:00,5560.98,5563.77,5629.65,5542.18,152993341.0,128084918272.0,1.54,5563.77,sh000905
2022-05-09 00:00:00,5552.48,5608.52,5626.59,5537.98,131553930.0,114555068416.0,1.59,5608.52,sh000905
2022-05-10 00:00:00,5532.6,5690.09,5698.51,5519.47,165329613.0,141136838656.0,3.19,5690.09,sh000905
2022-05-11 00:00:00,5697.43,5737.82,5856.19,5696.7,185163628.0,172855136256.0,2.8,5737.82,sh000905
2022-05-12 00:00:00,5707.56,5743.1,5779.32,5687.18,139216169.0,125952897024.0,1.61,5743.1,sh000905
2022-05-13 00:00:00,5765.32,5796.8,5796.8,5731.86,136559775.0,116785287168.0,1.13,5796.8,sh000905
2022-05-16 00:00:00,5840.24,5791.08,5855.72,5767.54,151387274.0,132450885632.0,1.52,5791.08,sh000905
2022-05-17 00:00:00,5789.92,5816.34,5816.34,5724.44,130829391.0,119260446720.0,1.59,5816.34,sh000905
2022-05-18 00:00:00,5815.61,5797.49,5846.84,5785.45,127243845.0,114319974400.0,1.06,5797.49,sh000905
2022-05-19 00:00:00,5708.8,5838.41,5838.41,5700.11,136623739.0,122730053632.0,2.39,5838.41,sh000905
2022-05-20 00:00:00,5854.01,5929.49,5929.54,5849.76,165727329.0,151890808832.0,1.37,5929.49,sh000905
2022-05-23 00:00:00,5941.14,5965.73,5968.85,5908.66,153876017.0,143376162816.0,1.02,5965.73,sh000905
2022-05-24 00:00:00,5962.15,5745.68,5967.23,5745.68,177540833.0,161859190784.0,3.71,5745.68,sh000905
2022-05-25 00:00:00,5741.23,5844.25,5844.28,5736.14,143590636.0,126687498240.0,1.88,5844.25,sh000905
2022-05-26 00:00:00,5848.03,5911.56,5928.71,5780.97,162350362.0,142667051008.0,2.53,5911.56,sh000905
2022-05-27 00:00:00,5921.33,5899.92,5952.62,5854.61,143406863.0,128502607872.0,1.66,5899.92,sh000905
2022-05-30 00:00:00,5918.24,5942.83,5943.0,5867.19,133852646.0,124183592960.0,1.28,5942.83,sh000905
2022-05-31 00:00:00,5940.37,6026.24,6033.47,5902.28,155944919.0,147825250304.0,2.21,6026.24,sh000905
2022-06-01 00:00:00,6008.75,6023.64,6042.37,5970.49,155365773.0,143127244800.0,1.19,6023.64,sh000905
2022-06-02 00:00:00,6000.62,6078.43,6084.32,5987.64,159571676.0,150036299776.0,1.61,6078.43,sh000905
2022-06-06 00:00:00,6079.89,6187.44,6194.43,6070.71,182679964.0,180119371776.0,2.04,6187.44,sh000905
2022-06-07 00:00:00,6186.58,6186.57,6199.72,6136.04,177311718.0,169115475968.0,1.03,6186.57,sh000905
2022-06-08 00:00:00,6184.96,6217.83,6227.33,6110.06,186428864.0,176670593024.0,1.9,6217.83,sh000905
2022-06-09 00:00:00,6207.73,6130.69,6209.11,6088.46,172129774.0,160399015936.0,1.94,6130.69,sh000905
2022-06-10 00:00:00,6083.5,6240.1,6250.36,6078.78,192541340.0,178686545920.0,2.8,6240.1,sh000905
2022-06-13 00:00:00,6188.77,6233.62,6250.68,6172.91,188132398.0,197652385792.0,1.25,6233.62,sh000905
2022-06-14 00:00:00,6161.62,6275.57,6278.97,6061.19,197403164.0,196166209536.0,3.49,6275.57,sh000905
2022-06-15 00:00:00,6275.37,6261.06,6398.36,6261.04,238140764.0,231704739840.0,2.19,6261.06,sh000905
2022-06-16 00:00:00,6262.29,6264.82,6330.35,6242.33,194615084.0,200890494976.0,1.41,6264.82,sh000905
2022-06-17 00:00:00,6220.58,6316.31,6328.36,6181.85,167859128.0,188555333632.0,2.34,6316.31,sh000905
2022-06-20 00:00:00,6323.41,6330.39,6359.0,6277.22,175207145.0,202463105024.0,1.29,6330.39,sh000905
2022-06-21 00:00:00,6324.84,6277.0,6337.08,6215.29,164461629.0,178813382656.0,1.92,6277.0,sh000905
2022-06-22 00:00:00,6281.87,6179.57,6285.65,6176.85,154094318.0,164240855040.0,1.73,6179.57,sh000905
2022-06-23 00:00:00,6186.99,6300.47,6300.47,6142.94,168266043.0,179525607424.0,2.55,6300.47,sh000905
2022-06-24 00:00:00,6306.83,6368.28,6378.5,6304.08,157712704.0,181995577344.0,1.18,6368.28,sh000905
2022-06-27 00:00:00,6398.36,6407.74,6449.34,6390.28,168918190.0,201652932608.0,0.93,6407.74,sh000905
2022-06-28 00:00:00,6412.44,6501.35,6506.67,6392.11,170582712.0,196479373312.0,1.79,6501.35,sh000905
2022-06-29 00:00:00,6479.17,6374.3,6501.39,6370.02,190728307.0,215976296448.0,2.02,6374.3,sh000905
2022-06-30 00:00:00,6385.21,6454.08,6493.09,6385.21,163846776.0,193598971904.0,1.69,6454.08,sh000905
2022-07-01 00:00:00,6450.75,6438.54,6481.15,6423.86,144204644.0,172657741824.0,0.89,6438.54,sh000905
2022-07-04 00:00:00,6445.07,6523.13,6524.3,6405.38,157819968.0,193784451072.0,1.85,6523.13,sh000905
2022-07-05 00:00:00,6535.45,6511.53,6548.3,6435.74,186625469.0,206724927488.0,1.73,6511.53,sh000905
2022-07-06 00:00:00,6489.02,6418.55,6496.97,6359.47,177104502.0,188283101184.0,2.11,6418.55,sh000905
2022-07-07 00:00:00,6414.41,6452.99,6482.42,6380.17,157351122.0,176906223616.0,1.59,6452.99,sh000905
2022-07-08 00:00:00,6478.29,6404.44,6490.15,6404.16,150986698.0,171162738688.0,1.33,6404.44,sh000905
2022-07-11 00:00:00,6387.45,6319.14,6387.45,6274.74,151993667.0,169420488704.0,1.76,6319.14,sh000905
2022-07-12 00:00:00,6317.88,6241.48,6346.51,6238.56,144513092.0,162745221371.3,1.71,6241.48,sh000905
2022-07-13 00:00:00,6238.68,6268.49,6287.64,6207.72,142710723.0,148941203951.1,1.28,6268.49,sh000905
2022-07-14 00:00:00,6267.47,6302.43,6339.42,6254.68,140354050.0,156034965327.2,1.35,6302.43,sh000905
2022-07-15 00:00:00,6279.68,6196.8,6323.53,6196.8,158386828.0,169165272836.9,2.01,6196.8,sh000905
2022-07-18 00:00:00,6216.1,6312.36,6315.66,6200.52,159144624.0,163899480504.9,1.86,6312.36,sh000905
2022-07-19 00:00:00,6318.84,6335.71,6347.24,6283.4,146384780.0,163012682490.6,1.01,6335.71,sh000905
2022-07-20 00:00:00,6353.0,6410.71,6416.87,6351.82,142932573.0,157782312749.0,1.03,6410.71,sh000905
2022-07-21 00:00:00,6400.07,6347.6,6408.46,6347.6,148210184.0,163172754178.8,0.95,6347.6,sh000905
2022-07-22 00:00:00,6353.92,6289.53,6371.32,6236.34,130620669.0,143788393867.5,2.13,6289.53,sh000905
2022-07-25 00:00:00,6297.1,6231.24,6319.18,6213.47,129458029.0,139714096679.5,1.68,6231.24,sh000905
2022-07-26 00:00:00,6239.21,6307.96,6319.25,6213.84,117276541.0,129165891647.9,1.69,6307.96,sh000905
2022-07-27 00:00:00,6301.61,6332.23,6344.21,6286.35,120435127.0,133249678638.3,0.92,6332.23,sh000905
2022-07-28 00:00:00,6361.27,6348.17,6393.73,6339.55,138473429.0,152662265342.6,0.86,6348.17,sh000905
2022-07-29 00:00:00,6356.52,6294.11,6365.26,6285.72,137925792.0,152961332812.8,1.25,6294.11,sh000905
2022-08-01 00:00:00,6293.38,6347.22,6350.04,6253.06,128679012.0,151348904696.9,1.54,6347.22,sh000905
2022-08-02 00:00:00,6288.61,6170.0,6288.61,6095.06,182902539.0,192873382570.5,3.05,6170.0,sh000905
2022-08-03 00:00:00,6171.62,6124.31,6261.91,6111.22,147213409.0,175544841793.6,2.44,6124.31,sh000905
2022-08-04 00:00:00,6160.49,6158.73,6177.62,6080.1,113646381.0,137805652801.6,1.59,6158.73,sh000905
2022-08-05 00:00:00,6175.48,6270.51,6274.27,6163.51,124284448.0,150450721916.0,1.8,6270.51,sh000905
2022-08-08 00:00:00,6266.57,6323.07,6324.34,6249.62,116132934.0,149909676464.1,1.19,6323.07,sh000905
2022-08-09 00:00:00,6314.1,6341.48,6344.84,6290.87,116966653.0,148682025631.8,0.85,6341.48,sh000905
2022-08-10 00:00:00,6331.41,6322.06,6362.29,6298.86,118899928.0,153411737859.6,1.0,6322.06,sh000905
2022-08-11 00:00:00,6349.5,6439.36,6439.36,6341.72,142038284.0,168399100707.5,1.54,6439.36,sh000905
2022-08-12 00:00:00,6425.11,6420.85,6463.07,6416.29,140399917.0,158383471763.4,0.73,6420.85,sh000905
2022-08-15 00:00:00,6405.72,6442.81,6462.54,6394.22,133627482.0,151481917268.3,1.06,6442.81,sh000905
2022-08-16 00:00:00,6446.76,6465.19,6492.54,6440.38,135841495.0,150950901281.8,0.81,6465.19,sh000905
2022-08-17 00:00:00,6473.25,6493.5,6501.36,6428.97,146220319.0,165336992378.1,1.12,6493.5,sh000905
2022-08-18 00:00:00,6481.37,6468.81,6483.69,6448.75,130451759.0,151581053114.9,0.54,6468.81,sh000905
2022-08-19 00:00:00,6468.82,6391.72,6477.31,6390.93,142590851.0,161777617603.6,1.34,6391.72,sh000905
2022-08-22 00:00:00,6381.34,6472.68,6472.79,6363.22,133735500.0,155429477947.4,1.71,6472.68,sh000905
2022-08-23 00:00:00,6460.17,6466.4,6475.82,6436.08,133676377.0,152812386392.9,0.61,6466.4,sh000905
2022-08-24 00:00:00,6470.69,6284.58,6472.68,6277.99,158103872.0,171922926765.6,3.01,6284.58,sh000905
2022-08-25 00:00:00,6303.14,6322.7,6327.09,6225.68,141946367.0,152348524289.3,1.61,6322.7,sh000905
2022-08-26 00:00:00,6331.08,6298.37,6381.48,6286.52,130405837.0,145604215469.3,1.5,6298.37,sh000905
2022-08-29 00:00:00,6213.4,6310.4,6310.99,6205.13,125268849.0,132966408290.4,1.68,6310.4,sh000905
2022-08-30 00:00:00,6309.58,6285.93,6319.17,6248.14,132109200.0,136583215311.8,1.13,6285.93,sh000905
2022-08-31 00:00:00,6265.59,6155.75,6280.19,6132.23,147275408.0,153776542736.6,2.35,6155.75,sh000905
2022-09-01 00:00:00,6153.29,6126.77,6207.24,6118.58,118575054.0,124670857677.4,1.44,6126.77,sh000905
2022-09-02 00:00:00,6135.3,6149.43,6176.17,6117.73,106564384.0,114216217368.2,0.95,6149.43,sh000905
2022-09-05 00:00:00,6147.71,6182.65,6184.8,6122.62,117479244.0,119757999919.0,1.01,6182.65,sh000905
2022-09-06 00:00:00,6198.49,6291.57,6292.53,6187.95,129846040.0,135891977558.3,1.69,6291.57,sh000905
2022-09-07 00:00:00,6269.99,6301.56,6314.12,6256.61,120160292.0,130718396246.6,0.91,6301.56,sh000905
2022-09-08 00:00:00,6299.91,6272.58,6309.9,6266.52,116164269.0,120970235492.1,0.69,6272.58,sh000905
2022-09-09 00:00:00,6275.9,6316.97,6321.82,6254.26,121389228.0,124658337639.2,1.08,6316.97,sh000905
2022-09-13 00:00:00,6334.86,6300.42,6343.77,6291.44,118106314.0,123861798297.2,0.83,6300.42,sh000905
2022-09-14 00:00:00,6214.91,6249.96,6273.63,6206.92,109121160.0,114644793268.9,1.06,6249.96,sh000905
2022-09-15 00:00:00,6280.45,6107.8,6282.69,6053.8,141643500.0,148202355024.8,3.66,6107.8,sh000905
2022-09-16 00:00:00,6091.42,5954.5,6102.54,5954.5,137172115.0,131508079987.8,2.42,5954.5,sh000905
2022-09-19 00:00:00,5947.86,5913.15,5967.65,5880.49,104025412.0,104609796776.0,1.46,5913.15,sh000905
2022-09-20 00:00:00,5949.34,5958.29,6002.79,5940.58,88813000.0,96795084956.1,1.05,5958.29,sh000905
2022-09-21 00:00:00,5943.09,5978.58,5998.7,5876.52,103463644.0,100001264102.8,2.05,5978.58,sh000905
2022-09-22 00:00:00,5938.1,5965.89,6015.12,5931.73,99867602.0,102285806654.7,1.39,5965.89,sh000905
2022-09-23 00:00:00,5961.06,5889.6,5986.82,5839.93,100609437.0,104706616405.3,2.46,5889.6,sh000905
2022-09-26 00:00:00,5841.58,5806.32,5922.32,5798.28,103244360.0,102568347040.7,2.11,5806.32,sh000905
2022-09-27 00:00:00,5823.55,5920.05,5920.05,5808.25,97418022.0,103953587047.6,1.93,5920.05,sh000905
2022-09-28 00:00:00,5910.05,5769.52,5910.05,5769.52,93694853.0,99052683111.1,2.37,5769.52,sh000905
2022-09-29 00:00:00,5823.27,5771.88,5856.16,5741.02,95385798.0,97557854862.3,2.0,5771.88,sh000905
2022-09-30 00:00:00,5764.15,5714.06,5804.2,5714.06,85545168.0,87143078864.7,1.56,5714.06,sh000905
2022-10-10 00:00:00,5729.75,5635.71,5758.04,5618.8,97469345.0,97320936443.0,2.44,5635.71,sh000905
2022-10-11 00:00:00,5642.48,5684.51,5703.27,5606.99,86571469.0,88733098158.6,1.71,5684.51,sh000905
2022-10-12 00:00:00,5680.36,5820.45,5820.45,5594.3,106101757.0,110816368258.8,3.98,5820.45,sh000905
2022-10-13 00:00:00,5789.66,5830.34,5876.48,5780.18,105722268.0,114922152769.8,1.65,5830.34,sh000905
2022-10-14 00:00:00,5866.86,5973.44,5996.04,5866.86,118212245.0,138463009285.8,2.22,5973.44,sh000905
2022-10-17 00:00:00,5952.38,6015.6,6023.53,5945.43,111461869.0,127160232940.9,1.31,6015.6,sh000905
2022-10-18 00:00:00,6031.05,6035.67,6074.37,5996.39,105750195.0,127130541930.8,1.3,6035.67,sh000905
2022-10-19 00:00:00,6021.8,5972.72,6037.44,5970.44,93881065.0,112290658653.1,1.11,5972.72,sh000905
2022-10-20 00:00:00,5943.48,5948.86,6035.55,5886.4,103388245.0,121766931023.7,2.5,5948.86,sh000905
2022-10-21 00:00:00,5959.21,5956.88,5993.88,5928.92,96826295.0,112261082744.7,1.09,5956.88,sh000905
2022-10-24 00:00:00,5968.54,5896.9,6061.21,5857.86,119501081.0,137328967809.0,3.41,5896.9,sh000905
2022-10-25 00:00:00,5864.02,5869.78,5926.57,5785.41,107045854.0,123655965044.2,2.39,5869.78,sh000905
2022-10-26 00:00:00,5871.08,5971.6,6016.92,5871.08,116530079.0,143742557269.8,2.48,5971.6,sh000905
2022-10-27 00:00:00,5978.28,5963.0,6020.89,5962.97,117088219.0,147969762402.1,0.97,5963.0,sh000905
2022-10-28 00:00:00,5922.82,5781.8,5934.8,5760.05,131676332.0,147373418224.4,2.93,5781.8,sh000905
2022-10-31 00:00:00,5745.08,5807.11,5859.6,5743.56,127016064.0,150059218566.0,2.01,5807.11,sh000905
2022-11-01 00:00:00,5814.21,5941.15,5942.14,5786.87,136616776.0,165176134816.8,2.67,5941.15,sh000905
2022-11-02 00:00:00,5925.65,5997.8,6028.77,5916.06,142330286.0,183166205234.3,1.9,5997.8,sh000905
2022-11-03 00:00:00,5944.51,5996.72,6018.42,5937.61,106386906.0,145162731659.8,1.35,5996.72,sh000905
2022-11-04 00:00:00,5996.31,6133.46,6157.43,5996.31,138707111.0,174457116038.9,2.69,6133.46,sh000905
2022-11-07 00:00:00,6133.24,6141.41,6166.19,6100.61,138092409.0,167294752766.8,1.07,6141.41,sh000905
2022-11-08 00:00:00,6139.89,6134.26,6141.02,6095.44,108267531.0,134372666241.4,0.74,6134.26,sh000905
2022-11-09 00:00:00,6140.54,6120.83,6182.34,6118.73,104762250.0,127037472145.0,1.04,6120.83,sh000905
2022-11-10 00:00:00,6085.28,6089.7,6119.03,6061.81,116401928.0,129142711483.4,0.93,6089.7,sh000905
2022-11-11 00:00:00,6223.23,6138.62,6249.35,6134.68,176492121.0,198177118398.1,1.88,6138.62,sh000905
2022-11-14 00:00:00,6140.19,6129.51,6189.38,6104.93,159486725.0,174064714506.7,1.38,6129.51,sh000905
2022-11-15 00:00:00,6125.11,6236.38,6236.38,6112.62,149860965.0,171481798607.2,2.02,6236.38,sh000905
2022-11-16 00:00:00,6238.58,6203.92,6263.16,6190.01,129770376.0,151854939979.7,1.17,6203.92,sh000905
2022-11-17 00:00:00,6182.69,6217.21,6217.21,6148.61,123430196.0,152683752658.2,1.11,6217.21,sh000905
2022-11-18 00:00:00,6213.09,6191.65,6251.11,6181.55,131181093.0,164591218427.4,1.12,6191.65,sh000905
2022-11-21 00:00:00,6147.72,6189.71,6196.65,6116.3,112854387.0,141789496020.9,1.3,6189.71,sh000905
2022-11-22 00:00:00,6178.16,6125.4,6196.2,6100.11,116086024.0,137587008255.8,1.55,6125.4,sh000905
2022-11-23 00:00:00,6114.27,6115.6,6140.11,6045.02,115193517.0,128686794201.7,1.55,6115.6,sh000905
2022-11-24 00:00:00,6126.6,6120.07,6149.96,6099.75,100200699.0,117480438950.3,0.82,6120.07,sh000905
2022-11-25 00:00:00,6095.13,6087.86,6107.07,6062.0,107742345.0,110059809752.5,0.74,6087.86,sh000905
2022-11-28 00:00:00,5999.85,6055.28,6059.02,5970.09,117940107.0,125697913892.5,1.46,6055.28,sh000905
2022-11-29 00:00:00,6071.45,6163.82,6173.85,6071.22,155324471.0,159512108828.4,1.69,6163.82,sh000905
2022-11-30 00:00:00,6156.77,6156.15,6175.68,6118.9,154647972.0,153125576728.1,0.92,6156.15,sh000905
2022-12-01 00:00:00,6211.29,6186.1,6229.83,6186.1,152523325.0,171479199866.6,0.71,6186.1,sh000905
2022-12-02 00:00:00,6177.92,6168.01,6206.99,6154.21,115500975.0,133339764575.1,0.85,6168.01,sh000905
2022-12-05 00:00:00,6201.98,6215.12,6227.21,6182.98,170477211.0,177698737275.3,0.72,6215.12,sh000905
2022-12-06 00:00:00,6202.52,6211.25,6244.64,6185.49,149372815.0,164215807003.7,0.95,6211.25,sh000905
2022-12-07 00:00:00,6198.05,6204.01,6243.9,6183.33,137821246.0,155238837726.6,0.98,6204.01,sh000905
2022-12-08 00:00:00,6199.16,6186.28,6206.14,6168.78,131051325.0,149348401389.7,0.6,6186.28,sh000905
2022-12-09 00:00:00,6185.79,6192.3,6213.52,6159.5,167806825.0,180239306547.1,0.87,6192.3,sh000905
2022-12-12 00:00:00,6181.24,6154.81,6182.08,6146.25,134098310.0,162420257195.9,0.58,6154.81,sh000905
2022-12-13 00:00:00,6153.74,6121.66,6154.3,6113.41,104857515.0,131515610802.4,0.66,6121.66,sh000905
2022-12-14 00:00:00,6122.43,6096.39,6139.74,6084.08,95089916.0,125346101098.7,0.91,6096.39,sh000905
2022-12-15 00:00:00,6090.12,6101.88,6108.96,6078.0,88190454.0,113088367630.4,0.51,6101.88,sh000905
2022-12-16 00:00:00,6071.96,6072.86,6087.46,6036.05,93910672.0,113412125964.0,0.84,6072.86,sh000905
2022-12-19 00:00:00,6058.89,5936.48,6081.44,5911.88,105106201.0,121083184766.5,2.79,5936.48,sh000905
2022-12-20 00:00:00,5919.03,5878.03,5920.99,5857.86,78623273.0,96369670928.2,1.06,5878.03,sh000905
2022-12-21 00:00:00,5879.27,5845.84,5892.91,5819.67,69783431.0,85257777709.1,1.25,5845.84,sh000905
2022-12-22 00:00:00,5867.72,5779.06,5875.47,5761.98,82231873.0,97446795232.4,1.94,5779.06,sh000905
2022-12-23 00:00:00,5751.95,5763.35,5805.51,5732.47,66556865.0,81911192697.9,1.26,5763.35,sh000905
2022-12-26 00:00:00,5769.07,5843.26,5850.91,5769.07,75424133.0,93646097254.9,1.42,5843.26,sh000905
2022-12-27 00:00:00,5857.75,5885.66,5891.35,5832.27,81780423.0,101272091294.0,1.01,5885.66,sh000905
2022-12-28 00:00:00,5869.46,5862.1,5889.32,5848.24,90098898.0,102679233203.2,0.7,5862.1,sh000905
2022-12-29 00:00:00,5843.94,5857.4,5895.98,5835.33,79510794.0,94429698666.4,1.03,5857.4,sh000905
2022-12-30 00:00:00,5875.28,5864.47,5885.89,5848.95,75345032.0,86117939625.6,0.63,5864.47,sh000905
2023-01-03 00:00:00,5861.55,5955.9,5964.82,5848.15,99557837.0,119271237764.2,1.99,5955.9,sh000905
2023-01-04 00:00:00,5952.51,5952.45,5970.58,5922.86,97160441.0,114358731440.4,0.8,5952.45,sh000905
2023-01-05 00:00:00,5959.44,6010.46,6017.34,5950.09,96629979.0,117479981150.9,1.13,6010.46,sh000905
2023-01-06 00:00:00,6004.17,6012.82,6050.89,5998.83,99244877.0,121596399779.3,0.87,6012.82,sh000905
2023-01-09 00:00:00,6028.4,6040.02,6070.16,6023.64,100696829.0,124921325580.9,0.77,6040.02,sh000905
2023-01-10 00:00:00,6044.64,6048.3,6053.58,6017.15,96393351.0,113967056402.2,0.6,6048.3,sh000905
2023-01-11 00:00:00,6049.04,6014.16,6070.45,6004.22,94406389.0,112879598037.5,1.1,6014.16,sh000905
2023-01-12 00:00:00,6022.56,6015.29,6048.19,5995.91,92900124.0,104902996993.9,0.87,6015.29,sh000905
2023-01-13 00:00:00,6030.93,6057.69,6058.22,6015.22,90025020.0,102449872563.5,0.71,6057.69,sh000905
2023-01-16 00:00:00,6068.91,6126.18,6168.74,6068.14,129619730.0,146526749755.3,1.66,6126.18,sh000905
2023-01-17 00:00:00,6129.73,6132.64,6138.17,6107.76,95921699.0,109180206701.1,0.5,6132.64,sh000905
2023-01-18 00:00:00,6139.69,6151.46,6168.37,6136.97,94555836.0,103052545401.6,0.51,6151.46,sh000905
2023-01-19 00:00:00,6145.62,6204.33,6204.33,6130.42,99777793.0,114472416014.4,1.2,6204.33,sh000905
2023-01-20 00:00:00,6214.03,6251.43,6253.27,6214.03,113904542.0,128362190660.4,0.63,6251.43,sh000905
2023-01-30 00:00:00,6331.88,6283.33,6342.45,6279.45,146517920.0,173697713880.0,1.01,6283.33,sh000905
2023-01-31 00:00:00,6266.3,6289.15,6303.91,6259.53,135302093.0,146630404005.4,0.71,6289.15,sh000905
2023-02-01 00:00:00,6300.5,6365.91,6368.79,6293.49,152442220.0,166449081743.9,1.2,6365.91,sh000905
2023-02-02 00:00:00,6383.3,6370.14,6402.26,6347.73,149292811.0,166213113911.5,0.86,6370.14,sh000905
2023-02-03 00:00:00,6354.71,6343.69,6354.71,6267.44,121507182.0,138714379584.2,1.37,6343.69,sh000905
2023-02-06 00:00:00,6314.6,6302.33,6330.79,6274.54,108485308.0,127652063425.2,0.89,6302.33,sh000905
2023-02-07 00:00:00,6309.22,6317.24,6318.84,6273.6,109662683.0,125078065034.8,0.72,6317.24,sh000905
2023-02-08 00:00:00,6319.52,6268.28,6323.85,6263.76,105994895.0,116986269907.4,0.95,6268.28,sh000905
2023-02-09 00:00:00,6256.31,6354.56,6354.8,6250.45,109031119.0,129044254163.8,1.66,6354.56,sh000905
2023-02-10 00:00:00,6349.0,6334.25,6368.49,6296.55,120100829.0,134994907399.5,1.13,6334.25,sh000905
2023-02-13 00:00:00,6333.22,6383.83,6386.72,6331.37,131566227.0,151374560994.8,0.87,6383.83,sh000905
2023-02-14 00:00:00,6394.62,6397.21,6408.55,6369.57,124674389.0,143967118961.2,0.61,6397.21,sh000905
2023-02-15 00:00:00,6398.87,6384.35,6407.75,6365.31,115907022.0,143472324421.4,0.66,6384.35,sh000905
2023-02-16 00:00:00,6384.21,6289.48,6429.05,6244.48,168388416.0,190791364474.4,2.89,6289.48,sh000905
2023-02-17 00:00:00,6284.92,6237.41,6308.57,6237.41,117210985.0,143422448167.7,1.13,6237.41,sh000905
2023-02-20 00:00:00,6248.26,6346.07,6349.41,6227.35,140334075.0,157289265128.8,1.96,6346.07,sh000905
2023-02-21 00:00:00,6349.91,6383.42,6396.74,6337.6,141824714.0,153705795821.1,0.93,6383.42,sh000905
2023-02-22 00:00:00,6352.03,6375.07,6397.15,6344.99,109083029.0,128341320025.0,0.82,6375.07,sh000905
2023-02-23 00:00:00,6377.29,6360.32,6396.66,6328.64,116064654.0,135992246881.1,1.07,6360.32,sh000905
2023-02-24 00:00:00,6367.63,6340.84,6372.49,6308.22,96957281.0,119877925583.4,1.01,6340.84,sh000905
2023-02-27 00:00:00,6318.64,6307.21,6349.09,6288.3,101082738.0,124887490151.6,0.96,6307.21,sh000905
2023-02-28 00:00:00,6323.84,6357.54,6357.54,6293.18,96603163.0,119094834715.1,1.02,6357.54,sh000905
2023-03-01 00:00:00,6356.5,6402.14,6410.52,6340.0,123907639.0,144327640100.9,1.11,6402.14,sh000905
2023-03-02 00:00:00,6398.26,6382.23,6410.23,6375.01,125349297.0,147597102774.1,0.55,6382.23,sh000905
2023-03-03 00:00:00,6384.06,6390.32,6398.47,6346.96,123234775.0,140273359354.4,0.81,6390.32,sh000905
2023-03-06 00:00:00,6398.1,6395.22,6405.82,6362.47,126845634.0,155123686031.2,0.68,6395.22,sh000905
2023-03-07 00:00:00,6389.81,6284.3,6396.54,6284.22,137928869.0,149308292189.0,1.76,6284.3,sh000905
2023-03-08 00:00:00,6264.43,6301.52,6303.71,6258.32,98698357.0,114463801002.9,0.72,6301.52,sh000905
2023-03-09 00:00:00,6311.04,6285.95,6311.34,6258.45,92688914.0,111866575503.5,0.84,6285.95,sh000905
2023-03-10 00:00:00,6251.56,6204.9,6261.33,6202.61,108052290.0,129144574718.6,0.93,6204.9,sh000905
2023-03-13 00:00:00,6189.98,6245.0,6245.0,6178.67,108006552.0,132474098352.3,1.07,6245.0,sh000905
2023-03-14 00:00:00,6237.73,6189.4,6243.42,6127.69,121200145.0,149977754662.0,1.85,6189.4,sh000905
2023-03-15 00:00:00,6210.93,6224.64,6254.49,6210.93,112948528.0,129455795140.3,0.7,6224.64,sh000905
2023-03-16 00:00:00,6191.3,6140.83,6209.97,6133.83,127632685.0,143759016862.1,1.22,6140.83,sh000905
2023-03-17 00:00:00,6174.19,6183.18,6233.75,6169.84,137108334.0,157222487365.1,1.04,6183.18,sh000905
2023-03-20 00:00:00,6195.35,6160.35,6201.97,6152.81,145580891.0,167826184366.7,0.8,6160.35,sh000905
2023-03-21 00:00:00,6171.89,6234.68,6235.01,6171.28,123025331.0,144174739305.4,1.03,6234.68,sh000905
2023-03-22 00:00:00,6244.36,6269.74,6271.52,6242.16,128266386.0,149867921197.4,0.47,6269.74,sh000905
2023-03-23 00:00:00,6253.58,6305.76,6305.76,6245.98,129179648.0,164124553074.5,0.95,6305.76,sh000905
2023-03-24 00:00:00,6312.43,6310.1,6315.68,6279.54,141020989.0,179449338405.6,0.57,6310.1,sh000905
2023-03-27 00:00:00,6304.48,6311.6,6320.66,6265.01,144664863.0,184209306469.8,0.88,6311.6,sh000905
2023-03-28 00:00:00,6314.58,6279.92,6331.56,6272.72,139156104.0,174935282609.8,0.93,6279.92,sh000905
2023-03-29 00:00:00,6285.95,6260.55,6294.3,6239.94,131548284.0,166565424024.2,0.87,6260.55,sh000905
2023-03-30 00:00:00,6257.64,6286.18,6287.44,6213.97,123218599.0,155158644767.8,1.17,6286.18,sh000905
2023-03-31 00:00:00,6284.85,6339.82,6343.23,6282.14,129489835.0,164138969077.5,0.97,6339.82,sh000905
2023-04-03 00:00:00,6346.69,6413.81,6419.87,6346.69,163921048.0,215330527397.2,1.15,6413.81,sh000905
2023-04-04 00:00:00,6414.82,6408.9,6423.31,6377.53,157491755.0,218740913531.4,0.71,6408.9,sh000905
2023-04-06 00:00:00,6387.23,6416.85,6428.72,6382.03,144064448.0,207002794759.6,0.73,6416.85,sh000905
2023-04-07 00:00:00,6418.26,6464.47,6470.09,6416.68,127964625.0,177737436540.0,0.83,6464.47,sh000905
2023-04-10 00:00:00,6474.94,6410.52,6476.22,6395.37,145134187.0,203397862936.4,1.25,6410.52,sh000905
2023-04-11 00:00:00,6405.63,6420.88,6421.49,6381.06,142399109.0,188800337843.3,0.63,6420.88,sh000905
2023-04-12 00:00:00,6415.7,6443.44,6450.35,6407.2,149447956.0,188164796583.5,0.67,6443.44,sh000905
2023-04-13 00:00:00,6438.16,6404.65,6451.79,6396.02,156199573.0,196031015021.2,0.87,6404.65,sh000905
2023-04-14 00:00:00,6420.31,6431.07,6444.89,6390.92,145300668.0,190743030851.0,0.84,6431.07,sh000905
2023-04-17 00:00:00,6422.87,6459.24,6459.24,6421.39,168823079.0,196752268308.1,0.59,6459.24,sh000905
2023-04-18 00:00:00,6448.76,6449.85,6462.25,6422.05,143471341.0,184598154225.6,0.62,6449.85,sh000905
2023-04-19 00:00:00,6444.87,6416.97,6456.15,6404.99,148699774.0,192403574162.7,0.79,6416.97,sh000905
2023-04-20 00:00:00,6408.81,6411.76,6413.08,6376.35,150501294.0,196199845238.5,0.57,6411.76,sh000905
2023-04-21 00:00:00,6411.51,6250.54,6411.51,6250.54,162313297.0,210802112228.2,2.51,6250.54,sh000905
2023-04-24 00:00:00,6250.96,6208.78,6260.54,6184.71,147694845.0,191204975164.8,1.21,6208.78,sh000905
2023-04-25 00:00:00,6205.62,6118.15,6208.4,6042.64,162459277.0,200847244830.6,2.67,6118.15,sh000905
2023-04-26 00:00:00,6095.13,6142.15,6178.17,6093.2,152166354.0,197699832955.3,1.39,6142.15,sh000905
2023-04-27 00:00:00,6127.64,6157.94,6190.25,6121.61,143136116.0,179308956550.4,1.12,6157.94,sh000905
2023-04-28 00:00:00,6151.64,6241.24,6245.55,6151.64,167876482.0,199335712325.8,1.53,6241.24,sh000905
2023-05-04 00:00:00,6223.23,6262.39,6264.52,6218.78,202487970.0,215098748101.1,0.73,6262.39,sh000905
2023-05-05 00:00:00,6255.7,6200.58,6256.23,6172.69,178261017.0,192217857467.7,1.33,6200.58,sh000905
2023-05-08 00:00:00,6202.68,6248.58,6259.69,6200.15,202718255.0,198162493586.1,0.96,6248.58,sh000905
2023-05-09 00:00:00,6242.66,6181.98,6274.9,6177.65,224389467.0,215437054342.0,1.56,6181.98,sh000905
2023-05-10 00:00:00,6167.13,6173.81,6199.16,6137.15,175453727.0,180485291578.1,1.0,6173.81,sh000905
2023-05-11 00:00:00,6185.67,6154.47,6190.39,6151.07,146064946.0,152275213604.4,0.64,6154.47,sh000905
2023-05-12 00:00:00,6138.94,6091.65,6173.91,6088.22,140410664.0,142316419328.4,1.39,6091.65,sh000905
2023-05-15 00:00:00,6094.68,6159.39,6159.39,6036.81,149843583.0,159620224620.0,2.01,6159.39,sh000905
2023-05-16 00:00:00,6159.17,6110.83,6159.17,6095.69,121841116.0,142447474647.0,1.03,6110.83,sh000905
2023-05-17 00:00:00,6097.98,6122.05,6137.02,6090.88,107266349.0,125585549046.7,0.76,6122.05,sh000905
2023-05-18 00:00:00,6132.52,6128.18,6153.99,6101.24,122942111.0,144557618052.5,0.86,6128.18,sh000905
2023-05-19 00:00:00,6116.84,6117.08,6149.14,6085.04,119304896.0,147524516028.4,1.05,6117.08,sh000905
2023-05-22 00:00:00,6111.84,6115.32,6136.86,6086.23,112715682.0,126363418363.6,0.83,6115.32,sh000905
2023-05-23 00:00:00,6114.21,6052.43,6117.36,6052.43,111104244.0,120628486661.7,1.06,6052.43,sh000905
2023-05-24 00:00:00,6032.69,6005.79,6058.39,5988.03,107223414.0,116914166402.6,1.16,6005.79,sh000905
2023-05-25 00:00:00,6000.22,5988.19,6028.64,5926.2,109922832.0,126769237204.5,1.71,5988.19,sh000905
2023-05-26 00:00:00,5983.14,6034.98,6045.13,5953.88,106381588.0,123263014837.6,1.52,6034.98,sh000905
2023-05-29 00:00:00,6046.54,6025.16,6058.92,6012.4,125139417.0,146808330637.6,0.77,6025.16,sh000905
2023-05-30 00:00:00,6008.46,6061.31,6061.31,5960.34,127312017.0,151849134859.6,1.68,6061.31,sh000905
2023-05-31 00:00:00,6044.02,6047.8,6063.19,6009.25,117476106.0,144653727477.5,0.89,6047.8,sh000905
2023-06-01 00:00:00,6028.8,6051.46,6094.24,6008.27,126250315.0,154907281920.7,1.42,6051.46,sh000905
2023-06-02 00:00:00,6061.91,6105.22,6115.07,6061.91,122306738.0,142073539923.0,0.88,6105.22,sh000905
2023-06-05 00:00:00,6102.13,6097.11,6107.12,6075.59,115747953.0,131118706647.8,0.52,6097.11,sh000905
2023-06-06 00:00:00,6088.66,5983.42,6089.07,5969.29,123045387.0,133636232835.4,1.96,5983.42,sh000905
2023-06-07 00:00:00,5982.31,5987.01,6010.03,5969.16,93597892.0,113593743557.7,0.68,5987.01,sh000905
2023-06-08 00:00:00,5971.72,5966.15,5992.97,5922.39,108981632.0,124387889683.3,1.18,5966.15,sh000905
2023-06-09 00:00:00,5968.7,6009.58,6017.28,5960.11,127553432.0,158760400688.5,0.96,6009.58,sh000905
2023-06-12 00:00:00,5999.62,6027.71,6045.66,5987.27,113612471.0,151203107291.2,0.97,6027.71,sh000905
2023-06-13 00:00:00,6016.69,6044.04,6047.06,6014.06,98680298.0,134425849549.1,0.55,6044.04,sh000905
2023-06-14 00:00:00,6046.44,6044.08,6064.29,6034.47,109689021.0,148046160093.7,0.49,6044.08,sh000905
2023-06-15 00:00:00,6049.47,6096.81,6100.23,6046.16,118417734.0,165700035083.1,0.89,6096.81,sh000905
2023-06-16 00:00:00,6094.84,6148.01,6154.93,6091.18,115349568.0,165690149218.5,1.05,6148.01,sh000905
2023-06-19 00:00:00,6148.85,6131.38,6148.85,6126.39,113787209.0,164780447140.9,0.37,6131.38,sh000905
2023-06-20 00:00:00,6122.74,6126.11,6144.01,6100.14,106630832.0,161419763306.8,0.72,6126.11,sh000905
2023-06-21 00:00:00,6104.25,5990.85,6104.25,5990.79,106447766.0,154200972220.3,1.85,5990.85,sh000905
2023-06-26 00:00:00,5947.57,5887.03,5970.61,5875.94,111081791.0,148203624502.1,1.58,5887.03,sh000905
2023-06-27 00:00:00,5897.69,5948.0,5956.18,5884.95,93039155.0,118625135535.9,1.21,5948.0,sh000905
2023-06-28 00:00:00,5945.64,5942.31,5951.13,5857.13,93944302.0,128454934662.7,1.58,5942.31,sh000905
2023-06-29 00:00:00,5928.71,5940.58,5964.86,5924.28,88376857.0,123484005846.8,0.68,5940.58,sh000905
2023-06-30 00:00:00,5931.87,5998.73,6016.45,5927.94,94504668.0,133367471516.9,1.49,5998.73,sh000905
2023-07-03 00:00:00,6009.27,6042.31,6056.16,5997.85,113075905.0,153065229521.6,0.97,6042.31,sh000905
2023-07-04 00:00:00,6042.72,6055.26,6059.57,6027.29,105583765.0,144484638910.0,0.53,6055.26,sh000905
2023-07-05 00:00:00,6050.35,6020.82,6059.38,6011.87,104129041.0,142198505817.2,0.78,6020.82,sh000905
2023-07-06 00:00:00,6010.66,5988.55,6042.29,5983.48,93965038.0,131979482562.6,0.98,5988.55,sh000905
2023-07-07 00:00:00,5973.98,5961.61,5994.28,5936.23,94118346.0,121687700019.0,0.97,5961.61,sh000905
2023-07-10 00:00:00,5980.61,5984.28,6003.4,5958.73,85168564.0,113940191969.5,0.75,5984.28,sh000905
2023-07-11 00:00:00,5991.02,6029.23,6029.23,5972.14,84531897.0,117919697046.3,0.95,6029.23,sh000905
2023-07-12 00:00:00,6030.64,5962.79,6033.58,5960.43,96692241.0,134419386322.7,1.21,5962.79,sh000905
2023-07-13 00:00:00,5986.25,6044.06,6049.06,5986.25,99656398.0,138941870295.0,1.05,6044.06,sh000905
2023-07-14 00:00:00,6052.95,6030.52,6055.53,6026.33,94963197.0,137880575951.9,0.48,6030.52,sh000905
2023-07-17 00:00:00,6012.76,6012.69,6018.07,5985.44,88420212.0,124991560881.3,0.54,6012.69,sh000905
2023-07-18 00:00:00,6015.98,6001.8,6027.61,5984.06,87719910.0,121310187887.2,0.72,6001.8,sh000905
2023-07-19 00:00:00,5998.38,5993.41,6017.45,5962.99,77791034.0,104054562581.1,0.91,5993.41,sh000905
2023-07-20 00:00:00,5996.84,5925.48,6009.43,5920.15,91195368.0,123684933457.2,1.49,5925.48,sh000905
2023-07-21 00:00:00,5914.35,5925.63,5961.05,5904.79,81975307.0,107065413903.9,0.95,5925.63,sh000905
2023-07-24 00:00:00,5913.57,5916.71,5954.24,5896.45,75928001.0,99623302711.1,0.98,5916.71,sh000905
2023-07-25 00:00:00,5976.97,6016.63,6016.75,5971.73,131896392.0,145732847141.7,0.76,6016.63,sh000905
2023-07-26 00:00:00,6014.76,6001.54,6015.58,5984.39,121825219.0,120547387629.8,0.52,6001.54,sh000905
2023-07-27 00:00:00,5998.85,5961.18,6017.67,5952.89,123000825.0,117272101565.3,1.08,5961.18,sh000905
2023-07-28 00:00:00,5945.91,6043.24,6049.76,5932.06,163171871.0,149147477703.5,1.97,6043.24,sh000905
2023-07-31 00:00:00,6059.11,6088.24,6133.72,6059.11,186551103.0,179595743483.0,1.23,6088.24,sh000905
2023-08-01 00:00:00,6086.9,6098.88,6113.98,6077.11,187588600.0,166628364673.4,0.61,6098.88,sh000905
2023-08-02 00:00:00,6088.14,6077.46,6111.24,6059.87,147154529.0,135758673344.6,0.84,6077.46,sh000905
2023-08-03 00:00:00,6062.64,6098.69,6101.81,6047.68,146479011.0,138777463929.6,0.89,6098.69,sh000905
2023-08-04 00:00:00,6126.15,6128.56,6164.16,6105.64,196943501.0,186850093568.5,0.96,6128.56,sh000905
2023-08-07 00:00:00,6115.84,6090.73,6117.92,6072.54,145319137.0,154416328543.1,0.74,6090.73,sh000905
2023-08-08 00:00:00,6077.3,6066.1,6088.1,6044.24,121545728.0,131357351526.3,0.72,6066.1,sh000905
2023-08-09 00:00:00,6049.45,6021.75,6062.02,6012.25,98809174.0,116294678353.9,0.82,6021.75,sh000905
2023-08-10 00:00:00,6013.35,6031.71,6040.46,5999.56,99842638.0,103950301369.3,0.68,6031.71,sh000905
2023-08-11 00:00:00,6030.05,5913.35,6030.05,5913.35,113072007.0,115393420336.3,1.93,5913.35,sh000905
2023-08-14 00:00:00,5864.48,5916.8,5919.8,5833.46,103675706.0,116321082192.1,1.46,5916.8,sh000905
2023-08-15 00:00:00,5919.77,5879.78,5926.42,5830.97,92417381.0,107626210841.9,1.61,5879.78,sh000905
2023-08-16 00:00:00,5858.6,5833.22,5891.81,5833.22,104950425.0,114013689380.0,1.0,5833.22,sh000905
2023-08-17 00:00:00,5808.91,5874.36,5882.15,5778.53,113576384.0,120852973476.6,1.78,5874.36,sh000905
2023-08-18 00:00:00,5875.11,5777.8,5891.4,5777.8,102931845.0,109766358594.4,1.93,5777.8,sh000905
2023-08-21 00:00:00,5764.67,5710.78,5802.51,5710.78,92835698.0,96691987125.6,1.59,5710.78,sh000905
2023-08-22 00:00:00,5733.25,5741.06,5754.57,5646.51,106175193.0,120035178924.1,1.89,5741.06,sh000905
2023-08-23 00:00:00,5732.39,5629.5,5732.39,5629.5,94186725.0,101871329162.8,1.79,5629.5,sh000905
2023-08-24 00:00:00,5650.36,5652.67,5701.32,5619.33,108086771.0,120640882887.6,1.46,5652.67,sh000905
2023-08-25 00:00:00,5624.77,5581.21,5648.62,5560.22,106241602.0,114730298316.4,1.56,5581.21,sh000905
2023-08-28 00:00:00,5885.88,5644.14,5887.51,5631.69,185745619.0,181457042375.4,4.58,5644.14,sh000905
2023-08-29 00:00:00,5631.01,5770.32,5789.96,5626.52,160851895.0,165476278766.7,2.9,5770.32,sh000905
2023-08-30 00:00:00,5780.28,5775.15,5817.73,5753.22,136004384.0,145078565405.8,1.12,5775.15,sh000905
2023-08-31 00:00:00,5770.95,5739.4,5777.42,5728.47,116335134.0,121252796160.9,0.85,5739.4,sh000905
2023-09-01 00:00:00,5746.41,5750.8,5775.18,5732.97,104179103.0,107061408580.6,0.74,5750.8,sh000905
2023-09-04 00:00:00,5772.03,5829.78,5829.78,5758.03,135648873.0,135994054181.1,1.25,5829.78,sh000905
2023-09-05 00:00:00,5819.97,5788.71,5822.06,5779.37,106517658.0,114971726102.7,0.73,5788.71,sh000905
2023-09-06 00:00:00,5771.85,5790.38,5800.96,5748.65,90480502.0,106512753384.6,0.9,5790.38,sh000905
2023-09-07 00:00:00,5782.07,5702.7,5782.07,5701.8,92920518.0,105713167275.8,1.39,5702.7,sh000905
2023-09-08 00:00:00,5684.66,5708.62,5732.37,5683.4,79520028.0,93059123325.2,0.86,5708.62,sh000905
2023-09-11 00:00:00,5723.02,5774.73,5802.21,5704.7,112837137.0,132425678094.5,1.71,5774.73,sh000905
2023-09-12 00:00:00,5774.47,5770.93,5793.83,5763.3,86041207.0,105032116597.9,0.53,5770.93,sh000905
2023-09-13 00:00:00,5764.82,5715.4,5770.41,5681.5,91472473.0,101933192541.5,1.54,5715.4,sh000905
2023-09-14 00:00:00,5714.67,5702.1,5721.21,5679.2,90247792.0,97979765540.8,0.74,5702.1,sh000905
2023-09-15 00:00:00,5716.29,5704.66,5741.07,5680.9,98375964.0,110557876200.1,1.06,5704.66,sh000905
2023-09-18 00:00:00,5685.85,5719.69,5734.19,5665.58,92305722.0,109249767455.6,1.2,5719.69,sh000905
2023-09-19 00:00:00,5713.49,5687.9,5713.6,5670.42,85112102.0,94544819485.1,0.75,5687.9,sh000905
2023-09-20 00:00:00,5677.92,5651.01,5689.83,5651.01,77634158.0,84080282560.4,0.68,5651.01,sh000905
2023-09-21 00:00:00,5638.44,5611.92,5666.7,5609.21,81931509.0,84847061987.6,1.02,5611.92,sh000905
2023-09-22 00:00:00,5606.83,5698.82,5700.32,5603.81,104118982.0,120276386023.4,1.72,5698.82,sh000905
2023-09-25 00:00:00,5694.9,5666.66,5699.15,5659.32,93340719.0,114172282948.0,0.7,5666.66,sh000905
2023-09-26 00:00:00,5661.03,5646.65,5682.28,5646.65,74309615.0,100424427689.8,0.63,5646.65,sh000905
2023-09-27 00:00:00,5642.39,5674.35,5701.51,5641.85,81086240.0,102149151673.6,1.06,5674.35,sh000905
2023-09-28 00:00:00,5687.64,5690.77,5704.62,5677.53,79477338.0,101456952317.7,0.48,5690.77,sh000905
2023-10-09 00:00:00,5679.64,5658.08,5680.95,5634.35,90029836.0,109095282387.9,0.82,5658.08,sh000905
2023-10-10 00:00:00,5665.66,5630.37,5678.46,5627.41,87726425.0,104621240810.9,0.9,5630.37,sh000905
2023-10-11 00:00:00,5639.07,5629.79,5674.25,5617.87,90644826.0,112202131187.6,1.0,5629.79,sh000905
2023-10-12 00:00:00,5655.61,5671.64,5677.82,5642.49,100502986.0,119947478383.3,0.63,5671.64,sh000905
2023-10-13 00:00:00,5645.44,5633.38,5646.07,5616.85,89391702.0,110878380412.7,0.52,5633.38,sh000905
2023-10-16 00:00:00,5633.3,5580.67,5636.32,5559.42,89867550.0,107684372825.8,1.37,5580.67,sh000905
2023-10-17 00:00:00,5585.14,5595.34,5599.42,5556.57,92516737.0,105060399668.5,0.77,5595.34,sh000905
2023-10-18 00:00:00,5586.02,5524.6,5586.02,5519.46,98953562.0,110310590720.5,1.19,5524.6,sh000905
2023-10-19 00:00:00,5496.76,5464.03,5529.87,5463.65,108078335.0,117347195293.0,1.2,5464.03,sh000905
2023-10-20 00:00:00,5443.46,5423.67,5473.21,5413.02,94936115.0,107713531625.7,1.1,5423.67,sh000905
2023-10-23 00:00:00,5400.54,5290.33,5400.79,5269.83,103083126.0,112227737477.3,2.41,5290.33,sh000905
2023-10-24 00:00:00,5311.67,5352.01,5363.2,5290.5,114745729.0,126190795980.9,1.37,5352.01,sh000905
2023-10-25 00:00:00,5386.43,5376.0,5423.01,5376.0,114921244.0,129741397087.7,0.88,5376.0,sh000905
2023-10-26 00:00:00,5351.16,5398.93,5404.99,5337.49,102485044.0,116893043685.1,1.26,5398.93,sh000905
2023-10-27 00:00:00,5387.27,5492.03,5514.31,5380.94,112542804.0,132776259320.2,2.47,5492.03,sh000905
2023-10-30 00:00:00,5484.62,5546.39,5559.78,5483.16,123034185.0,153066651404.1,1.4,5546.39,sh000905
2023-10-31 00:00:00,5547.32,5528.24,5554.19,5505.93,105679375.0,127527068558.9,0.87,5528.24,sh000905
2023-11-01 00:00:00,5534.89,5509.97,5534.94,5496.83,87185785.0,105639439602.5,0.69,5509.97,sh000905
2023-11-02 00:00:00,5514.52,5459.45,5532.85,5457.75,90202645.0,101795786004.1,1.36,5459.45,sh000905
2023-11-03 00:00:00,5462.14,5510.36,5537.73,5462.14,97990576.0,114009935832.3,1.38,5510.36,sh000905
2023-11-06 00:00:00,5549.29,5605.06,5609.26,5549.29,139241046.0,156664899021.4,1.09,5605.06,sh000905
2023-11-07 00:00:00,5594.47,5611.1,5631.1,5578.51,120579321.0,139898836824.0,0.94,5611.1,sh000905
2023-11-08 00:00:00,5602.97,5608.02,5633.97,5577.39,122994558.0,139708501031.2,1.01,5608.02,sh000905
2023-11-09 00:00:00,5602.49,5592.06,5638.08,5582.12,106362800.0,123039510738.4,1.0,5592.06,sh000905
2023-11-10 00:00:00,5577.34,5573.1,5585.21,5550.82,94324024.0,109671917967.6,0.61,5573.1,sh000905
2023-11-13 00:00:00,5589.06,5605.57,5605.57,5565.09,102158932.0,117833772398.6,0.73,5605.57,sh000905
2023-11-14 00:00:00,5602.98,5630.55,5639.19,5600.78,101073136.0,116072656381.1,0.69,5630.55,sh000905
2023-11-15 00:00:00,5677.55,5664.62,5684.75,5649.72,113087937.0,131864342620.6,0.62,5664.62,sh000905
2023-11-16 00:00:00,5647.06,5609.36,5652.4,5609.36,94662677.0,105765074960.8,0.76,5609.36,sh000905
2023-11-17 00:00:00,5598.95,5631.42,5632.39,5593.49,89422342.0,101443839223.4,0.69,5631.42,sh000905
2023-11-20 00:00:00,5635.59,5659.77,5669.38,5609.27,103105072.0,119885024783.4,1.07,5659.77,sh000905
2023-11-21 00:00:00,5669.17,5641.08,5696.09,5634.27,114861205.0,126740611037.5,1.09,5641.08,sh000905
2023-11-22 00:00:00,5622.86,5572.9,5639.0,5572.9,104718408.0,109971792008.8,1.17,5572.9,sh000905
2023-11-23 00:00:00,5566.73,5622.99,5627.79,5548.97,98042432.0,101151204629.6,1.41,5622.99,sh000905
2023-11-24 00:00:00,5619.32,5570.42,5619.32,5556.71,101248044.0,100701104772.1,1.11,5570.42,sh000905
2023-11-27 00:00:00,5562.75,5566.51,5579.72,5531.65,98218653.0,107690772117.8,0.86,5566.51,sh000905
2023-11-28 00:00:00,5561.58,5591.5,5594.72,5529.54,89373272.0,98930980618.3,1.17,5591.5,sh000905
2023-11-29 00:00:00,5588.77,5553.33,5593.37,5547.84,89509151.0,96924084400.2,0.81,5553.33,sh000905
2023-11-30 00:00:00,5548.52,5545.05,5560.33,5509.96,87841505.0,95350481599.1,0.91,5545.05,sh000905
2023-12-01 00:00:00,5541.23,5566.87,5576.73,5521.06,93371708.0,107454844321.7,1.0,5566.87,sh000905
2023-12-04 00:00:00,5578.42,5559.07,5590.84,5559.07,99306543.0,119628388288.4,0.57,5559.07,sh000905
2023-12-05 00:00:00,5542.87,5460.41,5542.87,5460.41,91298248.0,103824359571.7,1.48,5460.41,sh000905
2023-12-06 00:00:00,5448.46,5481.82,5513.09,5443.07,88373997.0,102084528903.4,1.28,5481.82,sh000905
2023-12-07 00:00:00,5475.27,5481.14,5501.48,5443.29,89048687.0,103621973820.8,1.06,5481.14,sh000905
2023-12-08 00:00:00,5484.68,5497.99,5522.06,5477.53,118123774.0,140788027712.1,0.81,5497.99,sh000905
2023-12-11 00:00:00,5473.65,5564.85,5574.12,5429.44,118605911.0,140631297822.3,2.63,5564.85,sh000905
2023-12-12 00:00:00,5560.44,5566.18,5576.01,5545.16,84232331.0,110639096839.0,0.55,5566.18,sh000905
2023-12-13 00:00:00,5557.05,5507.51,5558.06,5507.51,75929894.0,96464641302.3,0.91,5507.51,sh000905
2023-12-14 00:00:00,5532.99,5489.33,5557.37,5487.75,74118097.0,89999982306.2,1.26,5489.33,sh000905
2023-12-15 00:00:00,5499.37,5449.79,5516.22,5438.53,80125418.0,94631897359.6,1.42,5449.79,sh000905
2023-12-18 00:00:00,5436.99,5385.27,5448.08,5374.59,78022493.0,88053828533.8,1.35,5385.27,sh000905
2023-12-19 00:00:00,5380.73,5379.87,5406.96,5344.03,70323722.0,82191407660.2,1.17,5379.87,sh000905
2023-12-20 00:00:00,5386.0,5309.29,5388.46,5308.57,75387097.0,86209163297.2,1.48,5309.29,sh000905
2023-12-21 00:00:00,5286.45,5338.76,5352.5,5253.32,81522318.0,96981042377.4,1.87,5338.76,sh000905
2023-12-22 00:00:00,5337.38,5311.69,5366.23,5293.22,90387004.0,108918439607.9,1.37,5311.69,sh000905
2023-12-25 00:00:00,5301.57,5315.37,5339.66,5288.47,65918772.0,81018151918.5,0.96,5315.37,sh000905
2023-12-26 00:00:00,5312.8,5258.28,5313.92,5238.04,67532007.0,80910364895.8,1.43,5258.28,sh000905
2023-12-27 00:00:00,5261.57,5285.53,5293.8,5235.46,75397918.0,84253444705.4,1.11,5285.53,sh000905
2023-12-28 00:00:00,5280.69,5382.8,5400.24,5275.4,107699239.0,126896204801.3,2.36,5382.8,sh000905
2023-12-29 00:00:00,5376.98,5429.23,5437.15,5374.69,90931766.0,112533613054.4,1.16,5429.23,sh000905
2024-01-02 00:00:00,5431.48,5409.46,5439.48,5409.46,92964747.0,106839922689.4,0.55,5409.46,sh000905
2024-01-03 00:00:00,5398.29,5401.4,5428.52,5373.83,86705229.0,99883598918.1,1.01,5401.4,sh000905
2024-01-04 00:00:00,5395.14,5355.32,5395.14,5331.89,78846568.0,91011406056.3,1.17,5355.32,sh000905
2024-01-05 00:00:00,5347.07,5281.87,5373.68,5260.59,89538884.0,101084569596.5,2.11,5281.87,sh000905
2024-01-08 00:00:00,5268.23,5167.7,5268.98,5167.7,83785155.0,92792791379.5,1.92,5167.7,sh000905
2024-01-09 00:00:00,5176.11,5180.65,5220.46,5153.0,78740418.0,90959823751.5,1.31,5180.65,sh000905
2024-01-10 00:00:00,5167.73,5158.08,5211.82,5118.43,71173946.0,84227807644.4,1.8,5158.08,sh000905
2024-01-11 00:00:00,5152.36,5223.86,5243.14,5146.9,85041295.0,106151947191.7,1.87,5223.86,sh000905
2024-01-12 00:00:00,5213.14,5206.18,5262.62,5206.16,76619831.0,93271394880.1,1.08,5206.18,sh000905
2024-01-15 00:00:00,5189.53,5193.3,5238.96,5171.24,73925097.0,88027788849.7,1.3,5193.3,sh000905
2024-01-16 00:00:00,5188.37,5190.4,5210.08,5124.08,83070371.0,92337607304.7,1.66,5190.4,sh000905
2024-01-17 00:00:00,5180.93,5061.54,5180.93,5061.54,78741849.0,87930639304.5,2.3,5061.54,sh000905
2024-01-18 00:00:00,5033.1,5066.96,5069.23,4924.68,118751055.0,123436419725.2,2.86,5066.96,sh000905
2024-01-19 00:00:00,5056.48,5018.43,5084.29,5014.77,78467383.0,92039421274.4,1.37,5018.43,sh000905
2024-01-22 00:00:00,5008.68,4780.97,5008.77,4753.63,109708492.0,115622857135.0,5.08,4780.97,sh000905
2024-01-23 00:00:00,4771.5,4865.74,4889.42,4727.88,99944718.0,107808853142.3,3.38,4865.74,sh000905
2024-01-24 00:00:00,4886.2,4933.7,4941.44,4766.8,114025805.0,112683270494.8,3.59,4933.7,sh000905
2024-01-25 00:00:00,4931.63,5073.18,5074.49,4910.96,132307766.0,134822852027.2,3.31,5073.18,sh000905
2024-01-26 00:00:00,5055.29,5027.09,5086.13,5009.97,117009836.0,119232918977.8,1.5,5027.09,sh000905
2024-01-29 00:00:00,5032.11,4927.91,5050.11,4927.91,116876657.0,117835011090.9,2.43,4927.91,sh000905
2024-01-30 00:00:00,4898.36,4814.99,4939.35,4810.1,99675811.0,95474113525.6,2.62,4814.99,sh000905
2024-01-31 00:00:00,4786.81,4696.98,4832.4,4690.94,121093158.0,116592536773.1,2.94,4696.98,sh000905
2024-02-01 00:00:00,4667.91,4678.73,4771.05,4629.99,111471910.0,107508825587.6,3.0,4678.73,sh000905
2024-02-02 00:00:00,4686.1,4563.22,4724.05,4435.56,137501832.0,124953077788.8,6.17,4563.22,sh000905
2024-02-05 00:00:00,4527.71,4460.26,4598.06,4281.24,165958337.0,143547017412.4,6.94,4460.26,sh000905
2024-02-06 00:00:00,4411.3,4805.9,4817.12,4405.31,173058335.0,156485198829.2,9.23,4805.9,sh000905
2024-02-07 00:00:00,4813.95,5109.57,5110.8,4813.23,227198934.0,212618286127.8,6.19,5109.57,sh000905
2024-02-08 00:00:00,5131.8,5150.23,5367.22,5129.78,213676123.0,212255665093.8,4.65,5150.23,sh000905
2024-02-19 00:00:00,5225.14,5141.6,5225.14,5074.76,162949893.0,172805832899.6,2.92,5141.6,sh000905
2024-02-20 00:00:00,5107.57,5140.96,5151.72,5072.88,121646379.0,133242205643.5,1.53,5140.96,sh000905
2024-02-21 00:00:00,5101.41,5139.04,5252.88,5074.82,150872501.0,155561259421.7,3.46,5139.04,sh000905
2024-02-22 00:00:00,5133.55,5176.34,5184.62,5117.68,116614806.0,127546517889.3,1.3,5176.34,sh000905
2024-02-23 00:00:00,5190.65,5197.71,5197.71,5118.57,135265004.0,145442447176.8,1.53,5197.71,sh000905
2024-02-26 00:00:00,5194.74,5195.46,5255.36,5162.95,144018944.0,152600869381.9,1.78,5195.46,sh000905
2024-02-27 00:00:00,5174.82,5307.8,5307.8,5160.88,138971751.0,157201596730.4,2.83,5307.8,sh000905
2024-02-28 00:00:00,5311.43,5184.05,5383.32,5184.05,202560985.0,214135426954.0,3.75,5184.05,sh000905
2024-02-29 00:00:00,5154.15,5346.79,5349.77,5154.15,160790165.0,178975999913.2,3.77,5346.79,sh000905
2024-03-01 00:00:00,5350.86,5379.05,5387.78,5321.56,142298395.0,171103270101.0,1.24,5379.05,sh000905
2024-03-04 00:00:00,5386.94,5388.82,5400.12,5325.96,143928469.0,175906403369.0,1.38,5388.82,sh000905
2024-03-05 00:00:00,5358.22,5351.83,5382.98,5329.97,140816479.0,174282675002.5,0.98,5351.83,sh000905
2024-03-06 00:00:00,5332.83,5350.1,5405.49,5293.95,121099564.0,146843351594.8,2.08,5350.1,sh000905
2024-03-07 00:00:00,5354.33,5277.3,5384.66,5277.3,139831342.0,157442183149.0,2.01,5277.3,sh000905
2024-03-08 00:00:00,5282.41,5349.6,5361.71,5268.53,121467978.0,144003562005.9,1.77,5349.6,sh000905
2024-03-11 00:00:00,5342.18,5441.05,5443.04,5339.26,142981732.0,173588864750.5,1.94,5441.05,sh000905
2024-03-12 00:00:00,5445.88,5423.72,5473.29,5385.14,147072536.0,178848761377.9,1.62,5423.72,sh000905
2024-03-13 00:00:00,5430.04,5415.11,5459.32,5389.53,129746301.0,164526330861.1,1.29,5415.11,sh000905
2024-03-14 00:00:00,5415.15,5392.93,5447.54,5352.12,131887357.0,157337167775.7,1.76,5392.93,sh000905
2024-03-15 00:00:00,5380.02,5454.15,5456.73,5357.18,136405030.0,158718756617.2,1.85,5454.15,sh000905
2024-03-18 00:00:00,5472.31,5528.45,5528.45,5459.55,159862638.0,190794115131.3,1.26,5528.45,sh000905
2024-03-19 00:00:00,5514.55,5478.22,5533.64,5477.12,146777240.0,176661748327.6,1.02,5478.22,sh000905
2024-03-20 00:00:00,5469.61,5493.41,5499.24,5455.76,126273262.0,157036230421.8,0.79,5493.41,sh000905
2024-03-21 00:00:00,5505.7,5465.83,5517.46,5454.23,129489458.0,159252387801.8,1.15,5465.83,sh000905
2024-03-22 00:00:00,5454.41,5384.57,5463.54,5356.11,137096029.0,163185963748.5,1.97,5384.57,sh000905
2024-03-25 00:00:00,5369.78,5294.75,5401.6,5292.64,130778254.0,156251665726.7,2.02,5294.75,sh000905
2024-03-26 00:00:00,5291.52,5284.42,5318.88,5237.9,116468112.0,145296216679.9,1.53,5284.42,sh000905
2024-03-27 00:00:00,5280.73,5156.68,5282.7,5156.68,110107142.0,129828707609.3,2.38,5156.68,sh000905
2024-03-28 00:00:00,5156.48,5223.81,5276.64,5156.48,116318192.0,140612607112.3,2.33,5223.81,sh000905
2024-03-29 00:00:00,5220.55,5286.16,5287.04,5211.19,109047149.0,126574031377.1,1.45,5286.16,sh000905
2024-04-01 00:00:00,5309.83,5401.22,5401.78,5309.83,136734854.0,166553105409.3,1.74,5401.22,sh000905
2024-04-02 00:00:00,5395.48,5381.23,5402.16,5353.31,132148642.0,155779915085.8,0.9,5381.23,sh000905
2024-04-03 00:00:00,5373.5,5374.6,5386.34,5350.16,133628053.0,154114398165.9,0.67,5374.6,sh000905
2024-04-08 00:00:00,5358.96,5298.59,5383.66,5297.56,148588559.0,161260958590.0,1.6,5298.59,sh000905
2024-04-09 00:00:00,5294.47,5342.9,5342.9,5284.96,113300745.0,133262737277.5,1.09,5342.9,sh000905
2024-04-10 00:00:00,5335.73,5275.47,5335.73,5242.86,117908618.0,132251020973.6,1.74,5275.47,sh000905
2024-04-11 00:00:00,5244.05,5301.81,5353.81,5240.51,127745143.0,141290912857.4,2.15,5301.81,sh000905
2024-04-12 00:00:00,5307.72,5277.22,5336.45,5270.46,118524933.0,136145117631.0,1.24,5277.22,sh000905
2024-04-15 00:00:00,5270.04,5339.72,5376.05,5219.43,159217624.0,169269295711.9,2.97,5339.72,sh000905
2024-04-16 00:00:00,5309.1,5191.55,5346.76,5184.65,162583973.0,168778499341.7,3.04,5191.55,sh000905
2024-04-17 00:00:00,5211.25,5339.75,5339.75,5211.25,147594552.0,155660732929.5,2.48,5339.75,sh000905
2024-04-18 00:00:00,5317.8,5349.84,5410.7,5299.23,153497682.0,167338860159.0,2.09,5349.84,sh000905
2024-04-19 00:00:00,5322.36,5314.87,5369.95,5292.02,142134216.0,156010347135.9,1.46,5314.87,sh000905
2024-04-22 00:00:00,5289.41,5267.58,5340.63,5264.19,135266882.0,150190436487.7,1.44,5267.58,sh000905
2024-04-23 00:00:00,5257.77,5208.27,5280.06,5196.96,125801120.0,139018868110.2,1.58,5208.27,sh000905
2024-04-24 00:00:00,5210.18,5263.04,5263.04,5183.7,117297220.0,139471094806.5,1.52,5263.04,sh000905
2024-04-25 00:00:00,5240.48,5259.34,5297.16,5229.82,110833929.0,127544603285.3,1.28,5259.34,sh000905
2024-04-26 00:00:00,5258.38,5372.12,5379.67,5258.38,173777701.0,193788859192.2,2.31,5372.12,sh000905
2024-04-29 00:00:00,5371.21,5478.49,5488.28,5371.21,190936055.0,212148850246.6,2.18,5478.49,sh000905
2024-04-30 00:00:00,5471.17,5441.14,5478.04,5436.58,162797344.0,175143689576.2,0.76,5441.14,sh000905
2024-05-06 00:00:00,5498.44,5528.6,5535.95,5496.91,165791626.0,187906843862.2,0.72,5528.6,sh000905
2024-05-07 00:00:00,5532.32,5527.08,5543.13,5507.5,136535402.0,162155744860.2,0.64,5527.08,sh000905
2024-05-08 00:00:00,5516.45,5458.76,5516.45,5454.87,123955621.0,139472996786.3,1.11,5458.76,sh000905
2024-05-09 00:00:00,5461.36,5556.77,5568.73,5461.36,131121230.0,153999870752.3,1.97,5556.77,sh000905
2024-05-10 00:00:00,5562.19,5535.4,5570.57,5497.5,128688030.0,144026969940.9,1.31,5535.4,sh000905
2024-05-13 00:00:00,5503.13,5505.26,5527.2,5462.51,131627588.0,146159918962.1,1.17,5505.26,sh000905
2024-05-14 00:00:00,5508.47,5500.74,5538.74,5484.96,118994399.0,132592062465.6,0.98,5500.74,sh000905
2024-05-15 00:00:00,5495.56,5446.66,5497.08,5441.35,110124989.0,121525793558.0,1.01,5446.66,sh000905
2024-05-16 00:00:00,5461.11,5424.67,5475.37,5408.13,122108119.0,133148761562.0,1.23,5424.67,sh000905
2024-05-17 00:00:00,5418.66,5491.89,5493.2,5409.7,126916168.0,139244609264.9,1.54,5491.89,sh000905
2024-05-20 00:00:00,5496.79,5523.5,5536.66,5484.36,144971448.0,163572079873.3,0.95,5523.5,sh000905
2024-05-21 00:00:00,5511.48,5478.91,5513.42,5460.98,108691192.0,123832374658.6,0.95,5478.91,sh000905
2024-05-22 00:00:00,5472.01,5468.61,5486.3,5455.08,113057782.0,126572719199.3,0.57,5468.61,sh000905
2024-05-23 00:00:00,5448.94,5362.31,5448.94,5352.39,126657569.0,135749197020.0,1.77,5362.31,sh000905
2024-05-24 00:00:00,5348.51,5313.45,5400.16,5311.49,106564175.0,117396142024.9,1.65,5313.45,sh000905
2024-05-27 00:00:00,5325.85,5371.37,5373.11,5284.51,115643229.0,124785634504.8,1.67,5371.37,sh000905
2024-05-28 00:00:00,5363.33,5316.13,5365.47,5310.32,110965373.0,120979080988.0,1.03,5316.13,sh000905
2024-05-29 00:00:00,5308.59,5328.31,5361.74,5305.96,104361267.0,112762595771.6,1.05,5328.31,sh000905
2024-05-30 00:00:00,5316.4,5308.66,5349.69,5296.49,107350187.0,114757614217.4,1.0,5308.66,sh000905
2024-05-31 00:00:00,5310.72,5308.54,5357.02,5308.54,104151147.0,113019704335.1,0.91,5308.54,sh000905
2024-06-03 00:00:00,5300.79,5274.07,5316.34,5232.69,126968515.0,129543758977.7,1.58,5274.07,sh000905
2024-06-04 00:00:00,5263.23,5341.95,5352.28,5247.58,108083144.0,117835610768.9,1.99,5341.95,sh000905
2024-06-05 00:00:00,5328.87,5277.94,5347.43,5277.94,105792757.0,111608396273.0,1.3,5277.94,sh000905
2024-06-06 00:00:00,5291.52,5228.8,5305.88,5213.66,133368231.0,135739981470.4,1.75,5228.8,sh000905
2024-06-07 00:00:00,5247.15,5208.98,5258.82,5172.05,113527478.0,118553769519.2,1.66,5208.98,sh000905
2024-06-11 00:00:00,5182.41,5217.47,5232.85,5159.33,116437116.0,119660626659.4,1.41,5217.47,sh000905
2024-06-12 00:00:00,5209.13,5232.95,5245.99,5205.57,103065569.0,111341271703.7,0.77,5232.95,sh000905
2024-06-13 00:00:00,5231.91,5194.59,5233.8,5182.74,118232764.0,123194241679.1,0.98,5194.59,sh000905
2024-06-14 00:00:00,5180.29,5213.09,5235.88,5163.38,133998620.0,146009261400.6,1.4,5213.09,sh000905
2024-06-17 00:00:00,5189.28,5207.13,5223.59,5184.6,107970664.0,135704407617.0,0.75,5207.13,sh000905
2024-06-18 00:00:00,5207.98,5230.89,5243.59,5204.97,94090903.0,120391272834.4,0.74,5230.89,sh000905
2024-06-19 00:00:00,5235.48,5168.82,5236.3,5168.82,87849590.0,111740529823.1,1.29,5168.82,sh000905
2024-06-20 00:00:00,5162.16,5094.57,5184.75,5092.29,95609003.0,113062777426.7,1.79,5094.57,sh000905
2024-06-21 00:00:00,5079.92,5102.33,5128.14,5071.65,83838907.0,98090349439.3,1.11,5102.33,sh000905
2024-06-24 00:00:00,5072.8,4992.91,5078.96,4986.77,100186646.0,113108464981.7,1.81,4992.91,sh000905
2024-06-25 00:00:00,4989.07,4948.63,5007.34,4918.04,91636779.0,104683752506.4,1.79,4948.63,sh000905
2024-06-26 00:00:00,4942.17,5020.43,5024.77,4915.66,93394621.0,102152255030.0,2.2,5020.43,sh000905
2024-06-27 00:00:00,4998.99,4928.05,5000.18,4925.16,88537187.0,97364975399.3,1.49,4928.05,sh000905
2024-06-28 00:00:00,4914.67,4942.78,5003.41,4914.55,106308342.0,114743251798.9,1.8,4942.78,sh000905
2024-07-01 00:00:00,4943.79,5003.16,5017.61,4929.09,97312793.0,110821074065.9,1.79,5003.16,sh000905
2024-07-02 00:00:00,5000.58,4949.48,5002.74,4934.12,96209334.0,105902911013.0,1.37,4949.48,sh000905
2024-07-03 00:00:00,4945.4,4910.92,4950.51,4905.39,84528331.0,96121126342.0,0.91,4910.92,sh000905
2024-07-04 00:00:00,4917.44,4834.5,4935.61,4827.34,91008466.0,98771611006.7,2.2,4834.5,sh000905
2024-07-05 00:00:00,4828.86,4866.26,4877.93,4794.13,83133279.0,93724633826.8,1.73,4866.26,sh000905
2024-07-08 00:00:00,4857.02,4783.62,4857.27,4768.56,90254500.0,96789200226.5,1.82,4783.62,sh000905
2024-07-09 00:00:00,4775.31,4876.9,4888.48,4745.32,111401968.0,126704548339.3,2.99,4876.9,sh000905
2024-07-10 00:00:00,4857.48,4844.16,4891.37,4836.17,100953186.0,117244916014.0,1.13,4844.16,sh000905
2024-07-11 00:00:00,4902.81,4939.73,4941.7,4871.17,115275494.0,133127527342.5,1.46,4939.73,sh000905
2024-07-12 00:00:00,4926.98,4919.36,4937.35,4905.8,97175106.0,115594261299.6,0.64,4919.36,sh000905
2024-07-15 00:00:00,4903.52,4883.9,4903.52,4868.74,86824312.0,102734711417.3,0.71,4883.9,sh000905
2024-07-16 00:00:00,4877.6,4898.36,4907.83,4850.43,87267978.0,113648284397.5,1.18,4898.36,sh000905
2024-07-17 00:00:00,4893.41,4856.58,4900.36,4853.6,96909547.0,117932902593.7,0.95,4856.58,sh000905
2024-07-18 00:00:00,4822.13,4877.69,4879.69,4793.43,96654750.0,115283847816.1,1.78,4877.69,sh000905
2024-07-19 00:00:00,4853.04,4872.05,4900.38,4842.93,93290746.0,111989382468.3,1.18,4872.05,sh000905
2024-07-22 00:00:00,4872.64,4865.98,4885.36,4839.11,92710458.0,110307683161.2,0.95,4865.98,sh000905
2024-07-23 00:00:00,4862.97,4722.8,4862.97,4722.8,102403712.0,110578297603.3,2.88,4722.8,sh000905
2024-07-24 00:00:00,4712.29,4668.06,4738.76,4661.83,112674635.0,103026731862.0,1.63,4668.06,sh000905
2024-07-25 00:00:00,4644.42,4665.45,4710.46,4635.24,88600074.0,95885153870.2,1.61,4665.45,sh000905
2024-07-26 00:00:00,4670.45,4736.38,4744.45,4670.45,86472049.0,94118612207.0,1.59,4736.38,sh000905
2024-07-29 00:00:00,4740.5,4708.84,4742.15,4702.98,81102039.0,90979232032.0,0.83,4708.84,sh000905
2024-07-30 00:00:00,4694.52,4699.28,4712.04,4650.56,83353382.0,86181033613.6,1.31,4699.28,sh000905
2024-07-31 00:00:00,4694.73,4886.41,4887.92,4687.05,143180919.0,146601666177.8,4.27,4886.41,sh000905
2024-08-01 00:00:00,4893.87,4852.97,4928.24,4834.65,113213393.0,119765528788.7,1.92,4852.97,sh000905
2024-08-02 00:00:00,4816.94,4788.62,4874.71,4783.12,98529844.0,105654740577.4,1.89,4788.62,sh000905
2024-08-05 00:00:00,4756.08,4693.85,4846.54,4693.82,113338148.0,123487463651.4,3.19,4693.85,sh000905
2024-08-06 00:00:00,4740.45,4750.78,4774.93,4699.18,107774770.0,105286322238.1,1.61,4750.78,sh000905
2024-08-07 00:00:00,4747.98,4751.94,4783.42,4719.94,96989481.0,96834771203.2,1.34,4751.94,sh000905
2024-08-08 00:00:00,4737.09,4755.81,4791.66,4701.79,104309253.0,95364149202.0,1.89,4755.81,sh000905
2024-08-09 00:00:00,4778.26,4720.31,4805.1,4720.31,108819586.0,88057504682.2,1.78,4720.31,sh000905
2024-08-12 00:00:00,4716.96,4714.16,4737.19,4696.05,89100832.0,76375856580.1,0.87,4714.16,sh000905
2024-08-13 00:00:00,4713.96,4731.84,4731.84,4680.59,81365173.0,71101413451.5,1.09,4731.84,sh000905
2024-08-14 00:00:00,4729.81,4667.07,4730.24,4667.07,74588030.0,68308163886.2,1.33,4667.07,sh000905
2024-08-15 00:00:00,4656.7,4698.38,4746.41,4647.79,90973293.0,83712897622.1,2.11,4698.38,sh000905
2024-08-16 00:00:00,4703.6,4670.38,4708.02,4662.11,87379580.0,81927269812.8,0.98,4670.38,sh000905
2024-08-19 00:00:00,4666.33,4682.96,4729.87,4666.26,87136867.0,80742361426.1,1.36,4682.96,sh000905
2024-08-20 00:00:00,4684.29,4602.01,4686.36,4590.39,91846146.0,81351685184.9,2.05,4602.01,sh000905
2024-08-21 00:00:00,4589.09,4587.12,4610.87,4582.27,83526910.0,74809964819.1,0.62,4587.12,sh000905
2024-08-22 00:00:00,4589.5,4533.37,4595.05,4526.25,85856868.0,78202476718.8,1.5,4533.37,sh000905
2024-08-23 00:00:00,4523.99,4537.09,4549.3,4513.2,75778364.0,71369991695.7,0.8,4537.09,sh000905
2024-08-26 00:00:00,4542.86,4544.36,4558.59,4523.73,87118296.0,84365247766.9,0.77,4544.36,sh000905
2024-08-27 00:00:00,4532.49,4495.29,4532.49,4487.09,82529205.0,78742868644.7,1.0,4495.29,sh000905
2024-08-28 00:00:00,4486.43,4500.01,4527.77,4482.03,82681199.0,74244549232.7,1.02,4500.01,sh000905
2024-08-29 00:00:00,4483.55,4557.9,4577.79,4475.22,103115562.0,96829969885.4,2.28,4557.9,sh000905
2024-08-30 00:00:00,4557.5,4639.11,4704.34,4548.38,151593361.0,144749168233.3,3.42,4639.11,sh000905
2024-09-02 00:00:00,4631.9,4546.88,4632.31,4546.84,126368517.0,115893027848.1,1.84,4546.88,sh000905
2024-09-03 00:00:00,4543.22,4596.48,4612.28,4543.22,98589686.0,92749159672.5,1.52,4596.48,sh000905
2024-09-04 00:00:00,4567.69,4582.08,4623.38,4552.3,92435685.0,88646018095.4,1.55,4582.08,sh000905
2024-09-05 00:00:00,4585.17,4601.09,4630.64,4582.05,80583723.0,80148632780.7,1.06,4601.09,sh000905
2024-09-06 00:00:00,4609.34,4537.45,4613.31,4535.35,90147596.0,80215749103.2,1.69,4537.45,sh000905
2024-09-09 00:00:00,4517.57,4507.19,4541.79,4487.84,91944608.0,81907584834.7,1.19,4507.19,sh000905
2024-09-10 00:00:00,4509.32,4507.71,4528.67,4432.91,98529542.0,87011759811.7,2.12,4507.71,sh000905
2024-09-11 00:00:00,4490.19,4514.92,4529.35,4479.03,85206842.0,81707868059.9,1.12,4514.92,sh000905
2024-09-12 00:00:00,4518.99,4496.59,4568.75,4496.59,86654304.0,80916511375.5,1.6,4496.59,sh000905
2024-09-13 00:00:00,4500.39,4450.96,4509.07,4450.96,92533757.0,85710614259.9,1.29,4450.96,sh000905
2024-09-18 00:00:00,4450.09,4462.87,4474.72,4397.16,90989683.0,79102523647.7,1.74,4462.87,sh000905
2024-09-19 00:00:00,4481.46,4520.39,4565.39,4437.54,115611868.0,105405904204.6,2.86,4520.39,sh000905
2024-09-20 00:00:00,4514.96,4498.39,4515.81,4471.94,94312044.0,89084435754.7,0.97,4498.39,sh000905
2024-09-23 00:00:00,4495.78,4494.69,4545.54,4483.13,89935227.0,85104838086.0,1.39,4494.69,sh000905
2024-09-24 00:00:00,4524.22,4689.6,4690.57,4503.12,177144703.0,159947071682.9,4.17,4689.6,sh000905
2024-09-25 00:00:00,4743.63,4731.48,4847.2,4724.43,204593519.0,182209573751.3,2.62,4731.48,sh000905
2024-09-26 00:00:00,4726.0,4938.18,4938.18,4719.35,229930323.0,196122560309.1,4.62,4938.18,sh000905
2024-09-27 00:00:00,5027.26,5201.67,5227.96,5021.51,230177508.0,232646658012.5,4.18,5201.67,sh000905
2024-09-30 00:00:00,5449.79,5743.22,5757.92,5387.34,388703200.0,418784669568.5,7.12,5743.22,sh000905
2024-10-08 00:00:00,6417.81,6155.58,6417.81,5868.85,493546420.0,579263323621.8,9.56,6155.58,sh000905
2024-10-09 00:00:00,6013.7,5735.64,6088.08,5704.48,431156416.0,529447530363.7,6.23,5735.64,sh000905
2024-10-10 00:00:00,5768.61,5690.88,5875.94,5597.48,353480245.0,390814224053.0,4.85,5690.88,sh000905
2024-10-11 00:00:00,5650.05,5470.81,5652.85,5408.87,244383373.0,266749263112.0,4.29,5470.81,sh000905
2024-10-14 00:00:00,5503.65,5608.15,5623.97,5408.39,250608541.0,279231292488.6,3.94,5608.15,sh000905
2024-10-15 00:00:00,5578.26,5472.56,5661.07,5471.88,238997019.0,276816614630.7,3.37,5472.56,sh000905
2024-10-16 00:00:00,5393.67,5461.09,5546.18,5393.67,205450926.0,222425749319.4,2.79,5461.09,sh000905
2024-10-17 00:00:00,5499.77,5418.99,5541.03,5417.88,202768685.0,234458932483.4,2.26,5418.99,sh000905
2024-10-18 00:00:00,5416.03,5640.02,5774.14,5404.2,287114219.0,352062136787.1,6.83,5640.02,sh000905
2024-10-21 00:00:00,5680.56,5704.23,5797.88,5631.23,266885186.0,359965731439.6,2.95,5704.23,sh000905
2024-10-22 00:00:00,5703.32,5753.85,5779.3,5673.79,237023624.0,312584329119.8,1.85,5753.85,sh000905
2024-10-23 00:00:00,5745.11,5776.38,5853.46,5727.77,273412640.0,336167749458.4,2.18,5776.38,sh000905
2024-10-24 00:00:00,5747.56,5726.7,5759.87,5694.78,207690046.0,257232250889.5,1.13,5726.7,sh000905
2024-10-25 00:00:00,5735.29,5809.69,5855.26,5729.44,236725708.0,299590180533.3,2.2,5809.69,sh000905
2024-10-28 00:00:00,5816.33,5883.72,5883.72,5787.48,270653787.0,312663682663.8,1.66,5883.72,sh000905
2024-10-29 00:00:00,5903.31,5812.53,5917.21,5807.29,275371143.0,332481504886.9,1.87,5812.53,sh000905
2024-10-30 00:00:00,5793.83,5837.93,5869.11,5777.43,252021275.0,315956554496.2,1.58,5837.93,sh000905
2024-10-31 00:00:00,5839.98,5901.29,5935.18,5812.03,313549202.0,377454102584.7,2.11,5901.29,sh000905
2024-11-01 00:00:00,5893.32,5831.82,5934.2,5795.08,369840641.0,429257467070.0,2.36,5831.82,sh000905
2024-11-04 00:00:00,5835.39,5928.91,5928.91,5835.39,286552294.0,342776867779.9,1.6,5928.91,sh000905
2024-11-05 00:00:00,5925.87,6111.97,6119.25,5910.89,366344492.0,441462863294.4,3.51,6111.97,sh000905
2024-11-06 00:00:00,6134.92,6125.79,6204.53,6081.81,415187737.0,502324104677.0,2.01,6125.79,sh000905
2024-11-07 00:00:00,6061.73,6239.56,6240.76,6049.59,418413323.0,465814955829.2,3.12,6239.56,sh000905
2024-11-08 00:00:00,6306.8,6222.45,6333.68,6206.29,385648347.0,470080201608.9,2.04,6222.45,sh000905
2024-11-11 00:00:00,6211.03,6330.62,6330.8,6199.06,334096921.0,453328339552.7,2.12,6330.62,sh000905
2024-11-12 00:00:00,6349.23,6263.88,6382.98,6205.1,332856919.0,452685440809.0,2.81,6263.88,sh000905
2024-11-13 00:00:00,6234.16,6259.84,6282.28,6162.9,260400673.0,347812976326.8,1.91,6259.84,sh000905
2024-11-14 00:00:00,6240.61,6078.31,6240.61,6068.66,239743138.0,317335892174.5,2.75,6078.31,sh000905
2024-11-15 00:00:00,6055.54,5924.48,6093.42,5924.35,236226042.0,309679795180.8,2.78,5924.48,sh000905
2024-11-18 00:00:00,5940.49,5833.04,5977.49,5799.91,282527224.0,296423264134.4,3.0,5833.04,sh000905
2024-11-19 00:00:00,5836.61,5936.6,5936.93,5776.2,241404215.0,262477730599.7,2.76,5936.6,sh000905
2024-11-20 00:00:00,5920.32,5992.39,6015.23,5909.11,217345224.0,261005441610.0,1.79,5992.39,sh000905
2024-11-21 00:00:00,5973.15,5985.31,6009.63,5937.81,206198941.0,252722313895.1,1.2,5985.31,sh000905
2024-11-22 00:00:00,5969.08,5750.25,5983.34,5750.25,225066737.0,267675732292.4,3.89,5750.25,sh000905
2024-11-25 00:00:00,5754.55,5735.65,5774.82,5662.09,186005060.0,215261571671.1,1.96,5735.65,sh000905
2024-11-26 00:00:00,5727.37,5690.48,5773.36,5688.58,147562865.0,170186745318.8,1.48,5690.48,sh000905
2024-11-27 00:00:00,5669.55,5804.94,5805.64,5604.0,175313302.0,204528721580.5,3.54,5804.94,sh000905
2024-11-28 00:00:00,5802.8,5757.6,5826.49,5749.29,172183537.0,204358289211.1,1.33,5757.6,sh000905
2024-11-29 00:00:00,5748.17,5851.94,5899.87,5736.41,204255544.0,243571196943.7,2.84,5851.94,sh000905
2024-12-02 00:00:00,5853.71,5943.62,5956.6,5848.42,236181308.0,257212815525.1,1.85,5943.62,sh000905
2024-12-03 00:00:00,5946.74,5932.12,5954.66,5877.8,209870509.0,229346951926.7,1.29,5932.12,sh000905
2024-12-04 00:00:00,5929.48,5879.27,5940.85,5850.91,215991634.0,234212942758.9,1.52,5879.27,sh000905
2024-12-05 00:00:00,5855.74,5901.99,5923.62,5853.53,198542236.0,212251881677.0,1.19,5901.99,sh000905
2024-12-06 00:00:00,5903.5,5979.2,6011.77,5877.04,265329536.0,255600553068.3,2.28,5979.2,sh000905
2024-12-09 00:00:00,5983.33,5947.11,6004.23,5911.36,284462209.0,237294662391.5,1.55,5947.11,sh000905
2024-12-10 00:00:00,6132.29,5992.09,6141.07,5982.58,320527823.0,324711288431.3,2.66,5992.09,sh000905
2024-12-11 00:00:00,5973.33,6047.11,6051.47,5972.27,253883941.0,250011474489.1,1.32,6047.11,sh000905
2024-12-12 00:00:00,6048.78,6100.39,6107.71,6023.23,243653690.0,258380795570.8,1.4,6100.39,sh000905
2024-12-13 00:00:00,6065.95,5988.29,6065.95,5988.29,286328198.0,307316221178.0,1.27,5988.29,sh000905
2024-12-16 00:00:00,5983.16,5912.6,5991.58,5888.04,214647441.0,241790858877.2,1.73,5912.6,sh000905
2024-12-17 00:00:00,5896.97,5848.16,5924.62,5837.25,193108547.0,204630242337.7,1.48,5848.16,sh000905
2024-12-18 00:00:00,5861.26,5888.62,5921.98,5853.16,187996290.0,193282038369.0,1.18,5888.62,sh000905
2024-12-19 00:00:00,5829.26,5901.92,5918.49,5816.47,196531194.0,211287492264.4,1.73,5901.92,sh000905
2024-12-20 00:00:00,5889.95,5917.18,5962.42,5889.95,178090399.0,221132517265.6,1.23,5917.18,sh000905
2024-12-23 00:00:00,5917.69,5818.55,5935.15,5815.34,177315486.0,217347047187.5,2.02,5818.55,sh000905
2024-12-24 00:00:00,5827.16,5895.26,5897.19,5827.16,167365824.0,196112525345.7,1.2,5895.26,sh000905
2024-12-25 00:00:00,5896.43,5840.29,5897.51,5796.65,157279132.0,191269446368.3,1.71,5840.29,sh000905
2024-12-26 00:00:00,5830.72,5887.06,5897.48,5830.72,145319444.0,201723277582.2,1.14,5887.06,sh000905
2024-12-27 00:00:00,5892.69,5899.17,5975.79,5881.72,179085498.0,236680633735.7,1.6,5899.17,sh000905
2024-12-30 00:00:00,5890.46,5898.88,5928.57,5867.85,155565586.0,196182578970.3,1.03,5898.88,sh000905
2024-12-31 00:00:00,5902.03,5725.73,5905.46,5725.73,182158855.0,217194009078.8,3.05,5725.73,sh000905
2025-01-02 00:00:00,5717.92,5545.82,5722.11,5498.82,193763157.0,220078999057.0,3.9,5545.82,sh000905
2025-01-03 00:00:00,5552.75,5427.8,5581.4,5419.74,174077310.0,187233075270.9,2.91,5427.8,sh000905
2025-01-06 00:00:00,5421.07,5427.1,5482.63,5384.33,146265658.0,156743673376.1,1.81,5427.1,sh000905
2025-01-07 00:00:00,5429.17,5484.68,5485.58,5405.13,145065278.0,159836326878.2,1.48,5484.68,sh000905
2025-01-08 00:00:00,5462.32,5461.59,5501.66,5326.93,163849915.0,181141237075.9,3.19,5461.59,sh000905
2025-01-09 00:00:00,5437.81,5456.59,5493.68,5436.7,129832627.0,156798867820.6,1.04,5456.59,sh000905
2025-01-10 00:00:00,5449.0,5369.28,5496.38,5369.28,130179553.0,159984103633.2,2.33,5369.28,sh000905
2025-01-13 00:00:00,5319.7,5381.7,5422.01,5319.27,119682937.0,139406540969.0,1.91,5381.7,sh000905
2025-01-14 00:00:00,5393.76,5572.27,5582.84,5378.59,172142860.0,208083727936.2,3.8,5572.27,sh000905
2025-01-15 00:00:00,5559.58,5522.46,5569.19,5509.58,138393243.0,169060453013.4,1.07,5522.46,sh000905
2025-01-16 00:00:00,5546.7,5545.63,5633.85,5508.91,149318085.0,182995873631.7,2.26,5545.63,sh000905
2025-01-17 00:00:00,5524.21,5587.29,5621.94,5519.41,126691174.0,164437435727.2,1.85,5587.29,sh000905
2025-01-20 00:00:00,5621.92,5614.33,5665.18,5598.16,135712507.0,173426107632.4,1.2,5614.33,sh000905
2025-01-21 00:00:00,5639.6,5633.92,5642.92,5573.5,126491300.0,170909135202.8,1.24,5633.92,sh000905
2025-01-22 00:00:00,5606.85,5607.06,5618.58,5567.78,115374996.0,158106585548.6,0.9,5607.06,sh000905
2025-01-23 00:00:00,5659.37,5584.25,5717.69,5584.25,163419987.0,203633761249.2,2.38,5584.25,sh000905
2025-01-24 00:00:00,5570.48,5649.95,5660.43,5570.48,139438058.0,180858845316.0,1.61,5649.95,sh000905
2025-01-27 00:00:00,5660.48,5589.34,5676.03,5589.34,136546056.0,163085841547.7,1.53,5589.34,sh000905
2025-02-05 00:00:00,5643.17,5614.39,5646.04,5588.56,155674141.0,214999512244.8,1.03,5614.39,sh000905
2025-02-06 00:00:00,5606.87,5747.9,5749.02,5597.32,181428193.0,257122087039.6,2.7,5747.9,sh000905
2025-02-07 00:00:00,5750.29,5833.99,5889.43,5741.73,232718863.0,327949184790.5,2.57,5833.99,sh000905
2025-02-10 00:00:00,5858.24,5888.55,5895.41,5836.17,209300905.0,286253277530.5,1.02,5888.55,sh000905
2025-02-11 00:00:00,5890.37,5858.28,5890.37,5827.38,181920508.0,260281069640.5,1.07,5858.28,sh000905
2025-02-12 00:00:00,5841.36,5940.53,5940.54,5841.32,195446155.0,285438865878.9,1.69,5940.53,sh000905
2025-02-13 00:00:00,5938.2,5898.26,5957.58,5889.7,228281839.0,313080162906.2,1.14,5898.26,sh000905
2025-02-14 00:00:00,5893.93,5947.8,5954.48,5886.95,211914261.0,306627494264.1,1.14,5947.8,sh000905
2025-02-17 00:00:00,5979.84,5948.72,5985.36,5906.27,233901689.0,356940293723.8,1.33,5948.72,sh000905
2025-02-18 00:00:00,5935.5,5840.71,5947.93,5816.05,214941482.0,306905660928.8,2.22,5840.71,sh000905
2025-02-19 00:00:00,5834.95,5943.88,5945.35,5831.48,205298305.0,313960331576.5,1.95,5943.88,sh000905
2025-02-20 00:00:00,5941.6,5957.55,5977.73,5920.57,198207411.0,305885399073.0,0.96,5957.55,sh000905
2025-02-21 00:00:00,5969.65,6057.06,6061.82,5943.19,252317128.0,396960769353.7,1.99,6057.06,sh000905
2025-02-24 00:00:00,6057.38,6044.97,6079.02,6007.18,243813798.0,382362648270.6,1.19,6044.97,sh000905
2025-02-25 00:00:00,5967.04,5979.97,6044.76,5956.18,206833953.0,340316449158.0,1.47,5979.97,sh000905
2025-02-26 00:00:00,5990.29,6051.74,6055.87,5973.86,210860898.0,327265336672.0,1.37,6051.74,sh000905
2025-02-27 00:00:00,6050.19,6028.99,6064.49,5940.34,216652930.0,328254761442.7,2.05,6028.99,sh000905
2025-02-28 00:00:00,5997.92,5859.87,6007.47,5847.15,205223814.0,298290643729.1,2.66,5859.87,sh000905
2025-03-03 00:00:00,5875.95,5885.77,5964.27,5851.56,185024581.0,266955659875.8,1.92,5885.77,sh000905
2025-03-04 00:00:00,5845.47,5937.63,5943.08,5843.46,153922211.0,231145314804.5,1.69,5937.63,sh000905
2025-03-05 00:00:00,5937.11,5950.7,5955.9,5892.53,163071500.0,241738025092.7,1.07,5950.7,sh000905
2025-03-06 00:00:00,5980.38,6047.77,6062.54,5972.6,213042852.0,320542701863.5,1.51,6047.77,sh000905
2025-03-07 00:00:00,6029.38,6013.77,6067.35,5989.32,207437149.0,301122130059.3,1.29,6013.77,sh000905
2025-03-10 00:00:00,6022.68,6013.62,6041.52,5971.81,173044336.0,248513462299.4,1.16,6013.62,sh000905
2025-03-11 00:00:00,5944.42,6044.97,6044.97,5942.91,173855643.0,245205106219.3,1.7,6044.97,sh000905
2025-03-12 00:00:00,6068.38,6040.5,6098.24,6038.82,184763537.0,267906301206.6,0.98,6040.5,sh000905
2025-03-13 00:00:00,6032.85,5993.97,6050.18,5947.78,193710717.0,253622427436.4,1.7,5993.97,sh000905
2025-03-14 00:00:00,5993.97,6099.98,6099.98,5978.53,219245834.0,289038080526.0,2.03,6099.98,sh000905
2025-03-17 00:00:00,6119.61,6108.02,6129.85,6098.51,184317273.0,250160671107.9,0.51,6108.02,sh000905
2025-03-18 00:00:00,6126.04,6133.3,6161.23,6114.21,166023043.0,236342189394.2,0.77,6133.3,sh000905
2025-03-19 00:00:00,6117.42,6101.44,6128.23,6076.56,153893780.0,218871992193.0,0.84,6101.44,sh000905
2025-03-20 00:00:00,6094.84,6059.49,6109.18,6055.38,147187865.0,203849586195.9,0.88,6059.49,sh000905
2025-03-21 00:00:00,6038.99,5971.93,6071.08,5951.8,174103785.0,225801003414.7,1.97,5971.93,sh000905
2025-03-24 00:00:00,5973.05,5969.08,5987.06,5882.88,169192435.0,220094329255.6,1.74,5969.08,sh000905
2025-03-25 00:00:00,5969.42,5946.95,5993.93,5929.67,147483948.0,192227014821.0,1.08,5946.95,sh000905
2025-03-26 00:00:00,5935.85,5948.5,5983.47,5935.85,136702111.0,171695842016.5,0.8,5948.5,sh000905
2025-03-27 00:00:00,5932.52,5957.6,6000.66,5891.77,134708904.0,176590477346.0,1.83,5957.6,sh000905
2025-03-28 00:00:00,5954.73,5916.03,5973.8,5904.92,134261927.0,168899478619.3,1.16,5916.03,sh000905
2025-03-31 00:00:00,5886.96,5857.77,5908.3,5802.42,154256090.0,189563392181.2,1.79,5857.77,sh000905
2025-04-01 00:00:00,5870.94,5892.85,5931.5,5867.85,136448602.0,179327950524.9,1.09,5892.85,sh000905
2025-04-02 00:00:00,5884.89,5899.09,5936.65,5884.11,112159960.0,140642079451.3,0.89,5899.09,sh000905
2025-04-03 00:00:00,5842.62,5845.5,5906.71,5817.97,134938625.0,173662140191.8,1.5,5845.5,sh000905
2025-04-07 00:00:00,5523.96,5287.03,5587.85,5212.68,236522656.0,267397400609.4,6.42,5287.03,sh000905
2025-04-08 00:00:00,5279.76,5326.91,5371.18,5249.23,223840665.0,261875349400.4,2.31,5326.91,sh000905
2025-04-09 00:00:00,5249.68,5439.77,5465.14,5135.97,245118027.0,288257435803.9,6.18,5439.77,sh000905
2025-04-10 00:00:00,5534.56,5544.06,5610.19,5513.95,211963035.0,268666431276.5,1.77,5544.06,sh000905
2025-04-11 00:00:00,5514.19,5581.32,5631.6,5510.89,164411663.0,227659789695.8,2.18,5581.32,sh000905
2025-04-14 00:00:00,5633.78,5627.14,5661.8,5608.73,155487077.0,207470466690.5,0.95,5627.14,sh000905
2025-04-15 00:00:00,5625.0,5602.53,5626.68,5567.03,123273708.0,161900884812.5,1.06,5602.53,sh000905
2025-04-16 00:00:00,5589.78,5556.86,5592.67,5492.65,132537224.0,163751037649.9,1.79,5556.86,sh000905
2025-04-17 00:00:00,5527.59,5557.01,5604.62,5526.89,113652382.0,148283242243.4,1.4,5557.01,sh000905
2025-04-18 00:00:00,5546.97,5560.72,5579.48,5525.4,111644258.0,139804146811.9,0.97,5560.72,sh000905
2025-04-21 00:00:00,5556.51,5642.38,5646.22,5535.7,123111883.0,160264813233.9,1.99,5642.38,sh000905
2025-04-22 00:00:00,5634.89,5624.21,5651.55,5617.88,124666689.0,164464321326.5,0.6,5624.21,sh000905
2025-04-23 00:00:00,5647.91,5634.95,5670.26,5614.77,127007764.0,177991292765.2,0.99,5634.95,sh000905
2025-04-24 00:00:00,5633.02,5605.88,5651.53,5583.43,122696696.0,157899194340.6,1.21,5605.88,sh000905
2025-04-25 00:00:00,5613.14,5627.18,5661.59,5596.53,140000800.0,171933817273.4,1.16,5627.18,sh000905
2025-04-28 00:00:00,5624.42,5598.3,5628.08,5587.79,136218094.0,167616287077.3,0.72,5598.3,sh000905
2025-04-29 00:00:00,5583.72,5604.91,5622.02,5571.24,126742927.0,158033003939.8,0.91,5604.91,sh000905
2025-04-30 00:00:00,5604.65,5631.82,5647.78,5603.17,138386621.0,181616584522.5,0.8,5631.82,sh000905
2025-05-06 00:00:00,5668.88,5740.33,5740.33,5666.47,162773606.0,217059975785.3,1.31,5740.33,sh000905
2025-05-07 00:00:00,5805.66,5750.29,5819.24,5713.27,171011757.0,227566204818.1,1.85,5750.29,sh000905
2025-05-08 00:00:00,5731.72,5773.81,5783.79,5724.95,136140322.0,187032631458.8,1.02,5773.81,sh000905
2025-05-09 00:00:00,5770.44,5721.72,5770.44,5705.17,123939007.0,178162276679.5,1.13,5721.72,sh000905
2025-05-12 00:00:00,5751.44,5793.67,5794.52,5737.46,135824367.0,199426833721.2,1.0,5793.67,sh000905
2025-05-13 00:00:00,5838.03,5781.67,5838.03,5772.07,138271081.0,194252270526.7,1.14,5781.67,sh000905
2025-05-14 00:00:00,5778.08,5799.12,5835.49,5750.54,156279994.0,188145126840.3,1.47,5799.12,sh000905
2025-05-15 00:00:00,5786.78,5715.3,5786.78,5715.29,135160768.0,165136693963.9,1.23,5715.3,sh000905
2025-05-16 00:00:00,5703.74,5715.85,5735.01,5703.74,116709136.0,141882122895.5,0.55,5715.85,sh000905
2025-05-19 00:00:00,5719.44,5720.79,5729.07,5669.72,115384939.0,141098692009.1,1.04,5720.79,sh000905
2025-05-20 00:00:00,5723.51,5747.37,5759.46,5707.81,116896615.0,151751185853.6,0.9,5747.37,sh000905
2025-05-21 00:00:00,5741.69,5757.92,5763.08,5733.83,115804542.0,155147378006.4,0.51,5757.92,sh000905
2025-05-22 00:00:00,5739.19,5703.28,5757.79,5701.16,109057720.0,141620883824.3,0.98,5703.28,sh000905
2025-05-23 00:00:00,5697.14,5653.04,5738.08,5653.04,114361198.0,148123602870.9,1.49,5653.04,sh000905
2025-05-26 00:00:00,5653.21,5669.46,5693.63,5644.58,97170989.0,127343603493.8,0.87,5669.46,sh000905
2025-05-27 00:00:00,5666.3,5652.15,5667.87,5629.13,95149363.0,125275690002.2,0.68,5652.15,sh000905
2025-05-28 00:00:00,5651.88,5637.24,5660.47,5628.42,94908883.0,119959827369.0,0.57,5637.24,sh000905
2025-05-29 00:00:00,5637.06,5719.91,5724.52,5637.06,114682484.0,148095092966.2,1.55,5719.91,sh000905
2025-05-30 00:00:00,5704.77,5671.07,5704.77,5665.52,109900707.0,137670579253.9,0.69,5671.07,sh000905
2025-06-03 00:00:00,5653.67,5694.84,5710.42,5653.3,122853903.0,159996843500.1,1.01,5694.84,sh000905
2025-06-04 00:00:00,5696.57,5739.01,5744.45,5696.57,116196077.0,150314940398.1,0.84,5739.01,sh000905
2025-06-05 00:00:00,5741.03,5769.97,5778.1,5719.55,125223584.0,174970104156.2,1.02,5769.97,sh000905
2025-06-06 00:00:00,5768.4,5762.08,5771.76,5750.66,108217660.0,148022372105.1,0.37,5762.08,sh000905
2025-06-09 00:00:00,5772.78,5805.65,5823.9,5765.35,128188619.0,171482411225.9,1.02,5805.65,sh000905
2025-06-10 00:00:00,5809.83,5757.99,5810.92,5715.97,138269181.0,182980299992.1,1.64,5757.99,sh000905
2025-06-11 00:00:00,5758.53,5792.95,5818.57,5758.53,123716707.0,161353672422.0,1.04,5792.95,sh000905
2025-06-12 00:00:00,5780.97,5799.93,5808.8,5766.52,125615846.0,165393538363.1,0.73,5799.93,sh000905
2025-06-13 00:00:00,5783.16,5740.24,5794.67,5728.21,167613374.0,216010351562.9,1.15,5740.24,sh000905
2021-01-04 00:00:00,6395.61,6482.79,6501.59,6359.08,186621210.0,211126910976.0,2.24,6482.79,sh000905
2021-01-05 00:00:00,6470.25,6539.73,6539.73,6452.52,196726292.0,227033006080.0,1.35,6539.73,sh000905
2021-01-06 00:00:00,6549.73,6528.14,6569.2,6472.74,178521085.0,209333366784.0,1.47,6528.14,sh000905
2021-01-07 00:00:00,6523.68,6538.12,6567.27,6467.44,197135642.0,219238805504.0,1.53,6538.12,sh000905
2021-01-08 00:00:00,6541.56,6557.6,6598.38,6484.4,180837430.0,207113826304.0,1.74,6557.6,sh000905
2021-01-11 00:00:00,6557.45,6455.4,6572.85,6419.73,183257272.0,217940398080.0,2.34,6455.4,sh000905
2021-01-12 00:00:00,6425.81,6543.23,6543.23,6425.81,162311237.0,199048531968.0,1.82,6543.23,sh000905
2021-01-13 00:00:00,6550.03,6496.91,6553.65,6457.88,184913421.0,222962630656.0,1.46,6496.91,sh000905
2021-01-14 00:00:00,6471.79,6439.89,6516.27,6402.6,163023816.0,198732648448.0,1.75,6439.89,sh000905
2021-01-15 00:00:00,6427.13,6417.5,6447.88,6339.43,138243200.0,166962802688.0,1.68,6417.5,sh000905
2021-01-18 00:00:00,6414.83,6514.46,6529.41,6392.07,136832806.0,169891545088.0,2.14,6514.46,sh000905
2021-01-19 00:00:00,6510.48,6476.37,6532.65,6456.12,147616717.0,174545108992.0,1.17,6476.37,sh000905
2021-01-20 00:00:00,6477.67,6535.42,6535.48,6449.28,128525432.0,153378910208.0,1.33,6535.42,sh000905
2021-01-21 00:00:00,6552.03,6622.5,6649.86,6550.88,156809587.0,189208743936.0,1.51,6622.5,sh000905
2021-01-22 00:00:00,6619.86,6637.81,6643.67,6573.82,158062310.0,202861674496.0,1.05,6637.81,sh000905
2021-01-25 00:00:00,6636.22,6645.31,6711.57,6599.97,165623104.0,223556747264.0,1.68,6645.31,sh000905
2021-01-26 00:00:00,6621.15,6532.96,6624.45,6515.26,143371310.0,191892389888.0,1.64,6532.96,sh000905
2021-01-27 00:00:00,6527.68,6557.16,6564.29,6481.16,139760049.0,174776066048.0,1.27,6557.16,sh000905
2021-01-28 00:00:00,6475.86,6414.38,6529.84,6405.81,144825405.0,174817693696.0,1.89,6414.38,sh000905
2021-01-29 00:00:00,6448.67,6346.14,6462.37,6255.7,146041582.0,172077244416.0,3.22,6346.14,sh000905
2021-02-01 00:00:00,6338.64,6393.28,6397.01,6328.34,137325184.0,157579284480.0,1.08,6393.28,sh000905
2021-02-02 00:00:00,6404.85,6454.79,6459.48,6361.09,132394314.0,161720463360.0,1.54,6454.79,sh000905
2021-02-03 00:00:00,6459.66,6399.33,6484.49,6399.33,145457155.0,175699415040.0,1.32,6399.33,sh000905
2021-02-04 00:00:00,6375.67,6328.79,6414.3,6249.53,148861330.0,173708935168.0,2.57,6328.79,sh000905
2021-02-05 00:00:00,6343.83,6239.87,6382.96,6236.27,135132879.0,162500628480.0,2.32,6239.87,sh000905
2021-02-08 00:00:00,6247.92,6323.16,6354.02,6215.73,116134003.0,141592203264.0,2.22,6323.16,sh000905
2021-02-09 00:00:00,6334.42,6457.88,6468.43,6330.79,119319109.0,146850922496.0,2.18,6457.88,sh000905
2021-02-10 00:00:00,6474.75,6525.17,6542.75,6424.72,119042660.0,150035763200.0,1.83,6525.17,sh000905
2021-02-18 00:00:00,6657.31,6614.54,6678.61,6564.31,166892393.0,194996420608.0,1.75,6614.54,sh000905
2021-02-19 00:00:00,6600.25,6703.48,6706.39,6542.78,178767818.0,201468755968.0,2.47,6703.48,sh000905
2021-02-22 00:00:00,6731.51,6657.06,6810.92,6657.06,237065585.0,259948294144.0,2.3,6657.06,sh000905
2021-02-23 00:00:00,6613.6,6631.23,6701.43,6609.08,192656865.0,206144663552.0,1.39,6631.23,sh000905
2021-02-24 00:00:00,6633.28,6536.19,6661.43,6477.75,173718833.0,196797837312.0,2.77,6536.19,sh000905
2021-02-25 00:00:00,6600.21,6499.15,6609.56,6484.55,162068183.0,171451162624.0,1.91,6499.15,sh000905
2021-02-26 00:00:00,6365.74,6364.35,6446.95,6346.13,150760207.0,163655503872.0,1.55,6364.35,sh000905
2021-03-01 00:00:00,6407.16,6488.44,6491.94,6404.89,158608438.0,165792206848.0,1.37,6488.44,sh000905
2021-03-02 00:00:00,6514.02,6433.33,6514.02,6386.49,165877069.0,174025453568.0,1.97,6433.33,sh000905
2021-03-03 00:00:00,6426.04,6524.75,6528.22,6420.21,171017523.0,169667465216.0,1.68,6524.75,sh000905
2021-03-04 00:00:00,6482.79,6401.99,6485.16,6371.73,194334615.0,192657768448.0,1.74,6401.99,sh000905
2021-03-05 00:00:00,6325.75,6403.5,6442.02,6319.53,166504886.0,163666501632.0,1.91,6403.5,sh000905
2021-03-08 00:00:00,6453.78,6256.41,6488.82,6253.7,168546340.0,177120047104.0,3.67,6256.41,sh000905
2021-03-09 00:00:00,6235.31,6108.0,6250.94,6033.41,196432686.0,181888458752.0,3.48,6108.0,sh000905
2021-03-10 00:00:00,6164.77,6062.26,6179.85,6053.02,142554278.0,135611236352.0,2.08,6062.26,sh000905
2021-03-11 00:00:00,6074.33,6213.83,6213.93,6045.55,160814643.0,149412659200.0,2.78,6213.83,sh000905
2021-03-12 00:00:00,6231.48,6222.38,6232.5,6137.99,175746179.0,160346947584.0,1.52,6222.38,sh000905
2021-03-15 00:00:00,6192.3,6173.87,6229.57,6111.36,170799690.0,150564929536.0,1.9,6173.87,sh000905
2021-03-16 00:00:00,6176.07,6195.24,6222.18,6124.78,152845993.0,138852790272.0,1.58,6195.24,sh000905
2021-03-17 00:00:00,6180.89,6225.36,6230.56,6124.05,134840397.0,125106921472.0,1.72,6225.36,sh000905
2021-03-18 00:00:00,6231.19,6273.86,6300.94,6227.19,140725665.0,137984966656.0,1.18,6273.86,sh000905
2021-03-19 00:00:00,6195.25,6206.6,6258.13,6167.51,143238275.0,143898488832.0,1.44,6206.6,sh000905
2021-03-22 00:00:00,6208.93,6305.69,6307.55,6206.08,143041444.0,138484391936.0,1.63,6305.69,sh000905
2021-03-23 00:00:00,6307.98,6219.17,6307.98,6181.13,150964052.0,144085643264.0,2.01,6219.17,sh000905
2021-03-24 00:00:00,6180.31,6142.54,6232.13,6131.82,147673111.0,137684570112.0,1.61,6142.54,sh000905
2021-03-25 00:00:00,6118.87,6157.41,6190.94,6108.26,129307092.0,122101587968.0,1.35,6157.41,sh000905
2021-03-26 00:00:00,6164.82,6251.79,6264.56,6164.82,128887611.0,130405072896.0,1.62,6251.79,sh000905
2021-03-29 00:00:00,6270.0,6254.94,6277.76,6215.8,139633894.0,137607135232.0,0.99,6254.94,sh000905
2021-03-30 00:00:00,6239.47,6280.36,6287.87,6217.33,134409585.0,138902650880.0,1.13,6280.36,sh000905
2021-03-31 00:00:00,6277.7,6254.07,6277.7,6205.94,125128492.0,124539600896.0,1.14,6254.07,sh000905
2021-04-01 00:00:00,6259.41,6311.66,6321.58,6238.31,130374817.0,124971610112.0,1.33,6311.66,sh000905
2021-04-02 00:00:00,6316.56,6326.61,6341.65,6291.71,123938872.0,125309448192.0,0.79,6326.61,sh000905
2021-04-06 00:00:00,6345.89,6343.1,6367.78,6323.24,111489157.0,115979706368.0,0.7,6343.1,sh000905
2021-04-07 00:00:00,6350.38,6348.08,6350.38,6289.07,150016776.0,139659141120.0,0.97,6348.08,sh000905
2021-04-08 00:00:00,6332.93,6356.75,6385.2,6309.12,173741279.0,147432804352.0,1.2,6356.75,sh000905
2021-04-09 00:00:00,6345.29,6335.24,6360.45,6307.66,141306900.0,127539220480.0,0.83,6335.24,sh000905
2021-04-12 00:00:00,6325.26,6226.42,6344.16,6203.57,155441439.0,142018338816.0,2.22,6226.42,sh000905
2021-04-13 00:00:00,6210.22,6209.78,6254.9,6193.81,130387709.0,116032380928.0,0.98,6209.78,sh000905
2021-04-14 00:00:00,6206.64,6277.21,6287.84,6206.64,117438218.0,107282817024.0,1.31,6277.21,sh000905
2021-04-15 00:00:00,6263.63,6276.46,6281.43,6211.66,119776177.0,111582126080.0,1.11,6276.46,sh000905
2021-04-16 00:00:00,6283.86,6339.59,6344.95,6276.43,126764654.0,119984627712.0,1.09,6339.59,sh000905
2021-04-19 00:00:00,6331.71,6425.26,6431.78,6315.08,142200929.0,144720531456.0,1.84,6425.26,sh000905
2021-04-20 00:00:00,6419.73,6428.54,6467.38,6410.28,134674524.0,143364747264.0,0.89,6428.54,sh000905
2021-04-21 00:00:00,6396.27,6420.26,6434.63,6369.77,121051732.0,128354893824.0,1.01,6420.26,sh000905
2021-04-22 00:00:00,6444.28,6445.47,6472.8,6424.75,124923876.0,131906162688.0,0.75,6445.47,sh000905
2021-04-23 00:00:00,6445.52,6462.76,6463.97,6412.99,126117307.0,135170990080.0,0.79,6462.76,sh000905
2021-04-26 00:00:00,6480.3,6442.65,6546.64,6437.19,144964140.0,166586765312.0,1.69,6442.65,sh000905
2021-04-27 00:00:00,6434.61,6446.28,6466.25,6399.44,125894712.0,138320089088.0,1.04,6446.28,sh000905
2021-04-28 00:00:00,6433.1,6489.74,6489.74,6410.32,117234944.0,136377847808.0,1.23,6489.74,sh000905
2021-04-29 00:00:00,6495.65,6491.93,6502.43,6453.52,128305439.0,145502310400.0,0.75,6491.93,sh000905
2021-04-30 00:00:00,6470.35,6485.71,6503.15,6434.73,144254239.0,163746328576.0,1.05,6485.71,sh000905
2021-05-06 00:00:00,6503.6,6489.35,6548.07,6440.33,154141980.0,167436128256.0,1.66,6489.35,sh000905
2021-05-07 00:00:00,6505.58,6444.44,6524.18,6439.89,177518748.0,177915641856.0,1.3,6444.44,sh000905
2021-05-10 00:00:00,6461.42,6475.99,6493.5,6437.11,189080133.0,180906622976.0,0.88,6475.99,sh000905
2021-05-11 00:00:00,6436.29,6456.04,6472.87,6349.79,187263611.0,175350132736.0,1.9,6456.04,sh000905
2021-05-12 00:00:00,6434.91,6512.05,6521.49,6419.74,156490931.0,150127198208.0,1.58,6512.05,sh000905
2021-05-13 00:00:00,6448.96,6439.03,6497.0,6426.58,159658647.0,155853651968.0,1.08,6439.03,sh000905
2021-05-14 00:00:00,6454.68,6525.8,6525.8,6421.21,166243407.0,163611262976.0,1.62,6525.8,sh000905
2021-05-17 00:00:00,6521.89,6578.14,6613.89,6521.89,159363758.0,172029263872.0,1.41,6578.14,sh000905
2021-05-18 00:00:00,6578.97,6599.6,6604.69,6558.78,132505490.0,141986529280.0,0.7,6599.6,sh000905
2021-05-19 00:00:00,6582.1,6584.39,6590.98,6544.84,135181256.0,146346352640.0,0.7,6584.39,sh000905
2021-05-20 00:00:00,6541.09,6548.71,6580.44,6506.41,162329923.0,167135805440.0,1.12,6548.71,sh000905
2021-05-21 00:00:00,6557.49,6527.86,6570.46,6512.81,134350694.0,145990148096.0,0.88,6527.86,sh000905
2021-05-24 00:00:00,6515.83,6544.12,6564.07,6494.62,137226611.0,150739210240.0,1.06,6544.12,sh000905
2021-05-25 00:00:00,6549.34,6619.67,6628.69,6524.3,144692037.0,158035570688.0,1.6,6619.67,sh000905
2021-05-26 00:00:00,6631.37,6628.21,6642.38,6612.42,156237002.0,169904623616.0,0.45,6628.21,sh000905
2021-05-27 00:00:00,6629.24,6685.41,6685.48,6620.72,145166676.0,164642447360.0,0.98,6685.41,sh000905
2021-05-28 00:00:00,6699.28,6668.17,6718.09,6643.64,157318385.0,176611766272.0,1.11,6668.17,sh000905
2021-05-31 00:00:00,6681.55,6728.99,6729.07,6667.26,146929492.0,176728707072.0,0.93,6728.99,sh000905
2021-06-01 00:00:00,6718.64,6739.76,6742.98,6656.66,161091958.0,185038577664.0,1.28,6739.76,sh000905
2021-06-02 00:00:00,6740.5,6681.43,6748.15,6662.75,157365320.0,174265552896.0,1.27,6681.43,sh000905
2021-06-03 00:00:00,6680.1,6667.73,6744.52,6654.46,154885691.0,167598940160.0,1.35,6667.73,sh000905
2021-06-04 00:00:00,6642.06,6693.06,6725.69,6628.01,137866404.0,161257144320.0,1.46,6693.06,sh000905
2021-06-07 00:00:00,6705.74,6721.5,6729.85,6689.7,140560896.0,174154018816.0,0.6,6721.5,sh000905
2021-06-08 00:00:00,6726.09,6684.56,6752.63,6652.39,138684946.0,169906610176.0,1.49,6684.56,sh000905
2021-06-09 00:00:00,6677.14,6692.9,6712.25,6656.05,136511035.0,155486113792.0,0.84,6692.9,sh000905
2021-06-10 00:00:00,6688.82,6765.64,6773.46,6683.49,154280965.0,177003016192.0,1.34,6765.64,sh000905
2021-06-11 00:00:00,6773.64,6725.92,6775.86,6717.27,169569608.0,194413371392.0,0.87,6725.92,sh000905
2021-06-15 00:00:00,6734.1,6663.66,6736.54,6649.2,152209249.0,166359281664.0,1.3,6663.66,sh000905
2021-06-16 00:00:00,6659.49,6566.29,6662.78,6554.89,136807877.0,152269455360.0,1.62,6566.29,sh000905
2021-06-17 00:00:00,6554.3,6616.17,6618.5,6554.3,124492562.0,143795949568.0,0.98,6616.17,sh000905
2021-06-18 00:00:00,6610.27,6657.76,6671.88,6587.03,138022582.0,161540071424.0,1.28,6657.76,sh000905
2021-06-21 00:00:00,6652.65,6707.18,6722.98,6638.52,143031173.0,174776561664.0,1.27,6707.18,sh000905
2021-06-22 00:00:00,6723.3,6739.79,6748.97,6691.82,146543498.0,170147487744.0,0.85,6739.79,sh000905
2021-06-23 00:00:00,6741.58,6789.95,6803.97,6720.58,155309609.0,184582045696.0,1.24,6789.95,sh000905
2021-06-24 00:00:00,6791.86,6754.87,6791.86,6743.33,145046523.0,172627660800.0,0.71,6754.87,sh000905
2021-06-25 00:00:00,6748.87,6813.41,6824.86,6739.02,151485660.0,174329253888.0,1.27,6813.41,sh000905
2021-06-28 00:00:00,6814.32,6828.52,6843.52,6802.86,145504051.0,175447982080.0,0.6,6828.52,sh000905
2021-06-29 00:00:00,6833.06,6765.42,6835.05,6756.92,136625723.0,167622238208.0,1.14,6765.42,sh000905
2021-06-30 00:00:00,6767.74,6808.18,6812.38,6757.34,125406162.0,155031842816.0,0.81,6808.18,sh000905
2021-07-01 00:00:00,6827.7,6716.67,6827.7,6716.67,138350812.0,168199909376.0,1.63,6716.67,sh000905
2021-07-02 00:00:00,6701.06,6658.05,6718.51,6651.48,136472287.0,162302316544.0,1.0,6658.05,sh000905
2021-07-05 00:00:00,6670.13,6711.01,6716.15,6663.54,134734720.0,165135855616.0,0.79,6711.01,sh000905
2021-07-06 00:00:00,6727.97,6709.5,6747.85,6633.61,145017953.0,183569346560.0,1.7,6709.5,sh000905
2021-07-07 00:00:00,6661.85,6764.13,6765.43,6642.57,147646953.0,176266752000.0,1.83,6764.13,sh000905
2021-07-08 00:00:00,6774.84,6748.65,6797.08,6740.85,159564544.0,203043020800.0,0.83,6748.65,sh000905
2021-07-09 00:00:00,6721.61,6804.54,6814.65,6683.79,166107003.0,204576735232.0,1.94,6804.54,sh000905
2021-07-12 00:00:00,6852.48,6904.38,6926.76,6840.02,193561044.0,239883546624.0,1.27,6904.38,sh000905
2021-07-13 00:00:00,6901.81,6961.85,6961.97,6889.03,179620844.0,223831191552.0,1.06,6961.85,sh000905
2021-07-14 00:00:00,6953.82,6898.75,6973.61,6898.75,171735447.0,214904537088.0,1.08,6898.75,sh000905
2021-07-15 00:00:00,6874.8,6932.41,6936.58,6828.48,173221107.0,205199286272.0,1.57,6932.41,sh000905
2021-07-16 00:00:00,6931.05,6925.12,6992.83,6922.35,184907858.0,221559304192.0,1.02,6925.12,sh000905
2021-07-19 00:00:00,6912.1,6889.34,6931.14,6856.65,169734817.0,208077103104.0,1.08,6889.34,sh000905
2021-07-20 00:00:00,6831.05,6901.13,6901.13,6825.82,140140631.0,171140493312.0,1.09,6901.13,sh000905
2021-07-21 00:00:00,6923.61,6984.54,6998.28,6922.92,163009272.0,204939579392.0,1.09,6984.54,sh000905
2021-07-22 00:00:00,6996.26,7026.55,7026.73,6960.3,190233316.0,219500277760.0,0.95,7026.55,sh000905
2021-07-23 00:00:00,7036.3,6985.75,7061.67,6968.31,225079073.0,253751242752.0,1.33,6985.75,sh000905
2021-07-26 00:00:00,6974.11,6868.21,6986.5,6778.5,208197240.0,242702241792.0,2.98,6868.21,sh000905
2021-07-27 00:00:00,6877.44,6719.26,6925.97,6719.26,228614339.0,266957983744.0,3.01,6719.26,sh000905
2021-07-28 00:00:00,6650.15,6621.98,6709.23,6534.92,197267167.0,222466408448.0,2.59,6621.98,sh000905
2021-07-29 00:00:00,6720.62,6758.89,6773.57,6682.12,171017884.0,209142005760.0,1.38,6758.89,sh000905
2021-07-30 00:00:00,6739.75,6767.32,6775.01,6702.51,189711734.0,222514806784.0,1.07,6767.32,sh000905
2021-08-02 00:00:00,6756.81,6872.0,6875.42,6731.78,206205174.0,249640210432.0,2.12,6872.0,sh000905
2021-08-03 00:00:00,6844.37,6816.01,6879.59,6792.71,194189432.0,237723021312.0,1.26,6816.01,sh000905
2021-08-04 00:00:00,6814.08,6931.34,6931.78,6813.23,174064348.0,216189755392.0,1.74,6931.34,sh000905
2021-08-05 00:00:00,6920.94,6911.83,6946.34,6880.69,179371886.0,226672386048.0,0.95,6911.83,sh000905
2021-08-06 00:00:00,6929.02,6938.87,6947.54,6885.65,172356913.0,214958731264.0,0.9,6938.87,sh000905
2021-08-09 00:00:00,6914.32,6979.53,6989.71,6877.2,173833372.0,210955644928.0,1.62,6979.53,sh000905
2021-08-10 00:00:00,6970.83,7019.23,7019.69,6958.81,173087962.0,222660419584.0,0.87,7019.23,sh000905
2021-08-11 00:00:00,7024.77,7073.52,7076.37,6999.93,188357906.0,221759524864.0,1.09,7073.52,sh000905
2021-08-12 00:00:00,7059.47,7095.2,7115.89,7051.01,194079124.0,226074873856.0,0.92,7095.2,sh000905
2021-08-13 00:00:00,7070.47,7088.89,7124.92,7050.31,192190605.0,221865975808.0,1.05,7088.89,sh000905
2021-08-16 00:00:00,7087.58,7052.49,7102.4,7039.1,188178885.0,222080462848.0,0.89,7052.49,sh000905
2021-08-17 00:00:00,7045.75,6894.4,7063.02,6876.5,201936371.0,226552999936.0,2.64,6894.4,sh000905
2021-08-18 00:00:00,6883.27,6941.01,6950.88,6865.07,175367332.0,191997407232.0,1.24,6941.01,sh000905
2021-08-19 00:00:00,6917.51,6947.06,6978.98,6869.29,171813588.0,194992914432.0,1.58,6947.06,sh000905
2021-08-20 00:00:00,6915.02,6920.02,6952.52,6843.0,175627139.0,205135638528.0,1.58,6920.02,sh000905
2021-08-23 00:00:00,6949.33,7024.56,7031.88,6949.33,189456609.0,216299532288.0,1.19,7024.56,sh000905
2021-08-24 00:00:00,7031.65,7090.78,7098.03,7009.69,202726894.0,236479324160.0,1.26,7090.78,sh000905
2021-08-25 00:00:00,7092.15,7153.0,7153.27,7058.57,198126889.0,228737400832.0,1.34,7153.0,sh000905
2021-08-26 00:00:00,7151.53,7118.84,7175.51,7115.84,230176197.0,255363534848.0,0.83,7118.84,sh000905
2021-08-27 00:00:00,7096.65,7180.11,7185.73,7083.21,223830464.0,258997825536.0,1.44,7180.11,sh000905
2021-08-30 00:00:00,7202.63,7226.88,7262.6,7190.61,250649147.0,301015445504.0,1.0,7226.88,sh000905
2021-08-31 00:00:00,7202.52,7255.34,7255.34,7159.3,245108342.0,288657326080.0,1.33,7255.34,sh000905
2021-09-01 00:00:00,7271.03,7193.1,7278.16,7100.31,295520141.0,331023151104.0,2.45,7193.1,sh000905
2021-09-02 00:00:00,7172.4,7307.01,7309.33,7172.4,253411699.0,271544872960.0,1.9,7307.01,sh000905
2021-09-03 00:00:00,7335.7,7278.68,7385.24,7227.03,288801239.0,315016806400.0,2.17,7278.68,sh000905
2021-09-06 00:00:00,7297.36,7355.4,7359.54,7231.73,255875154.0,273720336384.0,1.76,7355.4,sh000905
2021-09-07 00:00:00,7360.38,7498.93,7501.13,7350.7,260727542.0,280403353600.0,2.05,7498.93,sh000905
2021-09-08 00:00:00,7496.33,7544.04,7549.45,7483.87,272847808.0,287850946560.0,0.87,7544.04,sh000905
2021-09-09 00:00:00,7534.98,7617.45,7617.66,7526.97,287204068.0,302380048384.0,1.2,7617.45,sh000905
2021-09-10 00:00:00,7613.6,7607.67,7661.43,7564.26,293468641.0,322687991808.0,1.28,7607.67,sh000905
2021-09-13 00:00:00,7613.54,7648.75,7650.88,7566.78,263618611.0,298956062720.0,1.11,7648.75,sh000905
2021-09-14 00:00:00,7630.72,7556.62,7688.6,7544.02,271501512.0,306464419840.0,1.89,7556.62,sh000905
2021-09-15 00:00:00,7535.25,7592.31,7627.67,7521.88,233398415.0,274072797184.0,1.4,7592.31,sh000905
2021-09-16 00:00:00,7616.88,7446.94,7657.23,7445.23,267649779.0,301162983424.0,2.79,7446.94,sh000905
2021-09-17 00:00:00,7421.81,7395.56,7471.42,7275.98,233604227.0,259019108352.0,2.62,7395.56,sh000905
2021-09-22 00:00:00,7305.08,7453.62,7453.93,7298.03,196794534.0,221838872576.0,2.11,7453.62,sh000905
2021-09-23 00:00:00,7512.33,7502.84,7543.66,7467.2,241158694.0,267659235328.0,1.03,7502.84,sh000905
2021-09-24 00:00:00,7490.56,7380.38,7490.56,7373.29,231715581.0,248983142400.0,1.56,7380.38,sh000905
2021-09-27 00:00:00,7400.0,7170.59,7410.47,7128.51,239542408.0,255096918016.0,3.82,7170.59,sh000905
2021-09-28 00:00:00,7158.62,7198.9,7227.46,7155.27,202800568.0,196202377216.0,1.01,7198.9,sh000905
2021-09-29 00:00:00,7142.76,7010.22,7161.21,6996.57,210570703.0,207830601728.0,2.29,7010.22,sh000905
2021-09-30 00:00:00,7034.69,7103.61,7116.04,7034.69,202482611.0,186185670656.0,1.16,7103.61,sh000905
2021-10-08 00:00:00,7191.23,7091.34,7198.96,7058.83,205467704.0,202877493248.0,1.97,7091.34,sh000905
2021-10-11 00:00:00,7102.88,7090.47,7123.75,7048.87,195420838.0,194709504000.0,1.06,7090.47,sh000905
2021-10-12 00:00:00,7069.35,6952.19,7079.71,6891.84,201666724.0,194146537472.0,2.65,6952.19,sh000905
2021-10-13 00:00:00,6957.73,6981.59,6991.24,6887.34,162604654.0,163678285824.0,1.49,6981.59,sh000905
2021-10-14 00:00:00,6970.65,7008.33,7033.4,6949.48,154764667.0,162946740224.0,1.2,7008.33,sh000905
2021-10-15 00:00:00,6996.12,7024.16,7034.03,6975.24,174108339.0,188999737344.0,0.84,7024.16,sh000905
2021-10-18 00:00:00,7027.14,7068.1,7071.87,6983.72,175627013.0,194312994816.0,1.25,7068.1,sh000905
2021-10-19 00:00:00,7060.77,7120.38,7127.24,7051.78,168135764.0,182701166592.0,1.07,7120.38,sh000905
2021-10-20 00:00:00,7081.99,7118.8,7154.91,7067.13,170511342.0,186276499456.0,1.23,7118.8,sh000905
2021-10-21 00:00:00,7127.64,7098.25,7145.58,7069.45,167971968.0,184364871680.0,1.07,7098.25,sh000905
2021-10-22 00:00:00,7089.13,7026.07,7110.66,7020.87,171615150.0,184191959040.0,1.26,7026.07,sh000905
2021-10-25 00:00:00,7019.02,7103.99,7105.98,7003.78,159004603.0,184607289344.0,1.45,7103.99,sh000905
2021-10-26 00:00:00,7120.07,7102.43,7155.63,7085.07,175032205.0,204998021120.0,0.99,7102.43,sh000905
2021-10-27 00:00:00,7093.12,7048.6,7097.86,7017.86,179020887.0,212523900928.0,1.13,7048.6,sh000905
2021-10-28 00:00:00,7026.29,6950.28,7043.42,6930.54,188075338.0,210380521472.0,1.6,6950.28,sh000905
2021-10-29 00:00:00,6955.85,7022.5,7022.75,6920.31,170779533.0,207011901440.0,1.47,7022.5,sh000905
2021-11-01 00:00:00,7005.07,7060.76,7087.29,6993.27,184142991.0,226533564416.0,1.34,7060.76,sh000905
2021-11-02 00:00:00,7061.0,6985.1,7093.61,6921.85,196114729.0,230633598976.0,2.43,6985.1,sh000905
2021-11-03 00:00:00,6975.06,7017.85,7034.09,6962.87,150814648.0,183530631168.0,1.02,7017.85,sh000905
2021-11-04 00:00:00,7031.95,7073.85,7073.85,7018.61,152652050.0,188533362688.0,0.79,7073.85,sh000905
2021-11-05 00:00:00,7071.08,6991.91,7073.85,6991.15,177241393.0,207299702784.0,1.17,6991.91,sh000905
2021-11-08 00:00:00,6986.5,7026.97,7034.14,6984.81,146360858.0,176810356736.0,0.71,7026.97,sh000905
2021-11-09 00:00:00,7037.57,7081.75,7087.02,7028.31,141696847.0,175620423680.0,0.84,7081.75,sh000905
2021-11-10 00:00:00,7061.64,7062.33,7072.15,6965.86,162138355.0,187121573888.0,1.5,7062.33,sh000905
2021-11-11 00:00:00,7048.86,7119.86,7121.92,7033.09,165400694.0,186637770752.0,1.26,7119.86,sh000905
2021-11-12 00:00:00,7118.99,7156.61,7165.11,7112.58,168513423.0,195249975296.0,0.74,7156.61,sh000905
2021-11-15 00:00:00,7166.04,7098.21,7176.77,7083.78,161148201.0,201939759104.0,1.3,7098.21,sh000905
2021-11-16 00:00:00,7083.92,7045.94,7121.74,7040.51,162370317.0,192032231424.0,1.14,7045.94,sh000905
2021-11-17 00:00:00,7043.63,7104.53,7106.05,7033.95,140347108.0,168875298816.0,1.02,7104.53,sh000905
2021-11-18 00:00:00,7108.78,7084.68,7130.29,7066.49,162714860.0,185152970752.0,0.9,7084.68,sh000905
2021-11-19 00:00:00,7083.01,7169.88,7174.25,7073.72,178185853.0,193601339392.0,1.42,7169.88,sh000905
2021-11-22 00:00:00,7177.4,7255.07,7259.53,7177.4,180522481.0,222986227712.0,1.15,7255.07,sh000905
2021-11-23 00:00:00,7245.95,7261.38,7292.92,7239.0,189595034.0,218299011072.0,0.74,7261.38,sh000905
2021-11-24 00:00:00,7260.22,7256.11,7278.4,7229.6,177674071.0,209537056768.0,0.67,7256.11,sh000905
2021-11-25 00:00:00,7262.79,7233.54,7262.79,7228.29,164068099.0,190327762944.0,0.48,7233.54,sh000905
2021-11-26 00:00:00,7216.64,7219.86,7249.2,7201.2,159423137.0,192093831168.0,0.66,7219.86,sh000905
2021-11-29 00:00:00,7129.94,7221.9,7226.34,7125.43,166941407.0,198551719936.0,1.4,7221.9,sh000905
2021-11-30 00:00:00,7252.33,7252.76,7281.13,7210.84,186336164.0,213217509376.0,0.97,7252.76,sh000905
2021-12-01 00:00:00,7239.13,7272.84,7272.94,7215.67,171806295.0,196111867904.0,0.79,7272.84,sh000905
2021-12-02 00:00:00,7256.42,7229.99,7279.95,7221.36,176555543.0,198627049472.0,0.81,7229.99,sh000905
2021-12-03 00:00:00,7233.57,7301.92,7310.27,7223.8,186222738.0,200791224320.0,1.2,7301.92,sh000905
2021-12-06 00:00:00,7308.99,7240.46,7330.47,7235.45,213069952.0,218322694144.0,1.3,7240.46,sh000905
2021-12-07 00:00:00,7274.13,7206.83,7284.64,7148.07,192243855.0,206136078336.0,1.89,7206.83,sh000905
2021-12-08 00:00:00,7225.0,7302.99,7302.99,7214.26,169280453.0,190279974912.0,1.23,7302.99,sh000905
2021-12-09 00:00:00,7298.8,7320.32,7331.58,7290.27,196087168.0,211492052992.0,0.57,7320.32,sh000905
2021-12-10 00:00:00,7285.97,7306.65,7317.27,7276.61,187230694.0,209397678080.0,0.56,7306.65,sh000905
2021-12-13 00:00:00,7334.11,7353.03,7371.31,7322.44,185363062.0,210741542912.0,0.67,7353.03,sh000905
2021-12-14 00:00:00,7330.24,7324.13,7349.88,7314.43,159583754.0,183555993600.0,0.48,7324.13,sh000905
2021-12-15 00:00:00,7319.66,7314.26,7352.38,7302.38,159923922.0,183859412992.0,0.68,7314.26,sh000905
2021-12-16 00:00:00,7323.41,7381.0,7381.0,7323.41,177690340.0,187008757760.0,0.79,7381.0,sh000905
2021-12-17 00:00:00,7380.72,7314.56,7384.02,7308.72,196265336.0,203439632384.0,1.02,7314.56,sh000905
2021-12-20 00:00:00,7290.95,7195.97,7313.48,7191.05,181727854.0,190350688256.0,1.67,7195.97,sh000905
2021-12-21 00:00:00,7190.97,7275.47,7285.72,7190.97,176216745.0,164258062336.0,1.32,7275.47,sh000905
2021-12-22 00:00:00,7289.91,7302.46,7318.61,7271.82,174117189.0,171088400384.0,0.64,7302.46,sh000905
2021-12-23 00:00:00,7306.16,7337.19,7350.0,7290.38,169131761.0,180467003392.0,0.82,7337.19,sh000905
2021-12-24 00:00:00,7336.0,7278.76,7339.94,7257.53,169418703.0,182681104384.0,1.12,7278.76,sh000905
2021-12-27 00:00:00,7269.37,7272.75,7323.88,7255.72,148618788.0,165585649664.0,0.94,7272.75,sh000905
2021-12-28 00:00:00,7281.0,7286.03,7290.54,7240.93,143262039.0,164782845952.0,0.68,7286.03,sh000905
2021-12-29 00:00:00,7275.67,7247.77,7290.86,7242.3,136209551.0,155743985664.0,0.67,7247.77,sh000905
2021-12-30 00:00:00,7246.03,7310.96,7324.5,7244.22,141651110.0,158448275456.0,1.11,7310.96,sh000905
2021-12-31 00:00:00,7320.94,7359.4,7368.13,7317.7,149909002.0,169456914432.0,0.69,7359.4,sh000905
2022-01-04 00:00:00,7387.81,7354.46,7392.1,7317.5,200810017.0,219175108608.0,1.01,7354.46,sh000905
2022-01-05 00:00:00,7343.9,7222.67,7346.26,7200.73,194002404.0,209809760256.0,1.98,7222.67,sh000905
2022-01-06 00:00:00,7187.95,7229.96,7242.77,7167.81,173335764.0,179907538944.0,1.04,7229.96,sh000905
2022-01-07 00:00:00,7232.41,7175.68,7262.81,7168.04,200018012.0,202498453504.0,1.31,7175.68,sh000905
2022-01-10 00:00:00,7161.44,7191.45,7193.92,7122.09,165748879.0,176717914112.0,1.0,7191.45,sh000905
2022-01-11 00:00:00,7187.02,7135.22,7206.92,7118.84,169494564.0,179645358080.0,1.22,7135.22,sh000905
2022-01-12 00:00:00,7160.18,7196.93,7196.93,7148.63,156051484.0,170334289920.0,0.68,7196.93,sh000905
2022-01-13 00:00:00,7203.24,7097.76,7203.24,7096.33,169148969.0,174599012352.0,1.49,7097.76,sh000905
2022-01-14 00:00:00,7063.42,7081.14,7125.09,7052.63,175591199.0,181513953280.0,1.02,7081.14,sh000905
2022-01-17 00:00:00,7080.62,7157.86,7169.34,7078.66,161779720.0,183490793472.0,1.28,7157.86,sh000905
2022-01-18 00:00:00,7163.13,7163.16,7191.0,7133.2,179235392.0,195000213504.0,0.81,7163.16,sh000905
2022-01-19 00:00:00,7144.48,7118.76,7182.06,7078.36,163178368.0,174675275776.0,1.45,7118.76,sh000905
2022-01-20 00:00:00,7119.51,7056.79,7135.78,7040.01,168666281.0,172753203200.0,1.35,7056.79,sh000905
2022-01-21 00:00:00,7037.94,6976.62,7040.43,6965.33,144679790.0,158204018688.0,1.06,6976.62,sh000905
2022-01-24 00:00:00,6942.92,6979.25,7006.7,6925.77,122679565.0,135920721920.0,1.16,6979.25,sh000905
2022-01-25 00:00:00,6960.0,6743.96,6979.48,6743.96,150337244.0,154265493504.0,3.37,6743.96,sh000905
2022-01-26 00:00:00,6762.35,6782.58,6799.81,6721.9,120615311.0,130234703872.0,1.16,6782.58,sh000905
2022-01-27 00:00:00,6781.61,6605.92,6785.73,6605.92,125243756.0,132244729856.0,2.65,6605.92,sh000905
2022-01-28 00:00:00,6690.18,6580.53,6690.18,6510.18,127088819.0,130258014208.0,2.72,6580.53,sh000905
2022-02-07 00:00:00,6664.57,6676.61,6702.33,6656.13,145092618.0,138641530880.0,0.7,6676.61,sh000905
2022-02-08 00:00:00,6678.99,6742.19,6742.4,6599.37,159598574.0,145458655232.0,2.14,6742.19,sh000905
2022-02-09 00:00:00,6736.75,6843.03,6848.69,6725.8,162822720.0,155362516992.0,1.82,6843.03,sh000905
2022-02-10 00:00:00,6841.16,6840.49,6864.69,6797.01,154916564.0,147064848384.0,0.99,6840.49,sh000905
2022-02-11 00:00:00,6811.78,6745.02,6840.72,6735.89,159801354.0,156700184576.0,1.53,6745.02,sh000905
2022-02-14 00:00:00,6711.59,6695.7,6765.52,6667.49,137082460.0,132192014336.0,1.45,6695.7,sh000905
2022-02-15 00:00:00,6700.82,6760.28,6762.86,6686.95,112805760.0,121268404224.0,1.13,6760.28,sh000905
2022-02-16 00:00:00,6779.21,6772.03,6788.36,6751.8,108414003.0,114685136896.0,0.54,6772.03,sh000905
2022-02-17 00:00:00,6764.33,6768.79,6797.62,6730.18,122985088.0,130706759680.0,1.0,6768.79,sh000905
2022-02-18 00:00:00,6734.52,6835.02,6835.2,6727.82,139952637.0,134406668288.0,1.59,6835.02,sh000905
2022-02-21 00:00:00,6843.08,6867.11,6871.99,6822.88,145146314.0,150072397824.0,0.72,6867.11,sh000905
2022-02-22 00:00:00,6827.05,6784.76,6827.05,6743.85,148609915.0,152906260480.0,1.21,6784.76,sh000905
2022-02-23 00:00:00,6785.1,6887.42,6889.7,6785.1,144116621.0,159413006336.0,1.54,6887.42,sh000905
2022-02-24 00:00:00,6861.41,6764.88,6898.41,6688.75,210849756.0,218057097216.0,3.04,6764.88,sh000905
2022-02-25 00:00:00,6805.64,6819.43,6895.04,6801.33,156429138.0,164105580544.0,1.39,6819.43,sh000905
2022-02-28 00:00:00,6831.49,6853.31,6853.34,6770.05,139601388.0,148585345024.0,1.22,6853.31,sh000905
2022-03-01 00:00:00,6868.62,6874.04,6889.33,6837.25,137717217.0,147535306752.0,0.76,6874.04,sh000905
2022-03-02 00:00:00,6853.07,6875.24,6878.35,6828.06,137114977.0,140871323648.0,0.73,6875.24,sh000905
2022-03-03 00:00:00,6900.98,6859.55,6907.41,6843.99,189091781.0,173516746752.0,0.92,6859.55,sh000905
2022-03-04 00:00:00,6823.83,6803.83,6871.09,6779.41,177411881.0,165852585984.0,1.34,6803.83,sh000905
2022-03-07 00:00:00,6800.77,6659.39,6800.82,6628.48,166484595.0,164636762112.0,2.53,6659.39,sh000905
2022-03-08 00:00:00,6650.58,6429.89,6665.95,6416.8,186296079.0,184444203008.0,3.74,6429.89,sh000905
2022-03-09 00:00:00,6443.2,6305.61,6462.48,6066.76,197802739.0,188335591424.0,6.15,6305.61,sh000905
2022-03-10 00:00:00,6424.91,6414.94,6475.14,6390.73,153152356.0,158971826176.0,1.34,6414.94,sh000905
2022-03-11 00:00:00,6343.19,6474.13,6479.72,6270.02,152114504.0,158771249152.0,3.27,6474.13,sh000905
2022-03-14 00:00:00,6419.24,6323.58,6490.61,6323.58,137954004.0,153706455040.0,2.58,6323.58,sh000905
2022-03-15 00:00:00,6272.44,5964.98,6278.07,5964.98,194713746.0,184102449152.0,4.95,5964.98,sh000905
2022-03-16 00:00:00,6068.9,6156.27,6173.79,5824.33,178826847.0,178613444608.0,5.86,6156.27,sh000905
2022-03-17 00:00:00,6233.64,6267.52,6369.89,6225.98,170438541.0,184845066240.0,2.34,6267.52,sh000905
2022-03-18 00:00:00,6249.48,6332.22,6338.22,6231.73,152620214.0,153302421504.0,1.7,6332.22,sh000905
2022-03-21 00:00:00,6340.56,6358.94,6389.21,6284.85,159653724.0,161774096384.0,1.65,6358.94,sh000905
2022-03-22 00:00:00,6343.4,6358.11,6404.83,6313.27,151107873.0,145705385984.0,1.44,6358.11,sh000905
2022-03-23 00:00:00,6368.31,6398.1,6420.16,6353.34,143179359.0,141684924416.0,1.05,6398.1,sh000905
2022-03-24 00:00:00,6370.97,6344.12,6384.4,6315.14,137749087.0,139175993344.0,1.08,6344.12,sh000905
2022-03-25 00:00:00,6346.71,6268.24,6373.47,6268.24,134972257.0,135181836288.0,1.66,6268.24,sh000905
2022-03-28 00:00:00,6230.12,6283.28,6322.13,6176.25,144857887.0,136991735808.0,2.33,6283.28,sh000905
2022-03-29 00:00:00,6289.48,6253.07,6316.31,6233.28,141362125.0,140401393664.0,1.32,6253.07,sh000905
2022-03-30 00:00:00,6272.0,6377.87,6377.87,6261.8,164014574.0,155600797696.0,1.86,6377.87,sh000905
2022-03-31 00:00:00,6361.1,6324.96,6383.07,6313.97,176903949.0,167072821248.0,1.08,6324.96,sh000905
2022-04-01 00:00:00,6289.39,6364.52,6373.26,6274.0,175128596.0,154551713792.0,1.57,6364.52,sh000905
2022-04-06 00:00:00,6363.0,6356.93,6363.0,6279.07,196853583.0,169525010432.0,1.32,6356.93,sh000905
2022-04-07 00:00:00,6321.81,6221.59,6364.63,6221.59,190762191.0,163735810048.0,2.25,6221.59,sh000905
2022-04-08 00:00:00,6227.2,6224.12,6237.91,6117.01,183954893.0,159245295616.0,1.94,6224.12,sh000905
2022-04-11 00:00:00,6202.02,6029.89,6202.02,6001.57,178384812.0,162201440256.0,3.22,6029.89,sh000905
2022-04-12 00:00:00,6019.67,6126.91,6135.57,5964.39,173180188.0,151432384512.0,2.84,6126.91,sh000905
2022-04-13 00:00:00,6094.68,6044.33,6129.66,6039.92,167043059.0,147270111232.0,1.46,6044.33,sh000905
2022-04-14 00:00:00,6074.13,6126.49,6156.5,6060.68,159033106.0,147089465344.0,1.59,6126.49,sh000905
2022-04-15 00:00:00,6094.12,6070.75,6122.29,6048.16,184627000.0,162170122240.0,1.21,6070.75,sh000905
2022-04-18 00:00:00,6019.53,6074.01,6094.67,5975.45,149186381.0,131553628160.0,1.96,6074.01,sh000905
2022-04-19 00:00:00,6067.48,6092.4,6106.93,6052.1,141997535.0,129227431936.0,0.9,6092.4,sh000905
2022-04-20 00:00:00,6082.81,5956.92,6093.78,5942.0,151055603.0,134720864256.0,2.49,5956.92,sh000905
2022-04-21 00:00:00,5933.79,5759.8,5971.19,5742.42,157854505.0,135625764864.0,3.84,5759.8,sh000905
2022-04-22 00:00:00,5728.19,5740.98,5794.34,5667.34,139997599.0,120243691520.0,2.2,5740.98,sh000905
2022-04-25 00:00:00,5656.39,5369.72,5656.39,5369.72,186753480.0,150663974912.0,4.99,5369.72,sh000905
2022-04-26 00:00:00,5374.25,5234.01,5434.7,5225.21,171299433.0,139143827456.0,3.9,5234.01,sh000905
2022-04-27 00:00:00,5179.03,5437.04,5440.07,5158.48,179693384.0,148165595136.0,5.38,5437.04,sh000905
2022-04-28 00:00:00,5398.9,5418.76,5472.82,5339.61,155039772.0,133023981568.0,2.45,5418.76,sh000905
2022-04-29 00:00:00,5458.91,5627.9,5630.93,5443.67,181289513.0,157723205632.0,3.46,5627.9,sh000905
2022-05-05 00:00:00,5612.5,5686.7,5728.62,5606.94,168643208.0,153614016512.0,2.16,5686.7,sh000905
2022-05-06 00:00:00,5560.98,5563.77,5629.65,5542.18,152993341.0,128084918272.0,1.54,5563.77,sh000905
2022-05-09 00:00:00,5552.48,5608.52,5626.59,5537.98,131553930.0,114555068416.0,1.59,5608.52,sh000905
2022-05-10 00:00:00,5532.6,5690.09,5698.51,5519.47,165329613.0,141136838656.0,3.19,5690.09,sh000905
2022-05-11 00:00:00,5697.43,5737.82,5856.19,5696.7,185163628.0,172855136256.0,2.8,5737.82,sh000905
2022-05-12 00:00:00,5707.56,5743.1,5779.32,5687.18,139216169.0,125952897024.0,1.61,5743.1,sh000905
2022-05-13 00:00:00,5765.32,5796.8,5796.8,5731.86,136559775.0,116785287168.0,1.13,5796.8,sh000905
2022-05-16 00:00:00,5840.24,5791.08,5855.72,5767.54,151387274.0,132450885632.0,1.52,5791.08,sh000905
2022-05-17 00:00:00,5789.92,5816.34,5816.34,5724.44,130829391.0,119260446720.0,1.59,5816.34,sh000905
2022-05-18 00:00:00,5815.61,5797.49,5846.84,5785.45,127243845.0,114319974400.0,1.06,5797.49,sh000905
2022-05-19 00:00:00,5708.8,5838.41,5838.41,5700.11,136623739.0,122730053632.0,2.39,5838.41,sh000905
2022-05-20 00:00:00,5854.01,5929.49,5929.54,5849.76,165727329.0,151890808832.0,1.37,5929.49,sh000905
2022-05-23 00:00:00,5941.14,5965.73,5968.85,5908.66,153876017.0,143376162816.0,1.02,5965.73,sh000905
2022-05-24 00:00:00,5962.15,5745.68,5967.23,5745.68,177540833.0,161859190784.0,3.71,5745.68,sh000905
2022-05-25 00:00:00,5741.23,5844.25,5844.28,5736.14,143590636.0,126687498240.0,1.88,5844.25,sh000905
2022-05-26 00:00:00,5848.03,5911.56,5928.71,5780.97,162350362.0,142667051008.0,2.53,5911.56,sh000905
2022-05-27 00:00:00,5921.33,5899.92,5952.62,5854.61,143406863.0,128502607872.0,1.66,5899.92,sh000905
2022-05-30 00:00:00,5918.24,5942.83,5943.0,5867.19,133852646.0,124183592960.0,1.28,5942.83,sh000905
2022-05-31 00:00:00,5940.37,6026.24,6033.47,5902.28,155944919.0,147825250304.0,2.21,6026.24,sh000905
2022-06-01 00:00:00,6008.75,6023.64,6042.37,5970.49,155365773.0,143127244800.0,1.19,6023.64,sh000905
2022-06-02 00:00:00,6000.62,6078.43,6084.32,5987.64,159571676.0,150036299776.0,1.61,6078.43,sh000905
2022-06-06 00:00:00,6079.89,6187.44,6194.43,6070.71,182679964.0,180119371776.0,2.04,6187.44,sh000905
2022-06-07 00:00:00,6186.58,6186.57,6199.72,6136.04,177311718.0,169115475968.0,1.03,6186.57,sh000905
2022-06-08 00:00:00,6184.96,6217.83,6227.33,6110.06,186428864.0,176670593024.0,1.9,6217.83,sh000905
2022-06-09 00:00:00,6207.73,6130.69,6209.11,6088.46,172129774.0,160399015936.0,1.94,6130.69,sh000905
2022-06-10 00:00:00,6083.5,6240.1,6250.36,6078.78,192541340.0,178686545920.0,2.8,6240.1,sh000905
2022-06-13 00:00:00,6188.77,6233.62,6250.68,6172.91,188132398.0,197652385792.0,1.25,6233.62,sh000905
2022-06-14 00:00:00,6161.62,6275.57,6278.97,6061.19,197403164.0,196166209536.0,3.49,6275.57,sh000905
2022-06-15 00:00:00,6275.37,6261.06,6398.36,6261.04,238140764.0,231704739840.0,2.19,6261.06,sh000905
2022-06-16 00:00:00,6262.29,6264.82,6330.35,6242.33,194615084.0,200890494976.0,1.41,6264.82,sh000905
2022-06-17 00:00:00,6220.58,6316.31,6328.36,6181.85,167859128.0,188555333632.0,2.34,6316.31,sh000905
2022-06-20 00:00:00,6323.41,6330.39,6359.0,6277.22,175207145.0,202463105024.0,1.29,6330.39,sh000905
2022-06-21 00:00:00,6324.84,6277.0,6337.08,6215.29,164461629.0,178813382656.0,1.92,6277.0,sh000905
2022-06-22 00:00:00,6281.87,6179.57,6285.65,6176.85,154094318.0,164240855040.0,1.73,6179.57,sh000905
2022-06-23 00:00:00,6186.99,6300.47,6300.47,6142.94,168266043.0,179525607424.0,2.55,6300.47,sh000905
2022-06-24 00:00:00,6306.83,6368.28,6378.5,6304.08,157712704.0,181995577344.0,1.18,6368.28,sh000905
2022-06-27 00:00:00,6398.36,6407.74,6449.34,6390.28,168918190.0,201652932608.0,0.93,6407.74,sh000905
2022-06-28 00:00:00,6412.44,6501.35,6506.67,6392.11,170582712.0,196479373312.0,1.79,6501.35,sh000905
2022-06-29 00:00:00,6479.17,6374.3,6501.39,6370.02,190728307.0,215976296448.0,2.02,6374.3,sh000905
2022-06-30 00:00:00,6385.21,6454.08,6493.09,6385.21,163846776.0,193598971904.0,1.69,6454.08,sh000905
2022-07-01 00:00:00,6450.75,6438.54,6481.15,6423.86,144204644.0,172657741824.0,0.89,6438.54,sh000905
2022-07-04 00:00:00,6445.07,6523.13,6524.3,6405.38,157819968.0,193784451072.0,1.85,6523.13,sh000905
2022-07-05 00:00:00,6535.45,6511.53,6548.3,6435.74,186625469.0,206724927488.0,1.73,6511.53,sh000905
2022-07-06 00:00:00,6489.02,6418.55,6496.97,6359.47,177104502.0,188283101184.0,2.11,6418.55,sh000905
2022-07-07 00:00:00,6414.41,6452.99,6482.42,6380.17,157351122.0,176906223616.0,1.59,6452.99,sh000905
2022-07-08 00:00:00,6478.29,6404.44,6490.15,6404.16,150986698.0,171162738688.0,1.33,6404.44,sh000905
2022-07-11 00:00:00,6387.45,6319.14,6387.45,6274.74,151993667.0,169420488704.0,1.76,6319.14,sh000905
2022-07-12 00:00:00,6317.88,6241.48,6346.51,6238.56,144513092.0,162745221371.3,1.71,6241.48,sh000905
2022-07-13 00:00:00,6238.68,6268.49,6287.64,6207.72,142710723.0,148941203951.1,1.28,6268.49,sh000905
2022-07-14 00:00:00,6267.47,6302.43,6339.42,6254.68,140354050.0,156034965327.2,1.35,6302.43,sh000905
2022-07-15 00:00:00,6279.68,6196.8,6323.53,6196.8,158386828.0,169165272836.9,2.01,6196.8,sh000905
2022-07-18 00:00:00,6216.1,6312.36,6315.66,6200.52,159144624.0,163899480504.9,1.86,6312.36,sh000905
2022-07-19 00:00:00,6318.84,6335.71,6347.24,6283.4,146384780.0,163012682490.6,1.01,6335.71,sh000905
2022-07-20 00:00:00,6353.0,6410.71,6416.87,6351.82,142932573.0,157782312749.0,1.03,6410.71,sh000905
2022-07-21 00:00:00,6400.07,6347.6,6408.46,6347.6,148210184.0,163172754178.8,0.95,6347.6,sh000905
2022-07-22 00:00:00,6353.92,6289.53,6371.32,6236.34,130620669.0,143788393867.5,2.13,6289.53,sh000905
2022-07-25 00:00:00,6297.1,6231.24,6319.18,6213.47,129458029.0,139714096679.5,1.68,6231.24,sh000905
2022-07-26 00:00:00,6239.21,6307.96,6319.25,6213.84,117276541.0,129165891647.9,1.69,6307.96,sh000905
2022-07-27 00:00:00,6301.61,6332.23,6344.21,6286.35,120435127.0,133249678638.3,0.92,6332.23,sh000905
2022-07-28 00:00:00,6361.27,6348.17,6393.73,6339.55,138473429.0,152662265342.6,0.86,6348.17,sh000905
2022-07-29 00:00:00,6356.52,6294.11,6365.26,6285.72,137925792.0,152961332812.8,1.25,6294.11,sh000905
2022-08-01 00:00:00,6293.38,6347.22,6350.04,6253.06,128679012.0,151348904696.9,1.54,6347.22,sh000905
2022-08-02 00:00:00,6288.61,6170.0,6288.61,6095.06,182902539.0,192873382570.5,3.05,6170.0,sh000905
2022-08-03 00:00:00,6171.62,6124.31,6261.91,6111.22,147213409.0,175544841793.6,2.44,6124.31,sh000905
2022-08-04 00:00:00,6160.49,6158.73,6177.62,6080.1,113646381.0,137805652801.6,1.59,6158.73,sh000905
2022-08-05 00:00:00,6175.48,6270.51,6274.27,6163.51,124284448.0,150450721916.0,1.8,6270.51,sh000905
2022-08-08 00:00:00,6266.57,6323.07,6324.34,6249.62,116132934.0,149909676464.1,1.19,6323.07,sh000905
2022-08-09 00:00:00,6314.1,6341.48,6344.84,6290.87,116966653.0,148682025631.8,0.85,6341.48,sh000905
2022-08-10 00:00:00,6331.41,6322.06,6362.29,6298.86,118899928.0,153411737859.6,1.0,6322.06,sh000905
2022-08-11 00:00:00,6349.5,6439.36,6439.36,6341.72,142038284.0,168399100707.5,1.54,6439.36,sh000905
2022-08-12 00:00:00,6425.11,6420.85,6463.07,6416.29,140399917.0,158383471763.4,0.73,6420.85,sh000905
2022-08-15 00:00:00,6405.72,6442.81,6462.54,6394.22,133627482.0,151481917268.3,1.06,6442.81,sh000905
2022-08-16 00:00:00,6446.76,6465.19,6492.54,6440.38,135841495.0,150950901281.8,0.81,6465.19,sh000905
2022-08-17 00:00:00,6473.25,6493.5,6501.36,6428.97,146220319.0,165336992378.1,1.12,6493.5,sh000905
2022-08-18 00:00:00,6481.37,6468.81,6483.69,6448.75,130451759.0,151581053114.9,0.54,6468.81,sh000905
2022-08-19 00:00:00,6468.82,6391.72,6477.31,6390.93,142590851.0,161777617603.6,1.34,6391.72,sh000905
2022-08-22 00:00:00,6381.34,6472.68,6472.79,6363.22,133735500.0,155429477947.4,1.71,6472.68,sh000905
2022-08-23 00:00:00,6460.17,6466.4,6475.82,6436.08,133676377.0,152812386392.9,0.61,6466.4,sh000905
2022-08-24 00:00:00,6470.69,6284.58,6472.68,6277.99,158103872.0,171922926765.6,3.01,6284.58,sh000905
2022-08-25 00:00:00,6303.14,6322.7,6327.09,6225.68,141946367.0,152348524289.3,1.61,6322.7,sh000905
2022-08-26 00:00:00,6331.08,6298.37,6381.48,6286.52,130405837.0,145604215469.3,1.5,6298.37,sh000905
2022-08-29 00:00:00,6213.4,6310.4,6310.99,6205.13,125268849.0,132966408290.4,1.68,6310.4,sh000905
2022-08-30 00:00:00,6309.58,6285.93,6319.17,6248.14,132109200.0,136583215311.8,1.13,6285.93,sh000905
2022-08-31 00:00:00,6265.59,6155.75,6280.19,6132.23,147275408.0,153776542736.6,2.35,6155.75,sh000905
2022-09-01 00:00:00,6153.29,6126.77,6207.24,6118.58,118575054.0,124670857677.4,1.44,6126.77,sh000905
2022-09-02 00:00:00,6135.3,6149.43,6176.17,6117.73,106564384.0,114216217368.2,0.95,6149.43,sh000905
2022-09-05 00:00:00,6147.71,6182.65,6184.8,6122.62,117479244.0,119757999919.0,1.01,6182.65,sh000905
2022-09-06 00:00:00,6198.49,6291.57,6292.53,6187.95,129846040.0,135891977558.3,1.69,6291.57,sh000905
2022-09-07 00:00:00,6269.99,6301.56,6314.12,6256.61,120160292.0,130718396246.6,0.91,6301.56,sh000905
2022-09-08 00:00:00,6299.91,6272.58,6309.9,6266.52,116164269.0,120970235492.1,0.69,6272.58,sh000905
2022-09-09 00:00:00,6275.9,6316.97,6321.82,6254.26,121389228.0,124658337639.2,1.08,6316.97,sh000905
2022-09-13 00:00:00,6334.86,6300.42,6343.77,6291.44,118106314.0,123861798297.2,0.83,6300.42,sh000905
2022-09-14 00:00:00,6214.91,6249.96,6273.63,6206.92,109121160.0,114644793268.9,1.06,6249.96,sh000905
2022-09-15 00:00:00,6280.45,6107.8,6282.69,6053.8,141643500.0,148202355024.8,3.66,6107.8,sh000905
2022-09-16 00:00:00,6091.42,5954.5,6102.54,5954.5,137172115.0,131508079987.8,2.42,5954.5,sh000905
2022-09-19 00:00:00,5947.86,5913.15,5967.65,5880.49,104025412.0,104609796776.0,1.46,5913.15,sh000905
2022-09-20 00:00:00,5949.34,5958.29,6002.79,5940.58,88813000.0,96795084956.1,1.05,5958.29,sh000905
2022-09-21 00:00:00,5943.09,5978.58,5998.7,5876.52,103463644.0,100001264102.8,2.05,5978.58,sh000905
2022-09-22 00:00:00,5938.1,5965.89,6015.12,5931.73,99867602.0,102285806654.7,1.39,5965.89,sh000905
2022-09-23 00:00:00,5961.06,5889.6,5986.82,5839.93,100609437.0,104706616405.3,2.46,5889.6,sh000905
2022-09-26 00:00:00,5841.58,5806.32,5922.32,5798.28,103244360.0,102568347040.7,2.11,5806.32,sh000905
2022-09-27 00:00:00,5823.55,5920.05,5920.05,5808.25,97418022.0,103953587047.6,1.93,5920.05,sh000905
2022-09-28 00:00:00,5910.05,5769.52,5910.05,5769.52,93694853.0,99052683111.1,2.37,5769.52,sh000905
2022-09-29 00:00:00,5823.27,5771.88,5856.16,5741.02,95385798.0,97557854862.3,2.0,5771.88,sh000905
2022-09-30 00:00:00,5764.15,5714.06,5804.2,5714.06,85545168.0,87143078864.7,1.56,5714.06,sh000905
2022-10-10 00:00:00,5729.75,5635.71,5758.04,5618.8,97469345.0,97320936443.0,2.44,5635.71,sh000905
2022-10-11 00:00:00,5642.48,5684.51,5703.27,5606.99,86571469.0,88733098158.6,1.71,5684.51,sh000905
2022-10-12 00:00:00,5680.36,5820.45,5820.45,5594.3,106101757.0,110816368258.8,3.98,5820.45,sh000905
2022-10-13 00:00:00,5789.66,5830.34,5876.48,5780.18,105722268.0,114922152769.8,1.65,5830.34,sh000905
2022-10-14 00:00:00,5866.86,5973.44,5996.04,5866.86,118212245.0,138463009285.8,2.22,5973.44,sh000905
2022-10-17 00:00:00,5952.38,6015.6,6023.53,5945.43,111461869.0,127160232940.9,1.31,6015.6,sh000905
2022-10-18 00:00:00,6031.05,6035.67,6074.37,5996.39,105750195.0,127130541930.8,1.3,6035.67,sh000905
2022-10-19 00:00:00,6021.8,5972.72,6037.44,5970.44,93881065.0,112290658653.1,1.11,5972.72,sh000905
2022-10-20 00:00:00,5943.48,5948.86,6035.55,5886.4,103388245.0,121766931023.7,2.5,5948.86,sh000905
2022-10-21 00:00:00,5959.21,5956.88,5993.88,5928.92,96826295.0,112261082744.7,1.09,5956.88,sh000905
2022-10-24 00:00:00,5968.54,5896.9,6061.21,5857.86,119501081.0,137328967809.0,3.41,5896.9,sh000905
2022-10-25 00:00:00,5864.02,5869.78,5926.57,5785.41,107045854.0,123655965044.2,2.39,5869.78,sh000905
2022-10-26 00:00:00,5871.08,5971.6,6016.92,5871.08,116530079.0,143742557269.8,2.48,5971.6,sh000905
2022-10-27 00:00:00,5978.28,5963.0,6020.89,5962.97,117088219.0,147969762402.1,0.97,5963.0,sh000905
2022-10-28 00:00:00,5922.82,5781.8,5934.8,5760.05,131676332.0,147373418224.4,2.93,5781.8,sh000905
2022-10-31 00:00:00,5745.08,5807.11,5859.6,5743.56,127016064.0,150059218566.0,2.01,5807.11,sh000905
2022-11-01 00:00:00,5814.21,5941.15,5942.14,5786.87,136616776.0,165176134816.8,2.67,5941.15,sh000905
2022-11-02 00:00:00,5925.65,5997.8,6028.77,5916.06,142330286.0,183166205234.3,1.9,5997.8,sh000905
2022-11-03 00:00:00,5944.51,5996.72,6018.42,5937.61,106386906.0,145162731659.8,1.35,5996.72,sh000905
2022-11-04 00:00:00,5996.31,6133.46,6157.43,5996.31,138707111.0,174457116038.9,2.69,6133.46,sh000905
2022-11-07 00:00:00,6133.24,6141.41,6166.19,6100.61,138092409.0,167294752766.8,1.07,6141.41,sh000905
2022-11-08 00:00:00,6139.89,6134.26,6141.02,6095.44,108267531.0,134372666241.4,0.74,6134.26,sh000905
2022-11-09 00:00:00,6140.54,6120.83,6182.34,6118.73,104762250.0,127037472145.0,1.04,6120.83,sh000905
2022-11-10 00:00:00,6085.28,6089.7,6119.03,6061.81,116401928.0,129142711483.4,0.93,6089.7,sh000905
2022-11-11 00:00:00,6223.23,6138.62,6249.35,6134.68,176492121.0,198177118398.1,1.88,6138.62,sh000905
2022-11-14 00:00:00,6140.19,6129.51,6189.38,6104.93,159486725.0,174064714506.7,1.38,6129.51,sh000905
2022-11-15 00:00:00,6125.11,6236.38,6236.38,6112.62,149860965.0,171481798607.2,2.02,6236.38,sh000905
2022-11-16 00:00:00,6238.58,6203.92,6263.16,6190.01,129770376.0,151854939979.7,1.17,6203.92,sh000905
2022-11-17 00:00:00,6182.69,6217.21,6217.21,6148.61,123430196.0,152683752658.2,1.11,6217.21,sh000905
2022-11-18 00:00:00,6213.09,6191.65,6251.11,6181.55,131181093.0,164591218427.4,1.12,6191.65,sh000905
2022-11-21 00:00:00,6147.72,6189.71,6196.65,6116.3,112854387.0,141789496020.9,1.3,6189.71,sh000905
2022-11-22 00:00:00,6178.16,6125.4,6196.2,6100.11,116086024.0,137587008255.8,1.55,6125.4,sh000905
2022-11-23 00:00:00,6114.27,6115.6,6140.11,6045.02,115193517.0,128686794201.7,1.55,6115.6,sh000905
2022-11-24 00:00:00,6126.6,6120.07,6149.96,6099.75,100200699.0,117480438950.3,0.82,6120.07,sh000905
2022-11-25 00:00:00,6095.13,6087.86,6107.07,6062.0,107742345.0,110059809752.5,0.74,6087.86,sh000905
2022-11-28 00:00:00,5999.85,6055.28,6059.02,5970.09,117940107.0,125697913892.5,1.46,6055.28,sh000905
2022-11-29 00:00:00,6071.45,6163.82,6173.85,6071.22,155324471.0,159512108828.4,1.69,6163.82,sh000905
2022-11-30 00:00:00,6156.77,6156.15,6175.68,6118.9,154647972.0,153125576728.1,0.92,6156.15,sh000905
2022-12-01 00:00:00,6211.29,6186.1,6229.83,6186.1,152523325.0,171479199866.6,0.71,6186.1,sh000905
2022-12-02 00:00:00,6177.92,6168.01,6206.99,6154.21,115500975.0,133339764575.1,0.85,6168.01,sh000905
2022-12-05 00:00:00,6201.98,6215.12,6227.21,6182.98,170477211.0,177698737275.3,0.72,6215.12,sh000905
2022-12-06 00:00:00,6202.52,6211.25,6244.64,6185.49,149372815.0,164215807003.7,0.95,6211.25,sh000905
2022-12-07 00:00:00,6198.05,6204.01,6243.9,6183.33,137821246.0,155238837726.6,0.98,6204.01,sh000905
2022-12-08 00:00:00,6199.16,6186.28,6206.14,6168.78,131051325.0,149348401389.7,0.6,6186.28,sh000905
2022-12-09 00:00:00,6185.79,6192.3,6213.52,6159.5,167806825.0,180239306547.1,0.87,6192.3,sh000905
2022-12-12 00:00:00,6181.24,6154.81,6182.08,6146.25,134098310.0,162420257195.9,0.58,6154.81,sh000905
2022-12-13 00:00:00,6153.74,6121.66,6154.3,6113.41,104857515.0,131515610802.4,0.66,6121.66,sh000905
2022-12-14 00:00:00,6122.43,6096.39,6139.74,6084.08,95089916.0,125346101098.7,0.91,6096.39,sh000905
2022-12-15 00:00:00,6090.12,6101.88,6108.96,6078.0,88190454.0,113088367630.4,0.51,6101.88,sh000905
2022-12-16 00:00:00,6071.96,6072.86,6087.46,6036.05,93910672.0,113412125964.0,0.84,6072.86,sh000905
2022-12-19 00:00:00,6058.89,5936.48,6081.44,5911.88,105106201.0,121083184766.5,2.79,5936.48,sh000905
2022-12-20 00:00:00,5919.03,5878.03,5920.99,5857.86,78623273.0,96369670928.2,1.06,5878.03,sh000905
2022-12-21 00:00:00,5879.27,5845.84,5892.91,5819.67,69783431.0,85257777709.1,1.25,5845.84,sh000905
2022-12-22 00:00:00,5867.72,5779.06,5875.47,5761.98,82231873.0,97446795232.4,1.94,5779.06,sh000905
2022-12-23 00:00:00,5751.95,5763.35,5805.51,5732.47,66556865.0,81911192697.9,1.26,5763.35,sh000905
2022-12-26 00:00:00,5769.07,5843.26,5850.91,5769.07,75424133.0,93646097254.9,1.42,5843.26,sh000905
2022-12-27 00:00:00,5857.75,5885.66,5891.35,5832.27,81780423.0,101272091294.0,1.01,5885.66,sh000905
2022-12-28 00:00:00,5869.46,5862.1,5889.32,5848.24,90098898.0,102679233203.2,0.7,5862.1,sh000905
2022-12-29 00:00:00,5843.94,5857.4,5895.98,5835.33,79510794.0,94429698666.4,1.03,5857.4,sh000905
2022-12-30 00:00:00,5875.28,5864.47,5885.89,5848.95,75345032.0,86117939625.6,0.63,5864.47,sh000905
2023-01-03 00:00:00,5861.55,5955.9,5964.82,5848.15,99557837.0,119271237764.2,1.99,5955.9,sh000905
2023-01-04 00:00:00,5952.51,5952.45,5970.58,5922.86,97160441.0,114358731440.4,0.8,5952.45,sh000905
2023-01-05 00:00:00,5959.44,6010.46,6017.34,5950.09,96629979.0,117479981150.9,1.13,6010.46,sh000905
2023-01-06 00:00:00,6004.17,6012.82,6050.89,5998.83,99244877.0,121596399779.3,0.87,6012.82,sh000905
2023-01-09 00:00:00,6028.4,6040.02,6070.16,6023.64,100696829.0,124921325580.9,0.77,6040.02,sh000905
2023-01-10 00:00:00,6044.64,6048.3,6053.58,6017.15,96393351.0,113967056402.2,0.6,6048.3,sh000905
2023-01-11 00:00:00,6049.04,6014.16,6070.45,6004.22,94406389.0,112879598037.5,1.1,6014.16,sh000905
2023-01-12 00:00:00,6022.56,6015.29,6048.19,5995.91,92900124.0,104902996993.9,0.87,6015.29,sh000905
2023-01-13 00:00:00,6030.93,6057.69,6058.22,6015.22,90025020.0,102449872563.5,0.71,6057.69,sh000905
2023-01-16 00:00:00,6068.91,6126.18,6168.74,6068.14,129619730.0,146526749755.3,1.66,6126.18,sh000905
2023-01-17 00:00:00,6129.73,6132.64,6138.17,6107.76,95921699.0,109180206701.1,0.5,6132.64,sh000905
2023-01-18 00:00:00,6139.69,6151.46,6168.37,6136.97,94555836.0,103052545401.6,0.51,6151.46,sh000905
2023-01-19 00:00:00,6145.62,6204.33,6204.33,6130.42,99777793.0,114472416014.4,1.2,6204.33,sh000905
2023-01-20 00:00:00,6214.03,6251.43,6253.27,6214.03,113904542.0,128362190660.4,0.63,6251.43,sh000905
2023-01-30 00:00:00,6331.88,6283.33,6342.45,6279.45,146517920.0,173697713880.0,1.01,6283.33,sh000905
2023-01-31 00:00:00,6266.3,6289.15,6303.91,6259.53,135302093.0,146630404005.4,0.71,6289.15,sh000905
2023-02-01 00:00:00,6300.5,6365.91,6368.79,6293.49,152442220.0,166449081743.9,1.2,6365.91,sh000905
2023-02-02 00:00:00,6383.3,6370.14,6402.26,6347.73,149292811.0,166213113911.5,0.86,6370.14,sh000905
2023-02-03 00:00:00,6354.71,6343.69,6354.71,6267.44,121507182.0,138714379584.2,1.37,6343.69,sh000905
2023-02-06 00:00:00,6314.6,6302.33,6330.79,6274.54,108485308.0,127652063425.2,0.89,6302.33,sh000905
2023-02-07 00:00:00,6309.22,6317.24,6318.84,6273.6,109662683.0,125078065034.8,0.72,6317.24,sh000905
2023-02-08 00:00:00,6319.52,6268.28,6323.85,6263.76,105994895.0,116986269907.4,0.95,6268.28,sh000905
2023-02-09 00:00:00,6256.31,6354.56,6354.8,6250.45,109031119.0,129044254163.8,1.66,6354.56,sh000905
2023-02-10 00:00:00,6349.0,6334.25,6368.49,6296.55,120100829.0,134994907399.5,1.13,6334.25,sh000905
2023-02-13 00:00:00,6333.22,6383.83,6386.72,6331.37,131566227.0,151374560994.8,0.87,6383.83,sh000905
2023-02-14 00:00:00,6394.62,6397.21,6408.55,6369.57,124674389.0,143967118961.2,0.61,6397.21,sh000905
2023-02-15 00:00:00,6398.87,6384.35,6407.75,6365.31,115907022.0,143472324421.4,0.66,6384.35,sh000905
2023-02-16 00:00:00,6384.21,6289.48,6429.05,6244.48,168388416.0,190791364474.4,2.89,6289.48,sh000905
2023-02-17 00:00:00,6284.92,6237.41,6308.57,6237.41,117210985.0,143422448167.7,1.13,6237.41,sh000905
2023-02-20 00:00:00,6248.26,6346.07,6349.41,6227.35,140334075.0,157289265128.8,1.96,6346.07,sh000905
2023-02-21 00:00:00,6349.91,6383.42,6396.74,6337.6,141824714.0,153705795821.1,0.93,6383.42,sh000905
2023-02-22 00:00:00,6352.03,6375.07,6397.15,6344.99,109083029.0,128341320025.0,0.82,6375.07,sh000905
2023-02-23 00:00:00,6377.29,6360.32,6396.66,6328.64,116064654.0,135992246881.1,1.07,6360.32,sh000905
2023-02-24 00:00:00,6367.63,6340.84,6372.49,6308.22,96957281.0,119877925583.4,1.01,6340.84,sh000905
2023-02-27 00:00:00,6318.64,6307.21,6349.09,6288.3,101082738.0,124887490151.6,0.96,6307.21,sh000905
2023-02-28 00:00:00,6323.84,6357.54,6357.54,6293.18,96603163.0,119094834715.1,1.02,6357.54,sh000905
2023-03-01 00:00:00,6356.5,6402.14,6410.52,6340.0,123907639.0,144327640100.9,1.11,6402.14,sh000905
2023-03-02 00:00:00,6398.26,6382.23,6410.23,6375.01,125349297.0,147597102774.1,0.55,6382.23,sh000905
2023-03-03 00:00:00,6384.06,6390.32,6398.47,6346.96,123234775.0,140273359354.4,0.81,6390.32,sh000905
2023-03-06 00:00:00,6398.1,6395.22,6405.82,6362.47,126845634.0,155123686031.2,0.68,6395.22,sh000905
2023-03-07 00:00:00,6389.81,6284.3,6396.54,6284.22,137928869.0,149308292189.0,1.76,6284.3,sh000905
2023-03-08 00:00:00,6264.43,6301.52,6303.71,6258.32,98698357.0,114463801002.9,0.72,6301.52,sh000905
2023-03-09 00:00:00,6311.04,6285.95,6311.34,6258.45,92688914.0,111866575503.5,0.84,6285.95,sh000905
2023-03-10 00:00:00,6251.56,6204.9,6261.33,6202.61,108052290.0,129144574718.6,0.93,6204.9,sh000905
2023-03-13 00:00:00,6189.98,6245.0,6245.0,6178.67,108006552.0,132474098352.3,1.07,6245.0,sh000905
2023-03-14 00:00:00,6237.73,6189.4,6243.42,6127.69,121200145.0,149977754662.0,1.85,6189.4,sh000905
2023-03-15 00:00:00,6210.93,6224.64,6254.49,6210.93,112948528.0,129455795140.3,0.7,6224.64,sh000905
2023-03-16 00:00:00,6191.3,6140.83,6209.97,6133.83,127632685.0,143759016862.1,1.22,6140.83,sh000905
2023-03-17 00:00:00,6174.19,6183.18,6233.75,6169.84,137108334.0,157222487365.1,1.04,6183.18,sh000905
2023-03-20 00:00:00,6195.35,6160.35,6201.97,6152.81,145580891.0,167826184366.7,0.8,6160.35,sh000905
2023-03-21 00:00:00,6171.89,6234.68,6235.01,6171.28,123025331.0,144174739305.4,1.03,6234.68,sh000905
2023-03-22 00:00:00,6244.36,6269.74,6271.52,6242.16,128266386.0,149867921197.4,0.47,6269.74,sh000905
2023-03-23 00:00:00,6253.58,6305.76,6305.76,6245.98,129179648.0,164124553074.5,0.95,6305.76,sh000905
2023-03-24 00:00:00,6312.43,6310.1,6315.68,6279.54,141020989.0,179449338405.6,0.57,6310.1,sh000905
2023-03-27 00:00:00,6304.48,6311.6,6320.66,6265.01,144664863.0,184209306469.8,0.88,6311.6,sh000905
2023-03-28 00:00:00,6314.58,6279.92,6331.56,6272.72,139156104.0,174935282609.8,0.93,6279.92,sh000905
2023-03-29 00:00:00,6285.95,6260.55,6294.3,6239.94,131548284.0,166565424024.2,0.87,6260.55,sh000905
2023-03-30 00:00:00,6257.64,6286.18,6287.44,6213.97,123218599.0,155158644767.8,1.17,6286.18,sh000905
2023-03-31 00:00:00,6284.85,6339.82,6343.23,6282.14,129489835.0,164138969077.5,0.97,6339.82,sh000905
2023-04-03 00:00:00,6346.69,6413.81,6419.87,6346.69,163921048.0,215330527397.2,1.15,6413.81,sh000905
2023-04-04 00:00:00,6414.82,6408.9,6423.31,6377.53,157491755.0,218740913531.4,0.71,6408.9,sh000905
2023-04-06 00:00:00,6387.23,6416.85,6428.72,6382.03,144064448.0,207002794759.6,0.73,6416.85,sh000905
2023-04-07 00:00:00,6418.26,6464.47,6470.09,6416.68,127964625.0,177737436540.0,0.83,6464.47,sh000905
2023-04-10 00:00:00,6474.94,6410.52,6476.22,6395.37,145134187.0,203397862936.4,1.25,6410.52,sh000905
2023-04-11 00:00:00,6405.63,6420.88,6421.49,6381.06,142399109.0,188800337843.3,0.63,6420.88,sh000905
2023-04-12 00:00:00,6415.7,6443.44,6450.35,6407.2,149447956.0,188164796583.5,0.67,6443.44,sh000905
2023-04-13 00:00:00,6438.16,6404.65,6451.79,6396.02,156199573.0,196031015021.2,0.87,6404.65,sh000905
2023-04-14 00:00:00,6420.31,6431.07,6444.89,6390.92,145300668.0,190743030851.0,0.84,6431.07,sh000905
2023-04-17 00:00:00,6422.87,6459.24,6459.24,6421.39,168823079.0,196752268308.1,0.59,6459.24,sh000905
2023-04-18 00:00:00,6448.76,6449.85,6462.25,6422.05,143471341.0,184598154225.6,0.62,6449.85,sh000905
2023-04-19 00:00:00,6444.87,6416.97,6456.15,6404.99,148699774.0,192403574162.7,0.79,6416.97,sh000905
2023-04-20 00:00:00,6408.81,6411.76,6413.08,6376.35,150501294.0,196199845238.5,0.57,6411.76,sh000905
2023-04-21 00:00:00,6411.51,6250.54,6411.51,6250.54,162313297.0,210802112228.2,2.51,6250.54,sh000905
2023-04-24 00:00:00,6250.96,6208.78,6260.54,6184.71,147694845.0,191204975164.8,1.21,6208.78,sh000905
2023-04-25 00:00:00,6205.62,6118.15,6208.4,6042.64,162459277.0,200847244830.6,2.67,6118.15,sh000905
2023-04-26 00:00:00,6095.13,6142.15,6178.17,6093.2,152166354.0,197699832955.3,1.39,6142.15,sh000905
2023-04-27 00:00:00,6127.64,6157.94,6190.25,6121.61,143136116.0,179308956550.4,1.12,6157.94,sh000905
2023-04-28 00:00:00,6151.64,6241.24,6245.55,6151.64,167876482.0,199335712325.8,1.53,6241.24,sh000905
2023-05-04 00:00:00,6223.23,6262.39,6264.52,6218.78,202487970.0,215098748101.1,0.73,6262.39,sh000905
2023-05-05 00:00:00,6255.7,6200.58,6256.23,6172.69,178261017.0,192217857467.7,1.33,6200.58,sh000905
2023-05-08 00:00:00,6202.68,6248.58,6259.69,6200.15,202718255.0,198162493586.1,0.96,6248.58,sh000905
2023-05-09 00:00:00,6242.66,6181.98,6274.9,6177.65,224389467.0,215437054342.0,1.56,6181.98,sh000905
2023-05-10 00:00:00,6167.13,6173.81,6199.16,6137.15,175453727.0,180485291578.1,1.0,6173.81,sh000905
2023-05-11 00:00:00,6185.67,6154.47,6190.39,6151.07,146064946.0,152275213604.4,0.64,6154.47,sh000905
2023-05-12 00:00:00,6138.94,6091.65,6173.91,6088.22,140410664.0,142316419328.4,1.39,6091.65,sh000905
2023-05-15 00:00:00,6094.68,6159.39,6159.39,6036.81,149843583.0,159620224620.0,2.01,6159.39,sh000905
2023-05-16 00:00:00,6159.17,6110.83,6159.17,6095.69,121841116.0,142447474647.0,1.03,6110.83,sh000905
2023-05-17 00:00:00,6097.98,6122.05,6137.02,6090.88,107266349.0,125585549046.7,0.76,6122.05,sh000905
2023-05-18 00:00:00,6132.52,6128.18,6153.99,6101.24,122942111.0,144557618052.5,0.86,6128.18,sh000905
2023-05-19 00:00:00,6116.84,6117.08,6149.14,6085.04,119304896.0,147524516028.4,1.05,6117.08,sh000905
2023-05-22 00:00:00,6111.84,6115.32,6136.86,6086.23,112715682.0,126363418363.6,0.83,6115.32,sh000905
2023-05-23 00:00:00,6114.21,6052.43,6117.36,6052.43,111104244.0,120628486661.7,1.06,6052.43,sh000905
2023-05-24 00:00:00,6032.69,6005.79,6058.39,5988.03,107223414.0,116914166402.6,1.16,6005.79,sh000905
2023-05-25 00:00:00,6000.22,5988.19,6028.64,5926.2,109922832.0,126769237204.5,1.71,5988.19,sh000905
2023-05-26 00:00:00,5983.14,6034.98,6045.13,5953.88,106381588.0,123263014837.6,1.52,6034.98,sh000905
2023-05-29 00:00:00,6046.54,6025.16,6058.92,6012.4,125139417.0,146808330637.6,0.77,6025.16,sh000905
2023-05-30 00:00:00,6008.46,6061.31,6061.31,5960.34,127312017.0,151849134859.6,1.68,6061.31,sh000905
2023-05-31 00:00:00,6044.02,6047.8,6063.19,6009.25,117476106.0,144653727477.5,0.89,6047.8,sh000905
2023-06-01 00:00:00,6028.8,6051.46,6094.24,6008.27,126250315.0,154907281920.7,1.42,6051.46,sh000905
2023-06-02 00:00:00,6061.91,6105.22,6115.07,6061.91,122306738.0,142073539923.0,0.88,6105.22,sh000905
2023-06-05 00:00:00,6102.13,6097.11,6107.12,6075.59,115747953.0,131118706647.8,0.52,6097.11,sh000905
2023-06-06 00:00:00,6088.66,5983.42,6089.07,5969.29,123045387.0,133636232835.4,1.96,5983.42,sh000905
2023-06-07 00:00:00,5982.31,5987.01,6010.03,5969.16,93597892.0,113593743557.7,0.68,5987.01,sh000905
2023-06-08 00:00:00,5971.72,5966.15,5992.97,5922.39,108981632.0,124387889683.3,1.18,5966.15,sh000905
2023-06-09 00:00:00,5968.7,6009.58,6017.28,5960.11,127553432.0,158760400688.5,0.96,6009.58,sh000905
2023-06-12 00:00:00,5999.62,6027.71,6045.66,5987.27,113612471.0,151203107291.2,0.97,6027.71,sh000905
2023-06-13 00:00:00,6016.69,6044.04,6047.06,6014.06,98680298.0,134425849549.1,0.55,6044.04,sh000905
2023-06-14 00:00:00,6046.44,6044.08,6064.29,6034.47,109689021.0,148046160093.7,0.49,6044.08,sh000905
2023-06-15 00:00:00,6049.47,6096.81,6100.23,6046.16,118417734.0,165700035083.1,0.89,6096.81,sh000905
2023-06-16 00:00:00,6094.84,6148.01,6154.93,6091.18,115349568.0,165690149218.5,1.05,6148.01,sh000905
2023-06-19 00:00:00,6148.85,6131.38,6148.85,6126.39,113787209.0,164780447140.9,0.37,6131.38,sh000905
2023-06-20 00:00:00,6122.74,6126.11,6144.01,6100.14,106630832.0,161419763306.8,0.72,6126.11,sh000905
2023-06-21 00:00:00,6104.25,5990.85,6104.25,5990.79,106447766.0,154200972220.3,1.85,5990.85,sh000905
2023-06-26 00:00:00,5947.57,5887.03,5970.61,5875.94,111081791.0,148203624502.1,1.58,5887.03,sh000905
2023-06-27 00:00:00,5897.69,5948.0,5956.18,5884.95,93039155.0,118625135535.9,1.21,5948.0,sh000905
2023-06-28 00:00:00,5945.64,5942.31,5951.13,5857.13,93944302.0,128454934662.7,1.58,5942.31,sh000905
2023-06-29 00:00:00,5928.71,5940.58,5964.86,5924.28,88376857.0,123484005846.8,0.68,5940.58,sh000905
2023-06-30 00:00:00,5931.87,5998.73,6016.45,5927.94,94504668.0,133367471516.9,1.49,5998.73,sh000905
2023-07-03 00:00:00,6009.27,6042.31,6056.16,5997.85,113075905.0,153065229521.6,0.97,6042.31,sh000905
2023-07-04 00:00:00,6042.72,6055.26,6059.57,6027.29,105583765.0,144484638910.0,0.53,6055.26,sh000905
2023-07-05 00:00:00,6050.35,6020.82,6059.38,6011.87,104129041.0,142198505817.2,0.78,6020.82,sh000905
2023-07-06 00:00:00,6010.66,5988.55,6042.29,5983.48,93965038.0,131979482562.6,0.98,5988.55,sh000905
2023-07-07 00:00:00,5973.98,5961.61,5994.28,5936.23,94118346.0,121687700019.0,0.97,5961.61,sh000905
2023-07-10 00:00:00,5980.61,5984.28,6003.4,5958.73,85168564.0,113940191969.5,0.75,5984.28,sh000905
2023-07-11 00:00:00,5991.02,6029.23,6029.23,5972.14,84531897.0,117919697046.3,0.95,6029.23,sh000905
2023-07-12 00:00:00,6030.64,5962.79,6033.58,5960.43,96692241.0,134419386322.7,1.21,5962.79,sh000905
2023-07-13 00:00:00,5986.25,6044.06,6049.06,5986.25,99656398.0,138941870295.0,1.05,6044.06,sh000905
2023-07-14 00:00:00,6052.95,6030.52,6055.53,6026.33,94963197.0,137880575951.9,0.48,6030.52,sh000905
2023-07-17 00:00:00,6012.76,6012.69,6018.07,5985.44,88420212.0,124991560881.3,0.54,6012.69,sh000905
2023-07-18 00:00:00,6015.98,6001.8,6027.61,5984.06,87719910.0,121310187887.2,0.72,6001.8,sh000905
2023-07-19 00:00:00,5998.38,5993.41,6017.45,5962.99,77791034.0,104054562581.1,0.91,5993.41,sh000905
2023-07-20 00:00:00,5996.84,5925.48,6009.43,5920.15,91195368.0,123684933457.2,1.49,5925.48,sh000905
2023-07-21 00:00:00,5914.35,5925.63,5961.05,5904.79,81975307.0,107065413903.9,0.95,5925.63,sh000905
2023-07-24 00:00:00,5913.57,5916.71,5954.24,5896.45,75928001.0,99623302711.1,0.98,5916.71,sh000905
2023-07-25 00:00:00,5976.97,6016.63,6016.75,5971.73,131896392.0,145732847141.7,0.76,6016.63,sh000905
2023-07-26 00:00:00,6014.76,6001.54,6015.58,5984.39,121825219.0,120547387629.8,0.52,6001.54,sh000905
2023-07-27 00:00:00,5998.85,5961.18,6017.67,5952.89,123000825.0,117272101565.3,1.08,5961.18,sh000905
2023-07-28 00:00:00,5945.91,6043.24,6049.76,5932.06,163171871.0,149147477703.5,1.97,6043.24,sh000905
2023-07-31 00:00:00,6059.11,6088.24,6133.72,6059.11,186551103.0,179595743483.0,1.23,6088.24,sh000905
2023-08-01 00:00:00,6086.9,6098.88,6113.98,6077.11,187588600.0,166628364673.4,0.61,6098.88,sh000905
2023-08-02 00:00:00,6088.14,6077.46,6111.24,6059.87,147154529.0,135758673344.6,0.84,6077.46,sh000905
2023-08-03 00:00:00,6062.64,6098.69,6101.81,6047.68,146479011.0,138777463929.6,0.89,6098.69,sh000905
2023-08-04 00:00:00,6126.15,6128.56,6164.16,6105.64,196943501.0,186850093568.5,0.96,6128.56,sh000905
2023-08-07 00:00:00,6115.84,6090.73,6117.92,6072.54,145319137.0,154416328543.1,0.74,6090.73,sh000905
2023-08-08 00:00:00,6077.3,6066.1,6088.1,6044.24,121545728.0,131357351526.3,0.72,6066.1,sh000905
2023-08-09 00:00:00,6049.45,6021.75,6062.02,6012.25,98809174.0,116294678353.9,0.82,6021.75,sh000905
2023-08-10 00:00:00,6013.35,6031.71,6040.46,5999.56,99842638.0,103950301369.3,0.68,6031.71,sh000905
2023-08-11 00:00:00,6030.05,5913.35,6030.05,5913.35,113072007.0,115393420336.3,1.93,5913.35,sh000905
2023-08-14 00:00:00,5864.48,5916.8,5919.8,5833.46,103675706.0,116321082192.1,1.46,5916.8,sh000905
2023-08-15 00:00:00,5919.77,5879.78,5926.42,5830.97,92417381.0,107626210841.9,1.61,5879.78,sh000905
2023-08-16 00:00:00,5858.6,5833.22,5891.81,5833.22,104950425.0,114013689380.0,1.0,5833.22,sh000905
2023-08-17 00:00:00,5808.91,5874.36,5882.15,5778.53,113576384.0,120852973476.6,1.78,5874.36,sh000905
2023-08-18 00:00:00,5875.11,5777.8,5891.4,5777.8,102931845.0,109766358594.4,1.93,5777.8,sh000905
2023-08-21 00:00:00,5764.67,5710.78,5802.51,5710.78,92835698.0,96691987125.6,1.59,5710.78,sh000905
2023-08-22 00:00:00,5733.25,5741.06,5754.57,5646.51,106175193.0,120035178924.1,1.89,5741.06,sh000905
2023-08-23 00:00:00,5732.39,5629.5,5732.39,5629.5,94186725.0,101871329162.8,1.79,5629.5,sh000905
2023-08-24 00:00:00,5650.36,5652.67,5701.32,5619.33,108086771.0,120640882887.6,1.46,5652.67,sh000905
2023-08-25 00:00:00,5624.77,5581.21,5648.62,5560.22,106241602.0,114730298316.4,1.56,5581.21,sh000905
2023-08-28 00:00:00,5885.88,5644.14,5887.51,5631.69,185745619.0,181457042375.4,4.58,5644.14,sh000905
2023-08-29 00:00:00,5631.01,5770.32,5789.96,5626.52,160851895.0,165476278766.7,2.9,5770.32,sh000905
2023-08-30 00:00:00,5780.28,5775.15,5817.73,5753.22,136004384.0,145078565405.8,1.12,5775.15,sh000905
2023-08-31 00:00:00,5770.95,5739.4,5777.42,5728.47,116335134.0,121252796160.9,0.85,5739.4,sh000905
2023-09-01 00:00:00,5746.41,5750.8,5775.18,5732.97,104179103.0,107061408580.6,0.74,5750.8,sh000905
2023-09-04 00:00:00,5772.03,5829.78,5829.78,5758.03,135648873.0,135994054181.1,1.25,5829.78,sh000905
2023-09-05 00:00:00,5819.97,5788.71,5822.06,5779.37,106517658.0,114971726102.7,0.73,5788.71,sh000905
2023-09-06 00:00:00,5771.85,5790.38,5800.96,5748.65,90480502.0,106512753384.6,0.9,5790.38,sh000905
2023-09-07 00:00:00,5782.07,5702.7,5782.07,5701.8,92920518.0,105713167275.8,1.39,5702.7,sh000905
2023-09-08 00:00:00,5684.66,5708.62,5732.37,5683.4,79520028.0,93059123325.2,0.86,5708.62,sh000905
2023-09-11 00:00:00,5723.02,5774.73,5802.21,5704.7,112837137.0,132425678094.5,1.71,5774.73,sh000905
2023-09-12 00:00:00,5774.47,5770.93,5793.83,5763.3,86041207.0,105032116597.9,0.53,5770.93,sh000905
2023-09-13 00:00:00,5764.82,5715.4,5770.41,5681.5,91472473.0,101933192541.5,1.54,5715.4,sh000905
2023-09-14 00:00:00,5714.67,5702.1,5721.21,5679.2,90247792.0,97979765540.8,0.74,5702.1,sh000905
2023-09-15 00:00:00,5716.29,5704.66,5741.07,5680.9,98375964.0,110557876200.1,1.06,5704.66,sh000905
2023-09-18 00:00:00,5685.85,5719.69,5734.19,5665.58,92305722.0,109249767455.6,1.2,5719.69,sh000905
2023-09-19 00:00:00,5713.49,5687.9,5713.6,5670.42,85112102.0,94544819485.1,0.75,5687.9,sh000905
2023-09-20 00:00:00,5677.92,5651.01,5689.83,5651.01,77634158.0,84080282560.4,0.68,5651.01,sh000905
2023-09-21 00:00:00,5638.44,5611.92,5666.7,5609.21,81931509.0,84847061987.6,1.02,5611.92,sh000905
2023-09-22 00:00:00,5606.83,5698.82,5700.32,5603.81,104118982.0,120276386023.4,1.72,5698.82,sh000905
2023-09-25 00:00:00,5694.9,5666.66,5699.15,5659.32,93340719.0,114172282948.0,0.7,5666.66,sh000905
2023-09-26 00:00:00,5661.03,5646.65,5682.28,5646.65,74309615.0,100424427689.8,0.63,5646.65,sh000905
2023-09-27 00:00:00,5642.39,5674.35,5701.51,5641.85,81086240.0,102149151673.6,1.06,5674.35,sh000905
2023-09-28 00:00:00,5687.64,5690.77,5704.62,5677.53,79477338.0,101456952317.7,0.48,5690.77,sh000905
2023-10-09 00:00:00,5679.64,5658.08,5680.95,5634.35,90029836.0,109095282387.9,0.82,5658.08,sh000905
2023-10-10 00:00:00,5665.66,5630.37,5678.46,5627.41,87726425.0,104621240810.9,0.9,5630.37,sh000905
2023-10-11 00:00:00,5639.07,5629.79,5674.25,5617.87,90644826.0,112202131187.6,1.0,5629.79,sh000905
2023-10-12 00:00:00,5655.61,5671.64,5677.82,5642.49,100502986.0,119947478383.3,0.63,5671.64,sh000905
2023-10-13 00:00:00,5645.44,5633.38,5646.07,5616.85,89391702.0,110878380412.7,0.52,5633.38,sh000905
2023-10-16 00:00:00,5633.3,5580.67,5636.32,5559.42,89867550.0,107684372825.8,1.37,5580.67,sh000905
2023-10-17 00:00:00,5585.14,5595.34,5599.42,5556.57,92516737.0,105060399668.5,0.77,5595.34,sh000905
2023-10-18 00:00:00,5586.02,5524.6,5586.02,5519.46,98953562.0,110310590720.5,1.19,5524.6,sh000905
2023-10-19 00:00:00,5496.76,5464.03,5529.87,5463.65,108078335.0,117347195293.0,1.2,5464.03,sh000905
2023-10-20 00:00:00,5443.46,5423.67,5473.21,5413.02,94936115.0,107713531625.7,1.1,5423.67,sh000905
2023-10-23 00:00:00,5400.54,5290.33,5400.79,5269.83,103083126.0,112227737477.3,2.41,5290.33,sh000905
2023-10-24 00:00:00,5311.67,5352.01,5363.2,5290.5,114745729.0,126190795980.9,1.37,5352.01,sh000905
2023-10-25 00:00:00,5386.43,5376.0,5423.01,5376.0,114921244.0,129741397087.7,0.88,5376.0,sh000905
2023-10-26 00:00:00,5351.16,5398.93,5404.99,5337.49,102485044.0,116893043685.1,1.26,5398.93,sh000905
2023-10-27 00:00:00,5387.27,5492.03,5514.31,5380.94,112542804.0,132776259320.2,2.47,5492.03,sh000905
2023-10-30 00:00:00,5484.62,5546.39,5559.78,5483.16,123034185.0,153066651404.1,1.4,5546.39,sh000905
2023-10-31 00:00:00,5547.32,5528.24,5554.19,5505.93,105679375.0,127527068558.9,0.87,5528.24,sh000905
2023-11-01 00:00:00,5534.89,5509.97,5534.94,5496.83,87185785.0,105639439602.5,0.69,5509.97,sh000905
2023-11-02 00:00:00,5514.52,5459.45,5532.85,5457.75,90202645.0,101795786004.1,1.36,5459.45,sh000905
2023-11-03 00:00:00,5462.14,5510.36,5537.73,5462.14,97990576.0,114009935832.3,1.38,5510.36,sh000905
2023-11-06 00:00:00,5549.29,5605.06,5609.26,5549.29,139241046.0,156664899021.4,1.09,5605.06,sh000905
2023-11-07 00:00:00,5594.47,5611.1,5631.1,5578.51,120579321.0,139898836824.0,0.94,5611.1,sh000905
2023-11-08 00:00:00,5602.97,5608.02,5633.97,5577.39,122994558.0,139708501031.2,1.01,5608.02,sh000905
2023-11-09 00:00:00,5602.49,5592.06,5638.08,5582.12,106362800.0,123039510738.4,1.0,5592.06,sh000905
2023-11-10 00:00:00,5577.34,5573.1,5585.21,5550.82,94324024.0,109671917967.6,0.61,5573.1,sh000905
2023-11-13 00:00:00,5589.06,5605.57,5605.57,5565.09,102158932.0,117833772398.6,0.73,5605.57,sh000905
2023-11-14 00:00:00,5602.98,5630.55,5639.19,5600.78,101073136.0,116072656381.1,0.69,5630.55,sh000905
2023-11-15 00:00:00,5677.55,5664.62,5684.75,5649.72,113087937.0,131864342620.6,0.62,5664.62,sh000905
2023-11-16 00:00:00,5647.06,5609.36,5652.4,5609.36,94662677.0,105765074960.8,0.76,5609.36,sh000905
2023-11-17 00:00:00,5598.95,5631.42,5632.39,5593.49,89422342.0,101443839223.4,0.69,5631.42,sh000905
2023-11-20 00:00:00,5635.59,5659.77,5669.38,5609.27,103105072.0,119885024783.4,1.07,5659.77,sh000905
2023-11-21 00:00:00,5669.17,5641.08,5696.09,5634.27,114861205.0,126740611037.5,1.09,5641.08,sh000905
2023-11-22 00:00:00,5622.86,5572.9,5639.0,5572.9,104718408.0,109971792008.8,1.17,5572.9,sh000905
2023-11-23 00:00:00,5566.73,5622.99,5627.79,5548.97,98042432.0,101151204629.6,1.41,5622.99,sh000905
2023-11-24 00:00:00,5619.32,5570.42,5619.32,5556.71,101248044.0,100701104772.1,1.11,5570.42,sh000905
2023-11-27 00:00:00,5562.75,5566.51,5579.72,5531.65,98218653.0,107690772117.8,0.86,5566.51,sh000905
2023-11-28 00:00:00,5561.58,5591.5,5594.72,5529.54,89373272.0,98930980618.3,1.17,5591.5,sh000905
2023-11-29 00:00:00,5588.77,5553.33,5593.37,5547.84,89509151.0,96924084400.2,0.81,5553.33,sh000905
2023-11-30 00:00:00,5548.52,5545.05,5560.33,5509.96,87841505.0,95350481599.1,0.91,5545.05,sh000905
2023-12-01 00:00:00,5541.23,5566.87,5576.73,5521.06,93371708.0,107454844321.7,1.0,5566.87,sh000905
2023-12-04 00:00:00,5578.42,5559.07,5590.84,5559.07,99306543.0,119628388288.4,0.57,5559.07,sh000905
2023-12-05 00:00:00,5542.87,5460.41,5542.87,5460.41,91298248.0,103824359571.7,1.48,5460.41,sh000905
2023-12-06 00:00:00,5448.46,5481.82,5513.09,5443.07,88373997.0,102084528903.4,1.28,5481.82,sh000905
2023-12-07 00:00:00,5475.27,5481.14,5501.48,5443.29,89048687.0,103621973820.8,1.06,5481.14,sh000905
2023-12-08 00:00:00,5484.68,5497.99,5522.06,5477.53,118123774.0,140788027712.1,0.81,5497.99,sh000905
2023-12-11 00:00:00,5473.65,5564.85,5574.12,5429.44,118605911.0,140631297822.3,2.63,5564.85,sh000905
2023-12-12 00:00:00,5560.44,5566.18,5576.01,5545.16,84232331.0,110639096839.0,0.55,5566.18,sh000905
2023-12-13 00:00:00,5557.05,5507.51,5558.06,5507.51,75929894.0,96464641302.3,0.91,5507.51,sh000905
2023-12-14 00:00:00,5532.99,5489.33,5557.37,5487.75,74118097.0,89999982306.2,1.26,5489.33,sh000905
2023-12-15 00:00:00,5499.37,5449.79,5516.22,5438.53,80125418.0,94631897359.6,1.42,5449.79,sh000905
2023-12-18 00:00:00,5436.99,5385.27,5448.08,5374.59,78022493.0,88053828533.8,1.35,5385.27,sh000905
2023-12-19 00:00:00,5380.73,5379.87,5406.96,5344.03,70323722.0,82191407660.2,1.17,5379.87,sh000905
2023-12-20 00:00:00,5386.0,5309.29,5388.46,5308.57,75387097.0,86209163297.2,1.48,5309.29,sh000905
2023-12-21 00:00:00,5286.45,5338.76,5352.5,5253.32,81522318.0,96981042377.4,1.87,5338.76,sh000905
2023-12-22 00:00:00,5337.38,5311.69,5366.23,5293.22,90387004.0,108918439607.9,1.37,5311.69,sh000905
2023-12-25 00:00:00,5301.57,5315.37,5339.66,5288.47,65918772.0,81018151918.5,0.96,5315.37,sh000905
2023-12-26 00:00:00,5312.8,5258.28,5313.92,5238.04,67532007.0,80910364895.8,1.43,5258.28,sh000905
2023-12-27 00:00:00,5261.57,5285.53,5293.8,5235.46,75397918.0,84253444705.4,1.11,5285.53,sh000905
2023-12-28 00:00:00,5280.69,5382.8,5400.24,5275.4,107699239.0,126896204801.3,2.36,5382.8,sh000905
2023-12-29 00:00:00,5376.98,5429.23,5437.15,5374.69,90931766.0,112533613054.4,1.16,5429.23,sh000905
2024-01-02 00:00:00,5431.48,5409.46,5439.48,5409.46,92964747.0,106839922689.4,0.55,5409.46,sh000905
2024-01-03 00:00:00,5398.29,5401.4,5428.52,5373.83,86705229.0,99883598918.1,1.01,5401.4,sh000905
2024-01-04 00:00:00,5395.14,5355.32,5395.14,5331.89,78846568.0,91011406056.3,1.17,5355.32,sh000905
2024-01-05 00:00:00,5347.07,5281.87,5373.68,5260.59,89538884.0,101084569596.5,2.11,5281.87,sh000905
2024-01-08 00:00:00,5268.23,5167.7,5268.98,5167.7,83785155.0,92792791379.5,1.92,5167.7,sh000905
2024-01-09 00:00:00,5176.11,5180.65,5220.46,5153.0,78740418.0,90959823751.5,1.31,5180.65,sh000905
2024-01-10 00:00:00,5167.73,5158.08,5211.82,5118.43,71173946.0,84227807644.4,1.8,5158.08,sh000905
2024-01-11 00:00:00,5152.36,5223.86,5243.14,5146.9,85041295.0,106151947191.7,1.87,5223.86,sh000905
2024-01-12 00:00:00,5213.14,5206.18,5262.62,5206.16,76619831.0,93271394880.1,1.08,5206.18,sh000905
2024-01-15 00:00:00,5189.53,5193.3,5238.96,5171.24,73925097.0,88027788849.7,1.3,5193.3,sh000905
2024-01-16 00:00:00,5188.37,5190.4,5210.08,5124.08,83070371.0,92337607304.7,1.66,5190.4,sh000905
2024-01-17 00:00:00,5180.93,5061.54,5180.93,5061.54,78741849.0,87930639304.5,2.3,5061.54,sh000905
2024-01-18 00:00:00,5033.1,5066.96,5069.23,4924.68,118751055.0,123436419725.2,2.86,5066.96,sh000905
2024-01-19 00:00:00,5056.48,5018.43,5084.29,5014.77,78467383.0,92039421274.4,1.37,5018.43,sh000905
2024-01-22 00:00:00,5008.68,4780.97,5008.77,4753.63,109708492.0,115622857135.0,5.08,4780.97,sh000905
2024-01-23 00:00:00,4771.5,4865.74,4889.42,4727.88,99944718.0,107808853142.3,3.38,4865.74,sh000905
2024-01-24 00:00:00,4886.2,4933.7,4941.44,4766.8,114025805.0,112683270494.8,3.59,4933.7,sh000905
2024-01-25 00:00:00,4931.63,5073.18,5074.49,4910.96,132307766.0,134822852027.2,3.31,5073.18,sh000905
2024-01-26 00:00:00,5055.29,5027.09,5086.13,5009.97,117009836.0,119232918977.8,1.5,5027.09,sh000905
2024-01-29 00:00:00,5032.11,4927.91,5050.11,4927.91,116876657.0,117835011090.9,2.43,4927.91,sh000905
2024-01-30 00:00:00,4898.36,4814.99,4939.35,4810.1,99675811.0,95474113525.6,2.62,4814.99,sh000905
2024-01-31 00:00:00,4786.81,4696.98,4832.4,4690.94,121093158.0,116592536773.1,2.94,4696.98,sh000905
2024-02-01 00:00:00,4667.91,4678.73,4771.05,4629.99,111471910.0,107508825587.6,3.0,4678.73,sh000905
2024-02-02 00:00:00,4686.1,4563.22,4724.05,4435.56,137501832.0,124953077788.8,6.17,4563.22,sh000905
2024-02-05 00:00:00,4527.71,4460.26,4598.06,4281.24,165958337.0,143547017412.4,6.94,4460.26,sh000905
2024-02-06 00:00:00,4411.3,4805.9,4817.12,4405.31,173058335.0,156485198829.2,9.23,4805.9,sh000905
2024-02-07 00:00:00,4813.95,5109.57,5110.8,4813.23,227198934.0,212618286127.8,6.19,5109.57,sh000905
2024-02-08 00:00:00,5131.8,5150.23,5367.22,5129.78,213676123.0,212255665093.8,4.65,5150.23,sh000905
2024-02-19 00:00:00,5225.14,5141.6,5225.14,5074.76,162949893.0,172805832899.6,2.92,5141.6,sh000905
2024-02-20 00:00:00,5107.57,5140.96,5151.72,5072.88,121646379.0,133242205643.5,1.53,5140.96,sh000905
2024-02-21 00:00:00,5101.41,5139.04,5252.88,5074.82,150872501.0,155561259421.7,3.46,5139.04,sh000905
2024-02-22 00:00:00,5133.55,5176.34,5184.62,5117.68,116614806.0,127546517889.3,1.3,5176.34,sh000905
2024-02-23 00:00:00,5190.65,5197.71,5197.71,5118.57,135265004.0,145442447176.8,1.53,5197.71,sh000905
2024-02-26 00:00:00,5194.74,5195.46,5255.36,5162.95,144018944.0,152600869381.9,1.78,5195.46,sh000905
2024-02-27 00:00:00,5174.82,5307.8,5307.8,5160.88,138971751.0,157201596730.4,2.83,5307.8,sh000905
2024-02-28 00:00:00,5311.43,5184.05,5383.32,5184.05,202560985.0,214135426954.0,3.75,5184.05,sh000905
2024-02-29 00:00:00,5154.15,5346.79,5349.77,5154.15,160790165.0,178975999913.2,3.77,5346.79,sh000905
2024-03-01 00:00:00,5350.86,5379.05,5387.78,5321.56,142298395.0,171103270101.0,1.24,5379.05,sh000905
2024-03-04 00:00:00,5386.94,5388.82,5400.12,5325.96,143928469.0,175906403369.0,1.38,5388.82,sh000905
2024-03-05 00:00:00,5358.22,5351.83,5382.98,5329.97,140816479.0,174282675002.5,0.98,5351.83,sh000905
2024-03-06 00:00:00,5332.83,5350.1,5405.49,5293.95,121099564.0,146843351594.8,2.08,5350.1,sh000905
2024-03-07 00:00:00,5354.33,5277.3,5384.66,5277.3,139831342.0,157442183149.0,2.01,5277.3,sh000905
2024-03-08 00:00:00,5282.41,5349.6,5361.71,5268.53,121467978.0,144003562005.9,1.77,5349.6,sh000905
2024-03-11 00:00:00,5342.18,5441.05,5443.04,5339.26,142981732.0,173588864750.5,1.94,5441.05,sh000905
2024-03-12 00:00:00,5445.88,5423.72,5473.29,5385.14,147072536.0,178848761377.9,1.62,5423.72,sh000905
2024-03-13 00:00:00,5430.04,5415.11,5459.32,5389.53,129746301.0,164526330861.1,1.29,5415.11,sh000905
2024-03-14 00:00:00,5415.15,5392.93,5447.54,5352.12,131887357.0,157337167775.7,1.76,5392.93,sh000905
2024-03-15 00:00:00,5380.02,5454.15,5456.73,5357.18,136405030.0,158718756617.2,1.85,5454.15,sh000905
2024-03-18 00:00:00,5472.31,5528.45,5528.45,5459.55,159862638.0,190794115131.3,1.26,5528.45,sh000905
2024-03-19 00:00:00,5514.55,5478.22,5533.64,5477.12,146777240.0,176661748327.6,1.02,5478.22,sh000905
2024-03-20 00:00:00,5469.61,5493.41,5499.24,5455.76,126273262.0,157036230421.8,0.79,5493.41,sh000905
2024-03-21 00:00:00,5505.7,5465.83,5517.46,5454.23,129489458.0,159252387801.8,1.15,5465.83,sh000905
2024-03-22 00:00:00,5454.41,5384.57,5463.54,5356.11,137096029.0,163185963748.5,1.97,5384.57,sh000905
2024-03-25 00:00:00,5369.78,5294.75,5401.6,5292.64,130778254.0,156251665726.7,2.02,5294.75,sh000905
2024-03-26 00:00:00,5291.52,5284.42,5318.88,5237.9,116468112.0,145296216679.9,1.53,5284.42,sh000905
2024-03-27 00:00:00,5280.73,5156.68,5282.7,5156.68,110107142.0,129828707609.3,2.38,5156.68,sh000905
2024-03-28 00:00:00,5156.48,5223.81,5276.64,5156.48,116318192.0,140612607112.3,2.33,5223.81,sh000905
2024-03-29 00:00:00,5220.55,5286.16,5287.04,5211.19,109047149.0,126574031377.1,1.45,5286.16,sh000905
2024-04-01 00:00:00,5309.83,5401.22,5401.78,5309.83,136734854.0,166553105409.3,1.74,5401.22,sh000905
2024-04-02 00:00:00,5395.48,5381.23,5402.16,5353.31,132148642.0,155779915085.8,0.9,5381.23,sh000905
2024-04-03 00:00:00,5373.5,5374.6,5386.34,5350.16,133628053.0,154114398165.9,0.67,5374.6,sh000905
2024-04-08 00:00:00,5358.96,5298.59,5383.66,5297.56,148588559.0,161260958590.0,1.6,5298.59,sh000905
2024-04-09 00:00:00,5294.47,5342.9,5342.9,5284.96,113300745.0,133262737277.5,1.09,5342.9,sh000905
2024-04-10 00:00:00,5335.73,5275.47,5335.73,5242.86,117908618.0,132251020973.6,1.74,5275.47,sh000905
2024-04-11 00:00:00,5244.05,5301.81,5353.81,5240.51,127745143.0,141290912857.4,2.15,5301.81,sh000905
2024-04-12 00:00:00,5307.72,5277.22,5336.45,5270.46,118524933.0,136145117631.0,1.24,5277.22,sh000905
2024-04-15 00:00:00,5270.04,5339.72,5376.05,5219.43,159217624.0,169269295711.9,2.97,5339.72,sh000905
2024-04-16 00:00:00,5309.1,5191.55,5346.76,5184.65,162583973.0,168778499341.7,3.04,5191.55,sh000905
2024-04-17 00:00:00,5211.25,5339.75,5339.75,5211.25,147594552.0,155660732929.5,2.48,5339.75,sh000905
2024-04-18 00:00:00,5317.8,5349.84,5410.7,5299.23,153497682.0,167338860159.0,2.09,5349.84,sh000905
2024-04-19 00:00:00,5322.36,5314.87,5369.95,5292.02,142134216.0,156010347135.9,1.46,5314.87,sh000905
2024-04-22 00:00:00,5289.41,5267.58,5340.63,5264.19,135266882.0,150190436487.7,1.44,5267.58,sh000905
2024-04-23 00:00:00,5257.77,5208.27,5280.06,5196.96,125801120.0,139018868110.2,1.58,5208.27,sh000905
2024-04-24 00:00:00,5210.18,5263.04,5263.04,5183.7,117297220.0,139471094806.5,1.52,5263.04,sh000905
2024-04-25 00:00:00,5240.48,5259.34,5297.16,5229.82,110833929.0,127544603285.3,1.28,5259.34,sh000905
2024-04-26 00:00:00,5258.38,5372.12,5379.67,5258.38,173777701.0,193788859192.2,2.31,5372.12,sh000905
2024-04-29 00:00:00,5371.21,5478.49,5488.28,5371.21,190936055.0,212148850246.6,2.18,5478.49,sh000905
2024-04-30 00:00:00,5471.17,5441.14,5478.04,5436.58,162797344.0,175143689576.2,0.76,5441.14,sh000905
2024-05-06 00:00:00,5498.44,5528.6,5535.95,5496.91,165791626.0,187906843862.2,0.72,5528.6,sh000905
2024-05-07 00:00:00,5532.32,5527.08,5543.13,5507.5,136535402.0,162155744860.2,0.64,5527.08,sh000905
2024-05-08 00:00:00,5516.45,5458.76,5516.45,5454.87,123955621.0,139472996786.3,1.11,5458.76,sh000905
2024-05-09 00:00:00,5461.36,5556.77,5568.73,5461.36,131121230.0,153999870752.3,1.97,5556.77,sh000905
2024-05-10 00:00:00,5562.19,5535.4,5570.57,5497.5,128688030.0,144026969940.9,1.31,5535.4,sh000905
2024-05-13 00:00:00,5503.13,5505.26,5527.2,5462.51,131627588.0,146159918962.1,1.17,5505.26,sh000905
2024-05-14 00:00:00,5508.47,5500.74,5538.74,5484.96,118994399.0,132592062465.6,0.98,5500.74,sh000905
2024-05-15 00:00:00,5495.56,5446.66,5497.08,5441.35,110124989.0,121525793558.0,1.01,5446.66,sh000905
2024-05-16 00:00:00,5461.11,5424.67,5475.37,5408.13,122108119.0,133148761562.0,1.23,5424.67,sh000905
2024-05-17 00:00:00,5418.66,5491.89,5493.2,5409.7,126916168.0,139244609264.9,1.54,5491.89,sh000905
2024-05-20 00:00:00,5496.79,5523.5,5536.66,5484.36,144971448.0,163572079873.3,0.95,5523.5,sh000905
2024-05-21 00:00:00,5511.48,5478.91,5513.42,5460.98,108691192.0,123832374658.6,0.95,5478.91,sh000905
2024-05-22 00:00:00,5472.01,5468.61,5486.3,5455.08,113057782.0,126572719199.3,0.57,5468.61,sh000905
2024-05-23 00:00:00,5448.94,5362.31,5448.94,5352.39,126657569.0,135749197020.0,1.77,5362.31,sh000905
2024-05-24 00:00:00,5348.51,5313.45,5400.16,5311.49,106564175.0,117396142024.9,1.65,5313.45,sh000905
2024-05-27 00:00:00,5325.85,5371.37,5373.11,5284.51,115643229.0,124785634504.8,1.67,5371.37,sh000905
2024-05-28 00:00:00,5363.33,5316.13,5365.47,5310.32,110965373.0,120979080988.0,1.03,5316.13,sh000905
2024-05-29 00:00:00,5308.59,5328.31,5361.74,5305.96,104361267.0,112762595771.6,1.05,5328.31,sh000905
2024-05-30 00:00:00,5316.4,5308.66,5349.69,5296.49,107350187.0,114757614217.4,1.0,5308.66,sh000905
2024-05-31 00:00:00,5310.72,5308.54,5357.02,5308.54,104151147.0,113019704335.1,0.91,5308.54,sh000905
2024-06-03 00:00:00,5300.79,5274.07,5316.34,5232.69,126968515.0,129543758977.7,1.58,5274.07,sh000905
2024-06-04 00:00:00,5263.23,5341.95,5352.28,5247.58,108083144.0,117835610768.9,1.99,5341.95,sh000905
2024-06-05 00:00:00,5328.87,5277.94,5347.43,5277.94,105792757.0,111608396273.0,1.3,5277.94,sh000905
2024-06-06 00:00:00,5291.52,5228.8,5305.88,5213.66,133368231.0,135739981470.4,1.75,5228.8,sh000905
2024-06-07 00:00:00,5247.15,5208.98,5258.82,5172.05,113527478.0,118553769519.2,1.66,5208.98,sh000905
2024-06-11 00:00:00,5182.41,5217.47,5232.85,5159.33,116437116.0,119660626659.4,1.41,5217.47,sh000905
2024-06-12 00:00:00,5209.13,5232.95,5245.99,5205.57,103065569.0,111341271703.7,0.77,5232.95,sh000905
2024-06-13 00:00:00,5231.91,5194.59,5233.8,5182.74,118232764.0,123194241679.1,0.98,5194.59,sh000905
2024-06-14 00:00:00,5180.29,5213.09,5235.88,5163.38,133998620.0,146009261400.6,1.4,5213.09,sh000905
2024-06-17 00:00:00,5189.28,5207.13,5223.59,5184.6,107970664.0,135704407617.0,0.75,5207.13,sh000905
2024-06-18 00:00:00,5207.98,5230.89,5243.59,5204.97,94090903.0,120391272834.4,0.74,5230.89,sh000905
2024-06-19 00:00:00,5235.48,5168.82,5236.3,5168.82,87849590.0,111740529823.1,1.29,5168.82,sh000905
2024-06-20 00:00:00,5162.16,5094.57,5184.75,5092.29,95609003.0,113062777426.7,1.79,5094.57,sh000905
2024-06-21 00:00:00,5079.92,5102.33,5128.14,5071.65,83838907.0,98090349439.3,1.11,5102.33,sh000905
2024-06-24 00:00:00,5072.8,4992.91,5078.96,4986.77,100186646.0,113108464981.7,1.81,4992.91,sh000905
2024-06-25 00:00:00,4989.07,4948.63,5007.34,4918.04,91636779.0,104683752506.4,1.79,4948.63,sh000905
2024-06-26 00:00:00,4942.17,5020.43,5024.77,4915.66,93394621.0,102152255030.0,2.2,5020.43,sh000905
2024-06-27 00:00:00,4998.99,4928.05,5000.18,4925.16,88537187.0,97364975399.3,1.49,4928.05,sh000905
2024-06-28 00:00:00,4914.67,4942.78,5003.41,4914.55,106308342.0,114743251798.9,1.8,4942.78,sh000905
2024-07-01 00:00:00,4943.79,5003.16,5017.61,4929.09,97312793.0,110821074065.9,1.79,5003.16,sh000905
2024-07-02 00:00:00,5000.58,4949.48,5002.74,4934.12,96209334.0,105902911013.0,1.37,4949.48,sh000905
2024-07-03 00:00:00,4945.4,4910.92,4950.51,4905.39,84528331.0,96121126342.0,0.91,4910.92,sh000905
2024-07-04 00:00:00,4917.44,4834.5,4935.61,4827.34,91008466.0,98771611006.7,2.2,4834.5,sh000905
2024-07-05 00:00:00,4828.86,4866.26,4877.93,4794.13,83133279.0,93724633826.8,1.73,4866.26,sh000905
2024-07-08 00:00:00,4857.02,4783.62,4857.27,4768.56,90254500.0,96789200226.5,1.82,4783.62,sh000905
2024-07-09 00:00:00,4775.31,4876.9,4888.48,4745.32,111401968.0,126704548339.3,2.99,4876.9,sh000905
2024-07-10 00:00:00,4857.48,4844.16,4891.37,4836.17,100953186.0,117244916014.0,1.13,4844.16,sh000905
2024-07-11 00:00:00,4902.81,4939.73,4941.7,4871.17,115275494.0,133127527342.5,1.46,4939.73,sh000905
2024-07-12 00:00:00,4926.98,4919.36,4937.35,4905.8,97175106.0,115594261299.6,0.64,4919.36,sh000905
2024-07-15 00:00:00,4903.52,4883.9,4903.52,4868.74,86824312.0,102734711417.3,0.71,4883.9,sh000905
2024-07-16 00:00:00,4877.6,4898.36,4907.83,4850.43,87267978.0,113648284397.5,1.18,4898.36,sh000905
2024-07-17 00:00:00,4893.41,4856.58,4900.36,4853.6,96909547.0,117932902593.7,0.95,4856.58,sh000905
2024-07-18 00:00:00,4822.13,4877.69,4879.69,4793.43,96654750.0,115283847816.1,1.78,4877.69,sh000905
2024-07-19 00:00:00,4853.04,4872.05,4900.38,4842.93,93290746.0,111989382468.3,1.18,4872.05,sh000905
2024-07-22 00:00:00,4872.64,4865.98,4885.36,4839.11,92710458.0,110307683161.2,0.95,4865.98,sh000905
2024-07-23 00:00:00,4862.97,4722.8,4862.97,4722.8,102403712.0,110578297603.3,2.88,4722.8,sh000905
2024-07-24 00:00:00,4712.29,4668.06,4738.76,4661.83,112674635.0,103026731862.0,1.63,4668.06,sh000905
2024-07-25 00:00:00,4644.42,4665.45,4710.46,4635.24,88600074.0,95885153870.2,1.61,4665.45,sh000905
2024-07-26 00:00:00,4670.45,4736.38,4744.45,4670.45,86472049.0,94118612207.0,1.59,4736.38,sh000905
2024-07-29 00:00:00,4740.5,4708.84,4742.15,4702.98,81102039.0,90979232032.0,0.83,4708.84,sh000905
2024-07-30 00:00:00,4694.52,4699.28,4712.04,4650.56,83353382.0,86181033613.6,1.31,4699.28,sh000905
2024-07-31 00:00:00,4694.73,4886.41,4887.92,4687.05,143180919.0,146601666177.8,4.27,4886.41,sh000905
2024-08-01 00:00:00,4893.87,4852.97,4928.24,4834.65,113213393.0,119765528788.7,1.92,4852.97,sh000905
2024-08-02 00:00:00,4816.94,4788.62,4874.71,4783.12,98529844.0,105654740577.4,1.89,4788.62,sh000905
2024-08-05 00:00:00,4756.08,4693.85,4846.54,4693.82,113338148.0,123487463651.4,3.19,4693.85,sh000905
2024-08-06 00:00:00,4740.45,4750.78,4774.93,4699.18,107774770.0,105286322238.1,1.61,4750.78,sh000905
2024-08-07 00:00:00,4747.98,4751.94,4783.42,4719.94,96989481.0,96834771203.2,1.34,4751.94,sh000905
2024-08-08 00:00:00,4737.09,4755.81,4791.66,4701.79,104309253.0,95364149202.0,1.89,4755.81,sh000905
2024-08-09 00:00:00,4778.26,4720.31,4805.1,4720.31,108819586.0,88057504682.2,1.78,4720.31,sh000905
2024-08-12 00:00:00,4716.96,4714.16,4737.19,4696.05,89100832.0,76375856580.1,0.87,4714.16,sh000905
2024-08-13 00:00:00,4713.96,4731.84,4731.84,4680.59,81365173.0,71101413451.5,1.09,4731.84,sh000905
2024-08-14 00:00:00,4729.81,4667.07,4730.24,4667.07,74588030.0,68308163886.2,1.33,4667.07,sh000905
2024-08-15 00:00:00,4656.7,4698.38,4746.41,4647.79,90973293.0,83712897622.1,2.11,4698.38,sh000905
2024-08-16 00:00:00,4703.6,4670.38,4708.02,4662.11,87379580.0,81927269812.8,0.98,4670.38,sh000905
2024-08-19 00:00:00,4666.33,4682.96,4729.87,4666.26,87136867.0,80742361426.1,1.36,4682.96,sh000905
2024-08-20 00:00:00,4684.29,4602.01,4686.36,4590.39,91846146.0,81351685184.9,2.05,4602.01,sh000905
2024-08-21 00:00:00,4589.09,4587.12,4610.87,4582.27,83526910.0,74809964819.1,0.62,4587.12,sh000905
2024-08-22 00:00:00,4589.5,4533.37,4595.05,4526.25,85856868.0,78202476718.8,1.5,4533.37,sh000905
2024-08-23 00:00:00,4523.99,4537.09,4549.3,4513.2,75778364.0,71369991695.7,0.8,4537.09,sh000905
2024-08-26 00:00:00,4542.86,4544.36,4558.59,4523.73,87118296.0,84365247766.9,0.77,4544.36,sh000905
2024-08-27 00:00:00,4532.49,4495.29,4532.49,4487.09,82529205.0,78742868644.7,1.0,4495.29,sh000905
2024-08-28 00:00:00,4486.43,4500.01,4527.77,4482.03,82681199.0,74244549232.7,1.02,4500.01,sh000905
2024-08-29 00:00:00,4483.55,4557.9,4577.79,4475.22,103115562.0,96829969885.4,2.28,4557.9,sh000905
2024-08-30 00:00:00,4557.5,4639.11,4704.34,4548.38,151593361.0,144749168233.3,3.42,4639.11,sh000905
2024-09-02 00:00:00,4631.9,4546.88,4632.31,4546.84,126368517.0,115893027848.1,1.84,4546.88,sh000905
2024-09-03 00:00:00,4543.22,4596.48,4612.28,4543.22,98589686.0,92749159672.5,1.52,4596.48,sh000905
2024-09-04 00:00:00,4567.69,4582.08,4623.38,4552.3,92435685.0,88646018095.4,1.55,4582.08,sh000905
2024-09-05 00:00:00,4585.17,4601.09,4630.64,4582.05,80583723.0,80148632780.7,1.06,4601.09,sh000905
2024-09-06 00:00:00,4609.34,4537.45,4613.31,4535.35,90147596.0,80215749103.2,1.69,4537.45,sh000905
2024-09-09 00:00:00,4517.57,4507.19,4541.79,4487.84,91944608.0,81907584834.7,1.19,4507.19,sh000905
2024-09-10 00:00:00,4509.32,4507.71,4528.67,4432.91,98529542.0,87011759811.7,2.12,4507.71,sh000905
2024-09-11 00:00:00,4490.19,4514.92,4529.35,4479.03,85206842.0,81707868059.9,1.12,4514.92,sh000905
2024-09-12 00:00:00,4518.99,4496.59,4568.75,4496.59,86654304.0,80916511375.5,1.6,4496.59,sh000905
2024-09-13 00:00:00,4500.39,4450.96,4509.07,4450.96,92533757.0,85710614259.9,1.29,4450.96,sh000905
2024-09-18 00:00:00,4450.09,4462.87,4474.72,4397.16,90989683.0,79102523647.7,1.74,4462.87,sh000905
2024-09-19 00:00:00,4481.46,4520.39,4565.39,4437.54,115611868.0,105405904204.6,2.86,4520.39,sh000905
2024-09-20 00:00:00,4514.96,4498.39,4515.81,4471.94,94312044.0,89084435754.7,0.97,4498.39,sh000905
2024-09-23 00:00:00,4495.78,4494.69,4545.54,4483.13,89935227.0,85104838086.0,1.39,4494.69,sh000905
2024-09-24 00:00:00,4524.22,4689.6,4690.57,4503.12,177144703.0,159947071682.9,4.17,4689.6,sh000905
2024-09-25 00:00:00,4743.63,4731.48,4847.2,4724.43,204593519.0,182209573751.3,2.62,4731.48,sh000905
2024-09-26 00:00:00,4726.0,4938.18,4938.18,4719.35,229930323.0,196122560309.1,4.62,4938.18,sh000905
2024-09-27 00:00:00,5027.26,5201.67,5227.96,5021.51,230177508.0,232646658012.5,4.18,5201.67,sh000905
2024-09-30 00:00:00,5449.79,5743.22,5757.92,5387.34,388703200.0,418784669568.5,7.12,5743.22,sh000905
2024-10-08 00:00:00,6417.81,6155.58,6417.81,5868.85,493546420.0,579263323621.8,9.56,6155.58,sh000905
2024-10-09 00:00:00,6013.7,5735.64,6088.08,5704.48,431156416.0,529447530363.7,6.23,5735.64,sh000905
2024-10-10 00:00:00,5768.61,5690.88,5875.94,5597.48,353480245.0,390814224053.0,4.85,5690.88,sh000905
2024-10-11 00:00:00,5650.05,5470.81,5652.85,5408.87,244383373.0,266749263112.0,4.29,5470.81,sh000905
2024-10-14 00:00:00,5503.65,5608.15,5623.97,5408.39,250608541.0,279231292488.6,3.94,5608.15,sh000905
2024-10-15 00:00:00,5578.26,5472.56,5661.07,5471.88,238997019.0,276816614630.7,3.37,5472.56,sh000905
2024-10-16 00:00:00,5393.67,5461.09,5546.18,5393.67,205450926.0,222425749319.4,2.79,5461.09,sh000905
2024-10-17 00:00:00,5499.77,5418.99,5541.03,5417.88,202768685.0,234458932483.4,2.26,5418.99,sh000905
2024-10-18 00:00:00,5416.03,5640.02,5774.14,5404.2,287114219.0,352062136787.1,6.83,5640.02,sh000905
2024-10-21 00:00:00,5680.56,5704.23,5797.88,5631.23,266885186.0,359965731439.6,2.95,5704.23,sh000905
2024-10-22 00:00:00,5703.32,5753.85,5779.3,5673.79,237023624.0,312584329119.8,1.85,5753.85,sh000905
2024-10-23 00:00:00,5745.11,5776.38,5853.46,5727.77,273412640.0,336167749458.4,2.18,5776.38,sh000905
2024-10-24 00:00:00,5747.56,5726.7,5759.87,5694.78,207690046.0,257232250889.5,1.13,5726.7,sh000905
2024-10-25 00:00:00,5735.29,5809.69,5855.26,5729.44,236725708.0,299590180533.3,2.2,5809.69,sh000905
2024-10-28 00:00:00,5816.33,5883.72,5883.72,5787.48,270653787.0,312663682663.8,1.66,5883.72,sh000905
2024-10-29 00:00:00,5903.31,5812.53,5917.21,5807.29,275371143.0,332481504886.9,1.87,5812.53,sh000905
2024-10-30 00:00:00,5793.83,5837.93,5869.11,5777.43,252021275.0,315956554496.2,1.58,5837.93,sh000905
2024-10-31 00:00:00,5839.98,5901.29,5935.18,5812.03,313549202.0,377454102584.7,2.11,5901.29,sh000905
2024-11-01 00:00:00,5893.32,5831.82,5934.2,5795.08,369840641.0,429257467070.0,2.36,5831.82,sh000905
2024-11-04 00:00:00,5835.39,5928.91,5928.91,5835.39,286552294.0,342776867779.9,1.6,5928.91,sh000905
2024-11-05 00:00:00,5925.87,6111.97,6119.25,5910.89,366344492.0,441462863294.4,3.51,6111.97,sh000905
2024-11-06 00:00:00,6134.92,6125.79,6204.53,6081.81,415187737.0,502324104677.0,2.01,6125.79,sh000905
2024-11-07 00:00:00,6061.73,6239.56,6240.76,6049.59,418413323.0,465814955829.2,3.12,6239.56,sh000905
2024-11-08 00:00:00,6306.8,6222.45,6333.68,6206.29,385648347.0,470080201608.9,2.04,6222.45,sh000905
2024-11-11 00:00:00,6211.03,6330.62,6330.8,6199.06,334096921.0,453328339552.7,2.12,6330.62,sh000905
2024-11-12 00:00:00,6349.23,6263.88,6382.98,6205.1,332856919.0,452685440809.0,2.81,6263.88,sh000905
2024-11-13 00:00:00,6234.16,6259.84,6282.28,6162.9,260400673.0,347812976326.8,1.91,6259.84,sh000905
2024-11-14 00:00:00,6240.61,6078.31,6240.61,6068.66,239743138.0,317335892174.5,2.75,6078.31,sh000905
2024-11-15 00:00:00,6055.54,5924.48,6093.42,5924.35,236226042.0,309679795180.8,2.78,5924.48,sh000905
2024-11-18 00:00:00,5940.49,5833.04,5977.49,5799.91,282527224.0,296423264134.4,3.0,5833.04,sh000905
2024-11-19 00:00:00,5836.61,5936.6,5936.93,5776.2,241404215.0,262477730599.7,2.76,5936.6,sh000905
2024-11-20 00:00:00,5920.32,5992.39,6015.23,5909.11,217345224.0,261005441610.0,1.79,5992.39,sh000905
2024-11-21 00:00:00,5973.15,5985.31,6009.63,5937.81,206198941.0,252722313895.1,1.2,5985.31,sh000905
2024-11-22 00:00:00,5969.08,5750.25,5983.34,5750.25,225066737.0,267675732292.4,3.89,5750.25,sh000905
2024-11-25 00:00:00,5754.55,5735.65,5774.82,5662.09,186005060.0,215261571671.1,1.96,5735.65,sh000905
2024-11-26 00:00:00,5727.37,5690.48,5773.36,5688.58,147562865.0,170186745318.8,1.48,5690.48,sh000905
2024-11-27 00:00:00,5669.55,5804.94,5805.64,5604.0,175313302.0,204528721580.5,3.54,5804.94,sh000905
2024-11-28 00:00:00,5802.8,5757.6,5826.49,5749.29,172183537.0,204358289211.1,1.33,5757.6,sh000905
2024-11-29 00:00:00,5748.17,5851.94,5899.87,5736.41,204255544.0,243571196943.7,2.84,5851.94,sh000905
2024-12-02 00:00:00,5853.71,5943.62,5956.6,5848.42,236181308.0,257212815525.1,1.85,5943.62,sh000905
2024-12-03 00:00:00,5946.74,5932.12,5954.66,5877.8,209870509.0,229346951926.7,1.29,5932.12,sh000905
2024-12-04 00:00:00,5929.48,5879.27,5940.85,5850.91,215991634.0,234212942758.9,1.52,5879.27,sh000905
2024-12-05 00:00:00,5855.74,5901.99,5923.62,5853.53,198542236.0,212251881677.0,1.19,5901.99,sh000905
2024-12-06 00:00:00,5903.5,5979.2,6011.77,5877.04,265329536.0,255600553068.3,2.28,5979.2,sh000905
2024-12-09 00:00:00,5983.33,5947.11,6004.23,5911.36,284462209.0,237294662391.5,1.55,5947.11,sh000905
2024-12-10 00:00:00,6132.29,5992.09,6141.07,5982.58,320527823.0,324711288431.3,2.66,5992.09,sh000905
2024-12-11 00:00:00,5973.33,6047.11,6051.47,5972.27,253883941.0,250011474489.1,1.32,6047.11,sh000905
2024-12-12 00:00:00,6048.78,6100.39,6107.71,6023.23,243653690.0,258380795570.8,1.4,6100.39,sh000905
2024-12-13 00:00:00,6065.95,5988.29,6065.95,5988.29,286328198.0,307316221178.0,1.27,5988.29,sh000905
2024-12-16 00:00:00,5983.16,5912.6,5991.58,5888.04,214647441.0,241790858877.2,1.73,5912.6,sh000905
2024-12-17 00:00:00,5896.97,5848.16,5924.62,5837.25,193108547.0,204630242337.7,1.48,5848.16,sh000905
2024-12-18 00:00:00,5861.26,5888.62,5921.98,5853.16,187996290.0,193282038369.0,1.18,5888.62,sh000905
2024-12-19 00:00:00,5829.26,5901.92,5918.49,5816.47,196531194.0,211287492264.4,1.73,5901.92,sh000905
2024-12-20 00:00:00,5889.95,5917.18,5962.42,5889.95,178090399.0,221132517265.6,1.23,5917.18,sh000905
2024-12-23 00:00:00,5917.69,5818.55,5935.15,5815.34,177315486.0,217347047187.5,2.02,5818.55,sh000905
2024-12-24 00:00:00,5827.16,5895.26,5897.19,5827.16,167365824.0,196112525345.7,1.2,5895.26,sh000905
2024-12-25 00:00:00,5896.43,5840.29,5897.51,5796.65,157279132.0,191269446368.3,1.71,5840.29,sh000905
2024-12-26 00:00:00,5830.72,5887.06,5897.48,5830.72,145319444.0,201723277582.2,1.14,5887.06,sh000905
2024-12-27 00:00:00,5892.69,5899.17,5975.79,5881.72,179085498.0,236680633735.7,1.6,5899.17,sh000905
2024-12-30 00:00:00,5890.46,5898.88,5928.57,5867.85,155565586.0,196182578970.3,1.03,5898.88,sh000905
2024-12-31 00:00:00,5902.03,5725.73,5905.46,5725.73,182158855.0,217194009078.8,3.05,5725.73,sh000905
2025-01-02 00:00:00,5717.92,5545.82,5722.11,5498.82,193763157.0,220078999057.0,3.9,5545.82,sh000905
2025-01-03 00:00:00,5552.75,5427.8,5581.4,5419.74,174077310.0,187233075270.9,2.91,5427.8,sh000905
2025-01-06 00:00:00,5421.07,5427.1,5482.63,5384.33,146265658.0,156743673376.1,1.81,5427.1,sh000905
2025-01-07 00:00:00,5429.17,5484.68,5485.58,5405.13,145065278.0,159836326878.2,1.48,5484.68,sh000905
2025-01-08 00:00:00,5462.32,5461.59,5501.66,5326.93,163849915.0,181141237075.9,3.19,5461.59,sh000905
2025-01-09 00:00:00,5437.81,5456.59,5493.68,5436.7,129832627.0,156798867820.6,1.04,5456.59,sh000905
2025-01-10 00:00:00,5449.0,5369.28,5496.38,5369.28,130179553.0,159984103633.2,2.33,5369.28,sh000905
2025-01-13 00:00:00,5319.7,5381.7,5422.01,5319.27,119682937.0,139406540969.0,1.91,5381.7,sh000905
2025-01-14 00:00:00,5393.76,5572.27,5582.84,5378.59,172142860.0,208083727936.2,3.8,5572.27,sh000905
2025-01-15 00:00:00,5559.58,5522.46,5569.19,5509.58,138393243.0,169060453013.4,1.07,5522.46,sh000905
2025-01-16 00:00:00,5546.7,5545.63,5633.85,5508.91,149318085.0,182995873631.7,2.26,5545.63,sh000905
2025-01-17 00:00:00,5524.21,5587.29,5621.94,5519.41,126691174.0,164437435727.2,1.85,5587.29,sh000905
2025-01-20 00:00:00,5621.92,5614.33,5665.18,5598.16,135712507.0,173426107632.4,1.2,5614.33,sh000905
2025-01-21 00:00:00,5639.6,5633.92,5642.92,5573.5,126491300.0,170909135202.8,1.24,5633.92,sh000905
2025-01-22 00:00:00,5606.85,5607.06,5618.58,5567.78,115374996.0,158106585548.6,0.9,5607.06,sh000905
2025-01-23 00:00:00,5659.37,5584.25,5717.69,5584.25,163419987.0,203633761249.2,2.38,5584.25,sh000905
2025-01-24 00:00:00,5570.48,5649.95,5660.43,5570.48,139438058.0,180858845316.0,1.61,5649.95,sh000905
2025-01-27 00:00:00,5660.48,5589.34,5676.03,5589.34,136546056.0,163085841547.7,1.53,5589.34,sh000905
2025-02-05 00:00:00,5643.17,5614.39,5646.04,5588.56,155674141.0,214999512244.8,1.03,5614.39,sh000905
2025-02-06 00:00:00,5606.87,5747.9,5749.02,5597.32,181428193.0,257122087039.6,2.7,5747.9,sh000905
2025-02-07 00:00:00,5750.29,5833.99,5889.43,5741.73,232718863.0,327949184790.5,2.57,5833.99,sh000905
2025-02-10 00:00:00,5858.24,5888.55,5895.41,5836.17,209300905.0,286253277530.5,1.02,5888.55,sh000905
2025-02-11 00:00:00,5890.37,5858.28,5890.37,5827.38,181920508.0,260281069640.5,1.07,5858.28,sh000905
2025-02-12 00:00:00,5841.36,5940.53,5940.54,5841.32,195446155.0,285438865878.9,1.69,5940.53,sh000905
2025-02-13 00:00:00,5938.2,5898.26,5957.58,5889.7,228281839.0,313080162906.2,1.14,5898.26,sh000905
2025-02-14 00:00:00,5893.93,5947.8,5954.48,5886.95,211914261.0,306627494264.1,1.14,5947.8,sh000905
2025-02-17 00:00:00,5979.84,5948.72,5985.36,5906.27,233901689.0,356940293723.8,1.33,5948.72,sh000905
2025-02-18 00:00:00,5935.5,5840.71,5947.93,5816.05,214941482.0,306905660928.8,2.22,5840.71,sh000905
2025-02-19 00:00:00,5834.95,5943.88,5945.35,5831.48,205298305.0,313960331576.5,1.95,5943.88,sh000905
2025-02-20 00:00:00,5941.6,5957.55,5977.73,5920.57,198207411.0,305885399073.0,0.96,5957.55,sh000905
2025-02-21 00:00:00,5969.65,6057.06,6061.82,5943.19,252317128.0,396960769353.7,1.99,6057.06,sh000905
2025-02-24 00:00:00,6057.38,6044.97,6079.02,6007.18,243813798.0,382362648270.6,1.19,6044.97,sh000905
2025-02-25 00:00:00,5967.04,5979.97,6044.76,5956.18,206833953.0,340316449158.0,1.47,5979.97,sh000905
2025-02-26 00:00:00,5990.29,6051.74,6055.87,5973.86,210860898.0,327265336672.0,1.37,6051.74,sh000905
2025-02-27 00:00:00,6050.19,6028.99,6064.49,5940.34,216652930.0,328254761442.7,2.05,6028.99,sh000905
2025-02-28 00:00:00,5997.92,5859.87,6007.47,5847.15,205223814.0,298290643729.1,2.66,5859.87,sh000905
2025-03-03 00:00:00,5875.95,5885.77,5964.27,5851.56,185024581.0,266955659875.8,1.92,5885.77,sh000905
2025-03-04 00:00:00,5845.47,5937.63,5943.08,5843.46,153922211.0,231145314804.5,1.69,5937.63,sh000905
2025-03-05 00:00:00,5937.11,5950.7,5955.9,5892.53,163071500.0,241738025092.7,1.07,5950.7,sh000905
2025-03-06 00:00:00,5980.38,6047.77,6062.54,5972.6,213042852.0,320542701863.5,1.51,6047.77,sh000905
2025-03-07 00:00:00,6029.38,6013.77,6067.35,5989.32,207437149.0,301122130059.3,1.29,6013.77,sh000905
2025-03-10 00:00:00,6022.68,6013.62,6041.52,5971.81,173044336.0,248513462299.4,1.16,6013.62,sh000905
2025-03-11 00:00:00,5944.42,6044.97,6044.97,5942.91,173855643.0,245205106219.3,1.7,6044.97,sh000905
2025-03-12 00:00:00,6068.38,6040.5,6098.24,6038.82,184763537.0,267906301206.6,0.98,6040.5,sh000905
2025-03-13 00:00:00,6032.85,5993.97,6050.18,5947.78,193710717.0,253622427436.4,1.7,5993.97,sh000905
2025-03-14 00:00:00,5993.97,6099.98,6099.98,5978.53,219245834.0,289038080526.0,2.03,6099.98,sh000905
2025-03-17 00:00:00,6119.61,6108.02,6129.85,6098.51,184317273.0,250160671107.9,0.51,6108.02,sh000905
2025-03-18 00:00:00,6126.04,6133.3,6161.23,6114.21,166023043.0,236342189394.2,0.77,6133.3,sh000905
2025-03-19 00:00:00,6117.42,6101.44,6128.23,6076.56,153893780.0,218871992193.0,0.84,6101.44,sh000905
2025-03-20 00:00:00,6094.84,6059.49,6109.18,6055.38,147187865.0,203849586195.9,0.88,6059.49,sh000905
2025-03-21 00:00:00,6038.99,5971.93,6071.08,5951.8,174103785.0,225801003414.7,1.97,5971.93,sh000905
2025-03-24 00:00:00,5973.05,5969.08,5987.06,5882.88,169192435.0,220094329255.6,1.74,5969.08,sh000905
2025-03-25 00:00:00,5969.42,5946.95,5993.93,5929.67,147483948.0,192227014821.0,1.08,5946.95,sh000905
2025-03-26 00:00:00,5935.85,5948.5,5983.47,5935.85,136702111.0,171695842016.5,0.8,5948.5,sh000905
2025-03-27 00:00:00,5932.52,5957.6,6000.66,5891.77,134708904.0,176590477346.0,1.83,5957.6,sh000905
2025-03-28 00:00:00,5954.73,5916.03,5973.8,5904.92,134261927.0,168899478619.3,1.16,5916.03,sh000905
2025-03-31 00:00:00,5886.96,5857.77,5908.3,5802.42,154256090.0,189563392181.2,1.79,5857.77,sh000905
2025-04-01 00:00:00,5870.94,5892.85,5931.5,5867.85,136448602.0,179327950524.9,1.09,5892.85,sh000905
2025-04-02 00:00:00,5884.89,5899.09,5936.65,5884.11,112159960.0,140642079451.3,0.89,5899.09,sh000905
2025-04-03 00:00:00,5842.62,5845.5,5906.71,5817.97,134938625.0,173662140191.8,1.5,5845.5,sh000905
2025-04-07 00:00:00,5523.96,5287.03,5587.85,5212.68,236522656.0,267397400609.4,6.42,5287.03,sh000905
2025-04-08 00:00:00,5279.76,5326.91,5371.18,5249.23,223840665.0,261875349400.4,2.31,5326.91,sh000905
2025-04-09 00:00:00,5249.68,5439.77,5465.14,5135.97,245118027.0,288257435803.9,6.18,5439.77,sh000905
2025-04-10 00:00:00,5534.56,5544.06,5610.19,5513.95,211963035.0,268666431276.5,1.77,5544.06,sh000905
2025-04-11 00:00:00,5514.19,5581.32,5631.6,5510.89,164411663.0,227659789695.8,2.18,5581.32,sh000905
2025-04-14 00:00:00,5633.78,5627.14,5661.8,5608.73,155487077.0,207470466690.5,0.95,5627.14,sh000905
2025-04-15 00:00:00,5625.0,5602.53,5626.68,5567.03,123273708.0,161900884812.5,1.06,5602.53,sh000905
2025-04-16 00:00:00,5589.78,5556.86,5592.67,5492.65,132537224.0,163751037649.9,1.79,5556.86,sh000905
2025-04-17 00:00:00,5527.59,5557.01,5604.62,5526.89,113652382.0,148283242243.4,1.4,5557.01,sh000905
2025-04-18 00:00:00,5546.97,5560.72,5579.48,5525.4,111644258.0,139804146811.9,0.97,5560.72,sh000905
2025-04-21 00:00:00,5556.51,5642.38,5646.22,5535.7,123111883.0,160264813233.9,1.99,5642.38,sh000905
2025-04-22 00:00:00,5634.89,5624.21,5651.55,5617.88,124666689.0,164464321326.5,0.6,5624.21,sh000905
2025-04-23 00:00:00,5647.91,5634.95,5670.26,5614.77,127007764.0,177991292765.2,0.99,5634.95,sh000905
2025-04-24 00:00:00,5633.02,5605.88,5651.53,5583.43,122696696.0,157899194340.6,1.21,5605.88,sh000905
2025-04-25 00:00:00,5613.14,5627.18,5661.59,5596.53,140000800.0,171933817273.4,1.16,5627.18,sh000905
2025-04-28 00:00:00,5624.42,5598.3,5628.08,5587.79,136218094.0,167616287077.3,0.72,5598.3,sh000905
2025-04-29 00:00:00,5583.72,5604.91,5622.02,5571.24,126742927.0,158033003939.8,0.91,5604.91,sh000905
2025-04-30 00:00:00,5604.65,5631.82,5647.78,5603.17,138386621.0,181616584522.5,0.8,5631.82,sh000905
2025-05-06 00:00:00,5668.88,5740.33,5740.33,5666.47,162773606.0,217059975785.3,1.31,5740.33,sh000905
2025-05-07 00:00:00,5805.66,5750.29,5819.24,5713.27,171011757.0,227566204818.1,1.85,5750.29,sh000905
2025-05-08 00:00:00,5731.72,5773.81,5783.79,5724.95,136140322.0,187032631458.8,1.02,5773.81,sh000905
2025-05-09 00:00:00,5770.44,5721.72,5770.44,5705.17,123939007.0,178162276679.5,1.13,5721.72,sh000905
2025-05-12 00:00:00,5751.44,5793.67,5794.52,5737.46,135824367.0,199426833721.2,1.0,5793.67,sh000905
2025-05-13 00:00:00,5838.03,5781.67,5838.03,5772.07,138271081.0,194252270526.7,1.14,5781.67,sh000905
2025-05-14 00:00:00,5778.08,5799.12,5835.49,5750.54,156279994.0,188145126840.3,1.47,5799.12,sh000905
2025-05-15 00:00:00,5786.78,5715.3,5786.78,5715.29,135160768.0,165136693963.9,1.23,5715.3,sh000905
2025-05-16 00:00:00,5703.74,5715.85,5735.01,5703.74,116709136.0,141882122895.5,0.55,5715.85,sh000905
2025-05-19 00:00:00,5719.44,5720.79,5729.07,5669.72,115384939.0,141098692009.1,1.04,5720.79,sh000905
2025-05-20 00:00:00,5723.51,5747.37,5759.46,5707.81,116896615.0,151751185853.6,0.9,5747.37,sh000905
2025-05-21 00:00:00,5741.69,5757.92,5763.08,5733.83,115804542.0,155147378006.4,0.51,5757.92,sh000905
2025-05-22 00:00:00,5739.19,5703.28,5757.79,5701.16,109057720.0,141620883824.3,0.98,5703.28,sh000905
2025-05-23 00:00:00,5697.14,5653.04,5738.08,5653.04,114361198.0,148123602870.9,1.49,5653.04,sh000905
2025-05-26 00:00:00,5653.21,5669.46,5693.63,5644.58,97170989.0,127343603493.8,0.87,5669.46,sh000905
2025-05-27 00:00:00,5666.3,5652.15,5667.87,5629.13,95149363.0,125275690002.2,0.68,5652.15,sh000905
2025-05-28 00:00:00,5651.88,5637.24,5660.47,5628.42,94908883.0,119959827369.0,0.57,5637.24,sh000905
2025-05-29 00:00:00,5637.06,5719.91,5724.52,5637.06,114682484.0,148095092966.2,1.55,5719.91,sh000905
2025-05-30 00:00:00,5704.77,5671.07,5704.77,5665.52,109900707.0,137670579253.9,0.69,5671.07,sh000905
2025-06-03 00:00:00,5653.67,5694.84,5710.42,5653.3,122853903.0,159996843500.1,1.01,5694.84,sh000905
2025-06-04 00:00:00,5696.57,5739.01,5744.45,5696.57,116196077.0,150314940398.1,0.84,5739.01,sh000905
2025-06-05 00:00:00,5741.03,5769.97,5778.1,5719.55,125223584.0,174970104156.2,1.02,5769.97,sh000905
2025-06-06 00:00:00,5768.4,5762.08,5771.76,5750.66,108217660.0,148022372105.1,0.37,5762.08,sh000905
2025-06-09 00:00:00,5772.78,5805.65,5823.9,5765.35,128188619.0,171482411225.9,1.02,5805.65,sh000905
2025-06-10 00:00:00,5809.83,5757.99,5810.92,5715.97,138269181.0,182980299992.1,1.64,5757.99,sh000905
2025-06-11 00:00:00,5758.53,5792.95,5818.57,5758.53,123716707.0,161353672422.0,1.04,5792.95,sh000905
2025-06-12 00:00:00,5780.97,5799.93,5808.8,5766.52,125615846.0,165393538363.1,0.73,5799.93,sh000905
2025-06-13 00:00:00,5783.16,5740.24,5794.67,5728.21,167613374.0,216010351562.9,1.15,5740.24,sh000905
2021-01-04 00:00:00,6395.61,6482.79,6501.59,6359.08,186621210.0,211126910976.0,2.24,6482.79,sh000905
2021-01-05 00:00:00,6470.25,6539.73,6539.73,6452.52,196726292.0,227033006080.0,1.35,6539.73,sh000905
2021-01-06 00:00:00,6549.73,6528.14,6569.2,6472.74,178521085.0,209333366784.0,1.47,6528.14,sh000905
2021-01-07 00:00:00,6523.68,6538.12,6567.27,6467.44,197135642.0,219238805504.0,1.53,6538.12,sh000905
2021-01-08 00:00:00,6541.56,6557.6,6598.38,6484.4,180837430.0,207113826304.0,1.74,6557.6,sh000905
2021-01-11 00:00:00,6557.45,6455.4,6572.85,6419.73,183257272.0,217940398080.0,2.34,6455.4,sh000905
2021-01-12 00:00:00,6425.81,6543.23,6543.23,6425.81,162311237.0,199048531968.0,1.82,6543.23,sh000905
2021-01-13 00:00:00,6550.03,6496.91,6553.65,6457.88,184913421.0,222962630656.0,1.46,6496.91,sh000905
2021-01-14 00:00:00,6471.79,6439.89,6516.27,6402.6,163023816.0,198732648448.0,1.75,6439.89,sh000905
2021-01-15 00:00:00,6427.13,6417.5,6447.88,6339.43,138243200.0,166962802688.0,1.68,6417.5,sh000905
2021-01-18 00:00:00,6414.83,6514.46,6529.41,6392.07,136832806.0,169891545088.0,2.14,6514.46,sh000905
2021-01-19 00:00:00,6510.48,6476.37,6532.65,6456.12,147616717.0,174545108992.0,1.17,6476.37,sh000905
2021-01-20 00:00:00,6477.67,6535.42,6535.48,6449.28,128525432.0,153378910208.0,1.33,6535.42,sh000905
2021-01-21 00:00:00,6552.03,6622.5,6649.86,6550.88,156809587.0,189208743936.0,1.51,6622.5,sh000905
2021-01-22 00:00:00,6619.86,6637.81,6643.67,6573.82,158062310.0,202861674496.0,1.05,6637.81,sh000905
2021-01-25 00:00:00,6636.22,6645.31,6711.57,6599.97,165623104.0,223556747264.0,1.68,6645.31,sh000905
2021-01-26 00:00:00,6621.15,6532.96,6624.45,6515.26,143371310.0,191892389888.0,1.64,6532.96,sh000905
2021-01-27 00:00:00,6527.68,6557.16,6564.29,6481.16,139760049.0,174776066048.0,1.27,6557.16,sh000905
2021-01-28 00:00:00,6475.86,6414.38,6529.84,6405.81,144825405.0,174817693696.0,1.89,6414.38,sh000905
2021-01-29 00:00:00,6448.67,6346.14,6462.37,6255.7,146041582.0,172077244416.0,3.22,6346.14,sh000905
2021-02-01 00:00:00,6338.64,6393.28,6397.01,6328.34,137325184.0,157579284480.0,1.08,6393.28,sh000905
2021-02-02 00:00:00,6404.85,6454.79,6459.48,6361.09,132394314.0,161720463360.0,1.54,6454.79,sh000905
2021-02-03 00:00:00,6459.66,6399.33,6484.49,6399.33,145457155.0,175699415040.0,1.32,6399.33,sh000905
2021-02-04 00:00:00,6375.67,6328.79,6414.3,6249.53,148861330.0,173708935168.0,2.57,6328.79,sh000905
2021-02-05 00:00:00,6343.83,6239.87,6382.96,6236.27,135132879.0,162500628480.0,2.32,6239.87,sh000905
2021-02-08 00:00:00,6247.92,6323.16,6354.02,6215.73,116134003.0,141592203264.0,2.22,6323.16,sh000905
2021-02-09 00:00:00,6334.42,6457.88,6468.43,6330.79,119319109.0,146850922496.0,2.18,6457.88,sh000905
2021-02-10 00:00:00,6474.75,6525.17,6542.75,6424.72,119042660.0,150035763200.0,1.83,6525.17,sh000905
2021-02-18 00:00:00,6657.31,6614.54,6678.61,6564.31,166892393.0,194996420608.0,1.75,6614.54,sh000905
2021-02-19 00:00:00,6600.25,6703.48,6706.39,6542.78,178767818.0,201468755968.0,2.47,6703.48,sh000905
2021-02-22 00:00:00,6731.51,6657.06,6810.92,6657.06,237065585.0,259948294144.0,2.3,6657.06,sh000905
2021-02-23 00:00:00,6613.6,6631.23,6701.43,6609.08,192656865.0,206144663552.0,1.39,6631.23,sh000905
2021-02-24 00:00:00,6633.28,6536.19,6661.43,6477.75,173718833.0,196797837312.0,2.77,6536.19,sh000905
2021-02-25 00:00:00,6600.21,6499.15,6609.56,6484.55,162068183.0,171451162624.0,1.91,6499.15,sh000905
2021-02-26 00:00:00,6365.74,6364.35,6446.95,6346.13,150760207.0,163655503872.0,1.55,6364.35,sh000905
2021-03-01 00:00:00,6407.16,6488.44,6491.94,6404.89,158608438.0,165792206848.0,1.37,6488.44,sh000905
2021-03-02 00:00:00,6514.02,6433.33,6514.02,6386.49,165877069.0,174025453568.0,1.97,6433.33,sh000905
2021-03-03 00:00:00,6426.04,6524.75,6528.22,6420.21,171017523.0,169667465216.0,1.68,6524.75,sh000905
2021-03-04 00:00:00,6482.79,6401.99,6485.16,6371.73,194334615.0,192657768448.0,1.74,6401.99,sh000905
2021-03-05 00:00:00,6325.75,6403.5,6442.02,6319.53,166504886.0,163666501632.0,1.91,6403.5,sh000905
2021-03-08 00:00:00,6453.78,6256.41,6488.82,6253.7,168546340.0,177120047104.0,3.67,6256.41,sh000905
2021-03-09 00:00:00,6235.31,6108.0,6250.94,6033.41,196432686.0,181888458752.0,3.48,6108.0,sh000905
2021-03-10 00:00:00,6164.77,6062.26,6179.85,6053.02,142554278.0,135611236352.0,2.08,6062.26,sh000905
2021-03-11 00:00:00,6074.33,6213.83,6213.93,6045.55,160814643.0,149412659200.0,2.78,6213.83,sh000905
2021-03-12 00:00:00,6231.48,6222.38,6232.5,6137.99,175746179.0,160346947584.0,1.52,6222.38,sh000905
2021-03-15 00:00:00,6192.3,6173.87,6229.57,6111.36,170799690.0,150564929536.0,1.9,6173.87,sh000905
2021-03-16 00:00:00,6176.07,6195.24,6222.18,6124.78,152845993.0,138852790272.0,1.58,6195.24,sh000905
2021-03-17 00:00:00,6180.89,6225.36,6230.56,6124.05,134840397.0,125106921472.0,1.72,6225.36,sh000905
2021-03-18 00:00:00,6231.19,6273.86,6300.94,6227.19,140725665.0,137984966656.0,1.18,6273.86,sh000905
2021-03-19 00:00:00,6195.25,6206.6,6258.13,6167.51,143238275.0,143898488832.0,1.44,6206.6,sh000905
2021-03-22 00:00:00,6208.93,6305.69,6307.55,6206.08,143041444.0,138484391936.0,1.63,6305.69,sh000905
2021-03-23 00:00:00,6307.98,6219.17,6307.98,6181.13,150964052.0,144085643264.0,2.01,6219.17,sh000905
2021-03-24 00:00:00,6180.31,6142.54,6232.13,6131.82,147673111.0,137684570112.0,1.61,6142.54,sh000905
2021-03-25 00:00:00,6118.87,6157.41,6190.94,6108.26,129307092.0,122101587968.0,1.35,6157.41,sh000905
2021-03-26 00:00:00,6164.82,6251.79,6264.56,6164.82,128887611.0,130405072896.0,1.62,6251.79,sh000905
2021-03-29 00:00:00,6270.0,6254.94,6277.76,6215.8,139633894.0,137607135232.0,0.99,6254.94,sh000905
2021-03-30 00:00:00,6239.47,6280.36,6287.87,6217.33,134409585.0,138902650880.0,1.13,6280.36,sh000905
2021-03-31 00:00:00,6277.7,6254.07,6277.7,6205.94,125128492.0,124539600896.0,1.14,6254.07,sh000905
2021-04-01 00:00:00,6259.41,6311.66,6321.58,6238.31,130374817.0,124971610112.0,1.33,6311.66,sh000905
2021-04-02 00:00:00,6316.56,6326.61,6341.65,6291.71,123938872.0,125309448192.0,0.79,6326.61,sh000905
2021-04-06 00:00:00,6345.89,6343.1,6367.78,6323.24,111489157.0,115979706368.0,0.7,6343.1,sh000905
2021-04-07 00:00:00,6350.38,6348.08,6350.38,6289.07,150016776.0,139659141120.0,0.97,6348.08,sh000905
2021-04-08 00:00:00,6332.93,6356.75,6385.2,6309.12,173741279.0,147432804352.0,1.2,6356.75,sh000905
2021-04-09 00:00:00,6345.29,6335.24,6360.45,6307.66,141306900.0,127539220480.0,0.83,6335.24,sh000905
2021-04-12 00:00:00,6325.26,6226.42,6344.16,6203.57,155441439.0,142018338816.0,2.22,6226.42,sh000905
2021-04-13 00:00:00,6210.22,6209.78,6254.9,6193.81,130387709.0,116032380928.0,0.98,6209.78,sh000905
2021-04-14 00:00:00,6206.64,6277.21,6287.84,6206.64,117438218.0,107282817024.0,1.31,6277.21,sh000905
2021-04-15 00:00:00,6263.63,6276.46,6281.43,6211.66,119776177.0,111582126080.0,1.11,6276.46,sh000905
2021-04-16 00:00:00,6283.86,6339.59,6344.95,6276.43,126764654.0,119984627712.0,1.09,6339.59,sh000905
2021-04-19 00:00:00,6331.71,6425.26,6431.78,6315.08,142200929.0,144720531456.0,1.84,6425.26,sh000905
2021-04-20 00:00:00,6419.73,6428.54,6467.38,6410.28,134674524.0,143364747264.0,0.89,6428.54,sh000905
2021-04-21 00:00:00,6396.27,6420.26,6434.63,6369.77,121051732.0,128354893824.0,1.01,6420.26,sh000905
2021-04-22 00:00:00,6444.28,6445.47,6472.8,6424.75,124923876.0,131906162688.0,0.75,6445.47,sh000905
2021-04-23 00:00:00,6445.52,6462.76,6463.97,6412.99,126117307.0,135170990080.0,0.79,6462.76,sh000905
2021-04-26 00:00:00,6480.3,6442.65,6546.64,6437.19,144964140.0,166586765312.0,1.69,6442.65,sh000905
2021-04-27 00:00:00,6434.61,6446.28,6466.25,6399.44,125894712.0,138320089088.0,1.04,6446.28,sh000905
2021-04-28 00:00:00,6433.1,6489.74,6489.74,6410.32,117234944.0,136377847808.0,1.23,6489.74,sh000905
2021-04-29 00:00:00,6495.65,6491.93,6502.43,6453.52,128305439.0,145502310400.0,0.75,6491.93,sh000905
2021-04-30 00:00:00,6470.35,6485.71,6503.15,6434.73,144254239.0,163746328576.0,1.05,6485.71,sh000905
2021-05-06 00:00:00,6503.6,6489.35,6548.07,6440.33,154141980.0,167436128256.0,1.66,6489.35,sh000905
2021-05-07 00:00:00,6505.58,6444.44,6524.18,6439.89,177518748.0,177915641856.0,1.3,6444.44,sh000905
2021-05-10 00:00:00,6461.42,6475.99,6493.5,6437.11,189080133.0,180906622976.0,0.88,6475.99,sh000905
2021-05-11 00:00:00,6436.29,6456.04,6472.87,6349.79,187263611.0,175350132736.0,1.9,6456.04,sh000905
2021-05-12 00:00:00,6434.91,6512.05,6521.49,6419.74,156490931.0,150127198208.0,1.58,6512.05,sh000905
2021-05-13 00:00:00,6448.96,6439.03,6497.0,6426.58,159658647.0,155853651968.0,1.08,6439.03,sh000905
2021-05-14 00:00:00,6454.68,6525.8,6525.8,6421.21,166243407.0,163611262976.0,1.62,6525.8,sh000905
2021-05-17 00:00:00,6521.89,6578.14,6613.89,6521.89,159363758.0,172029263872.0,1.41,6578.14,sh000905
2021-05-18 00:00:00,6578.97,6599.6,6604.69,6558.78,132505490.0,141986529280.0,0.7,6599.6,sh000905
2021-05-19 00:00:00,6582.1,6584.39,6590.98,6544.84,135181256.0,146346352640.0,0.7,6584.39,sh000905
2021-05-20 00:00:00,6541.09,6548.71,6580.44,6506.41,162329923.0,167135805440.0,1.12,6548.71,sh000905
2021-05-21 00:00:00,6557.49,6527.86,6570.46,6512.81,134350694.0,145990148096.0,0.88,6527.86,sh000905
2021-05-24 00:00:00,6515.83,6544.12,6564.07,6494.62,137226611.0,150739210240.0,1.06,6544.12,sh000905
2021-05-25 00:00:00,6549.34,6619.67,6628.69,6524.3,144692037.0,158035570688.0,1.6,6619.67,sh000905
2021-05-26 00:00:00,6631.37,6628.21,6642.38,6612.42,156237002.0,169904623616.0,0.45,6628.21,sh000905
2021-05-27 00:00:00,6629.24,6685.41,6685.48,6620.72,145166676.0,164642447360.0,0.98,6685.41,sh000905
2021-05-28 00:00:00,6699.28,6668.17,6718.09,6643.64,157318385.0,176611766272.0,1.11,6668.17,sh000905
2021-05-31 00:00:00,6681.55,6728.99,6729.07,6667.26,146929492.0,176728707072.0,0.93,6728.99,sh000905
2021-06-01 00:00:00,6718.64,6739.76,6742.98,6656.66,161091958.0,185038577664.0,1.28,6739.76,sh000905
2021-06-02 00:00:00,6740.5,6681.43,6748.15,6662.75,157365320.0,174265552896.0,1.27,6681.43,sh000905
2021-06-03 00:00:00,6680.1,6667.73,6744.52,6654.46,154885691.0,167598940160.0,1.35,6667.73,sh000905
2021-06-04 00:00:00,6642.06,6693.06,6725.69,6628.01,137866404.0,161257144320.0,1.46,6693.06,sh000905
2021-06-07 00:00:00,6705.74,6721.5,6729.85,6689.7,140560896.0,174154018816.0,0.6,6721.5,sh000905
2021-06-08 00:00:00,6726.09,6684.56,6752.63,6652.39,138684946.0,169906610176.0,1.49,6684.56,sh000905
2021-06-09 00:00:00,6677.14,6692.9,6712.25,6656.05,136511035.0,155486113792.0,0.84,6692.9,sh000905
2021-06-10 00:00:00,6688.82,6765.64,6773.46,6683.49,154280965.0,177003016192.0,1.34,6765.64,sh000905
2021-06-11 00:00:00,6773.64,6725.92,6775.86,6717.27,169569608.0,194413371392.0,0.87,6725.92,sh000905
2021-06-15 00:00:00,6734.1,6663.66,6736.54,6649.2,152209249.0,166359281664.0,1.3,6663.66,sh000905
2021-06-16 00:00:00,6659.49,6566.29,6662.78,6554.89,136807877.0,152269455360.0,1.62,6566.29,sh000905
2021-06-17 00:00:00,6554.3,6616.17,6618.5,6554.3,124492562.0,143795949568.0,0.98,6616.17,sh000905
2021-06-18 00:00:00,6610.27,6657.76,6671.88,6587.03,138022582.0,161540071424.0,1.28,6657.76,sh000905
2021-06-21 00:00:00,6652.65,6707.18,6722.98,6638.52,143031173.0,174776561664.0,1.27,6707.18,sh000905
2021-06-22 00:00:00,6723.3,6739.79,6748.97,6691.82,146543498.0,170147487744.0,0.85,6739.79,sh000905
2021-06-23 00:00:00,6741.58,6789.95,6803.97,6720.58,155309609.0,184582045696.0,1.24,6789.95,sh000905
2021-06-24 00:00:00,6791.86,6754.87,6791.86,6743.33,145046523.0,172627660800.0,0.71,6754.87,sh000905
2021-06-25 00:00:00,6748.87,6813.41,6824.86,6739.02,151485660.0,174329253888.0,1.27,6813.41,sh000905
2021-06-28 00:00:00,6814.32,6828.52,6843.52,6802.86,145504051.0,175447982080.0,0.6,6828.52,sh000905
2021-06-29 00:00:00,6833.06,6765.42,6835.05,6756.92,136625723.0,167622238208.0,1.14,6765.42,sh000905
2021-06-30 00:00:00,6767.74,6808.18,6812.38,6757.34,125406162.0,155031842816.0,0.81,6808.18,sh000905
2021-07-01 00:00:00,6827.7,6716.67,6827.7,6716.67,138350812.0,168199909376.0,1.63,6716.67,sh000905
2021-07-02 00:00:00,6701.06,6658.05,6718.51,6651.48,136472287.0,162302316544.0,1.0,6658.05,sh000905
2021-07-05 00:00:00,6670.13,6711.01,6716.15,6663.54,134734720.0,165135855616.0,0.79,6711.01,sh000905
2021-07-06 00:00:00,6727.97,6709.5,6747.85,6633.61,145017953.0,183569346560.0,1.7,6709.5,sh000905
2021-07-07 00:00:00,6661.85,6764.13,6765.43,6642.57,147646953.0,176266752000.0,1.83,6764.13,sh000905
2021-07-08 00:00:00,6774.84,6748.65,6797.08,6740.85,159564544.0,203043020800.0,0.83,6748.65,sh000905
2021-07-09 00:00:00,6721.61,6804.54,6814.65,6683.79,166107003.0,204576735232.0,1.94,6804.54,sh000905
2021-07-12 00:00:00,6852.48,6904.38,6926.76,6840.02,193561044.0,239883546624.0,1.27,6904.38,sh000905
2021-07-13 00:00:00,6901.81,6961.85,6961.97,6889.03,179620844.0,223831191552.0,1.06,6961.85,sh000905
2021-07-14 00:00:00,6953.82,6898.75,6973.61,6898.75,171735447.0,214904537088.0,1.08,6898.75,sh000905
2021-07-15 00:00:00,6874.8,6932.41,6936.58,6828.48,173221107.0,205199286272.0,1.57,6932.41,sh000905
2021-07-16 00:00:00,6931.05,6925.12,6992.83,6922.35,184907858.0,221559304192.0,1.02,6925.12,sh000905
2021-07-19 00:00:00,6912.1,6889.34,6931.14,6856.65,169734817.0,208077103104.0,1.08,6889.34,sh000905
2021-07-20 00:00:00,6831.05,6901.13,6901.13,6825.82,140140631.0,171140493312.0,1.09,6901.13,sh000905
2021-07-21 00:00:00,6923.61,6984.54,6998.28,6922.92,163009272.0,204939579392.0,1.09,6984.54,sh000905
2021-07-22 00:00:00,6996.26,7026.55,7026.73,6960.3,190233316.0,219500277760.0,0.95,7026.55,sh000905
2021-07-23 00:00:00,7036.3,6985.75,7061.67,6968.31,225079073.0,253751242752.0,1.33,6985.75,sh000905
2021-07-26 00:00:00,6974.11,6868.21,6986.5,6778.5,208197240.0,242702241792.0,2.98,6868.21,sh000905
2021-07-27 00:00:00,6877.44,6719.26,6925.97,6719.26,228614339.0,266957983744.0,3.01,6719.26,sh000905
2021-07-28 00:00:00,6650.15,6621.98,6709.23,6534.92,197267167.0,222466408448.0,2.59,6621.98,sh000905
2021-07-29 00:00:00,6720.62,6758.89,6773.57,6682.12,171017884.0,209142005760.0,1.38,6758.89,sh000905
2021-07-30 00:00:00,6739.75,6767.32,6775.01,6702.51,189711734.0,222514806784.0,1.07,6767.32,sh000905
2021-08-02 00:00:00,6756.81,6872.0,6875.42,6731.78,206205174.0,249640210432.0,2.12,6872.0,sh000905
2021-08-03 00:00:00,6844.37,6816.01,6879.59,6792.71,194189432.0,237723021312.0,1.26,6816.01,sh000905
2021-08-04 00:00:00,6814.08,6931.34,6931.78,6813.23,174064348.0,216189755392.0,1.74,6931.34,sh000905
2021-08-05 00:00:00,6920.94,6911.83,6946.34,6880.69,179371886.0,226672386048.0,0.95,6911.83,sh000905
2021-08-06 00:00:00,6929.02,6938.87,6947.54,6885.65,172356913.0,214958731264.0,0.9,6938.87,sh000905
2021-08-09 00:00:00,6914.32,6979.53,6989.71,6877.2,173833372.0,210955644928.0,1.62,6979.53,sh000905
2021-08-10 00:00:00,6970.83,7019.23,7019.69,6958.81,173087962.0,222660419584.0,0.87,7019.23,sh000905
2021-08-11 00:00:00,7024.77,7073.52,7076.37,6999.93,188357906.0,221759524864.0,1.09,7073.52,sh000905
2021-08-12 00:00:00,7059.47,7095.2,7115.89,7051.01,194079124.0,226074873856.0,0.92,7095.2,sh000905
2021-08-13 00:00:00,7070.47,7088.89,7124.92,7050.31,192190605.0,221865975808.0,1.05,7088.89,sh000905
2021-08-16 00:00:00,7087.58,7052.49,7102.4,7039.1,188178885.0,222080462848.0,0.89,7052.49,sh000905
2021-08-17 00:00:00,7045.75,6894.4,7063.02,6876.5,201936371.0,226552999936.0,2.64,6894.4,sh000905
2021-08-18 00:00:00,6883.27,6941.01,6950.88,6865.07,175367332.0,191997407232.0,1.24,6941.01,sh000905
2021-08-19 00:00:00,6917.51,6947.06,6978.98,6869.29,171813588.0,194992914432.0,1.58,6947.06,sh000905
2021-08-20 00:00:00,6915.02,6920.02,6952.52,6843.0,175627139.0,205135638528.0,1.58,6920.02,sh000905
2021-08-23 00:00:00,6949.33,7024.56,7031.88,6949.33,189456609.0,216299532288.0,1.19,7024.56,sh000905
2021-08-24 00:00:00,7031.65,7090.78,7098.03,7009.69,202726894.0,236479324160.0,1.26,7090.78,sh000905
2021-08-25 00:00:00,7092.15,7153.0,7153.27,7058.57,198126889.0,228737400832.0,1.34,7153.0,sh000905
2021-08-26 00:00:00,7151.53,7118.84,7175.51,7115.84,230176197.0,255363534848.0,0.83,7118.84,sh000905
2021-08-27 00:00:00,7096.65,7180.11,7185.73,7083.21,223830464.0,258997825536.0,1.44,7180.11,sh000905
2021-08-30 00:00:00,7202.63,7226.88,7262.6,7190.61,250649147.0,301015445504.0,1.0,7226.88,sh000905
2021-08-31 00:00:00,7202.52,7255.34,7255.34,7159.3,245108342.0,288657326080.0,1.33,7255.34,sh000905
2021-09-01 00:00:00,7271.03,7193.1,7278.16,7100.31,295520141.0,331023151104.0,2.45,7193.1,sh000905
2021-09-02 00:00:00,7172.4,7307.01,7309.33,7172.4,253411699.0,271544872960.0,1.9,7307.01,sh000905
2021-09-03 00:00:00,7335.7,7278.68,7385.24,7227.03,288801239.0,315016806400.0,2.17,7278.68,sh000905
2021-09-06 00:00:00,7297.36,7355.4,7359.54,7231.73,255875154.0,273720336384.0,1.76,7355.4,sh000905
2021-09-07 00:00:00,7360.38,7498.93,7501.13,7350.7,260727542.0,280403353600.0,2.05,7498.93,sh000905
2021-09-08 00:00:00,7496.33,7544.04,7549.45,7483.87,272847808.0,287850946560.0,0.87,7544.04,sh000905
2021-09-09 00:00:00,7534.98,7617.45,7617.66,7526.97,287204068.0,302380048384.0,1.2,7617.45,sh000905
2021-09-10 00:00:00,7613.6,7607.67,7661.43,7564.26,293468641.0,322687991808.0,1.28,7607.67,sh000905
2021-09-13 00:00:00,7613.54,7648.75,7650.88,7566.78,263618611.0,298956062720.0,1.11,7648.75,sh000905
2021-09-14 00:00:00,7630.72,7556.62,7688.6,7544.02,271501512.0,306464419840.0,1.89,7556.62,sh000905
2021-09-15 00:00:00,7535.25,7592.31,7627.67,7521.88,233398415.0,274072797184.0,1.4,7592.31,sh000905
2021-09-16 00:00:00,7616.88,7446.94,7657.23,7445.23,267649779.0,301162983424.0,2.79,7446.94,sh000905
2021-09-17 00:00:00,7421.81,7395.56,7471.42,7275.98,233604227.0,259019108352.0,2.62,7395.56,sh000905
2021-09-22 00:00:00,7305.08,7453.62,7453.93,7298.03,196794534.0,221838872576.0,2.11,7453.62,sh000905
2021-09-23 00:00:00,7512.33,7502.84,7543.66,7467.2,241158694.0,267659235328.0,1.03,7502.84,sh000905
2021-09-24 00:00:00,7490.56,7380.38,7490.56,7373.29,231715581.0,248983142400.0,1.56,7380.38,sh000905
2021-09-27 00:00:00,7400.0,7170.59,7410.47,7128.51,239542408.0,255096918016.0,3.82,7170.59,sh000905
2021-09-28 00:00:00,7158.62,7198.9,7227.46,7155.27,202800568.0,196202377216.0,1.01,7198.9,sh000905
2021-09-29 00:00:00,7142.76,7010.22,7161.21,6996.57,210570703.0,207830601728.0,2.29,7010.22,sh000905
2021-09-30 00:00:00,7034.69,7103.61,7116.04,7034.69,202482611.0,186185670656.0,1.16,7103.61,sh000905
2021-10-08 00:00:00,7191.23,7091.34,7198.96,7058.83,205467704.0,202877493248.0,1.97,7091.34,sh000905
2021-10-11 00:00:00,7102.88,7090.47,7123.75,7048.87,195420838.0,194709504000.0,1.06,7090.47,sh000905
2021-10-12 00:00:00,7069.35,6952.19,7079.71,6891.84,201666724.0,194146537472.0,2.65,6952.19,sh000905
2021-10-13 00:00:00,6957.73,6981.59,6991.24,6887.34,162604654.0,163678285824.0,1.49,6981.59,sh000905
2021-10-14 00:00:00,6970.65,7008.33,7033.4,6949.48,154764667.0,162946740224.0,1.2,7008.33,sh000905
2021-10-15 00:00:00,6996.12,7024.16,7034.03,6975.24,174108339.0,188999737344.0,0.84,7024.16,sh000905
2021-10-18 00:00:00,7027.14,7068.1,7071.87,6983.72,175627013.0,194312994816.0,1.25,7068.1,sh000905
2021-10-19 00:00:00,7060.77,7120.38,7127.24,7051.78,168135764.0,182701166592.0,1.07,7120.38,sh000905
2021-10-20 00:00:00,7081.99,7118.8,7154.91,7067.13,170511342.0,186276499456.0,1.23,7118.8,sh000905
2021-10-21 00:00:00,7127.64,7098.25,7145.58,7069.45,167971968.0,184364871680.0,1.07,7098.25,sh000905
2021-10-22 00:00:00,7089.13,7026.07,7110.66,7020.87,171615150.0,184191959040.0,1.26,7026.07,sh000905
2021-10-25 00:00:00,7019.02,7103.99,7105.98,7003.78,159004603.0,184607289344.0,1.45,7103.99,sh000905
2021-10-26 00:00:00,7120.07,7102.43,7155.63,7085.07,175032205.0,204998021120.0,0.99,7102.43,sh000905
2021-10-27 00:00:00,7093.12,7048.6,7097.86,7017.86,179020887.0,212523900928.0,1.13,7048.6,sh000905
2021-10-28 00:00:00,7026.29,6950.28,7043.42,6930.54,188075338.0,210380521472.0,1.6,6950.28,sh000905
2021-10-29 00:00:00,6955.85,7022.5,7022.75,6920.31,170779533.0,207011901440.0,1.47,7022.5,sh000905
2021-11-01 00:00:00,7005.07,7060.76,7087.29,6993.27,184142991.0,226533564416.0,1.34,7060.76,sh000905
2021-11-02 00:00:00,7061.0,6985.1,7093.61,6921.85,196114729.0,230633598976.0,2.43,6985.1,sh000905
2021-11-03 00:00:00,6975.06,7017.85,7034.09,6962.87,150814648.0,183530631168.0,1.02,7017.85,sh000905
2021-11-04 00:00:00,7031.95,7073.85,7073.85,7018.61,152652050.0,188533362688.0,0.79,7073.85,sh000905
2021-11-05 00:00:00,7071.08,6991.91,7073.85,6991.15,177241393.0,207299702784.0,1.17,6991.91,sh000905
2021-11-08 00:00:00,6986.5,7026.97,7034.14,6984.81,146360858.0,176810356736.0,0.71,7026.97,sh000905
2021-11-09 00:00:00,7037.57,7081.75,7087.02,7028.31,141696847.0,175620423680.0,0.84,7081.75,sh000905
2021-11-10 00:00:00,7061.64,7062.33,7072.15,6965.86,162138355.0,187121573888.0,1.5,7062.33,sh000905
2021-11-11 00:00:00,7048.86,7119.86,7121.92,7033.09,165400694.0,186637770752.0,1.26,7119.86,sh000905
2021-11-12 00:00:00,7118.99,7156.61,7165.11,7112.58,168513423.0,195249975296.0,0.74,7156.61,sh000905
2021-11-15 00:00:00,7166.04,7098.21,7176.77,7083.78,161148201.0,201939759104.0,1.3,7098.21,sh000905
2021-11-16 00:00:00,7083.92,7045.94,7121.74,7040.51,162370317.0,192032231424.0,1.14,7045.94,sh000905
2021-11-17 00:00:00,7043.63,7104.53,7106.05,7033.95,140347108.0,168875298816.0,1.02,7104.53,sh000905
2021-11-18 00:00:00,7108.78,7084.68,7130.29,7066.49,162714860.0,185152970752.0,0.9,7084.68,sh000905
2021-11-19 00:00:00,7083.01,7169.88,7174.25,7073.72,178185853.0,193601339392.0,1.42,7169.88,sh000905
2021-11-22 00:00:00,7177.4,7255.07,7259.53,7177.4,180522481.0,222986227712.0,1.15,7255.07,sh000905
2021-11-23 00:00:00,7245.95,7261.38,7292.92,7239.0,189595034.0,218299011072.0,0.74,7261.38,sh000905
2021-11-24 00:00:00,7260.22,7256.11,7278.4,7229.6,177674071.0,209537056768.0,0.67,7256.11,sh000905
2021-11-25 00:00:00,7262.79,7233.54,7262.79,7228.29,164068099.0,190327762944.0,0.48,7233.54,sh000905
2021-11-26 00:00:00,7216.64,7219.86,7249.2,7201.2,159423137.0,192093831168.0,0.66,7219.86,sh000905
2021-11-29 00:00:00,7129.94,7221.9,7226.34,7125.43,166941407.0,198551719936.0,1.4,7221.9,sh000905
2021-11-30 00:00:00,7252.33,7252.76,7281.13,7210.84,186336164.0,213217509376.0,0.97,7252.76,sh000905
2021-12-01 00:00:00,7239.13,7272.84,7272.94,7215.67,171806295.0,196111867904.0,0.79,7272.84,sh000905
2021-12-02 00:00:00,7256.42,7229.99,7279.95,7221.36,176555543.0,198627049472.0,0.81,7229.99,sh000905
2021-12-03 00:00:00,7233.57,7301.92,7310.27,7223.8,186222738.0,200791224320.0,1.2,7301.92,sh000905
2021-12-06 00:00:00,7308.99,7240.46,7330.47,7235.45,213069952.0,218322694144.0,1.3,7240.46,sh000905
2021-12-07 00:00:00,7274.13,7206.83,7284.64,7148.07,192243855.0,206136078336.0,1.89,7206.83,sh000905
2021-12-08 00:00:00,7225.0,7302.99,7302.99,7214.26,169280453.0,190279974912.0,1.23,7302.99,sh000905
2021-12-09 00:00:00,7298.8,7320.32,7331.58,7290.27,196087168.0,211492052992.0,0.57,7320.32,sh000905
2021-12-10 00:00:00,7285.97,7306.65,7317.27,7276.61,187230694.0,209397678080.0,0.56,7306.65,sh000905
2021-12-13 00:00:00,7334.11,7353.03,7371.31,7322.44,185363062.0,210741542912.0,0.67,7353.03,sh000905
2021-12-14 00:00:00,7330.24,7324.13,7349.88,7314.43,159583754.0,183555993600.0,0.48,7324.13,sh000905
2021-12-15 00:00:00,7319.66,7314.26,7352.38,7302.38,159923922.0,183859412992.0,0.68,7314.26,sh000905
2021-12-16 00:00:00,7323.41,7381.0,7381.0,7323.41,177690340.0,187008757760.0,0.79,7381.0,sh000905
2021-12-17 00:00:00,7380.72,7314.56,7384.02,7308.72,196265336.0,203439632384.0,1.02,7314.56,sh000905
2021-12-20 00:00:00,7290.95,7195.97,7313.48,7191.05,181727854.0,190350688256.0,1.67,7195.97,sh000905
2021-12-21 00:00:00,7190.97,7275.47,7285.72,7190.97,176216745.0,164258062336.0,1.32,7275.47,sh000905
2021-12-22 00:00:00,7289.91,7302.46,7318.61,7271.82,174117189.0,171088400384.0,0.64,7302.46,sh000905
2021-12-23 00:00:00,7306.16,7337.19,7350.0,7290.38,169131761.0,180467003392.0,0.82,7337.19,sh000905
2021-12-24 00:00:00,7336.0,7278.76,7339.94,7257.53,169418703.0,182681104384.0,1.12,7278.76,sh000905
2021-12-27 00:00:00,7269.37,7272.75,7323.88,7255.72,148618788.0,165585649664.0,0.94,7272.75,sh000905
2021-12-28 00:00:00,7281.0,7286.03,7290.54,7240.93,143262039.0,164782845952.0,0.68,7286.03,sh000905
2021-12-29 00:00:00,7275.67,7247.77,7290.86,7242.3,136209551.0,155743985664.0,0.67,7247.77,sh000905
2021-12-30 00:00:00,7246.03,7310.96,7324.5,7244.22,141651110.0,158448275456.0,1.11,7310.96,sh000905
2021-12-31 00:00:00,7320.94,7359.4,7368.13,7317.7,149909002.0,169456914432.0,0.69,7359.4,sh000905
2022-01-04 00:00:00,7387.81,7354.46,7392.1,7317.5,200810017.0,219175108608.0,1.01,7354.46,sh000905
2022-01-05 00:00:00,7343.9,7222.67,7346.26,7200.73,194002404.0,209809760256.0,1.98,7222.67,sh000905
2022-01-06 00:00:00,7187.95,7229.96,7242.77,7167.81,173335764.0,179907538944.0,1.04,7229.96,sh000905
2022-01-07 00:00:00,7232.41,7175.68,7262.81,7168.04,200018012.0,202498453504.0,1.31,7175.68,sh000905
2022-01-10 00:00:00,7161.44,7191.45,7193.92,7122.09,165748879.0,176717914112.0,1.0,7191.45,sh000905
2022-01-11 00:00:00,7187.02,7135.22,7206.92,7118.84,169494564.0,179645358080.0,1.22,7135.22,sh000905
2022-01-12 00:00:00,7160.18,7196.93,7196.93,7148.63,156051484.0,170334289920.0,0.68,7196.93,sh000905
2022-01-13 00:00:00,7203.24,7097.76,7203.24,7096.33,169148969.0,174599012352.0,1.49,7097.76,sh000905
2022-01-14 00:00:00,7063.42,7081.14,7125.09,7052.63,175591199.0,181513953280.0,1.02,7081.14,sh000905
2022-01-17 00:00:00,7080.62,7157.86,7169.34,7078.66,161779720.0,183490793472.0,1.28,7157.86,sh000905
2022-01-18 00:00:00,7163.13,7163.16,7191.0,7133.2,179235392.0,195000213504.0,0.81,7163.16,sh000905
2022-01-19 00:00:00,7144.48,7118.76,7182.06,7078.36,163178368.0,174675275776.0,1.45,7118.76,sh000905
2022-01-20 00:00:00,7119.51,7056.79,7135.78,7040.01,168666281.0,172753203200.0,1.35,7056.79,sh000905
2022-01-21 00:00:00,7037.94,6976.62,7040.43,6965.33,144679790.0,158204018688.0,1.06,6976.62,sh000905
2022-01-24 00:00:00,6942.92,6979.25,7006.7,6925.77,122679565.0,135920721920.0,1.16,6979.25,sh000905
2022-01-25 00:00:00,6960.0,6743.96,6979.48,6743.96,150337244.0,154265493504.0,3.37,6743.96,sh000905
2022-01-26 00:00:00,6762.35,6782.58,6799.81,6721.9,120615311.0,130234703872.0,1.16,6782.58,sh000905
2022-01-27 00:00:00,6781.61,6605.92,6785.73,6605.92,125243756.0,132244729856.0,2.65,6605.92,sh000905
2022-01-28 00:00:00,6690.18,6580.53,6690.18,6510.18,127088819.0,130258014208.0,2.72,6580.53,sh000905
2022-02-07 00:00:00,6664.57,6676.61,6702.33,6656.13,145092618.0,138641530880.0,0.7,6676.61,sh000905
2022-02-08 00:00:00,6678.99,6742.19,6742.4,6599.37,159598574.0,145458655232.0,2.14,6742.19,sh000905
2022-02-09 00:00:00,6736.75,6843.03,6848.69,6725.8,162822720.0,155362516992.0,1.82,6843.03,sh000905
2022-02-10 00:00:00,6841.16,6840.49,6864.69,6797.01,154916564.0,147064848384.0,0.99,6840.49,sh000905
2022-02-11 00:00:00,6811.78,6745.02,6840.72,6735.89,159801354.0,156700184576.0,1.53,6745.02,sh000905
2022-02-14 00:00:00,6711.59,6695.7,6765.52,6667.49,137082460.0,132192014336.0,1.45,6695.7,sh000905
2022-02-15 00:00:00,6700.82,6760.28,6762.86,6686.95,112805760.0,121268404224.0,1.13,6760.28,sh000905
2022-02-16 00:00:00,6779.21,6772.03,6788.36,6751.8,108414003.0,114685136896.0,0.54,6772.03,sh000905
2022-02-17 00:00:00,6764.33,6768.79,6797.62,6730.18,122985088.0,130706759680.0,1.0,6768.79,sh000905
2022-02-18 00:00:00,6734.52,6835.02,6835.2,6727.82,139952637.0,134406668288.0,1.59,6835.02,sh000905
2022-02-21 00:00:00,6843.08,6867.11,6871.99,6822.88,145146314.0,150072397824.0,0.72,6867.11,sh000905
2022-02-22 00:00:00,6827.05,6784.76,6827.05,6743.85,148609915.0,152906260480.0,1.21,6784.76,sh000905
2022-02-23 00:00:00,6785.1,6887.42,6889.7,6785.1,144116621.0,159413006336.0,1.54,6887.42,sh000905
2022-02-24 00:00:00,6861.41,6764.88,6898.41,6688.75,210849756.0,218057097216.0,3.04,6764.88,sh000905
2022-02-25 00:00:00,6805.64,6819.43,6895.04,6801.33,156429138.0,164105580544.0,1.39,6819.43,sh000905
2022-02-28 00:00:00,6831.49,6853.31,6853.34,6770.05,139601388.0,148585345024.0,1.22,6853.31,sh000905
2022-03-01 00:00:00,6868.62,6874.04,6889.33,6837.25,137717217.0,147535306752.0,0.76,6874.04,sh000905
2022-03-02 00:00:00,6853.07,6875.24,6878.35,6828.06,137114977.0,140871323648.0,0.73,6875.24,sh000905
2022-03-03 00:00:00,6900.98,6859.55,6907.41,6843.99,189091781.0,173516746752.0,0.92,6859.55,sh000905
2022-03-04 00:00:00,6823.83,6803.83,6871.09,6779.41,177411881.0,165852585984.0,1.34,6803.83,sh000905
2022-03-07 00:00:00,6800.77,6659.39,6800.82,6628.48,166484595.0,164636762112.0,2.53,6659.39,sh000905
2022-03-08 00:00:00,6650.58,6429.89,6665.95,6416.8,186296079.0,184444203008.0,3.74,6429.89,sh000905
2022-03-09 00:00:00,6443.2,6305.61,6462.48,6066.76,197802739.0,188335591424.0,6.15,6305.61,sh000905
2022-03-10 00:00:00,6424.91,6414.94,6475.14,6390.73,153152356.0,158971826176.0,1.34,6414.94,sh000905
2022-03-11 00:00:00,6343.19,6474.13,6479.72,6270.02,152114504.0,158771249152.0,3.27,6474.13,sh000905
2022-03-14 00:00:00,6419.24,6323.58,6490.61,6323.58,137954004.0,153706455040.0,2.58,6323.58,sh000905
2022-03-15 00:00:00,6272.44,5964.98,6278.07,5964.98,194713746.0,184102449152.0,4.95,5964.98,sh000905
2022-03-16 00:00:00,6068.9,6156.27,6173.79,5824.33,178826847.0,178613444608.0,5.86,6156.27,sh000905
2022-03-17 00:00:00,6233.64,6267.52,6369.89,6225.98,170438541.0,184845066240.0,2.34,6267.52,sh000905
2022-03-18 00:00:00,6249.48,6332.22,6338.22,6231.73,152620214.0,153302421504.0,1.7,6332.22,sh000905
2022-03-21 00:00:00,6340.56,6358.94,6389.21,6284.85,159653724.0,161774096384.0,1.65,6358.94,sh000905
2022-03-22 00:00:00,6343.4,6358.11,6404.83,6313.27,151107873.0,145705385984.0,1.44,6358.11,sh000905
2022-03-23 00:00:00,6368.31,6398.1,6420.16,6353.34,143179359.0,141684924416.0,1.05,6398.1,sh000905
2022-03-24 00:00:00,6370.97,6344.12,6384.4,6315.14,137749087.0,139175993344.0,1.08,6344.12,sh000905
2022-03-25 00:00:00,6346.71,6268.24,6373.47,6268.24,134972257.0,135181836288.0,1.66,6268.24,sh000905
2022-03-28 00:00:00,6230.12,6283.28,6322.13,6176.25,144857887.0,136991735808.0,2.33,6283.28,sh000905
2022-03-29 00:00:00,6289.48,6253.07,6316.31,6233.28,141362125.0,140401393664.0,1.32,6253.07,sh000905
2022-03-30 00:00:00,6272.0,6377.87,6377.87,6261.8,164014574.0,155600797696.0,1.86,6377.87,sh000905
2022-03-31 00:00:00,6361.1,6324.96,6383.07,6313.97,176903949.0,167072821248.0,1.08,6324.96,sh000905
2022-04-01 00:00:00,6289.39,6364.52,6373.26,6274.0,175128596.0,154551713792.0,1.57,6364.52,sh000905
2022-04-06 00:00:00,6363.0,6356.93,6363.0,6279.07,196853583.0,169525010432.0,1.32,6356.93,sh000905
2022-04-07 00:00:00,6321.81,6221.59,6364.63,6221.59,190762191.0,163735810048.0,2.25,6221.59,sh000905
2022-04-08 00:00:00,6227.2,6224.12,6237.91,6117.01,183954893.0,159245295616.0,1.94,6224.12,sh000905
2022-04-11 00:00:00,6202.02,6029.89,6202.02,6001.57,178384812.0,162201440256.0,3.22,6029.89,sh000905
2022-04-12 00:00:00,6019.67,6126.91,6135.57,5964.39,173180188.0,151432384512.0,2.84,6126.91,sh000905
2022-04-13 00:00:00,6094.68,6044.33,6129.66,6039.92,167043059.0,147270111232.0,1.46,6044.33,sh000905
2022-04-14 00:00:00,6074.13,6126.49,6156.5,6060.68,159033106.0,147089465344.0,1.59,6126.49,sh000905
2022-04-15 00:00:00,6094.12,6070.75,6122.29,6048.16,184627000.0,162170122240.0,1.21,6070.75,sh000905
2022-04-18 00:00:00,6019.53,6074.01,6094.67,5975.45,149186381.0,131553628160.0,1.96,6074.01,sh000905
2022-04-19 00:00:00,6067.48,6092.4,6106.93,6052.1,141997535.0,129227431936.0,0.9,6092.4,sh000905
2022-04-20 00:00:00,6082.81,5956.92,6093.78,5942.0,151055603.0,134720864256.0,2.49,5956.92,sh000905
2022-04-21 00:00:00,5933.79,5759.8,5971.19,5742.42,157854505.0,135625764864.0,3.84,5759.8,sh000905
2022-04-22 00:00:00,5728.19,5740.98,5794.34,5667.34,139997599.0,120243691520.0,2.2,5740.98,sh000905
2022-04-25 00:00:00,5656.39,5369.72,5656.39,5369.72,186753480.0,150663974912.0,4.99,5369.72,sh000905
2022-04-26 00:00:00,5374.25,5234.01,5434.7,5225.21,171299433.0,139143827456.0,3.9,5234.01,sh000905
2022-04-27 00:00:00,5179.03,5437.04,5440.07,5158.48,179693384.0,148165595136.0,5.38,5437.04,sh000905
2022-04-28 00:00:00,5398.9,5418.76,5472.82,5339.61,155039772.0,133023981568.0,2.45,5418.76,sh000905
2022-04-29 00:00:00,5458.91,5627.9,5630.93,5443.67,181289513.0,157723205632.0,3.46,5627.9,sh000905
2022-05-05 00:00:00,5612.5,5686.7,5728.62,5606.94,168643208.0,153614016512.0,2.16,5686.7,sh000905
2022-05-06 00:00:00,5560.98,5563.77,5629.65,5542.18,152993341.0,128084918272.0,1.54,5563.77,sh000905
2022-05-09 00:00:00,5552.48,5608.52,5626.59,5537.98,131553930.0,114555068416.0,1.59,5608.52,sh000905
2022-05-10 00:00:00,5532.6,5690.09,5698.51,5519.47,165329613.0,141136838656.0,3.19,5690.09,sh000905
2022-05-11 00:00:00,5697.43,5737.82,5856.19,5696.7,185163628.0,172855136256.0,2.8,5737.82,sh000905
2022-05-12 00:00:00,5707.56,5743.1,5779.32,5687.18,139216169.0,125952897024.0,1.61,5743.1,sh000905
2022-05-13 00:00:00,5765.32,5796.8,5796.8,5731.86,136559775.0,116785287168.0,1.13,5796.8,sh000905
2022-05-16 00:00:00,5840.24,5791.08,5855.72,5767.54,151387274.0,132450885632.0,1.52,5791.08,sh000905
2022-05-17 00:00:00,5789.92,5816.34,5816.34,5724.44,130829391.0,119260446720.0,1.59,5816.34,sh000905
2022-05-18 00:00:00,5815.61,5797.49,5846.84,5785.45,127243845.0,114319974400.0,1.06,5797.49,sh000905
2022-05-19 00:00:00,5708.8,5838.41,5838.41,5700.11,136623739.0,122730053632.0,2.39,5838.41,sh000905
2022-05-20 00:00:00,5854.01,5929.49,5929.54,5849.76,165727329.0,151890808832.0,1.37,5929.49,sh000905
2022-05-23 00:00:00,5941.14,5965.73,5968.85,5908.66,153876017.0,143376162816.0,1.02,5965.73,sh000905
2022-05-24 00:00:00,5962.15,5745.68,5967.23,5745.68,177540833.0,161859190784.0,3.71,5745.68,sh000905
2022-05-25 00:00:00,5741.23,5844.25,5844.28,5736.14,143590636.0,126687498240.0,1.88,5844.25,sh000905
2022-05-26 00:00:00,5848.03,5911.56,5928.71,5780.97,162350362.0,142667051008.0,2.53,5911.56,sh000905
2022-05-27 00:00:00,5921.33,5899.92,5952.62,5854.61,143406863.0,128502607872.0,1.66,5899.92,sh000905
2022-05-30 00:00:00,5918.24,5942.83,5943.0,5867.19,133852646.0,124183592960.0,1.28,5942.83,sh000905
2022-05-31 00:00:00,5940.37,6026.24,6033.47,5902.28,155944919.0,147825250304.0,2.21,6026.24,sh000905
2022-06-01 00:00:00,6008.75,6023.64,6042.37,5970.49,155365773.0,143127244800.0,1.19,6023.64,sh000905
2022-06-02 00:00:00,6000.62,6078.43,6084.32,5987.64,159571676.0,150036299776.0,1.61,6078.43,sh000905
2022-06-06 00:00:00,6079.89,6187.44,6194.43,6070.71,182679964.0,180119371776.0,2.04,6187.44,sh000905
2022-06-07 00:00:00,6186.58,6186.57,6199.72,6136.04,177311718.0,169115475968.0,1.03,6186.57,sh000905
2022-06-08 00:00:00,6184.96,6217.83,6227.33,6110.06,186428864.0,176670593024.0,1.9,6217.83,sh000905
2022-06-09 00:00:00,6207.73,6130.69,6209.11,6088.46,172129774.0,160399015936.0,1.94,6130.69,sh000905
2022-06-10 00:00:00,6083.5,6240.1,6250.36,6078.78,192541340.0,178686545920.0,2.8,6240.1,sh000905
2022-06-13 00:00:00,6188.77,6233.62,6250.68,6172.91,188132398.0,197652385792.0,1.25,6233.62,sh000905
2022-06-14 00:00:00,6161.62,6275.57,6278.97,6061.19,197403164.0,196166209536.0,3.49,6275.57,sh000905
2022-06-15 00:00:00,6275.37,6261.06,6398.36,6261.04,238140764.0,231704739840.0,2.19,6261.06,sh000905
2022-06-16 00:00:00,6262.29,6264.82,6330.35,6242.33,194615084.0,200890494976.0,1.41,6264.82,sh000905
2022-06-17 00:00:00,6220.58,6316.31,6328.36,6181.85,167859128.0,188555333632.0,2.34,6316.31,sh000905
2022-06-20 00:00:00,6323.41,6330.39,6359.0,6277.22,175207145.0,202463105024.0,1.29,6330.39,sh000905
2022-06-21 00:00:00,6324.84,6277.0,6337.08,6215.29,164461629.0,178813382656.0,1.92,6277.0,sh000905
2022-06-22 00:00:00,6281.87,6179.57,6285.65,6176.85,154094318.0,164240855040.0,1.73,6179.57,sh000905
2022-06-23 00:00:00,6186.99,6300.47,6300.47,6142.94,168266043.0,179525607424.0,2.55,6300.47,sh000905
2022-06-24 00:00:00,6306.83,6368.28,6378.5,6304.08,157712704.0,181995577344.0,1.18,6368.28,sh000905
2022-06-27 00:00:00,6398.36,6407.74,6449.34,6390.28,168918190.0,201652932608.0,0.93,6407.74,sh000905
2022-06-28 00:00:00,6412.44,6501.35,6506.67,6392.11,170582712.0,196479373312.0,1.79,6501.35,sh000905
2022-06-29 00:00:00,6479.17,6374.3,6501.39,6370.02,190728307.0,215976296448.0,2.02,6374.3,sh000905
2022-06-30 00:00:00,6385.21,6454.08,6493.09,6385.21,163846776.0,193598971904.0,1.69,6454.08,sh000905
2022-07-01 00:00:00,6450.75,6438.54,6481.15,6423.86,144204644.0,172657741824.0,0.89,6438.54,sh000905
2022-07-04 00:00:00,6445.07,6523.13,6524.3,6405.38,157819968.0,193784451072.0,1.85,6523.13,sh000905
2022-07-05 00:00:00,6535.45,6511.53,6548.3,6435.74,186625469.0,206724927488.0,1.73,6511.53,sh000905
2022-07-06 00:00:00,6489.02,6418.55,6496.97,6359.47,177104502.0,188283101184.0,2.11,6418.55,sh000905
2022-07-07 00:00:00,6414.41,6452.99,6482.42,6380.17,157351122.0,176906223616.0,1.59,6452.99,sh000905
2022-07-08 00:00:00,6478.29,6404.44,6490.15,6404.16,150986698.0,171162738688.0,1.33,6404.44,sh000905
2022-07-11 00:00:00,6387.45,6319.14,6387.45,6274.74,151993667.0,169420488704.0,1.76,6319.14,sh000905
2022-07-12 00:00:00,6317.88,6241.48,6346.51,6238.56,144513092.0,162745221371.3,1.71,6241.48,sh000905
2022-07-13 00:00:00,6238.68,6268.49,6287.64,6207.72,142710723.0,148941203951.1,1.28,6268.49,sh000905
2022-07-14 00:00:00,6267.47,6302.43,6339.42,6254.68,140354050.0,156034965327.2,1.35,6302.43,sh000905
2022-07-15 00:00:00,6279.68,6196.8,6323.53,6196.8,158386828.0,169165272836.9,2.01,6196.8,sh000905
2022-07-18 00:00:00,6216.1,6312.36,6315.66,6200.52,159144624.0,163899480504.9,1.86,6312.36,sh000905
2022-07-19 00:00:00,6318.84,6335.71,6347.24,6283.4,146384780.0,163012682490.6,1.01,6335.71,sh000905
2022-07-20 00:00:00,6353.0,6410.71,6416.87,6351.82,142932573.0,157782312749.0,1.03,6410.71,sh000905
2022-07-21 00:00:00,6400.07,6347.6,6408.46,6347.6,148210184.0,163172754178.8,0.95,6347.6,sh000905
2022-07-22 00:00:00,6353.92,6289.53,6371.32,6236.34,130620669.0,143788393867.5,2.13,6289.53,sh000905
2022-07-25 00:00:00,6297.1,6231.24,6319.18,6213.47,129458029.0,139714096679.5,1.68,6231.24,sh000905
2022-07-26 00:00:00,6239.21,6307.96,6319.25,6213.84,117276541.0,129165891647.9,1.69,6307.96,sh000905
2022-07-27 00:00:00,6301.61,6332.23,6344.21,6286.35,120435127.0,133249678638.3,0.92,6332.23,sh000905
2022-07-28 00:00:00,6361.27,6348.17,6393.73,6339.55,138473429.0,152662265342.6,0.86,6348.17,sh000905
2022-07-29 00:00:00,6356.52,6294.11,6365.26,6285.72,137925792.0,152961332812.8,1.25,6294.11,sh000905
2022-08-01 00:00:00,6293.38,6347.22,6350.04,6253.06,128679012.0,151348904696.9,1.54,6347.22,sh000905
2022-08-02 00:00:00,6288.61,6170.0,6288.61,6095.06,182902539.0,192873382570.5,3.05,6170.0,sh000905
2022-08-03 00:00:00,6171.62,6124.31,6261.91,6111.22,147213409.0,175544841793.6,2.44,6124.31,sh000905
2022-08-04 00:00:00,6160.49,6158.73,6177.62,6080.1,113646381.0,137805652801.6,1.59,6158.73,sh000905
2022-08-05 00:00:00,6175.48,6270.51,6274.27,6163.51,124284448.0,150450721916.0,1.8,6270.51,sh000905
2022-08-08 00:00:00,6266.57,6323.07,6324.34,6249.62,116132934.0,149909676464.1,1.19,6323.07,sh000905
2022-08-09 00:00:00,6314.1,6341.48,6344.84,6290.87,116966653.0,148682025631.8,0.85,6341.48,sh000905
2022-08-10 00:00:00,6331.41,6322.06,6362.29,6298.86,118899928.0,153411737859.6,1.0,6322.06,sh000905
2022-08-11 00:00:00,6349.5,6439.36,6439.36,6341.72,142038284.0,168399100707.5,1.54,6439.36,sh000905
2022-08-12 00:00:00,6425.11,6420.85,6463.07,6416.29,140399917.0,158383471763.4,0.73,6420.85,sh000905
2022-08-15 00:00:00,6405.72,6442.81,6462.54,6394.22,133627482.0,151481917268.3,1.06,6442.81,sh000905
2022-08-16 00:00:00,6446.76,6465.19,6492.54,6440.38,135841495.0,150950901281.8,0.81,6465.19,sh000905
2022-08-17 00:00:00,6473.25,6493.5,6501.36,6428.97,146220319.0,165336992378.1,1.12,6493.5,sh000905
2022-08-18 00:00:00,6481.37,6468.81,6483.69,6448.75,130451759.0,151581053114.9,0.54,6468.81,sh000905
2022-08-19 00:00:00,6468.82,6391.72,6477.31,6390.93,142590851.0,161777617603.6,1.34,6391.72,sh000905
2022-08-22 00:00:00,6381.34,6472.68,6472.79,6363.22,133735500.0,155429477947.4,1.71,6472.68,sh000905
2022-08-23 00:00:00,6460.17,6466.4,6475.82,6436.08,133676377.0,152812386392.9,0.61,6466.4,sh000905
2022-08-24 00:00:00,6470.69,6284.58,6472.68,6277.99,158103872.0,171922926765.6,3.01,6284.58,sh000905
2022-08-25 00:00:00,6303.14,6322.7,6327.09,6225.68,141946367.0,152348524289.3,1.61,6322.7,sh000905
2022-08-26 00:00:00,6331.08,6298.37,6381.48,6286.52,130405837.0,145604215469.3,1.5,6298.37,sh000905
2022-08-29 00:00:00,6213.4,6310.4,6310.99,6205.13,125268849.0,132966408290.4,1.68,6310.4,sh000905
2022-08-30 00:00:00,6309.58,6285.93,6319.17,6248.14,132109200.0,136583215311.8,1.13,6285.93,sh000905
2022-08-31 00:00:00,6265.59,6155.75,6280.19,6132.23,147275408.0,153776542736.6,2.35,6155.75,sh000905
2022-09-01 00:00:00,6153.29,6126.77,6207.24,6118.58,118575054.0,124670857677.4,1.44,6126.77,sh000905
2022-09-02 00:00:00,6135.3,6149.43,6176.17,6117.73,106564384.0,114216217368.2,0.95,6149.43,sh000905
2022-09-05 00:00:00,6147.71,6182.65,6184.8,6122.62,117479244.0,119757999919.0,1.01,6182.65,sh000905
2022-09-06 00:00:00,6198.49,6291.57,6292.53,6187.95,129846040.0,135891977558.3,1.69,6291.57,sh000905
2022-09-07 00:00:00,6269.99,6301.56,6314.12,6256.61,120160292.0,130718396246.6,0.91,6301.56,sh000905
2022-09-08 00:00:00,6299.91,6272.58,6309.9,6266.52,116164269.0,120970235492.1,0.69,6272.58,sh000905
2022-09-09 00:00:00,6275.9,6316.97,6321.82,6254.26,121389228.0,124658337639.2,1.08,6316.97,sh000905
2022-09-13 00:00:00,6334.86,6300.42,6343.77,6291.44,118106314.0,123861798297.2,0.83,6300.42,sh000905
2022-09-14 00:00:00,6214.91,6249.96,6273.63,6206.92,109121160.0,114644793268.9,1.06,6249.96,sh000905
2022-09-15 00:00:00,6280.45,6107.8,6282.69,6053.8,141643500.0,148202355024.8,3.66,6107.8,sh000905
2022-09-16 00:00:00,6091.42,5954.5,6102.54,5954.5,137172115.0,131508079987.8,2.42,5954.5,sh000905
2022-09-19 00:00:00,5947.86,5913.15,5967.65,5880.49,104025412.0,104609796776.0,1.46,5913.15,sh000905
2022-09-20 00:00:00,5949.34,5958.29,6002.79,5940.58,88813000.0,96795084956.1,1.05,5958.29,sh000905
2022-09-21 00:00:00,5943.09,5978.58,5998.7,5876.52,103463644.0,100001264102.8,2.05,5978.58,sh000905
2022-09-22 00:00:00,5938.1,5965.89,6015.12,5931.73,99867602.0,102285806654.7,1.39,5965.89,sh000905
2022-09-23 00:00:00,5961.06,5889.6,5986.82,5839.93,100609437.0,104706616405.3,2.46,5889.6,sh000905
2022-09-26 00:00:00,5841.58,5806.32,5922.32,5798.28,103244360.0,102568347040.7,2.11,5806.32,sh000905
2022-09-27 00:00:00,5823.55,5920.05,5920.05,5808.25,97418022.0,103953587047.6,1.93,5920.05,sh000905
2022-09-28 00:00:00,5910.05,5769.52,5910.05,5769.52,93694853.0,99052683111.1,2.37,5769.52,sh000905
2022-09-29 00:00:00,5823.27,5771.88,5856.16,5741.02,95385798.0,97557854862.3,2.0,5771.88,sh000905
2022-09-30 00:00:00,5764.15,5714.06,5804.2,5714.06,85545168.0,87143078864.7,1.56,5714.06,sh000905
2022-10-10 00:00:00,5729.75,5635.71,5758.04,5618.8,97469345.0,97320936443.0,2.44,5635.71,sh000905
2022-10-11 00:00:00,5642.48,5684.51,5703.27,5606.99,86571469.0,88733098158.6,1.71,5684.51,sh000905
2022-10-12 00:00:00,5680.36,5820.45,5820.45,5594.3,106101757.0,110816368258.8,3.98,5820.45,sh000905
2022-10-13 00:00:00,5789.66,5830.34,5876.48,5780.18,105722268.0,114922152769.8,1.65,5830.34,sh000905
2022-10-14 00:00:00,5866.86,5973.44,5996.04,5866.86,118212245.0,138463009285.8,2.22,5973.44,sh000905
2022-10-17 00:00:00,5952.38,6015.6,6023.53,5945.43,111461869.0,127160232940.9,1.31,6015.6,sh000905
2022-10-18 00:00:00,6031.05,6035.67,6074.37,5996.39,105750195.0,127130541930.8,1.3,6035.67,sh000905
2022-10-19 00:00:00,6021.8,5972.72,6037.44,5970.44,93881065.0,112290658653.1,1.11,5972.72,sh000905
2022-10-20 00:00:00,5943.48,5948.86,6035.55,5886.4,103388245.0,121766931023.7,2.5,5948.86,sh000905
2022-10-21 00:00:00,5959.21,5956.88,5993.88,5928.92,96826295.0,112261082744.7,1.09,5956.88,sh000905
2022-10-24 00:00:00,5968.54,5896.9,6061.21,5857.86,119501081.0,137328967809.0,3.41,5896.9,sh000905
2022-10-25 00:00:00,5864.02,5869.78,5926.57,5785.41,107045854.0,123655965044.2,2.39,5869.78,sh000905
2022-10-26 00:00:00,5871.08,5971.6,6016.92,5871.08,116530079.0,143742557269.8,2.48,5971.6,sh000905
2022-10-27 00:00:00,5978.28,5963.0,6020.89,5962.97,117088219.0,147969762402.1,0.97,5963.0,sh000905
2022-10-28 00:00:00,5922.82,5781.8,5934.8,5760.05,131676332.0,147373418224.4,2.93,5781.8,sh000905
2022-10-31 00:00:00,5745.08,5807.11,5859.6,5743.56,127016064.0,150059218566.0,2.01,5807.11,sh000905
2022-11-01 00:00:00,5814.21,5941.15,5942.14,5786.87,136616776.0,165176134816.8,2.67,5941.15,sh000905
2022-11-02 00:00:00,5925.65,5997.8,6028.77,5916.06,142330286.0,183166205234.3,1.9,5997.8,sh000905
2022-11-03 00:00:00,5944.51,5996.72,6018.42,5937.61,106386906.0,145162731659.8,1.35,5996.72,sh000905
2022-11-04 00:00:00,5996.31,6133.46,6157.43,5996.31,138707111.0,174457116038.9,2.69,6133.46,sh000905
2022-11-07 00:00:00,6133.24,6141.41,6166.19,6100.61,138092409.0,167294752766.8,1.07,6141.41,sh000905
2022-11-08 00:00:00,6139.89,6134.26,6141.02,6095.44,108267531.0,134372666241.4,0.74,6134.26,sh000905
2022-11-09 00:00:00,6140.54,6120.83,6182.34,6118.73,104762250.0,127037472145.0,1.04,6120.83,sh000905
2022-11-10 00:00:00,6085.28,6089.7,6119.03,6061.81,116401928.0,129142711483.4,0.93,6089.7,sh000905
2022-11-11 00:00:00,6223.23,6138.62,6249.35,6134.68,176492121.0,198177118398.1,1.88,6138.62,sh000905
2022-11-14 00:00:00,6140.19,6129.51,6189.38,6104.93,159486725.0,174064714506.7,1.38,6129.51,sh000905
2022-11-15 00:00:00,6125.11,6236.38,6236.38,6112.62,149860965.0,171481798607.2,2.02,6236.38,sh000905
2022-11-16 00:00:00,6238.58,6203.92,6263.16,6190.01,129770376.0,151854939979.7,1.17,6203.92,sh000905
2022-11-17 00:00:00,6182.69,6217.21,6217.21,6148.61,123430196.0,152683752658.2,1.11,6217.21,sh000905
2022-11-18 00:00:00,6213.09,6191.65,6251.11,6181.55,131181093.0,164591218427.4,1.12,6191.65,sh000905
2022-11-21 00:00:00,6147.72,6189.71,6196.65,6116.3,112854387.0,141789496020.9,1.3,6189.71,sh000905
2022-11-22 00:00:00,6178.16,6125.4,6196.2,6100.11,116086024.0,137587008255.8,1.55,6125.4,sh000905
2022-11-23 00:00:00,6114.27,6115.6,6140.11,6045.02,115193517.0,128686794201.7,1.55,6115.6,sh000905
2022-11-24 00:00:00,6126.6,6120.07,6149.96,6099.75,100200699.0,117480438950.3,0.82,6120.07,sh000905
2022-11-25 00:00:00,6095.13,6087.86,6107.07,6062.0,107742345.0,110059809752.5,0.74,6087.86,sh000905
2022-11-28 00:00:00,5999.85,6055.28,6059.02,5970.09,117940107.0,125697913892.5,1.46,6055.28,sh000905
2022-11-29 00:00:00,6071.45,6163.82,6173.85,6071.22,155324471.0,159512108828.4,1.69,6163.82,sh000905
2022-11-30 00:00:00,6156.77,6156.15,6175.68,6118.9,154647972.0,153125576728.1,0.92,6156.15,sh000905
2022-12-01 00:00:00,6211.29,6186.1,6229.83,6186.1,152523325.0,171479199866.6,0.71,6186.1,sh000905
2022-12-02 00:00:00,6177.92,6168.01,6206.99,6154.21,115500975.0,133339764575.1,0.85,6168.01,sh000905
2022-12-05 00:00:00,6201.98,6215.12,6227.21,6182.98,170477211.0,177698737275.3,0.72,6215.12,sh000905
2022-12-06 00:00:00,6202.52,6211.25,6244.64,6185.49,149372815.0,164215807003.7,0.95,6211.25,sh000905
2022-12-07 00:00:00,6198.05,6204.01,6243.9,6183.33,137821246.0,155238837726.6,0.98,6204.01,sh000905
2022-12-08 00:00:00,6199.16,6186.28,6206.14,6168.78,131051325.0,149348401389.7,0.6,6186.28,sh000905
2022-12-09 00:00:00,6185.79,6192.3,6213.52,6159.5,167806825.0,180239306547.1,0.87,6192.3,sh000905
2022-12-12 00:00:00,6181.24,6154.81,6182.08,6146.25,134098310.0,162420257195.9,0.58,6154.81,sh000905
2022-12-13 00:00:00,6153.74,6121.66,6154.3,6113.41,104857515.0,131515610802.4,0.66,6121.66,sh000905
2022-12-14 00:00:00,6122.43,6096.39,6139.74,6084.08,95089916.0,125346101098.7,0.91,6096.39,sh000905
2022-12-15 00:00:00,6090.12,6101.88,6108.96,6078.0,88190454.0,113088367630.4,0.51,6101.88,sh000905
2022-12-16 00:00:00,6071.96,6072.86,6087.46,6036.05,93910672.0,113412125964.0,0.84,6072.86,sh000905
2022-12-19 00:00:00,6058.89,5936.48,6081.44,5911.88,105106201.0,121083184766.5,2.79,5936.48,sh000905
2022-12-20 00:00:00,5919.03,5878.03,5920.99,5857.86,78623273.0,96369670928.2,1.06,5878.03,sh000905
2022-12-21 00:00:00,5879.27,5845.84,5892.91,5819.67,69783431.0,85257777709.1,1.25,5845.84,sh000905
2022-12-22 00:00:00,5867.72,5779.06,5875.47,5761.98,82231873.0,97446795232.4,1.94,5779.06,sh000905
2022-12-23 00:00:00,5751.95,5763.35,5805.51,5732.47,66556865.0,81911192697.9,1.26,5763.35,sh000905
2022-12-26 00:00:00,5769.07,5843.26,5850.91,5769.07,75424133.0,93646097254.9,1.42,5843.26,sh000905
2022-12-27 00:00:00,5857.75,5885.66,5891.35,5832.27,81780423.0,101272091294.0,1.01,5885.66,sh000905
2022-12-28 00:00:00,5869.46,5862.1,5889.32,5848.24,90098898.0,102679233203.2,0.7,5862.1,sh000905
2022-12-29 00:00:00,5843.94,5857.4,5895.98,5835.33,79510794.0,94429698666.4,1.03,5857.4,sh000905
2022-12-30 00:00:00,5875.28,5864.47,5885.89,5848.95,75345032.0,86117939625.6,0.63,5864.47,sh000905
2023-01-03 00:00:00,5861.55,5955.9,5964.82,5848.15,99557837.0,119271237764.2,1.99,5955.9,sh000905
2023-01-04 00:00:00,5952.51,5952.45,5970.58,5922.86,97160441.0,114358731440.4,0.8,5952.45,sh000905
2023-01-05 00:00:00,5959.44,6010.46,6017.34,5950.09,96629979.0,117479981150.9,1.13,6010.46,sh000905
2023-01-06 00:00:00,6004.17,6012.82,6050.89,5998.83,99244877.0,121596399779.3,0.87,6012.82,sh000905
2023-01-09 00:00:00,6028.4,6040.02,6070.16,6023.64,100696829.0,124921325580.9,0.77,6040.02,sh000905
2023-01-10 00:00:00,6044.64,6048.3,6053.58,6017.15,96393351.0,113967056402.2,0.6,6048.3,sh000905
2023-01-11 00:00:00,6049.04,6014.16,6070.45,6004.22,94406389.0,112879598037.5,1.1,6014.16,sh000905
2023-01-12 00:00:00,6022.56,6015.29,6048.19,5995.91,92900124.0,104902996993.9,0.87,6015.29,sh000905
2023-01-13 00:00:00,6030.93,6057.69,6058.22,6015.22,90025020.0,102449872563.5,0.71,6057.69,sh000905
2023-01-16 00:00:00,6068.91,6126.18,6168.74,6068.14,129619730.0,146526749755.3,1.66,6126.18,sh000905
2023-01-17 00:00:00,6129.73,6132.64,6138.17,6107.76,95921699.0,109180206701.1,0.5,6132.64,sh000905
2023-01-18 00:00:00,6139.69,6151.46,6168.37,6136.97,94555836.0,103052545401.6,0.51,6151.46,sh000905
2023-01-19 00:00:00,6145.62,6204.33,6204.33,6130.42,99777793.0,114472416014.4,1.2,6204.33,sh000905
2023-01-20 00:00:00,6214.03,6251.43,6253.27,6214.03,113904542.0,128362190660.4,0.63,6251.43,sh000905
2023-01-30 00:00:00,6331.88,6283.33,6342.45,6279.45,146517920.0,173697713880.0,1.01,6283.33,sh000905
2023-01-31 00:00:00,6266.3,6289.15,6303.91,6259.53,135302093.0,146630404005.4,0.71,6289.15,sh000905
2023-02-01 00:00:00,6300.5,6365.91,6368.79,6293.49,152442220.0,166449081743.9,1.2,6365.91,sh000905
2023-02-02 00:00:00,6383.3,6370.14,6402.26,6347.73,149292811.0,166213113911.5,0.86,6370.14,sh000905
2023-02-03 00:00:00,6354.71,6343.69,6354.71,6267.44,121507182.0,138714379584.2,1.37,6343.69,sh000905
2023-02-06 00:00:00,6314.6,6302.33,6330.79,6274.54,108485308.0,127652063425.2,0.89,6302.33,sh000905
2023-02-07 00:00:00,6309.22,6317.24,6318.84,6273.6,109662683.0,125078065034.8,0.72,6317.24,sh000905
2023-02-08 00:00:00,6319.52,6268.28,6323.85,6263.76,105994895.0,116986269907.4,0.95,6268.28,sh000905
2023-02-09 00:00:00,6256.31,6354.56,6354.8,6250.45,109031119.0,129044254163.8,1.66,6354.56,sh000905
2023-02-10 00:00:00,6349.0,6334.25,6368.49,6296.55,120100829.0,134994907399.5,1.13,6334.25,sh000905
2023-02-13 00:00:00,6333.22,6383.83,6386.72,6331.37,131566227.0,151374560994.8,0.87,6383.83,sh000905
2023-02-14 00:00:00,6394.62,6397.21,6408.55,6369.57,124674389.0,143967118961.2,0.61,6397.21,sh000905
2023-02-15 00:00:00,6398.87,6384.35,6407.75,6365.31,115907022.0,143472324421.4,0.66,6384.35,sh000905
2023-02-16 00:00:00,6384.21,6289.48,6429.05,6244.48,168388416.0,190791364474.4,2.89,6289.48,sh000905
2023-02-17 00:00:00,6284.92,6237.41,6308.57,6237.41,117210985.0,143422448167.7,1.13,6237.41,sh000905
2023-02-20 00:00:00,6248.26,6346.07,6349.41,6227.35,140334075.0,157289265128.8,1.96,6346.07,sh000905
2023-02-21 00:00:00,6349.91,6383.42,6396.74,6337.6,141824714.0,153705795821.1,0.93,6383.42,sh000905
2023-02-22 00:00:00,6352.03,6375.07,6397.15,6344.99,109083029.0,128341320025.0,0.82,6375.07,sh000905
2023-02-23 00:00:00,6377.29,6360.32,6396.66,6328.64,116064654.0,135992246881.1,1.07,6360.32,sh000905
2023-02-24 00:00:00,6367.63,6340.84,6372.49,6308.22,96957281.0,119877925583.4,1.01,6340.84,sh000905
2023-02-27 00:00:00,6318.64,6307.21,6349.09,6288.3,101082738.0,124887490151.6,0.96,6307.21,sh000905
2023-02-28 00:00:00,6323.84,6357.54,6357.54,6293.18,96603163.0,119094834715.1,1.02,6357.54,sh000905
2023-03-01 00:00:00,6356.5,6402.14,6410.52,6340.0,123907639.0,144327640100.9,1.11,6402.14,sh000905
2023-03-02 00:00:00,6398.26,6382.23,6410.23,6375.01,125349297.0,147597102774.1,0.55,6382.23,sh000905
2023-03-03 00:00:00,6384.06,6390.32,6398.47,6346.96,123234775.0,140273359354.4,0.81,6390.32,sh000905
2023-03-06 00:00:00,6398.1,6395.22,6405.82,6362.47,126845634.0,155123686031.2,0.68,6395.22,sh000905
2023-03-07 00:00:00,6389.81,6284.3,6396.54,6284.22,137928869.0,149308292189.0,1.76,6284.3,sh000905
2023-03-08 00:00:00,6264.43,6301.52,6303.71,6258.32,98698357.0,114463801002.9,0.72,6301.52,sh000905
2023-03-09 00:00:00,6311.04,6285.95,6311.34,6258.45,92688914.0,111866575503.5,0.84,6285.95,sh000905
2023-03-10 00:00:00,6251.56,6204.9,6261.33,6202.61,108052290.0,129144574718.6,0.93,6204.9,sh000905
2023-03-13 00:00:00,6189.98,6245.0,6245.0,6178.67,108006552.0,132474098352.3,1.07,6245.0,sh000905
2023-03-14 00:00:00,6237.73,6189.4,6243.42,6127.69,121200145.0,149977754662.0,1.85,6189.4,sh000905
2023-03-15 00:00:00,6210.93,6224.64,6254.49,6210.93,112948528.0,129455795140.3,0.7,6224.64,sh000905
2023-03-16 00:00:00,6191.3,6140.83,6209.97,6133.83,127632685.0,143759016862.1,1.22,6140.83,sh000905
2023-03-17 00:00:00,6174.19,6183.18,6233.75,6169.84,137108334.0,157222487365.1,1.04,6183.18,sh000905
2023-03-20 00:00:00,6195.35,6160.35,6201.97,6152.81,145580891.0,167826184366.7,0.8,6160.35,sh000905
2023-03-21 00:00:00,6171.89,6234.68,6235.01,6171.28,123025331.0,144174739305.4,1.03,6234.68,sh000905
2023-03-22 00:00:00,6244.36,6269.74,6271.52,6242.16,128266386.0,149867921197.4,0.47,6269.74,sh000905
2023-03-23 00:00:00,6253.58,6305.76,6305.76,6245.98,129179648.0,164124553074.5,0.95,6305.76,sh000905
2023-03-24 00:00:00,6312.43,6310.1,6315.68,6279.54,141020989.0,179449338405.6,0.57,6310.1,sh000905
2023-03-27 00:00:00,6304.48,6311.6,6320.66,6265.01,144664863.0,184209306469.8,0.88,6311.6,sh000905
2023-03-28 00:00:00,6314.58,6279.92,6331.56,6272.72,139156104.0,174935282609.8,0.93,6279.92,sh000905
2023-03-29 00:00:00,6285.95,6260.55,6294.3,6239.94,131548284.0,166565424024.2,0.87,6260.55,sh000905
2023-03-30 00:00:00,6257.64,6286.18,6287.44,6213.97,123218599.0,155158644767.8,1.17,6286.18,sh000905
2023-03-31 00:00:00,6284.85,6339.82,6343.23,6282.14,129489835.0,164138969077.5,0.97,6339.82,sh000905
2023-04-03 00:00:00,6346.69,6413.81,6419.87,6346.69,163921048.0,215330527397.2,1.15,6413.81,sh000905
2023-04-04 00:00:00,6414.82,6408.9,6423.31,6377.53,157491755.0,218740913531.4,0.71,6408.9,sh000905
2023-04-06 00:00:00,6387.23,6416.85,6428.72,6382.03,144064448.0,207002794759.6,0.73,6416.85,sh000905
2023-04-07 00:00:00,6418.26,6464.47,6470.09,6416.68,127964625.0,177737436540.0,0.83,6464.47,sh000905
2023-04-10 00:00:00,6474.94,6410.52,6476.22,6395.37,145134187.0,203397862936.4,1.25,6410.52,sh000905
2023-04-11 00:00:00,6405.63,6420.88,6421.49,6381.06,142399109.0,188800337843.3,0.63,6420.88,sh000905
2023-04-12 00:00:00,6415.7,6443.44,6450.35,6407.2,149447956.0,188164796583.5,0.67,6443.44,sh000905
2023-04-13 00:00:00,6438.16,6404.65,6451.79,6396.02,156199573.0,196031015021.2,0.87,6404.65,sh000905
2023-04-14 00:00:00,6420.31,6431.07,6444.89,6390.92,145300668.0,190743030851.0,0.84,6431.07,sh000905
2023-04-17 00:00:00,6422.87,6459.24,6459.24,6421.39,168823079.0,196752268308.1,0.59,6459.24,sh000905
2023-04-18 00:00:00,6448.76,6449.85,6462.25,6422.05,143471341.0,184598154225.6,0.62,6449.85,sh000905
2023-04-19 00:00:00,6444.87,6416.97,6456.15,6404.99,148699774.0,192403574162.7,0.79,6416.97,sh000905
2023-04-20 00:00:00,6408.81,6411.76,6413.08,6376.35,150501294.0,196199845238.5,0.57,6411.76,sh000905
2023-04-21 00:00:00,6411.51,6250.54,6411.51,6250.54,162313297.0,210802112228.2,2.51,6250.54,sh000905
2023-04-24 00:00:00,6250.96,6208.78,6260.54,6184.71,147694845.0,191204975164.8,1.21,6208.78,sh000905
2023-04-25 00:00:00,6205.62,6118.15,6208.4,6042.64,162459277.0,200847244830.6,2.67,6118.15,sh000905
2023-04-26 00:00:00,6095.13,6142.15,6178.17,6093.2,152166354.0,197699832955.3,1.39,6142.15,sh000905
2023-04-27 00:00:00,6127.64,6157.94,6190.25,6121.61,143136116.0,179308956550.4,1.12,6157.94,sh000905
2023-04-28 00:00:00,6151.64,6241.24,6245.55,6151.64,167876482.0,199335712325.8,1.53,6241.24,sh000905
2023-05-04 00:00:00,6223.23,6262.39,6264.52,6218.78,202487970.0,215098748101.1,0.73,6262.39,sh000905
2023-05-05 00:00:00,6255.7,6200.58,6256.23,6172.69,178261017.0,192217857467.7,1.33,6200.58,sh000905
2023-05-08 00:00:00,6202.68,6248.58,6259.69,6200.15,202718255.0,198162493586.1,0.96,6248.58,sh000905
2023-05-09 00:00:00,6242.66,6181.98,6274.9,6177.65,224389467.0,215437054342.0,1.56,6181.98,sh000905
2023-05-10 00:00:00,6167.13,6173.81,6199.16,6137.15,175453727.0,180485291578.1,1.0,6173.81,sh000905
2023-05-11 00:00:00,6185.67,6154.47,6190.39,6151.07,146064946.0,152275213604.4,0.64,6154.47,sh000905
2023-05-12 00:00:00,6138.94,6091.65,6173.91,6088.22,140410664.0,142316419328.4,1.39,6091.65,sh000905
2023-05-15 00:00:00,6094.68,6159.39,6159.39,6036.81,149843583.0,159620224620.0,2.01,6159.39,sh000905
2023-05-16 00:00:00,6159.17,6110.83,6159.17,6095.69,121841116.0,142447474647.0,1.03,6110.83,sh000905
2023-05-17 00:00:00,6097.98,6122.05,6137.02,6090.88,107266349.0,125585549046.7,0.76,6122.05,sh000905
2023-05-18 00:00:00,6132.52,6128.18,6153.99,6101.24,122942111.0,144557618052.5,0.86,6128.18,sh000905
2023-05-19 00:00:00,6116.84,6117.08,6149.14,6085.04,119304896.0,147524516028.4,1.05,6117.08,sh000905
2023-05-22 00:00:00,6111.84,6115.32,6136.86,6086.23,112715682.0,126363418363.6,0.83,6115.32,sh000905
2023-05-23 00:00:00,6114.21,6052.43,6117.36,6052.43,111104244.0,120628486661.7,1.06,6052.43,sh000905
2023-05-24 00:00:00,6032.69,6005.79,6058.39,5988.03,107223414.0,116914166402.6,1.16,6005.79,sh000905
2023-05-25 00:00:00,6000.22,5988.19,6028.64,5926.2,109922832.0,126769237204.5,1.71,5988.19,sh000905
2023-05-26 00:00:00,5983.14,6034.98,6045.13,5953.88,106381588.0,123263014837.6,1.52,6034.98,sh000905
2023-05-29 00:00:00,6046.54,6025.16,6058.92,6012.4,125139417.0,146808330637.6,0.77,6025.16,sh000905
2023-05-30 00:00:00,6008.46,6061.31,6061.31,5960.34,127312017.0,151849134859.6,1.68,6061.31,sh000905
2023-05-31 00:00:00,6044.02,6047.8,6063.19,6009.25,117476106.0,144653727477.5,0.89,6047.8,sh000905
2023-06-01 00:00:00,6028.8,6051.46,6094.24,6008.27,126250315.0,154907281920.7,1.42,6051.46,sh000905
2023-06-02 00:00:00,6061.91,6105.22,6115.07,6061.91,122306738.0,142073539923.0,0.88,6105.22,sh000905
2023-06-05 00:00:00,6102.13,6097.11,6107.12,6075.59,115747953.0,131118706647.8,0.52,6097.11,sh000905
2023-06-06 00:00:00,6088.66,5983.42,6089.07,5969.29,123045387.0,133636232835.4,1.96,5983.42,sh000905
2023-06-07 00:00:00,5982.31,5987.01,6010.03,5969.16,93597892.0,113593743557.7,0.68,5987.01,sh000905
2023-06-08 00:00:00,5971.72,5966.15,5992.97,5922.39,108981632.0,124387889683.3,1.18,5966.15,sh000905
2023-06-09 00:00:00,5968.7,6009.58,6017.28,5960.11,127553432.0,158760400688.5,0.96,6009.58,sh000905
2023-06-12 00:00:00,5999.62,6027.71,6045.66,5987.27,113612471.0,151203107291.2,0.97,6027.71,sh000905
2023-06-13 00:00:00,6016.69,6044.04,6047.06,6014.06,98680298.0,134425849549.1,0.55,6044.04,sh000905
2023-06-14 00:00:00,6046.44,6044.08,6064.29,6034.47,109689021.0,148046160093.7,0.49,6044.08,sh000905
2023-06-15 00:00:00,6049.47,6096.81,6100.23,6046.16,118417734.0,165700035083.1,0.89,6096.81,sh000905
2023-06-16 00:00:00,6094.84,6148.01,6154.93,6091.18,115349568.0,165690149218.5,1.05,6148.01,sh000905
2023-06-19 00:00:00,6148.85,6131.38,6148.85,6126.39,113787209.0,164780447140.9,0.37,6131.38,sh000905
2023-06-20 00:00:00,6122.74,6126.11,6144.01,6100.14,106630832.0,161419763306.8,0.72,6126.11,sh000905
2023-06-21 00:00:00,6104.25,5990.85,6104.25,5990.79,106447766.0,154200972220.3,1.85,5990.85,sh000905
2023-06-26 00:00:00,5947.57,5887.03,5970.61,5875.94,111081791.0,148203624502.1,1.58,5887.03,sh000905
2023-06-27 00:00:00,5897.69,5948.0,5956.18,5884.95,93039155.0,118625135535.9,1.21,5948.0,sh000905
2023-06-28 00:00:00,5945.64,5942.31,5951.13,5857.13,93944302.0,128454934662.7,1.58,5942.31,sh000905
2023-06-29 00:00:00,5928.71,5940.58,5964.86,5924.28,88376857.0,123484005846.8,0.68,5940.58,sh000905
2023-06-30 00:00:00,5931.87,5998.73,6016.45,5927.94,94504668.0,133367471516.9,1.49,5998.73,sh000905
2023-07-03 00:00:00,6009.27,6042.31,6056.16,5997.85,113075905.0,153065229521.6,0.97,6042.31,sh000905
2023-07-04 00:00:00,6042.72,6055.26,6059.57,6027.29,105583765.0,144484638910.0,0.53,6055.26,sh000905
2023-07-05 00:00:00,6050.35,6020.82,6059.38,6011.87,104129041.0,142198505817.2,0.78,6020.82,sh000905
2023-07-06 00:00:00,6010.66,5988.55,6042.29,5983.48,93965038.0,131979482562.6,0.98,5988.55,sh000905
2023-07-07 00:00:00,5973.98,5961.61,5994.28,5936.23,94118346.0,121687700019.0,0.97,5961.61,sh000905
2023-07-10 00:00:00,5980.61,5984.28,6003.4,5958.73,85168564.0,113940191969.5,0.75,5984.28,sh000905
2023-07-11 00:00:00,5991.02,6029.23,6029.23,5972.14,84531897.0,117919697046.3,0.95,6029.23,sh000905
2023-07-12 00:00:00,6030.64,5962.79,6033.58,5960.43,96692241.0,134419386322.7,1.21,5962.79,sh000905
2023-07-13 00:00:00,5986.25,6044.06,6049.06,5986.25,99656398.0,138941870295.0,1.05,6044.06,sh000905
2023-07-14 00:00:00,6052.95,6030.52,6055.53,6026.33,94963197.0,137880575951.9,0.48,6030.52,sh000905
2023-07-17 00:00:00,6012.76,6012.69,6018.07,5985.44,88420212.0,124991560881.3,0.54,6012.69,sh000905
2023-07-18 00:00:00,6015.98,6001.8,6027.61,5984.06,87719910.0,121310187887.2,0.72,6001.8,sh000905
2023-07-19 00:00:00,5998.38,5993.41,6017.45,5962.99,77791034.0,104054562581.1,0.91,5993.41,sh000905
2023-07-20 00:00:00,5996.84,5925.48,6009.43,5920.15,91195368.0,123684933457.2,1.49,5925.48,sh000905
2023-07-21 00:00:00,5914.35,5925.63,5961.05,5904.79,81975307.0,107065413903.9,0.95,5925.63,sh000905
2023-07-24 00:00:00,5913.57,5916.71,5954.24,5896.45,75928001.0,99623302711.1,0.98,5916.71,sh000905
2023-07-25 00:00:00,5976.97,6016.63,6016.75,5971.73,131896392.0,145732847141.7,0.76,6016.63,sh000905
2023-07-26 00:00:00,6014.76,6001.54,6015.58,5984.39,121825219.0,120547387629.8,0.52,6001.54,sh000905
2023-07-27 00:00:00,5998.85,5961.18,6017.67,5952.89,123000825.0,117272101565.3,1.08,5961.18,sh000905
2023-07-28 00:00:00,5945.91,6043.24,6049.76,5932.06,163171871.0,149147477703.5,1.97,6043.24,sh000905
2023-07-31 00:00:00,6059.11,6088.24,6133.72,6059.11,186551103.0,179595743483.0,1.23,6088.24,sh000905
2023-08-01 00:00:00,6086.9,6098.88,6113.98,6077.11,187588600.0,166628364673.4,0.61,6098.88,sh000905
2023-08-02 00:00:00,6088.14,6077.46,6111.24,6059.87,147154529.0,135758673344.6,0.84,6077.46,sh000905
2023-08-03 00:00:00,6062.64,6098.69,6101.81,6047.68,146479011.0,138777463929.6,0.89,6098.69,sh000905
2023-08-04 00:00:00,6126.15,6128.56,6164.16,6105.64,196943501.0,186850093568.5,0.96,6128.56,sh000905
2023-08-07 00:00:00,6115.84,6090.73,6117.92,6072.54,145319137.0,154416328543.1,0.74,6090.73,sh000905
2023-08-08 00:00:00,6077.3,6066.1,6088.1,6044.24,121545728.0,131357351526.3,0.72,6066.1,sh000905
2023-08-09 00:00:00,6049.45,6021.75,6062.02,6012.25,98809174.0,116294678353.9,0.82,6021.75,sh000905
2023-08-10 00:00:00,6013.35,6031.71,6040.46,5999.56,99842638.0,103950301369.3,0.68,6031.71,sh000905
2023-08-11 00:00:00,6030.05,5913.35,6030.05,5913.35,113072007.0,115393420336.3,1.93,5913.35,sh000905
2023-08-14 00:00:00,5864.48,5916.8,5919.8,5833.46,103675706.0,116321082192.1,1.46,5916.8,sh000905
2023-08-15 00:00:00,5919.77,5879.78,5926.42,5830.97,92417381.0,107626210841.9,1.61,5879.78,sh000905
2023-08-16 00:00:00,5858.6,5833.22,5891.81,5833.22,104950425.0,114013689380.0,1.0,5833.22,sh000905
2023-08-17 00:00:00,5808.91,5874.36,5882.15,5778.53,113576384.0,120852973476.6,1.78,5874.36,sh000905
2023-08-18 00:00:00,5875.11,5777.8,5891.4,5777.8,102931845.0,109766358594.4,1.93,5777.8,sh000905
2023-08-21 00:00:00,5764.67,5710.78,5802.51,5710.78,92835698.0,96691987125.6,1.59,5710.78,sh000905
2023-08-22 00:00:00,5733.25,5741.06,5754.57,5646.51,106175193.0,120035178924.1,1.89,5741.06,sh000905
2023-08-23 00:00:00,5732.39,5629.5,5732.39,5629.5,94186725.0,101871329162.8,1.79,5629.5,sh000905
2023-08-24 00:00:00,5650.36,5652.67,5701.32,5619.33,108086771.0,120640882887.6,1.46,5652.67,sh000905
2023-08-25 00:00:00,5624.77,5581.21,5648.62,5560.22,106241602.0,114730298316.4,1.56,5581.21,sh000905
2023-08-28 00:00:00,5885.88,5644.14,5887.51,5631.69,185745619.0,181457042375.4,4.58,5644.14,sh000905
2023-08-29 00:00:00,5631.01,5770.32,5789.96,5626.52,160851895.0,165476278766.7,2.9,5770.32,sh000905
2023-08-30 00:00:00,5780.28,5775.15,5817.73,5753.22,136004384.0,145078565405.8,1.12,5775.15,sh000905
2023-08-31 00:00:00,5770.95,5739.4,5777.42,5728.47,116335134.0,121252796160.9,0.85,5739.4,sh000905
2023-09-01 00:00:00,5746.41,5750.8,5775.18,5732.97,104179103.0,107061408580.6,0.74,5750.8,sh000905
2023-09-04 00:00:00,5772.03,5829.78,5829.78,5758.03,135648873.0,135994054181.1,1.25,5829.78,sh000905
2023-09-05 00:00:00,5819.97,5788.71,5822.06,5779.37,106517658.0,114971726102.7,0.73,5788.71,sh000905
2023-09-06 00:00:00,5771.85,5790.38,5800.96,5748.65,90480502.0,106512753384.6,0.9,5790.38,sh000905
2023-09-07 00:00:00,5782.07,5702.7,5782.07,5701.8,92920518.0,105713167275.8,1.39,5702.7,sh000905
2023-09-08 00:00:00,5684.66,5708.62,5732.37,5683.4,79520028.0,93059123325.2,0.86,5708.62,sh000905
2023-09-11 00:00:00,5723.02,5774.73,5802.21,5704.7,112837137.0,132425678094.5,1.71,5774.73,sh000905
2023-09-12 00:00:00,5774.47,5770.93,5793.83,5763.3,86041207.0,105032116597.9,0.53,5770.93,sh000905
2023-09-13 00:00:00,5764.82,5715.4,5770.41,5681.5,91472473.0,101933192541.5,1.54,5715.4,sh000905
2023-09-14 00:00:00,5714.67,5702.1,5721.21,5679.2,90247792.0,97979765540.8,0.74,5702.1,sh000905
2023-09-15 00:00:00,5716.29,5704.66,5741.07,5680.9,98375964.0,110557876200.1,1.06,5704.66,sh000905
2023-09-18 00:00:00,5685.85,5719.69,5734.19,5665.58,92305722.0,109249767455.6,1.2,5719.69,sh000905
2023-09-19 00:00:00,5713.49,5687.9,5713.6,5670.42,85112102.0,94544819485.1,0.75,5687.9,sh000905
2023-09-20 00:00:00,5677.92,5651.01,5689.83,5651.01,77634158.0,84080282560.4,0.68,5651.01,sh000905
2023-09-21 00:00:00,5638.44,5611.92,5666.7,5609.21,81931509.0,84847061987.6,1.02,5611.92,sh000905
2023-09-22 00:00:00,5606.83,5698.82,5700.32,5603.81,104118982.0,120276386023.4,1.72,5698.82,sh000905
2023-09-25 00:00:00,5694.9,5666.66,5699.15,5659.32,93340719.0,114172282948.0,0.7,5666.66,sh000905
2023-09-26 00:00:00,5661.03,5646.65,5682.28,5646.65,74309615.0,100424427689.8,0.63,5646.65,sh000905
2023-09-27 00:00:00,5642.39,5674.35,5701.51,5641.85,81086240.0,102149151673.6,1.06,5674.35,sh000905
2023-09-28 00:00:00,5687.64,5690.77,5704.62,5677.53,79477338.0,101456952317.7,0.48,5690.77,sh000905
2023-10-09 00:00:00,5679.64,5658.08,5680.95,5634.35,90029836.0,109095282387.9,0.82,5658.08,sh000905
2023-10-10 00:00:00,5665.66,5630.37,5678.46,5627.41,87726425.0,104621240810.9,0.9,5630.37,sh000905
2023-10-11 00:00:00,5639.07,5629.79,5674.25,5617.87,90644826.0,112202131187.6,1.0,5629.79,sh000905
2023-10-12 00:00:00,5655.61,5671.64,5677.82,5642.49,100502986.0,119947478383.3,0.63,5671.64,sh000905
2023-10-13 00:00:00,5645.44,5633.38,5646.07,5616.85,89391702.0,110878380412.7,0.52,5633.38,sh000905
2023-10-16 00:00:00,5633.3,5580.67,5636.32,5559.42,89867550.0,107684372825.8,1.37,5580.67,sh000905
2023-10-17 00:00:00,5585.14,5595.34,5599.42,5556.57,92516737.0,105060399668.5,0.77,5595.34,sh000905
2023-10-18 00:00:00,5586.02,5524.6,5586.02,5519.46,98953562.0,110310590720.5,1.19,5524.6,sh000905
2023-10-19 00:00:00,5496.76,5464.03,5529.87,5463.65,108078335.0,117347195293.0,1.2,5464.03,sh000905
2023-10-20 00:00:00,5443.46,5423.67,5473.21,5413.02,94936115.0,107713531625.7,1.1,5423.67,sh000905
2023-10-23 00:00:00,5400.54,5290.33,5400.79,5269.83,103083126.0,112227737477.3,2.41,5290.33,sh000905
2023-10-24 00:00:00,5311.67,5352.01,5363.2,5290.5,114745729.0,126190795980.9,1.37,5352.01,sh000905
2023-10-25 00:00:00,5386.43,5376.0,5423.01,5376.0,114921244.0,129741397087.7,0.88,5376.0,sh000905
2023-10-26 00:00:00,5351.16,5398.93,5404.99,5337.49,102485044.0,116893043685.1,1.26,5398.93,sh000905
2023-10-27 00:00:00,5387.27,5492.03,5514.31,5380.94,112542804.0,132776259320.2,2.47,5492.03,sh000905
2023-10-30 00:00:00,5484.62,5546.39,5559.78,5483.16,123034185.0,153066651404.1,1.4,5546.39,sh000905
2023-10-31 00:00:00,5547.32,5528.24,5554.19,5505.93,105679375.0,127527068558.9,0.87,5528.24,sh000905
2023-11-01 00:00:00,5534.89,5509.97,5534.94,5496.83,87185785.0,105639439602.5,0.69,5509.97,sh000905
2023-11-02 00:00:00,5514.52,5459.45,5532.85,5457.75,90202645.0,101795786004.1,1.36,5459.45,sh000905
2023-11-03 00:00:00,5462.14,5510.36,5537.73,5462.14,97990576.0,114009935832.3,1.38,5510.36,sh000905
2023-11-06 00:00:00,5549.29,5605.06,5609.26,5549.29,139241046.0,156664899021.4,1.09,5605.06,sh000905
2023-11-07 00:00:00,5594.47,5611.1,5631.1,5578.51,120579321.0,139898836824.0,0.94,5611.1,sh000905
2023-11-08 00:00:00,5602.97,5608.02,5633.97,5577.39,122994558.0,139708501031.2,1.01,5608.02,sh000905
2023-11-09 00:00:00,5602.49,5592.06,5638.08,5582.12,106362800.0,123039510738.4,1.0,5592.06,sh000905
2023-11-10 00:00:00,5577.34,5573.1,5585.21,5550.82,94324024.0,109671917967.6,0.61,5573.1,sh000905
2023-11-13 00:00:00,5589.06,5605.57,5605.57,5565.09,102158932.0,117833772398.6,0.73,5605.57,sh000905
2023-11-14 00:00:00,5602.98,5630.55,5639.19,5600.78,101073136.0,116072656381.1,0.69,5630.55,sh000905
2023-11-15 00:00:00,5677.55,5664.62,5684.75,5649.72,113087937.0,131864342620.6,0.62,5664.62,sh000905
2023-11-16 00:00:00,5647.06,5609.36,5652.4,5609.36,94662677.0,105765074960.8,0.76,5609.36,sh000905
2023-11-17 00:00:00,5598.95,5631.42,5632.39,5593.49,89422342.0,101443839223.4,0.69,5631.42,sh000905
2023-11-20 00:00:00,5635.59,5659.77,5669.38,5609.27,103105072.0,119885024783.4,1.07,5659.77,sh000905
2023-11-21 00:00:00,5669.17,5641.08,5696.09,5634.27,114861205.0,126740611037.5,1.09,5641.08,sh000905
2023-11-22 00:00:00,5622.86,5572.9,5639.0,5572.9,104718408.0,109971792008.8,1.17,5572.9,sh000905
2023-11-23 00:00:00,5566.73,5622.99,5627.79,5548.97,98042432.0,101151204629.6,1.41,5622.99,sh000905
2023-11-24 00:00:00,5619.32,5570.42,5619.32,5556.71,101248044.0,100701104772.1,1.11,5570.42,sh000905
2023-11-27 00:00:00,5562.75,5566.51,5579.72,5531.65,98218653.0,107690772117.8,0.86,5566.51,sh000905
2023-11-28 00:00:00,5561.58,5591.5,5594.72,5529.54,89373272.0,98930980618.3,1.17,5591.5,sh000905
2023-11-29 00:00:00,5588.77,5553.33,5593.37,5547.84,89509151.0,96924084400.2,0.81,5553.33,sh000905
2023-11-30 00:00:00,5548.52,5545.05,5560.33,5509.96,87841505.0,95350481599.1,0.91,5545.05,sh000905
2023-12-01 00:00:00,5541.23,5566.87,5576.73,5521.06,93371708.0,107454844321.7,1.0,5566.87,sh000905
2023-12-04 00:00:00,5578.42,5559.07,5590.84,5559.07,99306543.0,119628388288.4,0.57,5559.07,sh000905
2023-12-05 00:00:00,5542.87,5460.41,5542.87,5460.41,91298248.0,103824359571.7,1.48,5460.41,sh000905
2023-12-06 00:00:00,5448.46,5481.82,5513.09,5443.07,88373997.0,102084528903.4,1.28,5481.82,sh000905
2023-12-07 00:00:00,5475.27,5481.14,5501.48,5443.29,89048687.0,103621973820.8,1.06,5481.14,sh000905
2023-12-08 00:00:00,5484.68,5497.99,5522.06,5477.53,118123774.0,140788027712.1,0.81,5497.99,sh000905
2023-12-11 00:00:00,5473.65,5564.85,5574.12,5429.44,118605911.0,140631297822.3,2.63,5564.85,sh000905
2023-12-12 00:00:00,5560.44,5566.18,5576.01,5545.16,84232331.0,110639096839.0,0.55,5566.18,sh000905
2023-12-13 00:00:00,5557.05,5507.51,5558.06,5507.51,75929894.0,96464641302.3,0.91,5507.51,sh000905
2023-12-14 00:00:00,5532.99,5489.33,5557.37,5487.75,74118097.0,89999982306.2,1.26,5489.33,sh000905
2023-12-15 00:00:00,5499.37,5449.79,5516.22,5438.53,80125418.0,94631897359.6,1.42,5449.79,sh000905
2023-12-18 00:00:00,5436.99,5385.27,5448.08,5374.59,78022493.0,88053828533.8,1.35,5385.27,sh000905
2023-12-19 00:00:00,5380.73,5379.87,5406.96,5344.03,70323722.0,82191407660.2,1.17,5379.87,sh000905
2023-12-20 00:00:00,5386.0,5309.29,5388.46,5308.57,75387097.0,86209163297.2,1.48,5309.29,sh000905
2023-12-21 00:00:00,5286.45,5338.76,5352.5,5253.32,81522318.0,96981042377.4,1.87,5338.76,sh000905
2023-12-22 00:00:00,5337.38,5311.69,5366.23,5293.22,90387004.0,108918439607.9,1.37,5311.69,sh000905
2023-12-25 00:00:00,5301.57,5315.37,5339.66,5288.47,65918772.0,81018151918.5,0.96,5315.37,sh000905
2023-12-26 00:00:00,5312.8,5258.28,5313.92,5238.04,67532007.0,80910364895.8,1.43,5258.28,sh000905
2023-12-27 00:00:00,5261.57,5285.53,5293.8,5235.46,75397918.0,84253444705.4,1.11,5285.53,sh000905
2023-12-28 00:00:00,5280.69,5382.8,5400.24,5275.4,107699239.0,126896204801.3,2.36,5382.8,sh000905
2023-12-29 00:00:00,5376.98,5429.23,5437.15,5374.69,90931766.0,112533613054.4,1.16,5429.23,sh000905
2024-01-02 00:00:00,5431.48,5409.46,5439.48,5409.46,92964747.0,106839922689.4,0.55,5409.46,sh000905
2024-01-03 00:00:00,5398.29,5401.4,5428.52,5373.83,86705229.0,99883598918.1,1.01,5401.4,sh000905
2024-01-04 00:00:00,5395.14,5355.32,5395.14,5331.89,78846568.0,91011406056.3,1.17,5355.32,sh000905
2024-01-05 00:00:00,5347.07,5281.87,5373.68,5260.59,89538884.0,101084569596.5,2.11,5281.87,sh000905
2024-01-08 00:00:00,5268.23,5167.7,5268.98,5167.7,83785155.0,92792791379.5,1.92,5167.7,sh000905
2024-01-09 00:00:00,5176.11,5180.65,5220.46,5153.0,78740418.0,90959823751.5,1.31,5180.65,sh000905
2024-01-10 00:00:00,5167.73,5158.08,5211.82,5118.43,71173946.0,84227807644.4,1.8,5158.08,sh000905
2024-01-11 00:00:00,5152.36,5223.86,5243.14,5146.9,85041295.0,106151947191.7,1.87,5223.86,sh000905
2024-01-12 00:00:00,5213.14,5206.18,5262.62,5206.16,76619831.0,93271394880.1,1.08,5206.18,sh000905
2024-01-15 00:00:00,5189.53,5193.3,5238.96,5171.24,73925097.0,88027788849.7,1.3,5193.3,sh000905
2024-01-16 00:00:00,5188.37,5190.4,5210.08,5124.08,83070371.0,92337607304.7,1.66,5190.4,sh000905
2024-01-17 00:00:00,5180.93,5061.54,5180.93,5061.54,78741849.0,87930639304.5,2.3,5061.54,sh000905
2024-01-18 00:00:00,5033.1,5066.96,5069.23,4924.68,118751055.0,123436419725.2,2.86,5066.96,sh000905
2024-01-19 00:00:00,5056.48,5018.43,5084.29,5014.77,78467383.0,92039421274.4,1.37,5018.43,sh000905
2024-01-22 00:00:00,5008.68,4780.97,5008.77,4753.63,109708492.0,115622857135.0,5.08,4780.97,sh000905
2024-01-23 00:00:00,4771.5,4865.74,4889.42,4727.88,99944718.0,107808853142.3,3.38,4865.74,sh000905
2024-01-24 00:00:00,4886.2,4933.7,4941.44,4766.8,114025805.0,112683270494.8,3.59,4933.7,sh000905
2024-01-25 00:00:00,4931.63,5073.18,5074.49,4910.96,132307766.0,134822852027.2,3.31,5073.18,sh000905
2024-01-26 00:00:00,5055.29,5027.09,5086.13,5009.97,117009836.0,119232918977.8,1.5,5027.09,sh000905
2024-01-29 00:00:00,5032.11,4927.91,5050.11,4927.91,116876657.0,117835011090.9,2.43,4927.91,sh000905
2024-01-30 00:00:00,4898.36,4814.99,4939.35,4810.1,99675811.0,95474113525.6,2.62,4814.99,sh000905
2024-01-31 00:00:00,4786.81,4696.98,4832.4,4690.94,121093158.0,116592536773.1,2.94,4696.98,sh000905
2024-02-01 00:00:00,4667.91,4678.73,4771.05,4629.99,111471910.0,107508825587.6,3.0,4678.73,sh000905
2024-02-02 00:00:00,4686.1,4563.22,4724.05,4435.56,137501832.0,124953077788.8,6.17,4563.22,sh000905
2024-02-05 00:00:00,4527.71,4460.26,4598.06,4281.24,165958337.0,143547017412.4,6.94,4460.26,sh000905
2024-02-06 00:00:00,4411.3,4805.9,4817.12,4405.31,173058335.0,156485198829.2,9.23,4805.9,sh000905
2024-02-07 00:00:00,4813.95,5109.57,5110.8,4813.23,227198934.0,212618286127.8,6.19,5109.57,sh000905
2024-02-08 00:00:00,5131.8,5150.23,5367.22,5129.78,213676123.0,212255665093.8,4.65,5150.23,sh000905
2024-02-19 00:00:00,5225.14,5141.6,5225.14,5074.76,162949893.0,172805832899.6,2.92,5141.6,sh000905
2024-02-20 00:00:00,5107.57,5140.96,5151.72,5072.88,121646379.0,133242205643.5,1.53,5140.96,sh000905
2024-02-21 00:00:00,5101.41,5139.04,5252.88,5074.82,150872501.0,155561259421.7,3.46,5139.04,sh000905
2024-02-22 00:00:00,5133.55,5176.34,5184.62,5117.68,116614806.0,127546517889.3,1.3,5176.34,sh000905
2024-02-23 00:00:00,5190.65,5197.71,5197.71,5118.57,135265004.0,145442447176.8,1.53,5197.71,sh000905
2024-02-26 00:00:00,5194.74,5195.46,5255.36,5162.95,144018944.0,152600869381.9,1.78,5195.46,sh000905
2024-02-27 00:00:00,5174.82,5307.8,5307.8,5160.88,138971751.0,157201596730.4,2.83,5307.8,sh000905
2024-02-28 00:00:00,5311.43,5184.05,5383.32,5184.05,202560985.0,214135426954.0,3.75,5184.05,sh000905
2024-02-29 00:00:00,5154.15,5346.79,5349.77,5154.15,160790165.0,178975999913.2,3.77,5346.79,sh000905
2024-03-01 00:00:00,5350.86,5379.05,5387.78,5321.56,142298395.0,171103270101.0,1.24,5379.05,sh000905
2024-03-04 00:00:00,5386.94,5388.82,5400.12,5325.96,143928469.0,175906403369.0,1.38,5388.82,sh000905
2024-03-05 00:00:00,5358.22,5351.83,5382.98,5329.97,140816479.0,174282675002.5,0.98,5351.83,sh000905
2024-03-06 00:00:00,5332.83,5350.1,5405.49,5293.95,121099564.0,146843351594.8,2.08,5350.1,sh000905
2024-03-07 00:00:00,5354.33,5277.3,5384.66,5277.3,139831342.0,157442183149.0,2.01,5277.3,sh000905
2024-03-08 00:00:00,5282.41,5349.6,5361.71,5268.53,121467978.0,144003562005.9,1.77,5349.6,sh000905
2024-03-11 00:00:00,5342.18,5441.05,5443.04,5339.26,142981732.0,173588864750.5,1.94,5441.05,sh000905
2024-03-12 00:00:00,5445.88,5423.72,5473.29,5385.14,147072536.0,178848761377.9,1.62,5423.72,sh000905
2024-03-13 00:00:00,5430.04,5415.11,5459.32,5389.53,129746301.0,164526330861.1,1.29,5415.11,sh000905
2024-03-14 00:00:00,5415.15,5392.93,5447.54,5352.12,131887357.0,157337167775.7,1.76,5392.93,sh000905
2024-03-15 00:00:00,5380.02,5454.15,5456.73,5357.18,136405030.0,158718756617.2,1.85,5454.15,sh000905
2024-03-18 00:00:00,5472.31,5528.45,5528.45,5459.55,159862638.0,190794115131.3,1.26,5528.45,sh000905
2024-03-19 00:00:00,5514.55,5478.22,5533.64,5477.12,146777240.0,176661748327.6,1.02,5478.22,sh000905
2024-03-20 00:00:00,5469.61,5493.41,5499.24,5455.76,126273262.0,157036230421.8,0.79,5493.41,sh000905
2024-03-21 00:00:00,5505.7,5465.83,5517.46,5454.23,129489458.0,159252387801.8,1.15,5465.83,sh000905
2024-03-22 00:00:00,5454.41,5384.57,5463.54,5356.11,137096029.0,163185963748.5,1.97,5384.57,sh000905
2024-03-25 00:00:00,5369.78,5294.75,5401.6,5292.64,130778254.0,156251665726.7,2.02,5294.75,sh000905
2024-03-26 00:00:00,5291.52,5284.42,5318.88,5237.9,116468112.0,145296216679.9,1.53,5284.42,sh000905
2024-03-27 00:00:00,5280.73,5156.68,5282.7,5156.68,110107142.0,129828707609.3,2.38,5156.68,sh000905
2024-03-28 00:00:00,5156.48,5223.81,5276.64,5156.48,116318192.0,140612607112.3,2.33,5223.81,sh000905
2024-03-29 00:00:00,5220.55,5286.16,5287.04,5211.19,109047149.0,126574031377.1,1.45,5286.16,sh000905
2024-04-01 00:00:00,5309.83,5401.22,5401.78,5309.83,136734854.0,166553105409.3,1.74,5401.22,sh000905
2024-04-02 00:00:00,5395.48,5381.23,5402.16,5353.31,132148642.0,155779915085.8,0.9,5381.23,sh000905
2024-04-03 00:00:00,5373.5,5374.6,5386.34,5350.16,133628053.0,154114398165.9,0.67,5374.6,sh000905
2024-04-08 00:00:00,5358.96,5298.59,5383.66,5297.56,148588559.0,161260958590.0,1.6,5298.59,sh000905
2024-04-09 00:00:00,5294.47,5342.9,5342.9,5284.96,113300745.0,133262737277.5,1.09,5342.9,sh000905
2024-04-10 00:00:00,5335.73,5275.47,5335.73,5242.86,117908618.0,132251020973.6,1.74,5275.47,sh000905
2024-04-11 00:00:00,5244.05,5301.81,5353.81,5240.51,127745143.0,141290912857.4,2.15,5301.81,sh000905
2024-04-12 00:00:00,5307.72,5277.22,5336.45,5270.46,118524933.0,136145117631.0,1.24,5277.22,sh000905
2024-04-15 00:00:00,5270.04,5339.72,5376.05,5219.43,159217624.0,169269295711.9,2.97,5339.72,sh000905
2024-04-16 00:00:00,5309.1,5191.55,5346.76,5184.65,162583973.0,168778499341.7,3.04,5191.55,sh000905
2024-04-17 00:00:00,5211.25,5339.75,5339.75,5211.25,147594552.0,155660732929.5,2.48,5339.75,sh000905
2024-04-18 00:00:00,5317.8,5349.84,5410.7,5299.23,153497682.0,167338860159.0,2.09,5349.84,sh000905
2024-04-19 00:00:00,5322.36,5314.87,5369.95,5292.02,142134216.0,156010347135.9,1.46,5314.87,sh000905
2024-04-22 00:00:00,5289.41,5267.58,5340.63,5264.19,135266882.0,150190436487.7,1.44,5267.58,sh000905
2024-04-23 00:00:00,5257.77,5208.27,5280.06,5196.96,125801120.0,139018868110.2,1.58,5208.27,sh000905
2024-04-24 00:00:00,5210.18,5263.04,5263.04,5183.7,117297220.0,139471094806.5,1.52,5263.04,sh000905
2024-04-25 00:00:00,5240.48,5259.34,5297.16,5229.82,110833929.0,127544603285.3,1.28,5259.34,sh000905
2024-04-26 00:00:00,5258.38,5372.12,5379.67,5258.38,173777701.0,193788859192.2,2.31,5372.12,sh000905
2024-04-29 00:00:00,5371.21,5478.49,5488.28,5371.21,190936055.0,212148850246.6,2.18,5478.49,sh000905
2024-04-30 00:00:00,5471.17,5441.14,5478.04,5436.58,162797344.0,175143689576.2,0.76,5441.14,sh000905
2024-05-06 00:00:00,5498.44,5528.6,5535.95,5496.91,165791626.0,187906843862.2,0.72,5528.6,sh000905
2024-05-07 00:00:00,5532.32,5527.08,5543.13,5507.5,136535402.0,162155744860.2,0.64,5527.08,sh000905
2024-05-08 00:00:00,5516.45,5458.76,5516.45,5454.87,123955621.0,139472996786.3,1.11,5458.76,sh000905
2024-05-09 00:00:00,5461.36,5556.77,5568.73,5461.36,131121230.0,153999870752.3,1.97,5556.77,sh000905
2024-05-10 00:00:00,5562.19,5535.4,5570.57,5497.5,128688030.0,144026969940.9,1.31,5535.4,sh000905
2024-05-13 00:00:00,5503.13,5505.26,5527.2,5462.51,131627588.0,146159918962.1,1.17,5505.26,sh000905
2024-05-14 00:00:00,5508.47,5500.74,5538.74,5484.96,118994399.0,132592062465.6,0.98,5500.74,sh000905
2024-05-15 00:00:00,5495.56,5446.66,5497.08,5441.35,110124989.0,121525793558.0,1.01,5446.66,sh000905
2024-05-16 00:00:00,5461.11,5424.67,5475.37,5408.13,122108119.0,133148761562.0,1.23,5424.67,sh000905
2024-05-17 00:00:00,5418.66,5491.89,5493.2,5409.7,126916168.0,139244609264.9,1.54,5491.89,sh000905
2024-05-20 00:00:00,5496.79,5523.5,5536.66,5484.36,144971448.0,163572079873.3,0.95,5523.5,sh000905
2024-05-21 00:00:00,5511.48,5478.91,5513.42,5460.98,108691192.0,123832374658.6,0.95,5478.91,sh000905
2024-05-22 00:00:00,5472.01,5468.61,5486.3,5455.08,113057782.0,126572719199.3,0.57,5468.61,sh000905
2024-05-23 00:00:00,5448.94,5362.31,5448.94,5352.39,126657569.0,135749197020.0,1.77,5362.31,sh000905
2024-05-24 00:00:00,5348.51,5313.45,5400.16,5311.49,106564175.0,117396142024.9,1.65,5313.45,sh000905
2024-05-27 00:00:00,5325.85,5371.37,5373.11,5284.51,115643229.0,124785634504.8,1.67,5371.37,sh000905
2024-05-28 00:00:00,5363.33,5316.13,5365.47,5310.32,110965373.0,120979080988.0,1.03,5316.13,sh000905
2024-05-29 00:00:00,5308.59,5328.31,5361.74,5305.96,104361267.0,112762595771.6,1.05,5328.31,sh000905
2024-05-30 00:00:00,5316.4,5308.66,5349.69,5296.49,107350187.0,114757614217.4,1.0,5308.66,sh000905
2024-05-31 00:00:00,5310.72,5308.54,5357.02,5308.54,104151147.0,113019704335.1,0.91,5308.54,sh000905
2024-06-03 00:00:00,5300.79,5274.07,5316.34,5232.69,126968515.0,129543758977.7,1.58,5274.07,sh000905
2024-06-04 00:00:00,5263.23,5341.95,5352.28,5247.58,108083144.0,117835610768.9,1.99,5341.95,sh000905
2024-06-05 00:00:00,5328.87,5277.94,5347.43,5277.94,105792757.0,111608396273.0,1.3,5277.94,sh000905
2024-06-06 00:00:00,5291.52,5228.8,5305.88,5213.66,133368231.0,135739981470.4,1.75,5228.8,sh000905
2024-06-07 00:00:00,5247.15,5208.98,5258.82,5172.05,113527478.0,118553769519.2,1.66,5208.98,sh000905
2024-06-11 00:00:00,5182.41,5217.47,5232.85,5159.33,116437116.0,119660626659.4,1.41,5217.47,sh000905
2024-06-12 00:00:00,5209.13,5232.95,5245.99,5205.57,103065569.0,111341271703.7,0.77,5232.95,sh000905
2024-06-13 00:00:00,5231.91,5194.59,5233.8,5182.74,118232764.0,123194241679.1,0.98,5194.59,sh000905
2024-06-14 00:00:00,5180.29,5213.09,5235.88,5163.38,133998620.0,146009261400.6,1.4,5213.09,sh000905
2024-06-17 00:00:00,5189.28,5207.13,5223.59,5184.6,107970664.0,135704407617.0,0.75,5207.13,sh000905
2024-06-18 00:00:00,5207.98,5230.89,5243.59,5204.97,94090903.0,120391272834.4,0.74,5230.89,sh000905
2024-06-19 00:00:00,5235.48,5168.82,5236.3,5168.82,87849590.0,111740529823.1,1.29,5168.82,sh000905
2024-06-20 00:00:00,5162.16,5094.57,5184.75,5092.29,95609003.0,113062777426.7,1.79,5094.57,sh000905
2024-06-21 00:00:00,5079.92,5102.33,5128.14,5071.65,83838907.0,98090349439.3,1.11,5102.33,sh000905
2024-06-24 00:00:00,5072.8,4992.91,5078.96,4986.77,100186646.0,113108464981.7,1.81,4992.91,sh000905
2024-06-25 00:00:00,4989.07,4948.63,5007.34,4918.04,91636779.0,104683752506.4,1.79,4948.63,sh000905
2024-06-26 00:00:00,4942.17,5020.43,5024.77,4915.66,93394621.0,102152255030.0,2.2,5020.43,sh000905
2024-06-27 00:00:00,4998.99,4928.05,5000.18,4925.16,88537187.0,97364975399.3,1.49,4928.05,sh000905
2024-06-28 00:00:00,4914.67,4942.78,5003.41,4914.55,106308342.0,114743251798.9,1.8,4942.78,sh000905
2024-07-01 00:00:00,4943.79,5003.16,5017.61,4929.09,97312793.0,110821074065.9,1.79,5003.16,sh000905
2024-07-02 00:00:00,5000.58,4949.48,5002.74,4934.12,96209334.0,105902911013.0,1.37,4949.48,sh000905
2024-07-03 00:00:00,4945.4,4910.92,4950.51,4905.39,84528331.0,96121126342.0,0.91,4910.92,sh000905
2024-07-04 00:00:00,4917.44,4834.5,4935.61,4827.34,91008466.0,98771611006.7,2.2,4834.5,sh000905
2024-07-05 00:00:00,4828.86,4866.26,4877.93,4794.13,83133279.0,93724633826.8,1.73,4866.26,sh000905
2024-07-08 00:00:00,4857.02,4783.62,4857.27,4768.56,90254500.0,96789200226.5,1.82,4783.62,sh000905
2024-07-09 00:00:00,4775.31,4876.9,4888.48,4745.32,111401968.0,126704548339.3,2.99,4876.9,sh000905
2024-07-10 00:00:00,4857.48,4844.16,4891.37,4836.17,100953186.0,117244916014.0,1.13,4844.16,sh000905
2024-07-11 00:00:00,4902.81,4939.73,4941.7,4871.17,115275494.0,133127527342.5,1.46,4939.73,sh000905
2024-07-12 00:00:00,4926.98,4919.36,4937.35,4905.8,97175106.0,115594261299.6,0.64,4919.36,sh000905
2024-07-15 00:00:00,4903.52,4883.9,4903.52,4868.74,86824312.0,102734711417.3,0.71,4883.9,sh000905
2024-07-16 00:00:00,4877.6,4898.36,4907.83,4850.43,87267978.0,113648284397.5,1.18,4898.36,sh000905
2024-07-17 00:00:00,4893.41,4856.58,4900.36,4853.6,96909547.0,117932902593.7,0.95,4856.58,sh000905
2024-07-18 00:00:00,4822.13,4877.69,4879.69,4793.43,96654750.0,115283847816.1,1.78,4877.69,sh000905
2024-07-19 00:00:00,4853.04,4872.05,4900.38,4842.93,93290746.0,111989382468.3,1.18,4872.05,sh000905
2024-07-22 00:00:00,4872.64,4865.98,4885.36,4839.11,92710458.0,110307683161.2,0.95,4865.98,sh000905
2024-07-23 00:00:00,4862.97,4722.8,4862.97,4722.8,102403712.0,110578297603.3,2.88,4722.8,sh000905
2024-07-24 00:00:00,4712.29,4668.06,4738.76,4661.83,112674635.0,103026731862.0,1.63,4668.06,sh000905
2024-07-25 00:00:00,4644.42,4665.45,4710.46,4635.24,88600074.0,95885153870.2,1.61,4665.45,sh000905
2024-07-26 00:00:00,4670.45,4736.38,4744.45,4670.45,86472049.0,94118612207.0,1.59,4736.38,sh000905
2024-07-29 00:00:00,4740.5,4708.84,4742.15,4702.98,81102039.0,90979232032.0,0.83,4708.84,sh000905
2024-07-30 00:00:00,4694.52,4699.28,4712.04,4650.56,83353382.0,86181033613.6,1.31,4699.28,sh000905
2024-07-31 00:00:00,4694.73,4886.41,4887.92,4687.05,143180919.0,146601666177.8,4.27,4886.41,sh000905
2024-08-01 00:00:00,4893.87,4852.97,4928.24,4834.65,113213393.0,119765528788.7,1.92,4852.97,sh000905
2024-08-02 00:00:00,4816.94,4788.62,4874.71,4783.12,98529844.0,105654740577.4,1.89,4788.62,sh000905
2024-08-05 00:00:00,4756.08,4693.85,4846.54,4693.82,113338148.0,123487463651.4,3.19,4693.85,sh000905
2024-08-06 00:00:00,4740.45,4750.78,4774.93,4699.18,107774770.0,105286322238.1,1.61,4750.78,sh000905
2024-08-07 00:00:00,4747.98,4751.94,4783.42,4719.94,96989481.0,96834771203.2,1.34,4751.94,sh000905
2024-08-08 00:00:00,4737.09,4755.81,4791.66,4701.79,104309253.0,95364149202.0,1.89,4755.81,sh000905
2024-08-09 00:00:00,4778.26,4720.31,4805.1,4720.31,108819586.0,88057504682.2,1.78,4720.31,sh000905
2024-08-12 00:00:00,4716.96,4714.16,4737.19,4696.05,89100832.0,76375856580.1,0.87,4714.16,sh000905
2024-08-13 00:00:00,4713.96,4731.84,4731.84,4680.59,81365173.0,71101413451.5,1.09,4731.84,sh000905
2024-08-14 00:00:00,4729.81,4667.07,4730.24,4667.07,74588030.0,68308163886.2,1.33,4667.07,sh000905
2024-08-15 00:00:00,4656.7,4698.38,4746.41,4647.79,90973293.0,83712897622.1,2.11,4698.38,sh000905
2024-08-16 00:00:00,4703.6,4670.38,4708.02,4662.11,87379580.0,81927269812.8,0.98,4670.38,sh000905
2024-08-19 00:00:00,4666.33,4682.96,4729.87,4666.26,87136867.0,80742361426.1,1.36,4682.96,sh000905
2024-08-20 00:00:00,4684.29,4602.01,4686.36,4590.39,91846146.0,81351685184.9,2.05,4602.01,sh000905
2024-08-21 00:00:00,4589.09,4587.12,4610.87,4582.27,83526910.0,74809964819.1,0.62,4587.12,sh000905
2024-08-22 00:00:00,4589.5,4533.37,4595.05,4526.25,85856868.0,78202476718.8,1.5,4533.37,sh000905
2024-08-23 00:00:00,4523.99,4537.09,4549.3,4513.2,75778364.0,71369991695.7,0.8,4537.09,sh000905
2024-08-26 00:00:00,4542.86,4544.36,4558.59,4523.73,87118296.0,84365247766.9,0.77,4544.36,sh000905
2024-08-27 00:00:00,4532.49,4495.29,4532.49,4487.09,82529205.0,78742868644.7,1.0,4495.29,sh000905
2024-08-28 00:00:00,4486.43,4500.01,4527.77,4482.03,82681199.0,74244549232.7,1.02,4500.01,sh000905
2024-08-29 00:00:00,4483.55,4557.9,4577.79,4475.22,103115562.0,96829969885.4,2.28,4557.9,sh000905
2024-08-30 00:00:00,4557.5,4639.11,4704.34,4548.38,151593361.0,144749168233.3,3.42,4639.11,sh000905
2024-09-02 00:00:00,4631.9,4546.88,4632.31,4546.84,126368517.0,115893027848.1,1.84,4546.88,sh000905
2024-09-03 00:00:00,4543.22,4596.48,4612.28,4543.22,98589686.0,92749159672.5,1.52,4596.48,sh000905
2024-09-04 00:00:00,4567.69,4582.08,4623.38,4552.3,92435685.0,88646018095.4,1.55,4582.08,sh000905
2024-09-05 00:00:00,4585.17,4601.09,4630.64,4582.05,80583723.0,80148632780.7,1.06,4601.09,sh000905
2024-09-06 00:00:00,4609.34,4537.45,4613.31,4535.35,90147596.0,80215749103.2,1.69,4537.45,sh000905
2024-09-09 00:00:00,4517.57,4507.19,4541.79,4487.84,91944608.0,81907584834.7,1.19,4507.19,sh000905
2024-09-10 00:00:00,4509.32,4507.71,4528.67,4432.91,98529542.0,87011759811.7,2.12,4507.71,sh000905
2024-09-11 00:00:00,4490.19,4514.92,4529.35,4479.03,85206842.0,81707868059.9,1.12,4514.92,sh000905
2024-09-12 00:00:00,4518.99,4496.59,4568.75,4496.59,86654304.0,80916511375.5,1.6,4496.59,sh000905
2024-09-13 00:00:00,4500.39,4450.96,4509.07,4450.96,92533757.0,85710614259.9,1.29,4450.96,sh000905
2024-09-18 00:00:00,4450.09,4462.87,4474.72,4397.16,90989683.0,79102523647.7,1.74,4462.87,sh000905
2024-09-19 00:00:00,4481.46,4520.39,4565.39,4437.54,115611868.0,105405904204.6,2.86,4520.39,sh000905
2024-09-20 00:00:00,4514.96,4498.39,4515.81,4471.94,94312044.0,89084435754.7,0.97,4498.39,sh000905
2024-09-23 00:00:00,4495.78,4494.69,4545.54,4483.13,89935227.0,85104838086.0,1.39,4494.69,sh000905
2024-09-24 00:00:00,4524.22,4689.6,4690.57,4503.12,177144703.0,159947071682.9,4.17,4689.6,sh000905
2024-09-25 00:00:00,4743.63,4731.48,4847.2,4724.43,204593519.0,182209573751.3,2.62,4731.48,sh000905
2024-09-26 00:00:00,4726.0,4938.18,4938.18,4719.35,229930323.0,196122560309.1,4.62,4938.18,sh000905
2024-09-27 00:00:00,5027.26,5201.67,5227.96,5021.51,230177508.0,232646658012.5,4.18,5201.67,sh000905
2024-09-30 00:00:00,5449.79,5743.22,5757.92,5387.34,388703200.0,418784669568.5,7.12,5743.22,sh000905
2024-10-08 00:00:00,6417.81,6155.58,6417.81,5868.85,493546420.0,579263323621.8,9.56,6155.58,sh000905
2024-10-09 00:00:00,6013.7,5735.64,6088.08,5704.48,431156416.0,529447530363.7,6.23,5735.64,sh000905
2024-10-10 00:00:00,5768.61,5690.88,5875.94,5597.48,353480245.0,390814224053.0,4.85,5690.88,sh000905
2024-10-11 00:00:00,5650.05,5470.81,5652.85,5408.87,244383373.0,266749263112.0,4.29,5470.81,sh000905
2024-10-14 00:00:00,5503.65,5608.15,5623.97,5408.39,250608541.0,279231292488.6,3.94,5608.15,sh000905
2024-10-15 00:00:00,5578.26,5472.56,5661.07,5471.88,238997019.0,276816614630.7,3.37,5472.56,sh000905
2024-10-16 00:00:00,5393.67,5461.09,5546.18,5393.67,205450926.0,222425749319.4,2.79,5461.09,sh000905
2024-10-17 00:00:00,5499.77,5418.99,5541.03,5417.88,202768685.0,234458932483.4,2.26,5418.99,sh000905
2024-10-18 00:00:00,5416.03,5640.02,5774.14,5404.2,287114219.0,352062136787.1,6.83,5640.02,sh000905
2024-10-21 00:00:00,5680.56,5704.23,5797.88,5631.23,266885186.0,359965731439.6,2.95,5704.23,sh000905
2024-10-22 00:00:00,5703.32,5753.85,5779.3,5673.79,237023624.0,312584329119.8,1.85,5753.85,sh000905
2024-10-23 00:00:00,5745.11,5776.38,5853.46,5727.77,273412640.0,336167749458.4,2.18,5776.38,sh000905
2024-10-24 00:00:00,5747.56,5726.7,5759.87,5694.78,207690046.0,257232250889.5,1.13,5726.7,sh000905
2024-10-25 00:00:00,5735.29,5809.69,5855.26,5729.44,236725708.0,299590180533.3,2.2,5809.69,sh000905
2024-10-28 00:00:00,5816.33,5883.72,5883.72,5787.48,270653787.0,312663682663.8,1.66,5883.72,sh000905
2024-10-29 00:00:00,5903.31,5812.53,5917.21,5807.29,275371143.0,332481504886.9,1.87,5812.53,sh000905
2024-10-30 00:00:00,5793.83,5837.93,5869.11,5777.43,252021275.0,315956554496.2,1.58,5837.93,sh000905
2024-10-31 00:00:00,5839.98,5901.29,5935.18,5812.03,313549202.0,377454102584.7,2.11,5901.29,sh000905
2024-11-01 00:00:00,5893.32,5831.82,5934.2,5795.08,369840641.0,429257467070.0,2.36,5831.82,sh000905
2024-11-04 00:00:00,5835.39,5928.91,5928.91,5835.39,286552294.0,342776867779.9,1.6,5928.91,sh000905
2024-11-05 00:00:00,5925.87,6111.97,6119.25,5910.89,366344492.0,441462863294.4,3.51,6111.97,sh000905
2024-11-06 00:00:00,6134.92,6125.79,6204.53,6081.81,415187737.0,502324104677.0,2.01,6125.79,sh000905
2024-11-07 00:00:00,6061.73,6239.56,6240.76,6049.59,418413323.0,465814955829.2,3.12,6239.56,sh000905
2024-11-08 00:00:00,6306.8,6222.45,6333.68,6206.29,385648347.0,470080201608.9,2.04,6222.45,sh000905
2024-11-11 00:00:00,6211.03,6330.62,6330.8,6199.06,334096921.0,453328339552.7,2.12,6330.62,sh000905
2024-11-12 00:00:00,6349.23,6263.88,6382.98,6205.1,332856919.0,452685440809.0,2.81,6263.88,sh000905
2024-11-13 00:00:00,6234.16,6259.84,6282.28,6162.9,260400673.0,347812976326.8,1.91,6259.84,sh000905
2024-11-14 00:00:00,6240.61,6078.31,6240.61,6068.66,239743138.0,317335892174.5,2.75,6078.31,sh000905
2024-11-15 00:00:00,6055.54,5924.48,6093.42,5924.35,236226042.0,309679795180.8,2.78,5924.48,sh000905
2024-11-18 00:00:00,5940.49,5833.04,5977.49,5799.91,282527224.0,296423264134.4,3.0,5833.04,sh000905
2024-11-19 00:00:00,5836.61,5936.6,5936.93,5776.2,241404215.0,262477730599.7,2.76,5936.6,sh000905
2024-11-20 00:00:00,5920.32,5992.39,6015.23,5909.11,217345224.0,261005441610.0,1.79,5992.39,sh000905
2024-11-21 00:00:00,5973.15,5985.31,6009.63,5937.81,206198941.0,252722313895.1,1.2,5985.31,sh000905
2024-11-22 00:00:00,5969.08,5750.25,5983.34,5750.25,225066737.0,267675732292.4,3.89,5750.25,sh000905
2024-11-25 00:00:00,5754.55,5735.65,5774.82,5662.09,186005060.0,215261571671.1,1.96,5735.65,sh000905
2024-11-26 00:00:00,5727.37,5690.48,5773.36,5688.58,147562865.0,170186745318.8,1.48,5690.48,sh000905
2024-11-27 00:00:00,5669.55,5804.94,5805.64,5604.0,175313302.0,204528721580.5,3.54,5804.94,sh000905
2024-11-28 00:00:00,5802.8,5757.6,5826.49,5749.29,172183537.0,204358289211.1,1.33,5757.6,sh000905
2024-11-29 00:00:00,5748.17,5851.94,5899.87,5736.41,204255544.0,243571196943.7,2.84,5851.94,sh000905
2024-12-02 00:00:00,5853.71,5943.62,5956.6,5848.42,236181308.0,257212815525.1,1.85,5943.62,sh000905
2024-12-03 00:00:00,5946.74,5932.12,5954.66,5877.8,209870509.0,229346951926.7,1.29,5932.12,sh000905
2024-12-04 00:00:00,5929.48,5879.27,5940.85,5850.91,215991634.0,234212942758.9,1.52,5879.27,sh000905
2024-12-05 00:00:00,5855.74,5901.99,5923.62,5853.53,198542236.0,212251881677.0,1.19,5901.99,sh000905
2024-12-06 00:00:00,5903.5,5979.2,6011.77,5877.04,265329536.0,255600553068.3,2.28,5979.2,sh000905
2024-12-09 00:00:00,5983.33,5947.11,6004.23,5911.36,284462209.0,237294662391.5,1.55,5947.11,sh000905
2024-12-10 00:00:00,6132.29,5992.09,6141.07,5982.58,320527823.0,324711288431.3,2.66,5992.09,sh000905
2024-12-11 00:00:00,5973.33,6047.11,6051.47,5972.27,253883941.0,250011474489.1,1.32,6047.11,sh000905
2024-12-12 00:00:00,6048.78,6100.39,6107.71,6023.23,243653690.0,258380795570.8,1.4,6100.39,sh000905
2024-12-13 00:00:00,6065.95,5988.29,6065.95,5988.29,286328198.0,307316221178.0,1.27,5988.29,sh000905
2024-12-16 00:00:00,5983.16,5912.6,5991.58,5888.04,214647441.0,241790858877.2,1.73,5912.6,sh000905
2024-12-17 00:00:00,5896.97,5848.16,5924.62,5837.25,193108547.0,204630242337.7,1.48,5848.16,sh000905
2024-12-18 00:00:00,5861.26,5888.62,5921.98,5853.16,187996290.0,193282038369.0,1.18,5888.62,sh000905
2024-12-19 00:00:00,5829.26,5901.92,5918.49,5816.47,196531194.0,211287492264.4,1.73,5901.92,sh000905
2024-12-20 00:00:00,5889.95,5917.18,5962.42,5889.95,178090399.0,221132517265.6,1.23,5917.18,sh000905
2024-12-23 00:00:00,5917.69,5818.55,5935.15,5815.34,177315486.0,217347047187.5,2.02,5818.55,sh000905
2024-12-24 00:00:00,5827.16,5895.26,5897.19,5827.16,167365824.0,196112525345.7,1.2,5895.26,sh000905
2024-12-25 00:00:00,5896.43,5840.29,5897.51,5796.65,157279132.0,191269446368.3,1.71,5840.29,sh000905
2024-12-26 00:00:00,5830.72,5887.06,5897.48,5830.72,145319444.0,201723277582.2,1.14,5887.06,sh000905
2024-12-27 00:00:00,5892.69,5899.17,5975.79,5881.72,179085498.0,236680633735.7,1.6,5899.17,sh000905
2024-12-30 00:00:00,5890.46,5898.88,5928.57,5867.85,155565586.0,196182578970.3,1.03,5898.88,sh000905
2024-12-31 00:00:00,5902.03,5725.73,5905.46,5725.73,182158855.0,217194009078.8,3.05,5725.73,sh000905
2025-01-02 00:00:00,5717.92,5545.82,5722.11,5498.82,193763157.0,220078999057.0,3.9,5545.82,sh000905
2025-01-03 00:00:00,5552.75,5427.8,5581.4,5419.74,174077310.0,187233075270.9,2.91,5427.8,sh000905
2025-01-06 00:00:00,5421.07,5427.1,5482.63,5384.33,146265658.0,156743673376.1,1.81,5427.1,sh000905
2025-01-07 00:00:00,5429.17,5484.68,5485.58,5405.13,145065278.0,159836326878.2,1.48,5484.68,sh000905
2025-01-08 00:00:00,5462.32,5461.59,5501.66,5326.93,163849915.0,181141237075.9,3.19,5461.59,sh000905
2025-01-09 00:00:00,5437.81,5456.59,5493.68,5436.7,129832627.0,156798867820.6,1.04,5456.59,sh000905
2025-01-10 00:00:00,5449.0,5369.28,5496.38,5369.28,130179553.0,159984103633.2,2.33,5369.28,sh000905
2025-01-13 00:00:00,5319.7,5381.7,5422.01,5319.27,119682937.0,139406540969.0,1.91,5381.7,sh000905
2025-01-14 00:00:00,5393.76,5572.27,5582.84,5378.59,172142860.0,208083727936.2,3.8,5572.27,sh000905
2025-01-15 00:00:00,5559.58,5522.46,5569.19,5509.58,138393243.0,169060453013.4,1.07,5522.46,sh000905
2025-01-16 00:00:00,5546.7,5545.63,5633.85,5508.91,149318085.0,182995873631.7,2.26,5545.63,sh000905
2025-01-17 00:00:00,5524.21,5587.29,5621.94,5519.41,126691174.0,164437435727.2,1.85,5587.29,sh000905
2025-01-20 00:00:00,5621.92,5614.33,5665.18,5598.16,135712507.0,173426107632.4,1.2,5614.33,sh000905
2025-01-21 00:00:00,5639.6,5633.92,5642.92,5573.5,126491300.0,170909135202.8,1.24,5633.92,sh000905
2025-01-22 00:00:00,5606.85,5607.06,5618.58,5567.78,115374996.0,158106585548.6,0.9,5607.06,sh000905
2025-01-23 00:00:00,5659.37,5584.25,5717.69,5584.25,163419987.0,203633761249.2,2.38,5584.25,sh000905
2025-01-24 00:00:00,5570.48,5649.95,5660.43,5570.48,139438058.0,180858845316.0,1.61,5649.95,sh000905
2025-01-27 00:00:00,5660.48,5589.34,5676.03,5589.34,136546056.0,163085841547.7,1.53,5589.34,sh000905
2025-02-05 00:00:00,5643.17,5614.39,5646.04,5588.56,155674141.0,214999512244.8,1.03,5614.39,sh000905
2025-02-06 00:00:00,5606.87,5747.9,5749.02,5597.32,181428193.0,257122087039.6,2.7,5747.9,sh000905
2025-02-07 00:00:00,5750.29,5833.99,5889.43,5741.73,232718863.0,327949184790.5,2.57,5833.99,sh000905
2025-02-10 00:00:00,5858.24,5888.55,5895.41,5836.17,209300905.0,286253277530.5,1.02,5888.55,sh000905
2025-02-11 00:00:00,5890.37,5858.28,5890.37,5827.38,181920508.0,260281069640.5,1.07,5858.28,sh000905
2025-02-12 00:00:00,5841.36,5940.53,5940.54,5841.32,195446155.0,285438865878.9,1.69,5940.53,sh000905
2025-02-13 00:00:00,5938.2,5898.26,5957.58,5889.7,228281839.0,313080162906.2,1.14,5898.26,sh000905
2025-02-14 00:00:00,5893.93,5947.8,5954.48,5886.95,211914261.0,306627494264.1,1.14,5947.8,sh000905
2025-02-17 00:00:00,5979.84,5948.72,5985.36,5906.27,233901689.0,356940293723.8,1.33,5948.72,sh000905
2025-02-18 00:00:00,5935.5,5840.71,5947.93,5816.05,214941482.0,306905660928.8,2.22,5840.71,sh000905
2025-02-19 00:00:00,5834.95,5943.88,5945.35,5831.48,205298305.0,313960331576.5,1.95,5943.88,sh000905
2025-02-20 00:00:00,5941.6,5957.55,5977.73,5920.57,198207411.0,305885399073.0,0.96,5957.55,sh000905
2025-02-21 00:00:00,5969.65,6057.06,6061.82,5943.19,252317128.0,396960769353.7,1.99,6057.06,sh000905
2025-02-24 00:00:00,6057.38,6044.97,6079.02,6007.18,243813798.0,382362648270.6,1.19,6044.97,sh000905
2025-02-25 00:00:00,5967.04,5979.97,6044.76,5956.18,206833953.0,340316449158.0,1.47,5979.97,sh000905
2025-02-26 00:00:00,5990.29,6051.74,6055.87,5973.86,210860898.0,327265336672.0,1.37,6051.74,sh000905
2025-02-27 00:00:00,6050.19,6028.99,6064.49,5940.34,216652930.0,328254761442.7,2.05,6028.99,sh000905
2025-02-28 00:00:00,5997.92,5859.87,6007.47,5847.15,205223814.0,298290643729.1,2.66,5859.87,sh000905
2025-03-03 00:00:00,5875.95,5885.77,5964.27,5851.56,185024581.0,266955659875.8,1.92,5885.77,sh000905
2025-03-04 00:00:00,5845.47,5937.63,5943.08,5843.46,153922211.0,231145314804.5,1.69,5937.63,sh000905
2025-03-05 00:00:00,5937.11,5950.7,5955.9,5892.53,163071500.0,241738025092.7,1.07,5950.7,sh000905
2025-03-06 00:00:00,5980.38,6047.77,6062.54,5972.6,213042852.0,320542701863.5,1.51,6047.77,sh000905
2025-03-07 00:00:00,6029.38,6013.77,6067.35,5989.32,207437149.0,301122130059.3,1.29,6013.77,sh000905
2025-03-10 00:00:00,6022.68,6013.62,6041.52,5971.81,173044336.0,248513462299.4,1.16,6013.62,sh000905
2025-03-11 00:00:00,5944.42,6044.97,6044.97,5942.91,173855643.0,245205106219.3,1.7,6044.97,sh000905
2025-03-12 00:00:00,6068.38,6040.5,6098.24,6038.82,184763537.0,267906301206.6,0.98,6040.5,sh000905
2025-03-13 00:00:00,6032.85,5993.97,6050.18,5947.78,193710717.0,253622427436.4,1.7,5993.97,sh000905
2025-03-14 00:00:00,5993.97,6099.98,6099.98,5978.53,219245834.0,289038080526.0,2.03,6099.98,sh000905
2025-03-17 00:00:00,6119.61,6108.02,6129.85,6098.51,184317273.0,250160671107.9,0.51,6108.02,sh000905
2025-03-18 00:00:00,6126.04,6133.3,6161.23,6114.21,166023043.0,236342189394.2,0.77,6133.3,sh000905
2025-03-19 00:00:00,6117.42,6101.44,6128.23,6076.56,153893780.0,218871992193.0,0.84,6101.44,sh000905
2025-03-20 00:00:00,6094.84,6059.49,6109.18,6055.38,147187865.0,203849586195.9,0.88,6059.49,sh000905
2025-03-21 00:00:00,6038.99,5971.93,6071.08,5951.8,174103785.0,225801003414.7,1.97,5971.93,sh000905
2025-03-24 00:00:00,5973.05,5969.08,5987.06,5882.88,169192435.0,220094329255.6,1.74,5969.08,sh000905
2025-03-25 00:00:00,5969.42,5946.95,5993.93,5929.67,147483948.0,192227014821.0,1.08,5946.95,sh000905
2025-03-26 00:00:00,5935.85,5948.5,5983.47,5935.85,136702111.0,171695842016.5,0.8,5948.5,sh000905
2025-03-27 00:00:00,5932.52,5957.6,6000.66,5891.77,134708904.0,176590477346.0,1.83,5957.6,sh000905
2025-03-28 00:00:00,5954.73,5916.03,5973.8,5904.92,134261927.0,168899478619.3,1.16,5916.03,sh000905
2025-03-31 00:00:00,5886.96,5857.77,5908.3,5802.42,154256090.0,189563392181.2,1.79,5857.77,sh000905
2025-04-01 00:00:00,5870.94,5892.85,5931.5,5867.85,136448602.0,179327950524.9,1.09,5892.85,sh000905
2025-04-02 00:00:00,5884.89,5899.09,5936.65,5884.11,112159960.0,140642079451.3,0.89,5899.09,sh000905
2025-04-03 00:00:00,5842.62,5845.5,5906.71,5817.97,134938625.0,173662140191.8,1.5,5845.5,sh000905
2025-04-07 00:00:00,5523.96,5287.03,5587.85,5212.68,236522656.0,267397400609.4,6.42,5287.03,sh000905
2025-04-08 00:00:00,5279.76,5326.91,5371.18,5249.23,223840665.0,261875349400.4,2.31,5326.91,sh000905
2025-04-09 00:00:00,5249.68,5439.77,5465.14,5135.97,245118027.0,288257435803.9,6.18,5439.77,sh000905
2025-04-10 00:00:00,5534.56,5544.06,5610.19,5513.95,211963035.0,268666431276.5,1.77,5544.06,sh000905
2025-04-11 00:00:00,5514.19,5581.32,5631.6,5510.89,164411663.0,227659789695.8,2.18,5581.32,sh000905
2025-04-14 00:00:00,5633.78,5627.14,5661.8,5608.73,155487077.0,207470466690.5,0.95,5627.14,sh000905
2025-04-15 00:00:00,5625.0,5602.53,5626.68,5567.03,123273708.0,161900884812.5,1.06,5602.53,sh000905
2025-04-16 00:00:00,5589.78,5556.86,5592.67,5492.65,132537224.0,163751037649.9,1.79,5556.86,sh000905
2025-04-17 00:00:00,5527.59,5557.01,5604.62,5526.89,113652382.0,148283242243.4,1.4,5557.01,sh000905
2025-04-18 00:00:00,5546.97,5560.72,5579.48,5525.4,111644258.0,139804146811.9,0.97,5560.72,sh000905
2025-04-21 00:00:00,5556.51,5642.38,5646.22,5535.7,123111883.0,160264813233.9,1.99,5642.38,sh000905
2025-04-22 00:00:00,5634.89,5624.21,5651.55,5617.88,124666689.0,164464321326.5,0.6,5624.21,sh000905
2025-04-23 00:00:00,5647.91,5634.95,5670.26,5614.77,127007764.0,177991292765.2,0.99,5634.95,sh000905
2025-04-24 00:00:00,5633.02,5605.88,5651.53,5583.43,122696696.0,157899194340.6,1.21,5605.88,sh000905
2025-04-25 00:00:00,5613.14,5627.18,5661.59,5596.53,140000800.0,171933817273.4,1.16,5627.18,sh000905
2025-04-28 00:00:00,5624.42,5598.3,5628.08,5587.79,136218094.0,167616287077.3,0.72,5598.3,sh000905
2025-04-29 00:00:00,5583.72,5604.91,5622.02,5571.24,126742927.0,158033003939.8,0.91,5604.91,sh000905
2025-04-30 00:00:00,5604.65,5631.82,5647.78,5603.17,138386621.0,181616584522.5,0.8,5631.82,sh000905
2025-05-06 00:00:00,5668.88,5740.33,5740.33,5666.47,162773606.0,217059975785.3,1.31,5740.33,sh000905
2025-05-07 00:00:00,5805.66,5750.29,5819.24,5713.27,171011757.0,227566204818.1,1.85,5750.29,sh000905
2025-05-08 00:00:00,5731.72,5773.81,5783.79,5724.95,136140322.0,187032631458.8,1.02,5773.81,sh000905
2025-05-09 00:00:00,5770.44,5721.72,5770.44,5705.17,123939007.0,178162276679.5,1.13,5721.72,sh000905
2025-05-12 00:00:00,5751.44,5793.67,5794.52,5737.46,135824367.0,199426833721.2,1.0,5793.67,sh000905
2025-05-13 00:00:00,5838.03,5781.67,5838.03,5772.07,138271081.0,194252270526.7,1.14,5781.67,sh000905
2025-05-14 00:00:00,5778.08,5799.12,5835.49,5750.54,156279994.0,188145126840.3,1.47,5799.12,sh000905
2025-05-15 00:00:00,5786.78,5715.3,5786.78,5715.29,135160768.0,165136693963.9,1.23,5715.3,sh000905
2025-05-16 00:00:00,5703.74,5715.85,5735.01,5703.74,116709136.0,141882122895.5,0.55,5715.85,sh000905
2025-05-19 00:00:00,5719.44,5720.79,5729.07,5669.72,115384939.0,141098692009.1,1.04,5720.79,sh000905
2025-05-20 00:00:00,5723.51,5747.37,5759.46,5707.81,116896615.0,151751185853.6,0.9,5747.37,sh000905
2025-05-21 00:00:00,5741.69,5757.92,5763.08,5733.83,115804542.0,155147378006.4,0.51,5757.92,sh000905
2025-05-22 00:00:00,5739.19,5703.28,5757.79,5701.16,109057720.0,141620883824.3,0.98,5703.28,sh000905
2025-05-23 00:00:00,5697.14,5653.04,5738.08,5653.04,114361198.0,148123602870.9,1.49,5653.04,sh000905
2025-05-26 00:00:00,5653.21,5669.46,5693.63,5644.58,97170989.0,127343603493.8,0.87,5669.46,sh000905
2025-05-27 00:00:00,5666.3,5652.15,5667.87,5629.13,95149363.0,125275690002.2,0.68,5652.15,sh000905
2025-05-28 00:00:00,5651.88,5637.24,5660.47,5628.42,94908883.0,119959827369.0,0.57,5637.24,sh000905
2025-05-29 00:00:00,5637.06,5719.91,5724.52,5637.06,114682484.0,148095092966.2,1.55,5719.91,sh000905
2025-05-30 00:00:00,5704.77,5671.07,5704.77,5665.52,109900707.0,137670579253.9,0.69,5671.07,sh000905
2025-06-03 00:00:00,5653.67,5694.84,5710.42,5653.3,122853903.0,159996843500.1,1.01,5694.84,sh000905
2025-06-04 00:00:00,5696.57,5739.01,5744.45,5696.57,116196077.0,150314940398.1,0.84,5739.01,sh000905
2025-06-05 00:00:00,5741.03,5769.97,5778.1,5719.55,125223584.0,174970104156.2,1.02,5769.97,sh000905
2025-06-06 00:00:00,5768.4,5762.08,5771.76,5750.66,108217660.0,148022372105.1,0.37,5762.08,sh000905
2025-06-09 00:00:00,5772.78,5805.65,5823.9,5765.35,128188619.0,171482411225.9,1.02,5805.65,sh000905
2025-06-10 00:00:00,5809.83,5757.99,5810.92,5715.97,138269181.0,182980299992.1,1.64,5757.99,sh000905
2025-06-11 00:00:00,5758.53,5792.95,5818.57,5758.53,123716707.0,161353672422.0,1.04,5792.95,sh000905
2025-06-12 00:00:00,5780.97,5799.93,5808.8,5766.52,125615846.0,165393538363.1,0.73,5799.93,sh000905
2025-06-13 00:00:00,5783.16,5740.24,5794.67,5728.21,167613374.0,216010351562.9,1.15,5740.24,sh000905
2021-01-04 00:00:00,6395.61,6482.79,6501.59,6359.08,186621210.0,211126910976.0,2.24,6482.79,sh000905
2021-01-05 00:00:00,6470.25,6539.73,6539.73,6452.52,196726292.0,227033006080.0,1.35,6539.73,sh000905
2021-01-06 00:00:00,6549.73,6528.14,6569.2,6472.74,178521085.0,209333366784.0,1.47,6528.14,sh000905
2021-01-07 00:00:00,6523.68,6538.12,6567.27,6467.44,197135642.0,219238805504.0,1.53,6538.12,sh000905
2021-01-08 00:00:00,6541.56,6557.6,6598.38,6484.4,180837430.0,207113826304.0,1.74,6557.6,sh000905
2021-01-11 00:00:00,6557.45,6455.4,6572.85,6419.73,183257272.0,217940398080.0,2.34,6455.4,sh000905
2021-01-12 00:00:00,6425.81,6543.23,6543.23,6425.81,162311237.0,199048531968.0,1.82,6543.23,sh000905
2021-01-13 00:00:00,6550.03,6496.91,6553.65,6457.88,184913421.0,222962630656.0,1.46,6496.91,sh000905
2021-01-14 00:00:00,6471.79,6439.89,6516.27,6402.6,163023816.0,198732648448.0,1.75,6439.89,sh000905
2021-01-15 00:00:00,6427.13,6417.5,6447.88,6339.43,138243200.0,166962802688.0,1.68,6417.5,sh000905
2021-01-18 00:00:00,6414.83,6514.46,6529.41,6392.07,136832806.0,169891545088.0,2.14,6514.46,sh000905
2021-01-19 00:00:00,6510.48,6476.37,6532.65,6456.12,147616717.0,174545108992.0,1.17,6476.37,sh000905
2021-01-20 00:00:00,6477.67,6535.42,6535.48,6449.28,128525432.0,153378910208.0,1.33,6535.42,sh000905
2021-01-21 00:00:00,6552.03,6622.5,6649.86,6550.88,156809587.0,189208743936.0,1.51,6622.5,sh000905
2021-01-22 00:00:00,6619.86,6637.81,6643.67,6573.82,158062310.0,202861674496.0,1.05,6637.81,sh000905
2021-01-25 00:00:00,6636.22,6645.31,6711.57,6599.97,165623104.0,223556747264.0,1.68,6645.31,sh000905
2021-01-26 00:00:00,6621.15,6532.96,6624.45,6515.26,143371310.0,191892389888.0,1.64,6532.96,sh000905
2021-01-27 00:00:00,6527.68,6557.16,6564.29,6481.16,139760049.0,174776066048.0,1.27,6557.16,sh000905
2021-01-28 00:00:00,6475.86,6414.38,6529.84,6405.81,144825405.0,174817693696.0,1.89,6414.38,sh000905
2021-01-29 00:00:00,6448.67,6346.14,6462.37,6255.7,146041582.0,172077244416.0,3.22,6346.14,sh000905
2021-02-01 00:00:00,6338.64,6393.28,6397.01,6328.34,137325184.0,157579284480.0,1.08,6393.28,sh000905
2021-02-02 00:00:00,6404.85,6454.79,6459.48,6361.09,132394314.0,161720463360.0,1.54,6454.79,sh000905
2021-02-03 00:00:00,6459.66,6399.33,6484.49,6399.33,145457155.0,175699415040.0,1.32,6399.33,sh000905
2021-02-04 00:00:00,6375.67,6328.79,6414.3,6249.53,148861330.0,173708935168.0,2.57,6328.79,sh000905
2021-02-05 00:00:00,6343.83,6239.87,6382.96,6236.27,135132879.0,162500628480.0,2.32,6239.87,sh000905
2021-02-08 00:00:00,6247.92,6323.16,6354.02,6215.73,116134003.0,141592203264.0,2.22,6323.16,sh000905
2021-02-09 00:00:00,6334.42,6457.88,6468.43,6330.79,119319109.0,146850922496.0,2.18,6457.88,sh000905
2021-02-10 00:00:00,6474.75,6525.17,6542.75,6424.72,119042660.0,150035763200.0,1.83,6525.17,sh000905
2021-02-18 00:00:00,6657.31,6614.54,6678.61,6564.31,166892393.0,194996420608.0,1.75,6614.54,sh000905
2021-02-19 00:00:00,6600.25,6703.48,6706.39,6542.78,178767818.0,201468755968.0,2.47,6703.48,sh000905
2021-02-22 00:00:00,6731.51,6657.06,6810.92,6657.06,237065585.0,259948294144.0,2.3,6657.06,sh000905
2021-02-23 00:00:00,6613.6,6631.23,6701.43,6609.08,192656865.0,206144663552.0,1.39,6631.23,sh000905
2021-02-24 00:00:00,6633.28,6536.19,6661.43,6477.75,173718833.0,196797837312.0,2.77,6536.19,sh000905
2021-02-25 00:00:00,6600.21,6499.15,6609.56,6484.55,162068183.0,171451162624.0,1.91,6499.15,sh000905
2021-02-26 00:00:00,6365.74,6364.35,6446.95,6346.13,150760207.0,163655503872.0,1.55,6364.35,sh000905
2021-03-01 00:00:00,6407.16,6488.44,6491.94,6404.89,158608438.0,165792206848.0,1.37,6488.44,sh000905
2021-03-02 00:00:00,6514.02,6433.33,6514.02,6386.49,165877069.0,174025453568.0,1.97,6433.33,sh000905
2021-03-03 00:00:00,6426.04,6524.75,6528.22,6420.21,171017523.0,169667465216.0,1.68,6524.75,sh000905
2021-03-04 00:00:00,6482.79,6401.99,6485.16,6371.73,194334615.0,192657768448.0,1.74,6401.99,sh000905
2021-03-05 00:00:00,6325.75,6403.5,6442.02,6319.53,166504886.0,163666501632.0,1.91,6403.5,sh000905
2021-03-08 00:00:00,6453.78,6256.41,6488.82,6253.7,168546340.0,177120047104.0,3.67,6256.41,sh000905
2021-03-09 00:00:00,6235.31,6108.0,6250.94,6033.41,196432686.0,181888458752.0,3.48,6108.0,sh000905
2021-03-10 00:00:00,6164.77,6062.26,6179.85,6053.02,142554278.0,135611236352.0,2.08,6062.26,sh000905
2021-03-11 00:00:00,6074.33,6213.83,6213.93,6045.55,160814643.0,149412659200.0,2.78,6213.83,sh000905
2021-03-12 00:00:00,6231.48,6222.38,6232.5,6137.99,175746179.0,160346947584.0,1.52,6222.38,sh000905
2021-03-15 00:00:00,6192.3,6173.87,6229.57,6111.36,170799690.0,150564929536.0,1.9,6173.87,sh000905
2021-03-16 00:00:00,6176.07,6195.24,6222.18,6124.78,152845993.0,138852790272.0,1.58,6195.24,sh000905
2021-03-17 00:00:00,6180.89,6225.36,6230.56,6124.05,134840397.0,125106921472.0,1.72,6225.36,sh000905
2021-03-18 00:00:00,6231.19,6273.86,6300.94,6227.19,140725665.0,137984966656.0,1.18,6273.86,sh000905
2021-03-19 00:00:00,6195.25,6206.6,6258.13,6167.51,143238275.0,143898488832.0,1.44,6206.6,sh000905
2021-03-22 00:00:00,6208.93,6305.69,6307.55,6206.08,143041444.0,138484391936.0,1.63,6305.69,sh000905
2021-03-23 00:00:00,6307.98,6219.17,6307.98,6181.13,150964052.0,144085643264.0,2.01,6219.17,sh000905
2021-03-24 00:00:00,6180.31,6142.54,6232.13,6131.82,147673111.0,137684570112.0,1.61,6142.54,sh000905
2021-03-25 00:00:00,6118.87,6157.41,6190.94,6108.26,129307092.0,122101587968.0,1.35,6157.41,sh000905
2021-03-26 00:00:00,6164.82,6251.79,6264.56,6164.82,128887611.0,130405072896.0,1.62,6251.79,sh000905
2021-03-29 00:00:00,6270.0,6254.94,6277.76,6215.8,139633894.0,137607135232.0,0.99,6254.94,sh000905
2021-03-30 00:00:00,6239.47,6280.36,6287.87,6217.33,134409585.0,138902650880.0,1.13,6280.36,sh000905
2021-03-31 00:00:00,6277.7,6254.07,6277.7,6205.94,125128492.0,124539600896.0,1.14,6254.07,sh000905
2021-04-01 00:00:00,6259.41,6311.66,6321.58,6238.31,130374817.0,124971610112.0,1.33,6311.66,sh000905
2021-04-02 00:00:00,6316.56,6326.61,6341.65,6291.71,123938872.0,125309448192.0,0.79,6326.61,sh000905
2021-04-06 00:00:00,6345.89,6343.1,6367.78,6323.24,111489157.0,115979706368.0,0.7,6343.1,sh000905
2021-04-07 00:00:00,6350.38,6348.08,6350.38,6289.07,150016776.0,139659141120.0,0.97,6348.08,sh000905
2021-04-08 00:00:00,6332.93,6356.75,6385.2,6309.12,173741279.0,147432804352.0,1.2,6356.75,sh000905
2021-04-09 00:00:00,6345.29,6335.24,6360.45,6307.66,141306900.0,127539220480.0,0.83,6335.24,sh000905
2021-04-12 00:00:00,6325.26,6226.42,6344.16,6203.57,155441439.0,142018338816.0,2.22,6226.42,sh000905
2021-04-13 00:00:00,6210.22,6209.78,6254.9,6193.81,130387709.0,116032380928.0,0.98,6209.78,sh000905
2021-04-14 00:00:00,6206.64,6277.21,6287.84,6206.64,117438218.0,107282817024.0,1.31,6277.21,sh000905
2021-04-15 00:00:00,6263.63,6276.46,6281.43,6211.66,119776177.0,111582126080.0,1.11,6276.46,sh000905
2021-04-16 00:00:00,6283.86,6339.59,6344.95,6276.43,126764654.0,119984627712.0,1.09,6339.59,sh000905
2021-04-19 00:00:00,6331.71,6425.26,6431.78,6315.08,142200929.0,144720531456.0,1.84,6425.26,sh000905
2021-04-20 00:00:00,6419.73,6428.54,6467.38,6410.28,134674524.0,143364747264.0,0.89,6428.54,sh000905
2021-04-21 00:00:00,6396.27,6420.26,6434.63,6369.77,121051732.0,128354893824.0,1.01,6420.26,sh000905
2021-04-22 00:00:00,6444.28,6445.47,6472.8,6424.75,124923876.0,131906162688.0,0.75,6445.47,sh000905
2021-04-23 00:00:00,6445.52,6462.76,6463.97,6412.99,126117307.0,135170990080.0,0.79,6462.76,sh000905
2021-04-26 00:00:00,6480.3,6442.65,6546.64,6437.19,144964140.0,166586765312.0,1.69,6442.65,sh000905
2021-04-27 00:00:00,6434.61,6446.28,6466.25,6399.44,125894712.0,138320089088.0,1.04,6446.28,sh000905
2021-04-28 00:00:00,6433.1,6489.74,6489.74,6410.32,117234944.0,136377847808.0,1.23,6489.74,sh000905
2021-04-29 00:00:00,6495.65,6491.93,6502.43,6453.52,128305439.0,145502310400.0,0.75,6491.93,sh000905
2021-04-30 00:00:00,6470.35,6485.71,6503.15,6434.73,144254239.0,163746328576.0,1.05,6485.71,sh000905
2021-05-06 00:00:00,6503.6,6489.35,6548.07,6440.33,154141980.0,167436128256.0,1.66,6489.35,sh000905
2021-05-07 00:00:00,6505.58,6444.44,6524.18,6439.89,177518748.0,177915641856.0,1.3,6444.44,sh000905
2021-05-10 00:00:00,6461.42,6475.99,6493.5,6437.11,189080133.0,180906622976.0,0.88,6475.99,sh000905
2021-05-11 00:00:00,6436.29,6456.04,6472.87,6349.79,187263611.0,175350132736.0,1.9,6456.04,sh000905
2021-05-12 00:00:00,6434.91,6512.05,6521.49,6419.74,156490931.0,150127198208.0,1.58,6512.05,sh000905
2021-05-13 00:00:00,6448.96,6439.03,6497.0,6426.58,159658647.0,155853651968.0,1.08,6439.03,sh000905
2021-05-14 00:00:00,6454.68,6525.8,6525.8,6421.21,166243407.0,163611262976.0,1.62,6525.8,sh000905
2021-05-17 00:00:00,6521.89,6578.14,6613.89,6521.89,159363758.0,172029263872.0,1.41,6578.14,sh000905
2021-05-18 00:00:00,6578.97,6599.6,6604.69,6558.78,132505490.0,141986529280.0,0.7,6599.6,sh000905
2021-05-19 00:00:00,6582.1,6584.39,6590.98,6544.84,135181256.0,146346352640.0,0.7,6584.39,sh000905
2021-05-20 00:00:00,6541.09,6548.71,6580.44,6506.41,162329923.0,167135805440.0,1.12,6548.71,sh000905
2021-05-21 00:00:00,6557.49,6527.86,6570.46,6512.81,134350694.0,145990148096.0,0.88,6527.86,sh000905
2021-05-24 00:00:00,6515.83,6544.12,6564.07,6494.62,137226611.0,150739210240.0,1.06,6544.12,sh000905
2021-05-25 00:00:00,6549.34,6619.67,6628.69,6524.3,144692037.0,158035570688.0,1.6,6619.67,sh000905
2021-05-26 00:00:00,6631.37,6628.21,6642.38,6612.42,156237002.0,169904623616.0,0.45,6628.21,sh000905
2021-05-27 00:00:00,6629.24,6685.41,6685.48,6620.72,145166676.0,164642447360.0,0.98,6685.41,sh000905
2021-05-28 00:00:00,6699.28,6668.17,6718.09,6643.64,157318385.0,176611766272.0,1.11,6668.17,sh000905
2021-05-31 00:00:00,6681.55,6728.99,6729.07,6667.26,146929492.0,176728707072.0,0.93,6728.99,sh000905
2021-06-01 00:00:00,6718.64,6739.76,6742.98,6656.66,161091958.0,185038577664.0,1.28,6739.76,sh000905
2021-06-02 00:00:00,6740.5,6681.43,6748.15,6662.75,157365320.0,174265552896.0,1.27,6681.43,sh000905
2021-06-03 00:00:00,6680.1,6667.73,6744.52,6654.46,154885691.0,167598940160.0,1.35,6667.73,sh000905
2021-06-04 00:00:00,6642.06,6693.06,6725.69,6628.01,137866404.0,161257144320.0,1.46,6693.06,sh000905
2021-06-07 00:00:00,6705.74,6721.5,6729.85,6689.7,140560896.0,174154018816.0,0.6,6721.5,sh000905
2021-06-08 00:00:00,6726.09,6684.56,6752.63,6652.39,138684946.0,169906610176.0,1.49,6684.56,sh000905
2021-06-09 00:00:00,6677.14,6692.9,6712.25,6656.05,136511035.0,155486113792.0,0.84,6692.9,sh000905
2021-06-10 00:00:00,6688.82,6765.64,6773.46,6683.49,154280965.0,177003016192.0,1.34,6765.64,sh000905
2021-06-11 00:00:00,6773.64,6725.92,6775.86,6717.27,169569608.0,194413371392.0,0.87,6725.92,sh000905
2021-06-15 00:00:00,6734.1,6663.66,6736.54,6649.2,152209249.0,166359281664.0,1.3,6663.66,sh000905
2021-06-16 00:00:00,6659.49,6566.29,6662.78,6554.89,136807877.0,152269455360.0,1.62,6566.29,sh000905
2021-06-17 00:00:00,6554.3,6616.17,6618.5,6554.3,124492562.0,143795949568.0,0.98,6616.17,sh000905
2021-06-18 00:00:00,6610.27,6657.76,6671.88,6587.03,138022582.0,161540071424.0,1.28,6657.76,sh000905
2021-06-21 00:00:00,6652.65,6707.18,6722.98,6638.52,143031173.0,174776561664.0,1.27,6707.18,sh000905
2021-06-22 00:00:00,6723.3,6739.79,6748.97,6691.82,146543498.0,170147487744.0,0.85,6739.79,sh000905
2021-06-23 00:00:00,6741.58,6789.95,6803.97,6720.58,155309609.0,184582045696.0,1.24,6789.95,sh000905
2021-06-24 00:00:00,6791.86,6754.87,6791.86,6743.33,145046523.0,172627660800.0,0.71,6754.87,sh000905
2021-06-25 00:00:00,6748.87,6813.41,6824.86,6739.02,151485660.0,174329253888.0,1.27,6813.41,sh000905
2021-06-28 00:00:00,6814.32,6828.52,6843.52,6802.86,145504051.0,175447982080.0,0.6,6828.52,sh000905
2021-06-29 00:00:00,6833.06,6765.42,6835.05,6756.92,136625723.0,167622238208.0,1.14,6765.42,sh000905
2021-06-30 00:00:00,6767.74,6808.18,6812.38,6757.34,125406162.0,155031842816.0,0.81,6808.18,sh000905
2021-07-01 00:00:00,6827.7,6716.67,6827.7,6716.67,138350812.0,168199909376.0,1.63,6716.67,sh000905
2021-07-02 00:00:00,6701.06,6658.05,6718.51,6651.48,136472287.0,162302316544.0,1.0,6658.05,sh000905
2021-07-05 00:00:00,6670.13,6711.01,6716.15,6663.54,134734720.0,165135855616.0,0.79,6711.01,sh000905
2021-07-06 00:00:00,6727.97,6709.5,6747.85,6633.61,145017953.0,183569346560.0,1.7,6709.5,sh000905
2021-07-07 00:00:00,6661.85,6764.13,6765.43,6642.57,147646953.0,176266752000.0,1.83,6764.13,sh000905
2021-07-08 00:00:00,6774.84,6748.65,6797.08,6740.85,159564544.0,203043020800.0,0.83,6748.65,sh000905
2021-07-09 00:00:00,6721.61,6804.54,6814.65,6683.79,166107003.0,204576735232.0,1.94,6804.54,sh000905
2021-07-12 00:00:00,6852.48,6904.38,6926.76,6840.02,193561044.0,239883546624.0,1.27,6904.38,sh000905
2021-07-13 00:00:00,6901.81,6961.85,6961.97,6889.03,179620844.0,223831191552.0,1.06,6961.85,sh000905
2021-07-14 00:00:00,6953.82,6898.75,6973.61,6898.75,171735447.0,214904537088.0,1.08,6898.75,sh000905
2021-07-15 00:00:00,6874.8,6932.41,6936.58,6828.48,173221107.0,205199286272.0,1.57,6932.41,sh000905
2021-07-16 00:00:00,6931.05,6925.12,6992.83,6922.35,184907858.0,221559304192.0,1.02,6925.12,sh000905
2021-07-19 00:00:00,6912.1,6889.34,6931.14,6856.65,169734817.0,208077103104.0,1.08,6889.34,sh000905
2021-07-20 00:00:00,6831.05,6901.13,6901.13,6825.82,140140631.0,171140493312.0,1.09,6901.13,sh000905
2021-07-21 00:00:00,6923.61,6984.54,6998.28,6922.92,163009272.0,204939579392.0,1.09,6984.54,sh000905
2021-07-22 00:00:00,6996.26,7026.55,7026.73,6960.3,190233316.0,219500277760.0,0.95,7026.55,sh000905
2021-07-23 00:00:00,7036.3,6985.75,7061.67,6968.31,225079073.0,253751242752.0,1.33,6985.75,sh000905
2021-07-26 00:00:00,6974.11,6868.21,6986.5,6778.5,208197240.0,242702241792.0,2.98,6868.21,sh000905
2021-07-27 00:00:00,6877.44,6719.26,6925.97,6719.26,228614339.0,266957983744.0,3.01,6719.26,sh000905
2021-07-28 00:00:00,6650.15,6621.98,6709.23,6534.92,197267167.0,222466408448.0,2.59,6621.98,sh000905
2021-07-29 00:00:00,6720.62,6758.89,6773.57,6682.12,171017884.0,209142005760.0,1.38,6758.89,sh000905
2021-07-30 00:00:00,6739.75,6767.32,6775.01,6702.51,189711734.0,222514806784.0,1.07,6767.32,sh000905
2021-08-02 00:00:00,6756.81,6872.0,6875.42,6731.78,206205174.0,249640210432.0,2.12,6872.0,sh000905
2021-08-03 00:00:00,6844.37,6816.01,6879.59,6792.71,194189432.0,237723021312.0,1.26,6816.01,sh000905
2021-08-04 00:00:00,6814.08,6931.34,6931.78,6813.23,174064348.0,216189755392.0,1.74,6931.34,sh000905
2021-08-05 00:00:00,6920.94,6911.83,6946.34,6880.69,179371886.0,226672386048.0,0.95,6911.83,sh000905
2021-08-06 00:00:00,6929.02,6938.87,6947.54,6885.65,172356913.0,214958731264.0,0.9,6938.87,sh000905
2021-08-09 00:00:00,6914.32,6979.53,6989.71,6877.2,173833372.0,210955644928.0,1.62,6979.53,sh000905
2021-08-10 00:00:00,6970.83,7019.23,7019.69,6958.81,173087962.0,222660419584.0,0.87,7019.23,sh000905
2021-08-11 00:00:00,7024.77,7073.52,7076.37,6999.93,188357906.0,221759524864.0,1.09,7073.52,sh000905
2021-08-12 00:00:00,7059.47,7095.2,7115.89,7051.01,194079124.0,226074873856.0,0.92,7095.2,sh000905
2021-08-13 00:00:00,7070.47,7088.89,7124.92,7050.31,192190605.0,221865975808.0,1.05,7088.89,sh000905
2021-08-16 00:00:00,7087.58,7052.49,7102.4,7039.1,188178885.0,222080462848.0,0.89,7052.49,sh000905
2021-08-17 00:00:00,7045.75,6894.4,7063.02,6876.5,201936371.0,226552999936.0,2.64,6894.4,sh000905
2021-08-18 00:00:00,6883.27,6941.01,6950.88,6865.07,175367332.0,191997407232.0,1.24,6941.01,sh000905
2021-08-19 00:00:00,6917.51,6947.06,6978.98,6869.29,171813588.0,194992914432.0,1.58,6947.06,sh000905
2021-08-20 00:00:00,6915.02,6920.02,6952.52,6843.0,175627139.0,205135638528.0,1.58,6920.02,sh000905
2021-08-23 00:00:00,6949.33,7024.56,7031.88,6949.33,189456609.0,216299532288.0,1.19,7024.56,sh000905
2021-08-24 00:00:00,7031.65,7090.78,7098.03,7009.69,202726894.0,236479324160.0,1.26,7090.78,sh000905
2021-08-25 00:00:00,7092.15,7153.0,7153.27,7058.57,198126889.0,228737400832.0,1.34,7153.0,sh000905
2021-08-26 00:00:00,7151.53,7118.84,7175.51,7115.84,230176197.0,255363534848.0,0.83,7118.84,sh000905
2021-08-27 00:00:00,7096.65,7180.11,7185.73,7083.21,223830464.0,258997825536.0,1.44,7180.11,sh000905
2021-08-30 00:00:00,7202.63,7226.88,7262.6,7190.61,250649147.0,301015445504.0,1.0,7226.88,sh000905
2021-08-31 00:00:00,7202.52,7255.34,7255.34,7159.3,245108342.0,288657326080.0,1.33,7255.34,sh000905
2021-09-01 00:00:00,7271.03,7193.1,7278.16,7100.31,295520141.0,331023151104.0,2.45,7193.1,sh000905
2021-09-02 00:00:00,7172.4,7307.01,7309.33,7172.4,253411699.0,271544872960.0,1.9,7307.01,sh000905
2021-09-03 00:00:00,7335.7,7278.68,7385.24,7227.03,288801239.0,315016806400.0,2.17,7278.68,sh000905
2021-09-06 00:00:00,7297.36,7355.4,7359.54,7231.73,255875154.0,273720336384.0,1.76,7355.4,sh000905
2021-09-07 00:00:00,7360.38,7498.93,7501.13,7350.7,260727542.0,280403353600.0,2.05,7498.93,sh000905
2021-09-08 00:00:00,7496.33,7544.04,7549.45,7483.87,272847808.0,287850946560.0,0.87,7544.04,sh000905
2021-09-09 00:00:00,7534.98,7617.45,7617.66,7526.97,287204068.0,302380048384.0,1.2,7617.45,sh000905
2021-09-10 00:00:00,7613.6,7607.67,7661.43,7564.26,293468641.0,322687991808.0,1.28,7607.67,sh000905
2021-09-13 00:00:00,7613.54,7648.75,7650.88,7566.78,263618611.0,298956062720.0,1.11,7648.75,sh000905
2021-09-14 00:00:00,7630.72,7556.62,7688.6,7544.02,271501512.0,306464419840.0,1.89,7556.62,sh000905
2021-09-15 00:00:00,7535.25,7592.31,7627.67,7521.88,233398415.0,274072797184.0,1.4,7592.31,sh000905
2021-09-16 00:00:00,7616.88,7446.94,7657.23,7445.23,267649779.0,301162983424.0,2.79,7446.94,sh000905
2021-09-17 00:00:00,7421.81,7395.56,7471.42,7275.98,233604227.0,259019108352.0,2.62,7395.56,sh000905
2021-09-22 00:00:00,7305.08,7453.62,7453.93,7298.03,196794534.0,221838872576.0,2.11,7453.62,sh000905
2021-09-23 00:00:00,7512.33,7502.84,7543.66,7467.2,241158694.0,267659235328.0,1.03,7502.84,sh000905
2021-09-24 00:00:00,7490.56,7380.38,7490.56,7373.29,231715581.0,248983142400.0,1.56,7380.38,sh000905
2021-09-27 00:00:00,7400.0,7170.59,7410.47,7128.51,239542408.0,255096918016.0,3.82,7170.59,sh000905
2021-09-28 00:00:00,7158.62,7198.9,7227.46,7155.27,202800568.0,196202377216.0,1.01,7198.9,sh000905
2021-09-29 00:00:00,7142.76,7010.22,7161.21,6996.57,210570703.0,207830601728.0,2.29,7010.22,sh000905
2021-09-30 00:00:00,7034.69,7103.61,7116.04,7034.69,202482611.0,186185670656.0,1.16,7103.61,sh000905
2021-10-08 00:00:00,7191.23,7091.34,7198.96,7058.83,205467704.0,202877493248.0,1.97,7091.34,sh000905
2021-10-11 00:00:00,7102.88,7090.47,7123.75,7048.87,195420838.0,194709504000.0,1.06,7090.47,sh000905
2021-10-12 00:00:00,7069.35,6952.19,7079.71,6891.84,201666724.0,194146537472.0,2.65,6952.19,sh000905
2021-10-13 00:00:00,6957.73,6981.59,6991.24,6887.34,162604654.0,163678285824.0,1.49,6981.59,sh000905
2021-10-14 00:00:00,6970.65,7008.33,7033.4,6949.48,154764667.0,162946740224.0,1.2,7008.33,sh000905
2021-10-15 00:00:00,6996.12,7024.16,7034.03,6975.24,174108339.0,188999737344.0,0.84,7024.16,sh000905
2021-10-18 00:00:00,7027.14,7068.1,7071.87,6983.72,175627013.0,194312994816.0,1.25,7068.1,sh000905
2021-10-19 00:00:00,7060.77,7120.38,7127.24,7051.78,168135764.0,182701166592.0,1.07,7120.38,sh000905
2021-10-20 00:00:00,7081.99,7118.8,7154.91,7067.13,170511342.0,186276499456.0,1.23,7118.8,sh000905
2021-10-21 00:00:00,7127.64,7098.25,7145.58,7069.45,167971968.0,184364871680.0,1.07,7098.25,sh000905
2021-10-22 00:00:00,7089.13,7026.07,7110.66,7020.87,171615150.0,184191959040.0,1.26,7026.07,sh000905
2021-10-25 00:00:00,7019.02,7103.99,7105.98,7003.78,159004603.0,184607289344.0,1.45,7103.99,sh000905
2021-10-26 00:00:00,7120.07,7102.43,7155.63,7085.07,175032205.0,204998021120.0,0.99,7102.43,sh000905
2021-10-27 00:00:00,7093.12,7048.6,7097.86,7017.86,179020887.0,212523900928.0,1.13,7048.6,sh000905
2021-10-28 00:00:00,7026.29,6950.28,7043.42,6930.54,188075338.0,210380521472.0,1.6,6950.28,sh000905
2021-10-29 00:00:00,6955.85,7022.5,7022.75,6920.31,170779533.0,207011901440.0,1.47,7022.5,sh000905
2021-11-01 00:00:00,7005.07,7060.76,7087.29,6993.27,184142991.0,226533564416.0,1.34,7060.76,sh000905
2021-11-02 00:00:00,7061.0,6985.1,7093.61,6921.85,196114729.0,230633598976.0,2.43,6985.1,sh000905
2021-11-03 00:00:00,6975.06,7017.85,7034.09,6962.87,150814648.0,183530631168.0,1.02,7017.85,sh000905
2021-11-04 00:00:00,7031.95,7073.85,7073.85,7018.61,152652050.0,188533362688.0,0.79,7073.85,sh000905
2021-11-05 00:00:00,7071.08,6991.91,7073.85,6991.15,177241393.0,207299702784.0,1.17,6991.91,sh000905
2021-11-08 00:00:00,6986.5,7026.97,7034.14,6984.81,146360858.0,176810356736.0,0.71,7026.97,sh000905
2021-11-09 00:00:00,7037.57,7081.75,7087.02,7028.31,141696847.0,175620423680.0,0.84,7081.75,sh000905
2021-11-10 00:00:00,7061.64,7062.33,7072.15,6965.86,162138355.0,187121573888.0,1.5,7062.33,sh000905
2021-11-11 00:00:00,7048.86,7119.86,7121.92,7033.09,165400694.0,186637770752.0,1.26,7119.86,sh000905
2021-11-12 00:00:00,7118.99,7156.61,7165.11,7112.58,168513423.0,195249975296.0,0.74,7156.61,sh000905
2021-11-15 00:00:00,7166.04,7098.21,7176.77,7083.78,161148201.0,201939759104.0,1.3,7098.21,sh000905
2021-11-16 00:00:00,7083.92,7045.94,7121.74,7040.51,162370317.0,192032231424.0,1.14,7045.94,sh000905
2021-11-17 00:00:00,7043.63,7104.53,7106.05,7033.95,140347108.0,168875298816.0,1.02,7104.53,sh000905
2021-11-18 00:00:00,7108.78,7084.68,7130.29,7066.49,162714860.0,185152970752.0,0.9,7084.68,sh000905
2021-11-19 00:00:00,7083.01,7169.88,7174.25,7073.72,178185853.0,193601339392.0,1.42,7169.88,sh000905
2021-11-22 00:00:00,7177.4,7255.07,7259.53,7177.4,180522481.0,222986227712.0,1.15,7255.07,sh000905
2021-11-23 00:00:00,7245.95,7261.38,7292.92,7239.0,189595034.0,218299011072.0,0.74,7261.38,sh000905
2021-11-24 00:00:00,7260.22,7256.11,7278.4,7229.6,177674071.0,209537056768.0,0.67,7256.11,sh000905
2021-11-25 00:00:00,7262.79,7233.54,7262.79,7228.29,164068099.0,190327762944.0,0.48,7233.54,sh000905
2021-11-26 00:00:00,7216.64,7219.86,7249.2,7201.2,159423137.0,192093831168.0,0.66,7219.86,sh000905
2021-11-29 00:00:00,7129.94,7221.9,7226.34,7125.43,166941407.0,198551719936.0,1.4,7221.9,sh000905
2021-11-30 00:00:00,7252.33,7252.76,7281.13,7210.84,186336164.0,213217509376.0,0.97,7252.76,sh000905
2021-12-01 00:00:00,7239.13,7272.84,7272.94,7215.67,171806295.0,196111867904.0,0.79,7272.84,sh000905
2021-12-02 00:00:00,7256.42,7229.99,7279.95,7221.36,176555543.0,198627049472.0,0.81,7229.99,sh000905
2021-12-03 00:00:00,7233.57,7301.92,7310.27,7223.8,186222738.0,200791224320.0,1.2,7301.92,sh000905
2021-12-06 00:00:00,7308.99,7240.46,7330.47,7235.45,213069952.0,218322694144.0,1.3,7240.46,sh000905
2021-12-07 00:00:00,7274.13,7206.83,7284.64,7148.07,192243855.0,206136078336.0,1.89,7206.83,sh000905
2021-12-08 00:00:00,7225.0,7302.99,7302.99,7214.26,169280453.0,190279974912.0,1.23,7302.99,sh000905
2021-12-09 00:00:00,7298.8,7320.32,7331.58,7290.27,196087168.0,211492052992.0,0.57,7320.32,sh000905
2021-12-10 00:00:00,7285.97,7306.65,7317.27,7276.61,187230694.0,209397678080.0,0.56,7306.65,sh000905
2021-12-13 00:00:00,7334.11,7353.03,7371.31,7322.44,185363062.0,210741542912.0,0.67,7353.03,sh000905
2021-12-14 00:00:00,7330.24,7324.13,7349.88,7314.43,159583754.0,183555993600.0,0.48,7324.13,sh000905
2021-12-15 00:00:00,7319.66,7314.26,7352.38,7302.38,159923922.0,183859412992.0,0.68,7314.26,sh000905
2021-12-16 00:00:00,7323.41,7381.0,7381.0,7323.41,177690340.0,187008757760.0,0.79,7381.0,sh000905
2021-12-17 00:00:00,7380.72,7314.56,7384.02,7308.72,196265336.0,203439632384.0,1.02,7314.56,sh000905
2021-12-20 00:00:00,7290.95,7195.97,7313.48,7191.05,181727854.0,190350688256.0,1.67,7195.97,sh000905
2021-12-21 00:00:00,7190.97,7275.47,7285.72,7190.97,176216745.0,164258062336.0,1.32,7275.47,sh000905
2021-12-22 00:00:00,7289.91,7302.46,7318.61,7271.82,174117189.0,171088400384.0,0.64,7302.46,sh000905
2021-12-23 00:00:00,7306.16,7337.19,7350.0,7290.38,169131761.0,180467003392.0,0.82,7337.19,sh000905
2021-12-24 00:00:00,7336.0,7278.76,7339.94,7257.53,169418703.0,182681104384.0,1.12,7278.76,sh000905
2021-12-27 00:00:00,7269.37,7272.75,7323.88,7255.72,148618788.0,165585649664.0,0.94,7272.75,sh000905
2021-12-28 00:00:00,7281.0,7286.03,7290.54,7240.93,143262039.0,164782845952.0,0.68,7286.03,sh000905
2021-12-29 00:00:00,7275.67,7247.77,7290.86,7242.3,136209551.0,155743985664.0,0.67,7247.77,sh000905
2021-12-30 00:00:00,7246.03,7310.96,7324.5,7244.22,141651110.0,158448275456.0,1.11,7310.96,sh000905
2021-12-31 00:00:00,7320.94,7359.4,7368.13,7317.7,149909002.0,169456914432.0,0.69,7359.4,sh000905
2022-01-04 00:00:00,7387.81,7354.46,7392.1,7317.5,200810017.0,219175108608.0,1.01,7354.46,sh000905
2022-01-05 00:00:00,7343.9,7222.67,7346.26,7200.73,194002404.0,209809760256.0,1.98,7222.67,sh000905
2022-01-06 00:00:00,7187.95,7229.96,7242.77,7167.81,173335764.0,179907538944.0,1.04,7229.96,sh000905
2022-01-07 00:00:00,7232.41,7175.68,7262.81,7168.04,200018012.0,202498453504.0,1.31,7175.68,sh000905
2022-01-10 00:00:00,7161.44,7191.45,7193.92,7122.09,165748879.0,176717914112.0,1.0,7191.45,sh000905
2022-01-11 00:00:00,7187.02,7135.22,7206.92,7118.84,169494564.0,179645358080.0,1.22,7135.22,sh000905
2022-01-12 00:00:00,7160.18,7196.93,7196.93,7148.63,156051484.0,170334289920.0,0.68,7196.93,sh000905
2022-01-13 00:00:00,7203.24,7097.76,7203.24,7096.33,169148969.0,174599012352.0,1.49,7097.76,sh000905
2022-01-14 00:00:00,7063.42,7081.14,7125.09,7052.63,175591199.0,181513953280.0,1.02,7081.14,sh000905
2022-01-17 00:00:00,7080.62,7157.86,7169.34,7078.66,161779720.0,183490793472.0,1.28,7157.86,sh000905
2022-01-18 00:00:00,7163.13,7163.16,7191.0,7133.2,179235392.0,195000213504.0,0.81,7163.16,sh000905
2022-01-19 00:00:00,7144.48,7118.76,7182.06,7078.36,163178368.0,174675275776.0,1.45,7118.76,sh000905
2022-01-20 00:00:00,7119.51,7056.79,7135.78,7040.01,168666281.0,172753203200.0,1.35,7056.79,sh000905
2022-01-21 00:00:00,7037.94,6976.62,7040.43,6965.33,144679790.0,158204018688.0,1.06,6976.62,sh000905
2022-01-24 00:00:00,6942.92,6979.25,7006.7,6925.77,122679565.0,135920721920.0,1.16,6979.25,sh000905
2022-01-25 00:00:00,6960.0,6743.96,6979.48,6743.96,150337244.0,154265493504.0,3.37,6743.96,sh000905
2022-01-26 00:00:00,6762.35,6782.58,6799.81,6721.9,120615311.0,130234703872.0,1.16,6782.58,sh000905
2022-01-27 00:00:00,6781.61,6605.92,6785.73,6605.92,125243756.0,132244729856.0,2.65,6605.92,sh000905
2022-01-28 00:00:00,6690.18,6580.53,6690.18,6510.18,127088819.0,130258014208.0,2.72,6580.53,sh000905
2022-02-07 00:00:00,6664.57,6676.61,6702.33,6656.13,145092618.0,138641530880.0,0.7,6676.61,sh000905
2022-02-08 00:00:00,6678.99,6742.19,6742.4,6599.37,159598574.0,145458655232.0,2.14,6742.19,sh000905
2022-02-09 00:00:00,6736.75,6843.03,6848.69,6725.8,162822720.0,155362516992.0,1.82,6843.03,sh000905
2022-02-10 00:00:00,6841.16,6840.49,6864.69,6797.01,154916564.0,147064848384.0,0.99,6840.49,sh000905
2022-02-11 00:00:00,6811.78,6745.02,6840.72,6735.89,159801354.0,156700184576.0,1.53,6745.02,sh000905
2022-02-14 00:00:00,6711.59,6695.7,6765.52,6667.49,137082460.0,132192014336.0,1.45,6695.7,sh000905
2022-02-15 00:00:00,6700.82,6760.28,6762.86,6686.95,112805760.0,121268404224.0,1.13,6760.28,sh000905
2022-02-16 00:00:00,6779.21,6772.03,6788.36,6751.8,108414003.0,114685136896.0,0.54,6772.03,sh000905
2022-02-17 00:00:00,6764.33,6768.79,6797.62,6730.18,122985088.0,130706759680.0,1.0,6768.79,sh000905
2022-02-18 00:00:00,6734.52,6835.02,6835.2,6727.82,139952637.0,134406668288.0,1.59,6835.02,sh000905
2022-02-21 00:00:00,6843.08,6867.11,6871.99,6822.88,145146314.0,150072397824.0,0.72,6867.11,sh000905
2022-02-22 00:00:00,6827.05,6784.76,6827.05,6743.85,148609915.0,152906260480.0,1.21,6784.76,sh000905
2022-02-23 00:00:00,6785.1,6887.42,6889.7,6785.1,144116621.0,159413006336.0,1.54,6887.42,sh000905
2022-02-24 00:00:00,6861.41,6764.88,6898.41,6688.75,210849756.0,218057097216.0,3.04,6764.88,sh000905
2022-02-25 00:00:00,6805.64,6819.43,6895.04,6801.33,156429138.0,164105580544.0,1.39,6819.43,sh000905
2022-02-28 00:00:00,6831.49,6853.31,6853.34,6770.05,139601388.0,148585345024.0,1.22,6853.31,sh000905
2022-03-01 00:00:00,6868.62,6874.04,6889.33,6837.25,137717217.0,147535306752.0,0.76,6874.04,sh000905
2022-03-02 00:00:00,6853.07,6875.24,6878.35,6828.06,137114977.0,140871323648.0,0.73,6875.24,sh000905
2022-03-03 00:00:00,6900.98,6859.55,6907.41,6843.99,189091781.0,173516746752.0,0.92,6859.55,sh000905
2022-03-04 00:00:00,6823.83,6803.83,6871.09,6779.41,177411881.0,165852585984.0,1.34,6803.83,sh000905
2022-03-07 00:00:00,6800.77,6659.39,6800.82,6628.48,166484595.0,164636762112.0,2.53,6659.39,sh000905
2022-03-08 00:00:00,6650.58,6429.89,6665.95,6416.8,186296079.0,184444203008.0,3.74,6429.89,sh000905
2022-03-09 00:00:00,6443.2,6305.61,6462.48,6066.76,197802739.0,188335591424.0,6.15,6305.61,sh000905
2022-03-10 00:00:00,6424.91,6414.94,6475.14,6390.73,153152356.0,158971826176.0,1.34,6414.94,sh000905
2022-03-11 00:00:00,6343.19,6474.13,6479.72,6270.02,152114504.0,158771249152.0,3.27,6474.13,sh000905
2022-03-14 00:00:00,6419.24,6323.58,6490.61,6323.58,137954004.0,153706455040.0,2.58,6323.58,sh000905
2022-03-15 00:00:00,6272.44,5964.98,6278.07,5964.98,194713746.0,184102449152.0,4.95,5964.98,sh000905
2022-03-16 00:00:00,6068.9,6156.27,6173.79,5824.33,178826847.0,178613444608.0,5.86,6156.27,sh000905
2022-03-17 00:00:00,6233.64,6267.52,6369.89,6225.98,170438541.0,184845066240.0,2.34,6267.52,sh000905
2022-03-18 00:00:00,6249.48,6332.22,6338.22,6231.73,152620214.0,153302421504.0,1.7,6332.22,sh000905
2022-03-21 00:00:00,6340.56,6358.94,6389.21,6284.85,159653724.0,161774096384.0,1.65,6358.94,sh000905
2022-03-22 00:00:00,6343.4,6358.11,6404.83,6313.27,151107873.0,145705385984.0,1.44,6358.11,sh000905
2022-03-23 00:00:00,6368.31,6398.1,6420.16,6353.34,143179359.0,141684924416.0,1.05,6398.1,sh000905
2022-03-24 00:00:00,6370.97,6344.12,6384.4,6315.14,137749087.0,139175993344.0,1.08,6344.12,sh000905
2022-03-25 00:00:00,6346.71,6268.24,6373.47,6268.24,134972257.0,135181836288.0,1.66,6268.24,sh000905
2022-03-28 00:00:00,6230.12,6283.28,6322.13,6176.25,144857887.0,136991735808.0,2.33,6283.28,sh000905
2022-03-29 00:00:00,6289.48,6253.07,6316.31,6233.28,141362125.0,140401393664.0,1.32,6253.07,sh000905
2022-03-30 00:00:00,6272.0,6377.87,6377.87,6261.8,164014574.0,155600797696.0,1.86,6377.87,sh000905
2022-03-31 00:00:00,6361.1,6324.96,6383.07,6313.97,176903949.0,167072821248.0,1.08,6324.96,sh000905
2022-04-01 00:00:00,6289.39,6364.52,6373.26,6274.0,175128596.0,154551713792.0,1.57,6364.52,sh000905
2022-04-06 00:00:00,6363.0,6356.93,6363.0,6279.07,196853583.0,169525010432.0,1.32,6356.93,sh000905
2022-04-07 00:00:00,6321.81,6221.59,6364.63,6221.59,190762191.0,163735810048.0,2.25,6221.59,sh000905
2022-04-08 00:00:00,6227.2,6224.12,6237.91,6117.01,183954893.0,159245295616.0,1.94,6224.12,sh000905
2022-04-11 00:00:00,6202.02,6029.89,6202.02,6001.57,178384812.0,162201440256.0,3.22,6029.89,sh000905
2022-04-12 00:00:00,6019.67,6126.91,6135.57,5964.39,173180188.0,151432384512.0,2.84,6126.91,sh000905
2022-04-13 00:00:00,6094.68,6044.33,6129.66,6039.92,167043059.0,147270111232.0,1.46,6044.33,sh000905
2022-04-14 00:00:00,6074.13,6126.49,6156.5,6060.68,159033106.0,147089465344.0,1.59,6126.49,sh000905
2022-04-15 00:00:00,6094.12,6070.75,6122.29,6048.16,184627000.0,162170122240.0,1.21,6070.75,sh000905
2022-04-18 00:00:00,6019.53,6074.01,6094.67,5975.45,149186381.0,131553628160.0,1.96,6074.01,sh000905
2022-04-19 00:00:00,6067.48,6092.4,6106.93,6052.1,141997535.0,129227431936.0,0.9,6092.4,sh000905
2022-04-20 00:00:00,6082.81,5956.92,6093.78,5942.0,151055603.0,134720864256.0,2.49,5956.92,sh000905
2022-04-21 00:00:00,5933.79,5759.8,5971.19,5742.42,157854505.0,135625764864.0,3.84,5759.8,sh000905
2022-04-22 00:00:00,5728.19,5740.98,5794.34,5667.34,139997599.0,120243691520.0,2.2,5740.98,sh000905
2022-04-25 00:00:00,5656.39,5369.72,5656.39,5369.72,186753480.0,150663974912.0,4.99,5369.72,sh000905
2022-04-26 00:00:00,5374.25,5234.01,5434.7,5225.21,171299433.0,139143827456.0,3.9,5234.01,sh000905
2022-04-27 00:00:00,5179.03,5437.04,5440.07,5158.48,179693384.0,148165595136.0,5.38,5437.04,sh000905
2022-04-28 00:00:00,5398.9,5418.76,5472.82,5339.61,155039772.0,133023981568.0,2.45,5418.76,sh000905
2022-04-29 00:00:00,5458.91,5627.9,5630.93,5443.67,181289513.0,157723205632.0,3.46,5627.9,sh000905
2022-05-05 00:00:00,5612.5,5686.7,5728.62,5606.94,168643208.0,153614016512.0,2.16,5686.7,sh000905
2022-05-06 00:00:00,5560.98,5563.77,5629.65,5542.18,152993341.0,128084918272.0,1.54,5563.77,sh000905
2022-05-09 00:00:00,5552.48,5608.52,5626.59,5537.98,131553930.0,114555068416.0,1.59,5608.52,sh000905
2022-05-10 00:00:00,5532.6,5690.09,5698.51,5519.47,165329613.0,141136838656.0,3.19,5690.09,sh000905
2022-05-11 00:00:00,5697.43,5737.82,5856.19,5696.7,185163628.0,172855136256.0,2.8,5737.82,sh000905
2022-05-12 00:00:00,5707.56,5743.1,5779.32,5687.18,139216169.0,125952897024.0,1.61,5743.1,sh000905
2022-05-13 00:00:00,5765.32,5796.8,5796.8,5731.86,136559775.0,116785287168.0,1.13,5796.8,sh000905
2022-05-16 00:00:00,5840.24,5791.08,5855.72,5767.54,151387274.0,132450885632.0,1.52,5791.08,sh000905
2022-05-17 00:00:00,5789.92,5816.34,5816.34,5724.44,130829391.0,119260446720.0,1.59,5816.34,sh000905
2022-05-18 00:00:00,5815.61,5797.49,5846.84,5785.45,127243845.0,114319974400.0,1.06,5797.49,sh000905
2022-05-19 00:00:00,5708.8,5838.41,5838.41,5700.11,136623739.0,122730053632.0,2.39,5838.41,sh000905
2022-05-20 00:00:00,5854.01,5929.49,5929.54,5849.76,165727329.0,151890808832.0,1.37,5929.49,sh000905
2022-05-23 00:00:00,5941.14,5965.73,5968.85,5908.66,153876017.0,143376162816.0,1.02,5965.73,sh000905
2022-05-24 00:00:00,5962.15,5745.68,5967.23,5745.68,177540833.0,161859190784.0,3.71,5745.68,sh000905
2022-05-25 00:00:00,5741.23,5844.25,5844.28,5736.14,143590636.0,126687498240.0,1.88,5844.25,sh000905
2022-05-26 00:00:00,5848.03,5911.56,5928.71,5780.97,162350362.0,142667051008.0,2.53,5911.56,sh000905
2022-05-27 00:00:00,5921.33,5899.92,5952.62,5854.61,143406863.0,128502607872.0,1.66,5899.92,sh000905
2022-05-30 00:00:00,5918.24,5942.83,5943.0,5867.19,133852646.0,124183592960.0,1.28,5942.83,sh000905
2022-05-31 00:00:00,5940.37,6026.24,6033.47,5902.28,155944919.0,147825250304.0,2.21,6026.24,sh000905
2022-06-01 00:00:00,6008.75,6023.64,6042.37,5970.49,155365773.0,143127244800.0,1.19,6023.64,sh000905
2022-06-02 00:00:00,6000.62,6078.43,6084.32,5987.64,159571676.0,150036299776.0,1.61,6078.43,sh000905
2022-06-06 00:00:00,6079.89,6187.44,6194.43,6070.71,182679964.0,180119371776.0,2.04,6187.44,sh000905
2022-06-07 00:00:00,6186.58,6186.57,6199.72,6136.04,177311718.0,169115475968.0,1.03,6186.57,sh000905
2022-06-08 00:00:00,6184.96,6217.83,6227.33,6110.06,186428864.0,176670593024.0,1.9,6217.83,sh000905
2022-06-09 00:00:00,6207.73,6130.69,6209.11,6088.46,172129774.0,160399015936.0,1.94,6130.69,sh000905
2022-06-10 00:00:00,6083.5,6240.1,6250.36,6078.78,192541340.0,178686545920.0,2.8,6240.1,sh000905
2022-06-13 00:00:00,6188.77,6233.62,6250.68,6172.91,188132398.0,197652385792.0,1.25,6233.62,sh000905
2022-06-14 00:00:00,6161.62,6275.57,6278.97,6061.19,197403164.0,196166209536.0,3.49,6275.57,sh000905
2022-06-15 00:00:00,6275.37,6261.06,6398.36,6261.04,238140764.0,231704739840.0,2.19,6261.06,sh000905
2022-06-16 00:00:00,6262.29,6264.82,6330.35,6242.33,194615084.0,200890494976.0,1.41,6264.82,sh000905
2022-06-17 00:00:00,6220.58,6316.31,6328.36,6181.85,167859128.0,188555333632.0,2.34,6316.31,sh000905
2022-06-20 00:00:00,6323.41,6330.39,6359.0,6277.22,175207145.0,202463105024.0,1.29,6330.39,sh000905
2022-06-21 00:00:00,6324.84,6277.0,6337.08,6215.29,164461629.0,178813382656.0,1.92,6277.0,sh000905
2022-06-22 00:00:00,6281.87,6179.57,6285.65,6176.85,154094318.0,164240855040.0,1.73,6179.57,sh000905
2022-06-23 00:00:00,6186.99,6300.47,6300.47,6142.94,168266043.0,179525607424.0,2.55,6300.47,sh000905
2022-06-24 00:00:00,6306.83,6368.28,6378.5,6304.08,157712704.0,181995577344.0,1.18,6368.28,sh000905
2022-06-27 00:00:00,6398.36,6407.74,6449.34,6390.28,168918190.0,201652932608.0,0.93,6407.74,sh000905
2022-06-28 00:00:00,6412.44,6501.35,6506.67,6392.11,170582712.0,196479373312.0,1.79,6501.35,sh000905
2022-06-29 00:00:00,6479.17,6374.3,6501.39,6370.02,190728307.0,215976296448.0,2.02,6374.3,sh000905
2022-06-30 00:00:00,6385.21,6454.08,6493.09,6385.21,163846776.0,193598971904.0,1.69,6454.08,sh000905
2022-07-01 00:00:00,6450.75,6438.54,6481.15,6423.86,144204644.0,172657741824.0,0.89,6438.54,sh000905
2022-07-04 00:00:00,6445.07,6523.13,6524.3,6405.38,157819968.0,193784451072.0,1.85,6523.13,sh000905
2022-07-05 00:00:00,6535.45,6511.53,6548.3,6435.74,186625469.0,206724927488.0,1.73,6511.53,sh000905
2022-07-06 00:00:00,6489.02,6418.55,6496.97,6359.47,177104502.0,188283101184.0,2.11,6418.55,sh000905
2022-07-07 00:00:00,6414.41,6452.99,6482.42,6380.17,157351122.0,176906223616.0,1.59,6452.99,sh000905
2022-07-08 00:00:00,6478.29,6404.44,6490.15,6404.16,150986698.0,171162738688.0,1.33,6404.44,sh000905
2022-07-11 00:00:00,6387.45,6319.14,6387.45,6274.74,151993667.0,169420488704.0,1.76,6319.14,sh000905
2022-07-12 00:00:00,6317.88,6241.48,6346.51,6238.56,144513092.0,162745221371.3,1.71,6241.48,sh000905
2022-07-13 00:00:00,6238.68,6268.49,6287.64,6207.72,142710723.0,148941203951.1,1.28,6268.49,sh000905
2022-07-14 00:00:00,6267.47,6302.43,6339.42,6254.68,140354050.0,156034965327.2,1.35,6302.43,sh000905
2022-07-15 00:00:00,6279.68,6196.8,6323.53,6196.8,158386828.0,169165272836.9,2.01,6196.8,sh000905
2022-07-18 00:00:00,6216.1,6312.36,6315.66,6200.52,159144624.0,163899480504.9,1.86,6312.36,sh000905
2022-07-19 00:00:00,6318.84,6335.71,6347.24,6283.4,146384780.0,163012682490.6,1.01,6335.71,sh000905
2022-07-20 00:00:00,6353.0,6410.71,6416.87,6351.82,142932573.0,157782312749.0,1.03,6410.71,sh000905
2022-07-21 00:00:00,6400.07,6347.6,6408.46,6347.6,148210184.0,163172754178.8,0.95,6347.6,sh000905
2022-07-22 00:00:00,6353.92,6289.53,6371.32,6236.34,130620669.0,143788393867.5,2.13,6289.53,sh000905
2022-07-25 00:00:00,6297.1,6231.24,6319.18,6213.47,129458029.0,139714096679.5,1.68,6231.24,sh000905
2022-07-26 00:00:00,6239.21,6307.96,6319.25,6213.84,117276541.0,129165891647.9,1.69,6307.96,sh000905
2022-07-27 00:00:00,6301.61,6332.23,6344.21,6286.35,120435127.0,133249678638.3,0.92,6332.23,sh000905
2022-07-28 00:00:00,6361.27,6348.17,6393.73,6339.55,138473429.0,152662265342.6,0.86,6348.17,sh000905
2022-07-29 00:00:00,6356.52,6294.11,6365.26,6285.72,137925792.0,152961332812.8,1.25,6294.11,sh000905
2022-08-01 00:00:00,6293.38,6347.22,6350.04,6253.06,128679012.0,151348904696.9,1.54,6347.22,sh000905
2022-08-02 00:00:00,6288.61,6170.0,6288.61,6095.06,182902539.0,192873382570.5,3.05,6170.0,sh000905
2022-08-03 00:00:00,6171.62,6124.31,6261.91,6111.22,147213409.0,175544841793.6,2.44,6124.31,sh000905
2022-08-04 00:00:00,6160.49,6158.73,6177.62,6080.1,113646381.0,137805652801.6,1.59,6158.73,sh000905
2022-08-05 00:00:00,6175.48,6270.51,6274.27,6163.51,124284448.0,150450721916.0,1.8,6270.51,sh000905
2022-08-08 00:00:00,6266.57,6323.07,6324.34,6249.62,116132934.0,149909676464.1,1.19,6323.07,sh000905
2022-08-09 00:00:00,6314.1,6341.48,6344.84,6290.87,116966653.0,148682025631.8,0.85,6341.48,sh000905
2022-08-10 00:00:00,6331.41,6322.06,6362.29,6298.86,118899928.0,153411737859.6,1.0,6322.06,sh000905
2022-08-11 00:00:00,6349.5,6439.36,6439.36,6341.72,142038284.0,168399100707.5,1.54,6439.36,sh000905
2022-08-12 00:00:00,6425.11,6420.85,6463.07,6416.29,140399917.0,158383471763.4,0.73,6420.85,sh000905
2022-08-15 00:00:00,6405.72,6442.81,6462.54,6394.22,133627482.0,151481917268.3,1.06,6442.81,sh000905
2022-08-16 00:00:00,6446.76,6465.19,6492.54,6440.38,135841495.0,150950901281.8,0.81,6465.19,sh000905
2022-08-17 00:00:00,6473.25,6493.5,6501.36,6428.97,146220319.0,165336992378.1,1.12,6493.5,sh000905
2022-08-18 00:00:00,6481.37,6468.81,6483.69,6448.75,130451759.0,151581053114.9,0.54,6468.81,sh000905
2022-08-19 00:00:00,6468.82,6391.72,6477.31,6390.93,142590851.0,161777617603.6,1.34,6391.72,sh000905
2022-08-22 00:00:00,6381.34,6472.68,6472.79,6363.22,133735500.0,155429477947.4,1.71,6472.68,sh000905
2022-08-23 00:00:00,6460.17,6466.4,6475.82,6436.08,133676377.0,152812386392.9,0.61,6466.4,sh000905
2022-08-24 00:00:00,6470.69,6284.58,6472.68,6277.99,158103872.0,171922926765.6,3.01,6284.58,sh000905
2022-08-25 00:00:00,6303.14,6322.7,6327.09,6225.68,141946367.0,152348524289.3,1.61,6322.7,sh000905
2022-08-26 00:00:00,6331.08,6298.37,6381.48,6286.52,130405837.0,145604215469.3,1.5,6298.37,sh000905
2022-08-29 00:00:00,6213.4,6310.4,6310.99,6205.13,125268849.0,132966408290.4,1.68,6310.4,sh000905
2022-08-30 00:00:00,6309.58,6285.93,6319.17,6248.14,132109200.0,136583215311.8,1.13,6285.93,sh000905
2022-08-31 00:00:00,6265.59,6155.75,6280.19,6132.23,147275408.0,153776542736.6,2.35,6155.75,sh000905
2022-09-01 00:00:00,6153.29,6126.77,6207.24,6118.58,118575054.0,124670857677.4,1.44,6126.77,sh000905
2022-09-02 00:00:00,6135.3,6149.43,6176.17,6117.73,106564384.0,114216217368.2,0.95,6149.43,sh000905
2022-09-05 00:00:00,6147.71,6182.65,6184.8,6122.62,117479244.0,119757999919.0,1.01,6182.65,sh000905
2022-09-06 00:00:00,6198.49,6291.57,6292.53,6187.95,129846040.0,135891977558.3,1.69,6291.57,sh000905
2022-09-07 00:00:00,6269.99,6301.56,6314.12,6256.61,120160292.0,130718396246.6,0.91,6301.56,sh000905
2022-09-08 00:00:00,6299.91,6272.58,6309.9,6266.52,116164269.0,120970235492.1,0.69,6272.58,sh000905
2022-09-09 00:00:00,6275.9,6316.97,6321.82,6254.26,121389228.0,124658337639.2,1.08,6316.97,sh000905
2022-09-13 00:00:00,6334.86,6300.42,6343.77,6291.44,118106314.0,123861798297.2,0.83,6300.42,sh000905
2022-09-14 00:00:00,6214.91,6249.96,6273.63,6206.92,109121160.0,114644793268.9,1.06,6249.96,sh000905
2022-09-15 00:00:00,6280.45,6107.8,6282.69,6053.8,141643500.0,148202355024.8,3.66,6107.8,sh000905
2022-09-16 00:00:00,6091.42,5954.5,6102.54,5954.5,137172115.0,131508079987.8,2.42,5954.5,sh000905
2022-09-19 00:00:00,5947.86,5913.15,5967.65,5880.49,104025412.0,104609796776.0,1.46,5913.15,sh000905
2022-09-20 00:00:00,5949.34,5958.29,6002.79,5940.58,88813000.0,96795084956.1,1.05,5958.29,sh000905
2022-09-21 00:00:00,5943.09,5978.58,5998.7,5876.52,103463644.0,100001264102.8,2.05,5978.58,sh000905
2022-09-22 00:00:00,5938.1,5965.89,6015.12,5931.73,99867602.0,102285806654.7,1.39,5965.89,sh000905
2022-09-23 00:00:00,5961.06,5889.6,5986.82,5839.93,100609437.0,104706616405.3,2.46,5889.6,sh000905
2022-09-26 00:00:00,5841.58,5806.32,5922.32,5798.28,103244360.0,102568347040.7,2.11,5806.32,sh000905
2022-09-27 00:00:00,5823.55,5920.05,5920.05,5808.25,97418022.0,103953587047.6,1.93,5920.05,sh000905
2022-09-28 00:00:00,5910.05,5769.52,5910.05,5769.52,93694853.0,99052683111.1,2.37,5769.52,sh000905
2022-09-29 00:00:00,5823.27,5771.88,5856.16,5741.02,95385798.0,97557854862.3,2.0,5771.88,sh000905
2022-09-30 00:00:00,5764.15,5714.06,5804.2,5714.06,85545168.0,87143078864.7,1.56,5714.06,sh000905
2022-10-10 00:00:00,5729.75,5635.71,5758.04,5618.8,97469345.0,97320936443.0,2.44,5635.71,sh000905
2022-10-11 00:00:00,5642.48,5684.51,5703.27,5606.99,86571469.0,88733098158.6,1.71,5684.51,sh000905
2022-10-12 00:00:00,5680.36,5820.45,5820.45,5594.3,106101757.0,110816368258.8,3.98,5820.45,sh000905
2022-10-13 00:00:00,5789.66,5830.34,5876.48,5780.18,105722268.0,114922152769.8,1.65,5830.34,sh000905
2022-10-14 00:00:00,5866.86,5973.44,5996.04,5866.86,118212245.0,138463009285.8,2.22,5973.44,sh000905
2022-10-17 00:00:00,5952.38,6015.6,6023.53,5945.43,111461869.0,127160232940.9,1.31,6015.6,sh000905
2022-10-18 00:00:00,6031.05,6035.67,6074.37,5996.39,105750195.0,127130541930.8,1.3,6035.67,sh000905
2022-10-19 00:00:00,6021.8,5972.72,6037.44,5970.44,93881065.0,112290658653.1,1.11,5972.72,sh000905
2022-10-20 00:00:00,5943.48,5948.86,6035.55,5886.4,103388245.0,121766931023.7,2.5,5948.86,sh000905
2022-10-21 00:00:00,5959.21,5956.88,5993.88,5928.92,96826295.0,112261082744.7,1.09,5956.88,sh000905
2022-10-24 00:00:00,5968.54,5896.9,6061.21,5857.86,119501081.0,137328967809.0,3.41,5896.9,sh000905
2022-10-25 00:00:00,5864.02,5869.78,5926.57,5785.41,107045854.0,123655965044.2,2.39,5869.78,sh000905
2022-10-26 00:00:00,5871.08,5971.6,6016.92,5871.08,116530079.0,143742557269.8,2.48,5971.6,sh000905
2022-10-27 00:00:00,5978.28,5963.0,6020.89,5962.97,117088219.0,147969762402.1,0.97,5963.0,sh000905
2022-10-28 00:00:00,5922.82,5781.8,5934.8,5760.05,131676332.0,147373418224.4,2.93,5781.8,sh000905
2022-10-31 00:00:00,5745.08,5807.11,5859.6,5743.56,127016064.0,150059218566.0,2.01,5807.11,sh000905
2022-11-01 00:00:00,5814.21,5941.15,5942.14,5786.87,136616776.0,165176134816.8,2.67,5941.15,sh000905
2022-11-02 00:00:00,5925.65,5997.8,6028.77,5916.06,142330286.0,183166205234.3,1.9,5997.8,sh000905
2022-11-03 00:00:00,5944.51,5996.72,6018.42,5937.61,106386906.0,145162731659.8,1.35,5996.72,sh000905
2022-11-04 00:00:00,5996.31,6133.46,6157.43,5996.31,138707111.0,174457116038.9,2.69,6133.46,sh000905
2022-11-07 00:00:00,6133.24,6141.41,6166.19,6100.61,138092409.0,167294752766.8,1.07,6141.41,sh000905
2022-11-08 00:00:00,6139.89,6134.26,6141.02,6095.44,108267531.0,134372666241.4,0.74,6134.26,sh000905
2022-11-09 00:00:00,6140.54,6120.83,6182.34,6118.73,104762250.0,127037472145.0,1.04,6120.83,sh000905
2022-11-10 00:00:00,6085.28,6089.7,6119.03,6061.81,116401928.0,129142711483.4,0.93,6089.7,sh000905
2022-11-11 00:00:00,6223.23,6138.62,6249.35,6134.68,176492121.0,198177118398.1,1.88,6138.62,sh000905
2022-11-14 00:00:00,6140.19,6129.51,6189.38,6104.93,159486725.0,174064714506.7,1.38,6129.51,sh000905
2022-11-15 00:00:00,6125.11,6236.38,6236.38,6112.62,149860965.0,171481798607.2,2.02,6236.38,sh000905
2022-11-16 00:00:00,6238.58,6203.92,6263.16,6190.01,129770376.0,151854939979.7,1.17,6203.92,sh000905
2022-11-17 00:00:00,6182.69,6217.21,6217.21,6148.61,123430196.0,152683752658.2,1.11,6217.21,sh000905
2022-11-18 00:00:00,6213.09,6191.65,6251.11,6181.55,131181093.0,164591218427.4,1.12,6191.65,sh000905
2022-11-21 00:00:00,6147.72,6189.71,6196.65,6116.3,112854387.0,141789496020.9,1.3,6189.71,sh000905
2022-11-22 00:00:00,6178.16,6125.4,6196.2,6100.11,116086024.0,137587008255.8,1.55,6125.4,sh000905
2022-11-23 00:00:00,6114.27,6115.6,6140.11,6045.02,115193517.0,128686794201.7,1.55,6115.6,sh000905
2022-11-24 00:00:00,6126.6,6120.07,6149.96,6099.75,100200699.0,117480438950.3,0.82,6120.07,sh000905
2022-11-25 00:00:00,6095.13,6087.86,6107.07,6062.0,107742345.0,110059809752.5,0.74,6087.86,sh000905
2022-11-28 00:00:00,5999.85,6055.28,6059.02,5970.09,117940107.0,125697913892.5,1.46,6055.28,sh000905
2022-11-29 00:00:00,6071.45,6163.82,6173.85,6071.22,155324471.0,159512108828.4,1.69,6163.82,sh000905
2022-11-30 00:00:00,6156.77,6156.15,6175.68,6118.9,154647972.0,153125576728.1,0.92,6156.15,sh000905
2022-12-01 00:00:00,6211.29,6186.1,6229.83,6186.1,152523325.0,171479199866.6,0.71,6186.1,sh000905
2022-12-02 00:00:00,6177.92,6168.01,6206.99,6154.21,115500975.0,133339764575.1,0.85,6168.01,sh000905
2022-12-05 00:00:00,6201.98,6215.12,6227.21,6182.98,170477211.0,177698737275.3,0.72,6215.12,sh000905
2022-12-06 00:00:00,6202.52,6211.25,6244.64,6185.49,149372815.0,164215807003.7,0.95,6211.25,sh000905
2022-12-07 00:00:00,6198.05,6204.01,6243.9,6183.33,137821246.0,155238837726.6,0.98,6204.01,sh000905
2022-12-08 00:00:00,6199.16,6186.28,6206.14,6168.78,131051325.0,149348401389.7,0.6,6186.28,sh000905
2022-12-09 00:00:00,6185.79,6192.3,6213.52,6159.5,167806825.0,180239306547.1,0.87,6192.3,sh000905
2022-12-12 00:00:00,6181.24,6154.81,6182.08,6146.25,134098310.0,162420257195.9,0.58,6154.81,sh000905
2022-12-13 00:00:00,6153.74,6121.66,6154.3,6113.41,104857515.0,131515610802.4,0.66,6121.66,sh000905
2022-12-14 00:00:00,6122.43,6096.39,6139.74,6084.08,95089916.0,125346101098.7,0.91,6096.39,sh000905
2022-12-15 00:00:00,6090.12,6101.88,6108.96,6078.0,88190454.0,113088367630.4,0.51,6101.88,sh000905
2022-12-16 00:00:00,6071.96,6072.86,6087.46,6036.05,93910672.0,113412125964.0,0.84,6072.86,sh000905
2022-12-19 00:00:00,6058.89,5936.48,6081.44,5911.88,105106201.0,121083184766.5,2.79,5936.48,sh000905
2022-12-20 00:00:00,5919.03,5878.03,5920.99,5857.86,78623273.0,96369670928.2,1.06,5878.03,sh000905
2022-12-21 00:00:00,5879.27,5845.84,5892.91,5819.67,69783431.0,85257777709.1,1.25,5845.84,sh000905
2022-12-22 00:00:00,5867.72,5779.06,5875.47,5761.98,82231873.0,97446795232.4,1.94,5779.06,sh000905
2022-12-23 00:00:00,5751.95,5763.35,5805.51,5732.47,66556865.0,81911192697.9,1.26,5763.35,sh000905
2022-12-26 00:00:00,5769.07,5843.26,5850.91,5769.07,75424133.0,93646097254.9,1.42,5843.26,sh000905
2022-12-27 00:00:00,5857.75,5885.66,5891.35,5832.27,81780423.0,101272091294.0,1.01,5885.66,sh000905
2022-12-28 00:00:00,5869.46,5862.1,5889.32,5848.24,90098898.0,102679233203.2,0.7,5862.1,sh000905
2022-12-29 00:00:00,5843.94,5857.4,5895.98,5835.33,79510794.0,94429698666.4,1.03,5857.4,sh000905
2022-12-30 00:00:00,5875.28,5864.47,5885.89,5848.95,75345032.0,86117939625.6,0.63,5864.47,sh000905
2023-01-03 00:00:00,5861.55,5955.9,5964.82,5848.15,99557837.0,119271237764.2,1.99,5955.9,sh000905
2023-01-04 00:00:00,5952.51,5952.45,5970.58,5922.86,97160441.0,114358731440.4,0.8,5952.45,sh000905
2023-01-05 00:00:00,5959.44,6010.46,6017.34,5950.09,96629979.0,117479981150.9,1.13,6010.46,sh000905
2023-01-06 00:00:00,6004.17,6012.82,6050.89,5998.83,99244877.0,121596399779.3,0.87,6012.82,sh000905
2023-01-09 00:00:00,6028.4,6040.02,6070.16,6023.64,100696829.0,124921325580.9,0.77,6040.02,sh000905
2023-01-10 00:00:00,6044.64,6048.3,6053.58,6017.15,96393351.0,113967056402.2,0.6,6048.3,sh000905
2023-01-11 00:00:00,6049.04,6014.16,6070.45,6004.22,94406389.0,112879598037.5,1.1,6014.16,sh000905
2023-01-12 00:00:00,6022.56,6015.29,6048.19,5995.91,92900124.0,104902996993.9,0.87,6015.29,sh000905
2023-01-13 00:00:00,6030.93,6057.69,6058.22,6015.22,90025020.0,102449872563.5,0.71,6057.69,sh000905
2023-01-16 00:00:00,6068.91,6126.18,6168.74,6068.14,129619730.0,146526749755.3,1.66,6126.18,sh000905
2023-01-17 00:00:00,6129.73,6132.64,6138.17,6107.76,95921699.0,109180206701.1,0.5,6132.64,sh000905
2023-01-18 00:00:00,6139.69,6151.46,6168.37,6136.97,94555836.0,103052545401.6,0.51,6151.46,sh000905
2023-01-19 00:00:00,6145.62,6204.33,6204.33,6130.42,99777793.0,114472416014.4,1.2,6204.33,sh000905
2023-01-20 00:00:00,6214.03,6251.43,6253.27,6214.03,113904542.0,128362190660.4,0.63,6251.43,sh000905
2023-01-30 00:00:00,6331.88,6283.33,6342.45,6279.45,146517920.0,173697713880.0,1.01,6283.33,sh000905
2023-01-31 00:00:00,6266.3,6289.15,6303.91,6259.53,135302093.0,146630404005.4,0.71,6289.15,sh000905
2023-02-01 00:00:00,6300.5,6365.91,6368.79,6293.49,152442220.0,166449081743.9,1.2,6365.91,sh000905
2023-02-02 00:00:00,6383.3,6370.14,6402.26,6347.73,149292811.0,166213113911.5,0.86,6370.14,sh000905
2023-02-03 00:00:00,6354.71,6343.69,6354.71,6267.44,121507182.0,138714379584.2,1.37,6343.69,sh000905
2023-02-06 00:00:00,6314.6,6302.33,6330.79,6274.54,108485308.0,127652063425.2,0.89,6302.33,sh000905
2023-02-07 00:00:00,6309.22,6317.24,6318.84,6273.6,109662683.0,125078065034.8,0.72,6317.24,sh000905
2023-02-08 00:00:00,6319.52,6268.28,6323.85,6263.76,105994895.0,116986269907.4,0.95,6268.28,sh000905
2023-02-09 00:00:00,6256.31,6354.56,6354.8,6250.45,109031119.0,129044254163.8,1.66,6354.56,sh000905
2023-02-10 00:00:00,6349.0,6334.25,6368.49,6296.55,120100829.0,134994907399.5,1.13,6334.25,sh000905
2023-02-13 00:00:00,6333.22,6383.83,6386.72,6331.37,131566227.0,151374560994.8,0.87,6383.83,sh000905
2023-02-14 00:00:00,6394.62,6397.21,6408.55,6369.57,124674389.0,143967118961.2,0.61,6397.21,sh000905
2023-02-15 00:00:00,6398.87,6384.35,6407.75,6365.31,115907022.0,143472324421.4,0.66,6384.35,sh000905
2023-02-16 00:00:00,6384.21,6289.48,6429.05,6244.48,168388416.0,190791364474.4,2.89,6289.48,sh000905
2023-02-17 00:00:00,6284.92,6237.41,6308.57,6237.41,117210985.0,143422448167.7,1.13,6237.41,sh000905
2023-02-20 00:00:00,6248.26,6346.07,6349.41,6227.35,140334075.0,157289265128.8,1.96,6346.07,sh000905
2023-02-21 00:00:00,6349.91,6383.42,6396.74,6337.6,141824714.0,153705795821.1,0.93,6383.42,sh000905
2023-02-22 00:00:00,6352.03,6375.07,6397.15,6344.99,109083029.0,128341320025.0,0.82,6375.07,sh000905
2023-02-23 00:00:00,6377.29,6360.32,6396.66,6328.64,116064654.0,135992246881.1,1.07,6360.32,sh000905
2023-02-24 00:00:00,6367.63,6340.84,6372.49,6308.22,96957281.0,119877925583.4,1.01,6340.84,sh000905
2023-02-27 00:00:00,6318.64,6307.21,6349.09,6288.3,101082738.0,124887490151.6,0.96,6307.21,sh000905
2023-02-28 00:00:00,6323.84,6357.54,6357.54,6293.18,96603163.0,119094834715.1,1.02,6357.54,sh000905
2023-03-01 00:00:00,6356.5,6402.14,6410.52,6340.0,123907639.0,144327640100.9,1.11,6402.14,sh000905
2023-03-02 00:00:00,6398.26,6382.23,6410.23,6375.01,125349297.0,147597102774.1,0.55,6382.23,sh000905
2023-03-03 00:00:00,6384.06,6390.32,6398.47,6346.96,123234775.0,140273359354.4,0.81,6390.32,sh000905
2023-03-06 00:00:00,6398.1,6395.22,6405.82,6362.47,126845634.0,155123686031.2,0.68,6395.22,sh000905
2023-03-07 00:00:00,6389.81,6284.3,6396.54,6284.22,137928869.0,149308292189.0,1.76,6284.3,sh000905
2023-03-08 00:00:00,6264.43,6301.52,6303.71,6258.32,98698357.0,114463801002.9,0.72,6301.52,sh000905
2023-03-09 00:00:00,6311.04,6285.95,6311.34,6258.45,92688914.0,111866575503.5,0.84,6285.95,sh000905
2023-03-10 00:00:00,6251.56,6204.9,6261.33,6202.61,108052290.0,129144574718.6,0.93,6204.9,sh000905
2023-03-13 00:00:00,6189.98,6245.0,6245.0,6178.67,108006552.0,132474098352.3,1.07,6245.0,sh000905
2023-03-14 00:00:00,6237.73,6189.4,6243.42,6127.69,121200145.0,149977754662.0,1.85,6189.4,sh000905
2023-03-15 00:00:00,6210.93,6224.64,6254.49,6210.93,112948528.0,129455795140.3,0.7,6224.64,sh000905
2023-03-16 00:00:00,6191.3,6140.83,6209.97,6133.83,127632685.0,143759016862.1,1.22,6140.83,sh000905
2023-03-17 00:00:00,6174.19,6183.18,6233.75,6169.84,137108334.0,157222487365.1,1.04,6183.18,sh000905
2023-03-20 00:00:00,6195.35,6160.35,6201.97,6152.81,145580891.0,167826184366.7,0.8,6160.35,sh000905
2023-03-21 00:00:00,6171.89,6234.68,6235.01,6171.28,123025331.0,144174739305.4,1.03,6234.68,sh000905
2023-03-22 00:00:00,6244.36,6269.74,6271.52,6242.16,128266386.0,149867921197.4,0.47,6269.74,sh000905
2023-03-23 00:00:00,6253.58,6305.76,6305.76,6245.98,129179648.0,164124553074.5,0.95,6305.76,sh000905
2023-03-24 00:00:00,6312.43,6310.1,6315.68,6279.54,141020989.0,179449338405.6,0.57,6310.1,sh000905
2023-03-27 00:00:00,6304.48,6311.6,6320.66,6265.01,144664863.0,184209306469.8,0.88,6311.6,sh000905
2023-03-28 00:00:00,6314.58,6279.92,6331.56,6272.72,139156104.0,174935282609.8,0.93,6279.92,sh000905
2023-03-29 00:00:00,6285.95,6260.55,6294.3,6239.94,131548284.0,166565424024.2,0.87,6260.55,sh000905
2023-03-30 00:00:00,6257.64,6286.18,6287.44,6213.97,123218599.0,155158644767.8,1.17,6286.18,sh000905
2023-03-31 00:00:00,6284.85,6339.82,6343.23,6282.14,129489835.0,164138969077.5,0.97,6339.82,sh000905
2023-04-03 00:00:00,6346.69,6413.81,6419.87,6346.69,163921048.0,215330527397.2,1.15,6413.81,sh000905
2023-04-04 00:00:00,6414.82,6408.9,6423.31,6377.53,157491755.0,218740913531.4,0.71,6408.9,sh000905
2023-04-06 00:00:00,6387.23,6416.85,6428.72,6382.03,144064448.0,207002794759.6,0.73,6416.85,sh000905
2023-04-07 00:00:00,6418.26,6464.47,6470.09,6416.68,127964625.0,177737436540.0,0.83,6464.47,sh000905
2023-04-10 00:00:00,6474.94,6410.52,6476.22,6395.37,145134187.0,203397862936.4,1.25,6410.52,sh000905
2023-04-11 00:00:00,6405.63,6420.88,6421.49,6381.06,142399109.0,188800337843.3,0.63,6420.88,sh000905
2023-04-12 00:00:00,6415.7,6443.44,6450.35,6407.2,149447956.0,188164796583.5,0.67,6443.44,sh000905
2023-04-13 00:00:00,6438.16,6404.65,6451.79,6396.02,156199573.0,196031015021.2,0.87,6404.65,sh000905
2023-04-14 00:00:00,6420.31,6431.07,6444.89,6390.92,145300668.0,190743030851.0,0.84,6431.07,sh000905
2023-04-17 00:00:00,6422.87,6459.24,6459.24,6421.39,168823079.0,196752268308.1,0.59,6459.24,sh000905
2023-04-18 00:00:00,6448.76,6449.85,6462.25,6422.05,143471341.0,184598154225.6,0.62,6449.85,sh000905
2023-04-19 00:00:00,6444.87,6416.97,6456.15,6404.99,148699774.0,192403574162.7,0.79,6416.97,sh000905
2023-04-20 00:00:00,6408.81,6411.76,6413.08,6376.35,150501294.0,196199845238.5,0.57,6411.76,sh000905
2023-04-21 00:00:00,6411.51,6250.54,6411.51,6250.54,162313297.0,210802112228.2,2.51,6250.54,sh000905
2023-04-24 00:00:00,6250.96,6208.78,6260.54,6184.71,147694845.0,191204975164.8,1.21,6208.78,sh000905
2023-04-25 00:00:00,6205.62,6118.15,6208.4,6042.64,162459277.0,200847244830.6,2.67,6118.15,sh000905
2023-04-26 00:00:00,6095.13,6142.15,6178.17,6093.2,152166354.0,197699832955.3,1.39,6142.15,sh000905
2023-04-27 00:00:00,6127.64,6157.94,6190.25,6121.61,143136116.0,179308956550.4,1.12,6157.94,sh000905
2023-04-28 00:00:00,6151.64,6241.24,6245.55,6151.64,167876482.0,199335712325.8,1.53,6241.24,sh000905
2023-05-04 00:00:00,6223.23,6262.39,6264.52,6218.78,202487970.0,215098748101.1,0.73,6262.39,sh000905
2023-05-05 00:00:00,6255.7,6200.58,6256.23,6172.69,178261017.0,192217857467.7,1.33,6200.58,sh000905
2023-05-08 00:00:00,6202.68,6248.58,6259.69,6200.15,202718255.0,198162493586.1,0.96,6248.58,sh000905
2023-05-09 00:00:00,6242.66,6181.98,6274.9,6177.65,224389467.0,215437054342.0,1.56,6181.98,sh000905
2023-05-10 00:00:00,6167.13,6173.81,6199.16,6137.15,175453727.0,180485291578.1,1.0,6173.81,sh000905
2023-05-11 00:00:00,6185.67,6154.47,6190.39,6151.07,146064946.0,152275213604.4,0.64,6154.47,sh000905
2023-05-12 00:00:00,6138.94,6091.65,6173.91,6088.22,140410664.0,142316419328.4,1.39,6091.65,sh000905
2023-05-15 00:00:00,6094.68,6159.39,6159.39,6036.81,149843583.0,159620224620.0,2.01,6159.39,sh000905
2023-05-16 00:00:00,6159.17,6110.83,6159.17,6095.69,121841116.0,142447474647.0,1.03,6110.83,sh000905
2023-05-17 00:00:00,6097.98,6122.05,6137.02,6090.88,107266349.0,125585549046.7,0.76,6122.05,sh000905
2023-05-18 00:00:00,6132.52,6128.18,6153.99,6101.24,122942111.0,144557618052.5,0.86,6128.18,sh000905
2023-05-19 00:00:00,6116.84,6117.08,6149.14,6085.04,119304896.0,147524516028.4,1.05,6117.08,sh000905
2023-05-22 00:00:00,6111.84,6115.32,6136.86,6086.23,112715682.0,126363418363.6,0.83,6115.32,sh000905
2023-05-23 00:00:00,6114.21,6052.43,6117.36,6052.43,111104244.0,120628486661.7,1.06,6052.43,sh000905
2023-05-24 00:00:00,6032.69,6005.79,6058.39,5988.03,107223414.0,116914166402.6,1.16,6005.79,sh000905
2023-05-25 00:00:00,6000.22,5988.19,6028.64,5926.2,109922832.0,126769237204.5,1.71,5988.19,sh000905
2023-05-26 00:00:00,5983.14,6034.98,6045.13,5953.88,106381588.0,123263014837.6,1.52,6034.98,sh000905
2023-05-29 00:00:00,6046.54,6025.16,6058.92,6012.4,125139417.0,146808330637.6,0.77,6025.16,sh000905
2023-05-30 00:00:00,6008.46,6061.31,6061.31,5960.34,127312017.0,151849134859.6,1.68,6061.31,sh000905
2023-05-31 00:00:00,6044.02,6047.8,6063.19,6009.25,117476106.0,144653727477.5,0.89,6047.8,sh000905
2023-06-01 00:00:00,6028.8,6051.46,6094.24,6008.27,126250315.0,154907281920.7,1.42,6051.46,sh000905
2023-06-02 00:00:00,6061.91,6105.22,6115.07,6061.91,122306738.0,142073539923.0,0.88,6105.22,sh000905
2023-06-05 00:00:00,6102.13,6097.11,6107.12,6075.59,115747953.0,131118706647.8,0.52,6097.11,sh000905
2023-06-06 00:00:00,6088.66,5983.42,6089.07,5969.29,123045387.0,133636232835.4,1.96,5983.42,sh000905
2023-06-07 00:00:00,5982.31,5987.01,6010.03,5969.16,93597892.0,113593743557.7,0.68,5987.01,sh000905
2023-06-08 00:00:00,5971.72,5966.15,5992.97,5922.39,108981632.0,124387889683.3,1.18,5966.15,sh000905
2023-06-09 00:00:00,5968.7,6009.58,6017.28,5960.11,127553432.0,158760400688.5,0.96,6009.58,sh000905
2023-06-12 00:00:00,5999.62,6027.71,6045.66,5987.27,113612471.0,151203107291.2,0.97,6027.71,sh000905
2023-06-13 00:00:00,6016.69,6044.04,6047.06,6014.06,98680298.0,134425849549.1,0.55,6044.04,sh000905
2023-06-14 00:00:00,6046.44,6044.08,6064.29,6034.47,109689021.0,148046160093.7,0.49,6044.08,sh000905
2023-06-15 00:00:00,6049.47,6096.81,6100.23,6046.16,118417734.0,165700035083.1,0.89,6096.81,sh000905
2023-06-16 00:00:00,6094.84,6148.01,6154.93,6091.18,115349568.0,165690149218.5,1.05,6148.01,sh000905
2023-06-19 00:00:00,6148.85,6131.38,6148.85,6126.39,113787209.0,164780447140.9,0.37,6131.38,sh000905
2023-06-20 00:00:00,6122.74,6126.11,6144.01,6100.14,106630832.0,161419763306.8,0.72,6126.11,sh000905
2023-06-21 00:00:00,6104.25,5990.85,6104.25,5990.79,106447766.0,154200972220.3,1.85,5990.85,sh000905
2023-06-26 00:00:00,5947.57,5887.03,5970.61,5875.94,111081791.0,148203624502.1,1.58,5887.03,sh000905
2023-06-27 00:00:00,5897.69,5948.0,5956.18,5884.95,93039155.0,118625135535.9,1.21,5948.0,sh000905
2023-06-28 00:00:00,5945.64,5942.31,5951.13,5857.13,93944302.0,128454934662.7,1.58,5942.31,sh000905
2023-06-29 00:00:00,5928.71,5940.58,5964.86,5924.28,88376857.0,123484005846.8,0.68,5940.58,sh000905
2023-06-30 00:00:00,5931.87,5998.73,6016.45,5927.94,94504668.0,133367471516.9,1.49,5998.73,sh000905
2023-07-03 00:00:00,6009.27,6042.31,6056.16,5997.85,113075905.0,153065229521.6,0.97,6042.31,sh000905
2023-07-04 00:00:00,6042.72,6055.26,6059.57,6027.29,105583765.0,144484638910.0,0.53,6055.26,sh000905
2023-07-05 00:00:00,6050.35,6020.82,6059.38,6011.87,104129041.0,142198505817.2,0.78,6020.82,sh000905
2023-07-06 00:00:00,6010.66,5988.55,6042.29,5983.48,93965038.0,131979482562.6,0.98,5988.55,sh000905
2023-07-07 00:00:00,5973.98,5961.61,5994.28,5936.23,94118346.0,121687700019.0,0.97,5961.61,sh000905
2023-07-10 00:00:00,5980.61,5984.28,6003.4,5958.73,85168564.0,113940191969.5,0.75,5984.28,sh000905
2023-07-11 00:00:00,5991.02,6029.23,6029.23,5972.14,84531897.0,117919697046.3,0.95,6029.23,sh000905
2023-07-12 00:00:00,6030.64,5962.79,6033.58,5960.43,96692241.0,134419386322.7,1.21,5962.79,sh000905
2023-07-13 00:00:00,5986.25,6044.06,6049.06,5986.25,99656398.0,138941870295.0,1.05,6044.06,sh000905
2023-07-14 00:00:00,6052.95,6030.52,6055.53,6026.33,94963197.0,137880575951.9,0.48,6030.52,sh000905
2023-07-17 00:00:00,6012.76,6012.69,6018.07,5985.44,88420212.0,124991560881.3,0.54,6012.69,sh000905
2023-07-18 00:00:00,6015.98,6001.8,6027.61,5984.06,87719910.0,121310187887.2,0.72,6001.8,sh000905
2023-07-19 00:00:00,5998.38,5993.41,6017.45,5962.99,77791034.0,104054562581.1,0.91,5993.41,sh000905
2023-07-20 00:00:00,5996.84,5925.48,6009.43,5920.15,91195368.0,123684933457.2,1.49,5925.48,sh000905
2023-07-21 00:00:00,5914.35,5925.63,5961.05,5904.79,81975307.0,107065413903.9,0.95,5925.63,sh000905
2023-07-24 00:00:00,5913.57,5916.71,5954.24,5896.45,75928001.0,99623302711.1,0.98,5916.71,sh000905
2023-07-25 00:00:00,5976.97,6016.63,6016.75,5971.73,131896392.0,145732847141.7,0.76,6016.63,sh000905
2023-07-26 00:00:00,6014.76,6001.54,6015.58,5984.39,121825219.0,120547387629.8,0.52,6001.54,sh000905
2023-07-27 00:00:00,5998.85,5961.18,6017.67,5952.89,123000825.0,117272101565.3,1.08,5961.18,sh000905
2023-07-28 00:00:00,5945.91,6043.24,6049.76,5932.06,163171871.0,149147477703.5,1.97,6043.24,sh000905
2023-07-31 00:00:00,6059.11,6088.24,6133.72,6059.11,186551103.0,179595743483.0,1.23,6088.24,sh000905
2023-08-01 00:00:00,6086.9,6098.88,6113.98,6077.11,187588600.0,166628364673.4,0.61,6098.88,sh000905
2023-08-02 00:00:00,6088.14,6077.46,6111.24,6059.87,147154529.0,135758673344.6,0.84,6077.46,sh000905
2023-08-03 00:00:00,6062.64,6098.69,6101.81,6047.68,146479011.0,138777463929.6,0.89,6098.69,sh000905
2023-08-04 00:00:00,6126.15,6128.56,6164.16,6105.64,196943501.0,186850093568.5,0.96,6128.56,sh000905
2023-08-07 00:00:00,6115.84,6090.73,6117.92,6072.54,145319137.0,154416328543.1,0.74,6090.73,sh000905
2023-08-08 00:00:00,6077.3,6066.1,6088.1,6044.24,121545728.0,131357351526.3,0.72,6066.1,sh000905
2023-08-09 00:00:00,6049.45,6021.75,6062.02,6012.25,98809174.0,116294678353.9,0.82,6021.75,sh000905
2023-08-10 00:00:00,6013.35,6031.71,6040.46,5999.56,99842638.0,103950301369.3,0.68,6031.71,sh000905
2023-08-11 00:00:00,6030.05,5913.35,6030.05,5913.35,113072007.0,115393420336.3,1.93,5913.35,sh000905
2023-08-14 00:00:00,5864.48,5916.8,5919.8,5833.46,103675706.0,116321082192.1,1.46,5916.8,sh000905
2023-08-15 00:00:00,5919.77,5879.78,5926.42,5830.97,92417381.0,107626210841.9,1.61,5879.78,sh000905
2023-08-16 00:00:00,5858.6,5833.22,5891.81,5833.22,104950425.0,114013689380.0,1.0,5833.22,sh000905
2023-08-17 00:00:00,5808.91,5874.36,5882.15,5778.53,113576384.0,120852973476.6,1.78,5874.36,sh000905
2023-08-18 00:00:00,5875.11,5777.8,5891.4,5777.8,102931845.0,109766358594.4,1.93,5777.8,sh000905
2023-08-21 00:00:00,5764.67,5710.78,5802.51,5710.78,92835698.0,96691987125.6,1.59,5710.78,sh000905
2023-08-22 00:00:00,5733.25,5741.06,5754.57,5646.51,106175193.0,120035178924.1,1.89,5741.06,sh000905
2023-08-23 00:00:00,5732.39,5629.5,5732.39,5629.5,94186725.0,101871329162.8,1.79,5629.5,sh000905
2023-08-24 00:00:00,5650.36,5652.67,5701.32,5619.33,108086771.0,120640882887.6,1.46,5652.67,sh000905
2023-08-25 00:00:00,5624.77,5581.21,5648.62,5560.22,106241602.0,114730298316.4,1.56,5581.21,sh000905
2023-08-28 00:00:00,5885.88,5644.14,5887.51,5631.69,185745619.0,181457042375.4,4.58,5644.14,sh000905
2023-08-29 00:00:00,5631.01,5770.32,5789.96,5626.52,160851895.0,165476278766.7,2.9,5770.32,sh000905
2023-08-30 00:00:00,5780.28,5775.15,5817.73,5753.22,136004384.0,145078565405.8,1.12,5775.15,sh000905
2023-08-31 00:00:00,5770.95,5739.4,5777.42,5728.47,116335134.0,121252796160.9,0.85,5739.4,sh000905
2023-09-01 00:00:00,5746.41,5750.8,5775.18,5732.97,104179103.0,107061408580.6,0.74,5750.8,sh000905
2023-09-04 00:00:00,5772.03,5829.78,5829.78,5758.03,135648873.0,135994054181.1,1.25,5829.78,sh000905
2023-09-05 00:00:00,5819.97,5788.71,5822.06,5779.37,106517658.0,114971726102.7,0.73,5788.71,sh000905
2023-09-06 00:00:00,5771.85,5790.38,5800.96,5748.65,90480502.0,106512753384.6,0.9,5790.38,sh000905
2023-09-07 00:00:00,5782.07,5702.7,5782.07,5701.8,92920518.0,105713167275.8,1.39,5702.7,sh000905
2023-09-08 00:00:00,5684.66,5708.62,5732.37,5683.4,79520028.0,93059123325.2,0.86,5708.62,sh000905
2023-09-11 00:00:00,5723.02,5774.73,5802.21,5704.7,112837137.0,132425678094.5,1.71,5774.73,sh000905
2023-09-12 00:00:00,5774.47,5770.93,5793.83,5763.3,86041207.0,105032116597.9,0.53,5770.93,sh000905
2023-09-13 00:00:00,5764.82,5715.4,5770.41,5681.5,91472473.0,101933192541.5,1.54,5715.4,sh000905
2023-09-14 00:00:00,5714.67,5702.1,5721.21,5679.2,90247792.0,97979765540.8,0.74,5702.1,sh000905
2023-09-15 00:00:00,5716.29,5704.66,5741.07,5680.9,98375964.0,110557876200.1,1.06,5704.66,sh000905
2023-09-18 00:00:00,5685.85,5719.69,5734.19,5665.58,92305722.0,109249767455.6,1.2,5719.69,sh000905
2023-09-19 00:00:00,5713.49,5687.9,5713.6,5670.42,85112102.0,94544819485.1,0.75,5687.9,sh000905
2023-09-20 00:00:00,5677.92,5651.01,5689.83,5651.01,77634158.0,84080282560.4,0.68,5651.01,sh000905
2023-09-21 00:00:00,5638.44,5611.92,5666.7,5609.21,81931509.0,84847061987.6,1.02,5611.92,sh000905
2023-09-22 00:00:00,5606.83,5698.82,5700.32,5603.81,104118982.0,120276386023.4,1.72,5698.82,sh000905
2023-09-25 00:00:00,5694.9,5666.66,5699.15,5659.32,93340719.0,114172282948.0,0.7,5666.66,sh000905
2023-09-26 00:00:00,5661.03,5646.65,5682.28,5646.65,74309615.0,100424427689.8,0.63,5646.65,sh000905
2023-09-27 00:00:00,5642.39,5674.35,5701.51,5641.85,81086240.0,102149151673.6,1.06,5674.35,sh000905
2023-09-28 00:00:00,5687.64,5690.77,5704.62,5677.53,79477338.0,101456952317.7,0.48,5690.77,sh000905
2023-10-09 00:00:00,5679.64,5658.08,5680.95,5634.35,90029836.0,109095282387.9,0.82,5658.08,sh000905
2023-10-10 00:00:00,5665.66,5630.37,5678.46,5627.41,87726425.0,104621240810.9,0.9,5630.37,sh000905
2023-10-11 00:00:00,5639.07,5629.79,5674.25,5617.87,90644826.0,112202131187.6,1.0,5629.79,sh000905
2023-10-12 00:00:00,5655.61,5671.64,5677.82,5642.49,100502986.0,119947478383.3,0.63,5671.64,sh000905
2023-10-13 00:00:00,5645.44,5633.38,5646.07,5616.85,89391702.0,110878380412.7,0.52,5633.38,sh000905
2023-10-16 00:00:00,5633.3,5580.67,5636.32,5559.42,89867550.0,107684372825.8,1.37,5580.67,sh000905
2023-10-17 00:00:00,5585.14,5595.34,5599.42,5556.57,92516737.0,105060399668.5,0.77,5595.34,sh000905
2023-10-18 00:00:00,5586.02,5524.6,5586.02,5519.46,98953562.0,110310590720.5,1.19,5524.6,sh000905
2023-10-19 00:00:00,5496.76,5464.03,5529.87,5463.65,108078335.0,117347195293.0,1.2,5464.03,sh000905
2023-10-20 00:00:00,5443.46,5423.67,5473.21,5413.02,94936115.0,107713531625.7,1.1,5423.67,sh000905
2023-10-23 00:00:00,5400.54,5290.33,5400.79,5269.83,103083126.0,112227737477.3,2.41,5290.33,sh000905
2023-10-24 00:00:00,5311.67,5352.01,5363.2,5290.5,114745729.0,126190795980.9,1.37,5352.01,sh000905
2023-10-25 00:00:00,5386.43,5376.0,5423.01,5376.0,114921244.0,129741397087.7,0.88,5376.0,sh000905
2023-10-26 00:00:00,5351.16,5398.93,5404.99,5337.49,102485044.0,116893043685.1,1.26,5398.93,sh000905
2023-10-27 00:00:00,5387.27,5492.03,5514.31,5380.94,112542804.0,132776259320.2,2.47,5492.03,sh000905
2023-10-30 00:00:00,5484.62,5546.39,5559.78,5483.16,123034185.0,153066651404.1,1.4,5546.39,sh000905
2023-10-31 00:00:00,5547.32,5528.24,5554.19,5505.93,105679375.0,127527068558.9,0.87,5528.24,sh000905
2023-11-01 00:00:00,5534.89,5509.97,5534.94,5496.83,87185785.0,105639439602.5,0.69,5509.97,sh000905
2023-11-02 00:00:00,5514.52,5459.45,5532.85,5457.75,90202645.0,101795786004.1,1.36,5459.45,sh000905
2023-11-03 00:00:00,5462.14,5510.36,5537.73,5462.14,97990576.0,114009935832.3,1.38,5510.36,sh000905
2023-11-06 00:00:00,5549.29,5605.06,5609.26,5549.29,139241046.0,156664899021.4,1.09,5605.06,sh000905
2023-11-07 00:00:00,5594.47,5611.1,5631.1,5578.51,120579321.0,139898836824.0,0.94,5611.1,sh000905
2023-11-08 00:00:00,5602.97,5608.02,5633.97,5577.39,122994558.0,139708501031.2,1.01,5608.02,sh000905
2023-11-09 00:00:00,5602.49,5592.06,5638.08,5582.12,106362800.0,123039510738.4,1.0,5592.06,sh000905
2023-11-10 00:00:00,5577.34,5573.1,5585.21,5550.82,94324024.0,109671917967.6,0.61,5573.1,sh000905
2023-11-13 00:00:00,5589.06,5605.57,5605.57,5565.09,102158932.0,117833772398.6,0.73,5605.57,sh000905
2023-11-14 00:00:00,5602.98,5630.55,5639.19,5600.78,101073136.0,116072656381.1,0.69,5630.55,sh000905
2023-11-15 00:00:00,5677.55,5664.62,5684.75,5649.72,113087937.0,131864342620.6,0.62,5664.62,sh000905
2023-11-16 00:00:00,5647.06,5609.36,5652.4,5609.36,94662677.0,105765074960.8,0.76,5609.36,sh000905
2023-11-17 00:00:00,5598.95,5631.42,5632.39,5593.49,89422342.0,101443839223.4,0.69,5631.42,sh000905
2023-11-20 00:00:00,5635.59,5659.77,5669.38,5609.27,103105072.0,119885024783.4,1.07,5659.77,sh000905
2023-11-21 00:00:00,5669.17,5641.08,5696.09,5634.27,114861205.0,126740611037.5,1.09,5641.08,sh000905
2023-11-22 00:00:00,5622.86,5572.9,5639.0,5572.9,104718408.0,109971792008.8,1.17,5572.9,sh000905
2023-11-23 00:00:00,5566.73,5622.99,5627.79,5548.97,98042432.0,101151204629.6,1.41,5622.99,sh000905
2023-11-24 00:00:00,5619.32,5570.42,5619.32,5556.71,101248044.0,100701104772.1,1.11,5570.42,sh000905
2023-11-27 00:00:00,5562.75,5566.51,5579.72,5531.65,98218653.0,107690772117.8,0.86,5566.51,sh000905
2023-11-28 00:00:00,5561.58,5591.5,5594.72,5529.54,89373272.0,98930980618.3,1.17,5591.5,sh000905
2023-11-29 00:00:00,5588.77,5553.33,5593.37,5547.84,89509151.0,96924084400.2,0.81,5553.33,sh000905
2023-11-30 00:00:00,5548.52,5545.05,5560.33,5509.96,87841505.0,95350481599.1,0.91,5545.05,sh000905
2023-12-01 00:00:00,5541.23,5566.87,5576.73,5521.06,93371708.0,107454844321.7,1.0,5566.87,sh000905
2023-12-04 00:00:00,5578.42,5559.07,5590.84,5559.07,99306543.0,119628388288.4,0.57,5559.07,sh000905
2023-12-05 00:00:00,5542.87,5460.41,5542.87,5460.41,91298248.0,103824359571.7,1.48,5460.41,sh000905
2023-12-06 00:00:00,5448.46,5481.82,5513.09,5443.07,88373997.0,102084528903.4,1.28,5481.82,sh000905
2023-12-07 00:00:00,5475.27,5481.14,5501.48,5443.29,89048687.0,103621973820.8,1.06,5481.14,sh000905
2023-12-08 00:00:00,5484.68,5497.99,5522.06,5477.53,118123774.0,140788027712.1,0.81,5497.99,sh000905
2023-12-11 00:00:00,5473.65,5564.85,5574.12,5429.44,118605911.0,140631297822.3,2.63,5564.85,sh000905
2023-12-12 00:00:00,5560.44,5566.18,5576.01,5545.16,84232331.0,110639096839.0,0.55,5566.18,sh000905
2023-12-13 00:00:00,5557.05,5507.51,5558.06,5507.51,75929894.0,96464641302.3,0.91,5507.51,sh000905
2023-12-14 00:00:00,5532.99,5489.33,5557.37,5487.75,74118097.0,89999982306.2,1.26,5489.33,sh000905
2023-12-15 00:00:00,5499.37,5449.79,5516.22,5438.53,80125418.0,94631897359.6,1.42,5449.79,sh000905
2023-12-18 00:00:00,5436.99,5385.27,5448.08,5374.59,78022493.0,88053828533.8,1.35,5385.27,sh000905
2023-12-19 00:00:00,5380.73,5379.87,5406.96,5344.03,70323722.0,82191407660.2,1.17,5379.87,sh000905
2023-12-20 00:00:00,5386.0,5309.29,5388.46,5308.57,75387097.0,86209163297.2,1.48,5309.29,sh000905
2023-12-21 00:00:00,5286.45,5338.76,5352.5,5253.32,81522318.0,96981042377.4,1.87,5338.76,sh000905
2023-12-22 00:00:00,5337.38,5311.69,5366.23,5293.22,90387004.0,108918439607.9,1.37,5311.69,sh000905
2023-12-25 00:00:00,5301.57,5315.37,5339.66,5288.47,65918772.0,81018151918.5,0.96,5315.37,sh000905
2023-12-26 00:00:00,5312.8,5258.28,5313.92,5238.04,67532007.0,80910364895.8,1.43,5258.28,sh000905
2023-12-27 00:00:00,5261.57,5285.53,5293.8,5235.46,75397918.0,84253444705.4,1.11,5285.53,sh000905
2023-12-28 00:00:00,5280.69,5382.8,5400.24,5275.4,107699239.0,126896204801.3,2.36,5382.8,sh000905
2023-12-29 00:00:00,5376.98,5429.23,5437.15,5374.69,90931766.0,112533613054.4,1.16,5429.23,sh000905
2024-01-02 00:00:00,5431.48,5409.46,5439.48,5409.46,92964747.0,106839922689.4,0.55,5409.46,sh000905
2024-01-03 00:00:00,5398.29,5401.4,5428.52,5373.83,86705229.0,99883598918.1,1.01,5401.4,sh000905
2024-01-04 00:00:00,5395.14,5355.32,5395.14,5331.89,78846568.0,91011406056.3,1.17,5355.32,sh000905
2024-01-05 00:00:00,5347.07,5281.87,5373.68,5260.59,89538884.0,101084569596.5,2.11,5281.87,sh000905
2024-01-08 00:00:00,5268.23,5167.7,5268.98,5167.7,83785155.0,92792791379.5,1.92,5167.7,sh000905
2024-01-09 00:00:00,5176.11,5180.65,5220.46,5153.0,78740418.0,90959823751.5,1.31,5180.65,sh000905
2024-01-10 00:00:00,5167.73,5158.08,5211.82,5118.43,71173946.0,84227807644.4,1.8,5158.08,sh000905
2024-01-11 00:00:00,5152.36,5223.86,5243.14,5146.9,85041295.0,106151947191.7,1.87,5223.86,sh000905
2024-01-12 00:00:00,5213.14,5206.18,5262.62,5206.16,76619831.0,93271394880.1,1.08,5206.18,sh000905
2024-01-15 00:00:00,5189.53,5193.3,5238.96,5171.24,73925097.0,88027788849.7,1.3,5193.3,sh000905
2024-01-16 00:00:00,5188.37,5190.4,5210.08,5124.08,83070371.0,92337607304.7,1.66,5190.4,sh000905
2024-01-17 00:00:00,5180.93,5061.54,5180.93,5061.54,78741849.0,87930639304.5,2.3,5061.54,sh000905
2024-01-18 00:00:00,5033.1,5066.96,5069.23,4924.68,118751055.0,123436419725.2,2.86,5066.96,sh000905
2024-01-19 00:00:00,5056.48,5018.43,5084.29,5014.77,78467383.0,92039421274.4,1.37,5018.43,sh000905
2024-01-22 00:00:00,5008.68,4780.97,5008.77,4753.63,109708492.0,115622857135.0,5.08,4780.97,sh000905
2024-01-23 00:00:00,4771.5,4865.74,4889.42,4727.88,99944718.0,107808853142.3,3.38,4865.74,sh000905
2024-01-24 00:00:00,4886.2,4933.7,4941.44,4766.8,114025805.0,112683270494.8,3.59,4933.7,sh000905
2024-01-25 00:00:00,4931.63,5073.18,5074.49,4910.96,132307766.0,134822852027.2,3.31,5073.18,sh000905
2024-01-26 00:00:00,5055.29,5027.09,5086.13,5009.97,117009836.0,119232918977.8,1.5,5027.09,sh000905
2024-01-29 00:00:00,5032.11,4927.91,5050.11,4927.91,116876657.0,117835011090.9,2.43,4927.91,sh000905
2024-01-30 00:00:00,4898.36,4814.99,4939.35,4810.1,99675811.0,95474113525.6,2.62,4814.99,sh000905
2024-01-31 00:00:00,4786.81,4696.98,4832.4,4690.94,121093158.0,116592536773.1,2.94,4696.98,sh000905
2024-02-01 00:00:00,4667.91,4678.73,4771.05,4629.99,111471910.0,107508825587.6,3.0,4678.73,sh000905
2024-02-02 00:00:00,4686.1,4563.22,4724.05,4435.56,137501832.0,124953077788.8,6.17,4563.22,sh000905
2024-02-05 00:00:00,4527.71,4460.26,4598.06,4281.24,165958337.0,143547017412.4,6.94,4460.26,sh000905
2024-02-06 00:00:00,4411.3,4805.9,4817.12,4405.31,173058335.0,156485198829.2,9.23,4805.9,sh000905
2024-02-07 00:00:00,4813.95,5109.57,5110.8,4813.23,227198934.0,212618286127.8,6.19,5109.57,sh000905
2024-02-08 00:00:00,5131.8,5150.23,5367.22,5129.78,213676123.0,212255665093.8,4.65,5150.23,sh000905
2024-02-19 00:00:00,5225.14,5141.6,5225.14,5074.76,162949893.0,172805832899.6,2.92,5141.6,sh000905
2024-02-20 00:00:00,5107.57,5140.96,5151.72,5072.88,121646379.0,133242205643.5,1.53,5140.96,sh000905
2024-02-21 00:00:00,5101.41,5139.04,5252.88,5074.82,150872501.0,155561259421.7,3.46,5139.04,sh000905
2024-02-22 00:00:00,5133.55,5176.34,5184.62,5117.68,116614806.0,127546517889.3,1.3,5176.34,sh000905
2024-02-23 00:00:00,5190.65,5197.71,5197.71,5118.57,135265004.0,145442447176.8,1.53,5197.71,sh000905
2024-02-26 00:00:00,5194.74,5195.46,5255.36,5162.95,144018944.0,152600869381.9,1.78,5195.46,sh000905
2024-02-27 00:00:00,5174.82,5307.8,5307.8,5160.88,138971751.0,157201596730.4,2.83,5307.8,sh000905
2024-02-28 00:00:00,5311.43,5184.05,5383.32,5184.05,202560985.0,214135426954.0,3.75,5184.05,sh000905
2024-02-29 00:00:00,5154.15,5346.79,5349.77,5154.15,160790165.0,178975999913.2,3.77,5346.79,sh000905
2024-03-01 00:00:00,5350.86,5379.05,5387.78,5321.56,142298395.0,171103270101.0,1.24,5379.05,sh000905
2024-03-04 00:00:00,5386.94,5388.82,5400.12,5325.96,143928469.0,175906403369.0,1.38,5388.82,sh000905
2024-03-05 00:00:00,5358.22,5351.83,5382.98,5329.97,140816479.0,174282675002.5,0.98,5351.83,sh000905
2024-03-06 00:00:00,5332.83,5350.1,5405.49,5293.95,121099564.0,146843351594.8,2.08,5350.1,sh000905
2024-03-07 00:00:00,5354.33,5277.3,5384.66,5277.3,139831342.0,157442183149.0,2.01,5277.3,sh000905
2024-03-08 00:00:00,5282.41,5349.6,5361.71,5268.53,121467978.0,144003562005.9,1.77,5349.6,sh000905
2024-03-11 00:00:00,5342.18,5441.05,5443.04,5339.26,142981732.0,173588864750.5,1.94,5441.05,sh000905
2024-03-12 00:00:00,5445.88,5423.72,5473.29,5385.14,147072536.0,178848761377.9,1.62,5423.72,sh000905
2024-03-13 00:00:00,5430.04,5415.11,5459.32,5389.53,129746301.0,164526330861.1,1.29,5415.11,sh000905
2024-03-14 00:00:00,5415.15,5392.93,5447.54,5352.12,131887357.0,157337167775.7,1.76,5392.93,sh000905
2024-03-15 00:00:00,5380.02,5454.15,5456.73,5357.18,136405030.0,158718756617.2,1.85,5454.15,sh000905
2024-03-18 00:00:00,5472.31,5528.45,5528.45,5459.55,159862638.0,190794115131.3,1.26,5528.45,sh000905
2024-03-19 00:00:00,5514.55,5478.22,5533.64,5477.12,146777240.0,176661748327.6,1.02,5478.22,sh000905
2024-03-20 00:00:00,5469.61,5493.41,5499.24,5455.76,126273262.0,157036230421.8,0.79,5493.41,sh000905
2024-03-21 00:00:00,5505.7,5465.83,5517.46,5454.23,129489458.0,159252387801.8,1.15,5465.83,sh000905
2024-03-22 00:00:00,5454.41,5384.57,5463.54,5356.11,137096029.0,163185963748.5,1.97,5384.57,sh000905
2024-03-25 00:00:00,5369.78,5294.75,5401.6,5292.64,130778254.0,156251665726.7,2.02,5294.75,sh000905
2024-03-26 00:00:00,5291.52,5284.42,5318.88,5237.9,116468112.0,145296216679.9,1.53,5284.42,sh000905
2024-03-27 00:00:00,5280.73,5156.68,5282.7,5156.68,110107142.0,129828707609.3,2.38,5156.68,sh000905
2024-03-28 00:00:00,5156.48,5223.81,5276.64,5156.48,116318192.0,140612607112.3,2.33,5223.81,sh000905
2024-03-29 00:00:00,5220.55,5286.16,5287.04,5211.19,109047149.0,126574031377.1,1.45,5286.16,sh000905
2024-04-01 00:00:00,5309.83,5401.22,5401.78,5309.83,136734854.0,166553105409.3,1.74,5401.22,sh000905
2024-04-02 00:00:00,5395.48,5381.23,5402.16,5353.31,132148642.0,155779915085.8,0.9,5381.23,sh000905
2024-04-03 00:00:00,5373.5,5374.6,5386.34,5350.16,133628053.0,154114398165.9,0.67,5374.6,sh000905
2024-04-08 00:00:00,5358.96,5298.59,5383.66,5297.56,148588559.0,161260958590.0,1.6,5298.59,sh000905
2024-04-09 00:00:00,5294.47,5342.9,5342.9,5284.96,113300745.0,133262737277.5,1.09,5342.9,sh000905
2024-04-10 00:00:00,5335.73,5275.47,5335.73,5242.86,117908618.0,132251020973.6,1.74,5275.47,sh000905
2024-04-11 00:00:00,5244.05,5301.81,5353.81,5240.51,127745143.0,141290912857.4,2.15,5301.81,sh000905
2024-04-12 00:00:00,5307.72,5277.22,5336.45,5270.46,118524933.0,136145117631.0,1.24,5277.22,sh000905
2024-04-15 00:00:00,5270.04,5339.72,5376.05,5219.43,159217624.0,169269295711.9,2.97,5339.72,sh000905
2024-04-16 00:00:00,5309.1,5191.55,5346.76,5184.65,162583973.0,168778499341.7,3.04,5191.55,sh000905
2024-04-17 00:00:00,5211.25,5339.75,5339.75,5211.25,147594552.0,155660732929.5,2.48,5339.75,sh000905
2024-04-18 00:00:00,5317.8,5349.84,5410.7,5299.23,153497682.0,167338860159.0,2.09,5349.84,sh000905
2024-04-19 00:00:00,5322.36,5314.87,5369.95,5292.02,142134216.0,156010347135.9,1.46,5314.87,sh000905
2024-04-22 00:00:00,5289.41,5267.58,5340.63,5264.19,135266882.0,150190436487.7,1.44,5267.58,sh000905
2024-04-23 00:00:00,5257.77,5208.27,5280.06,5196.96,125801120.0,139018868110.2,1.58,5208.27,sh000905
2024-04-24 00:00:00,5210.18,5263.04,5263.04,5183.7,117297220.0,139471094806.5,1.52,5263.04,sh000905
2024-04-25 00:00:00,5240.48,5259.34,5297.16,5229.82,110833929.0,127544603285.3,1.28,5259.34,sh000905
2024-04-26 00:00:00,5258.38,5372.12,5379.67,5258.38,173777701.0,193788859192.2,2.31,5372.12,sh000905
2024-04-29 00:00:00,5371.21,5478.49,5488.28,5371.21,190936055.0,212148850246.6,2.18,5478.49,sh000905
2024-04-30 00:00:00,5471.17,5441.14,5478.04,5436.58,162797344.0,175143689576.2,0.76,5441.14,sh000905
2024-05-06 00:00:00,5498.44,5528.6,5535.95,5496.91,165791626.0,187906843862.2,0.72,5528.6,sh000905
2024-05-07 00:00:00,5532.32,5527.08,5543.13,5507.5,136535402.0,162155744860.2,0.64,5527.08,sh000905
2024-05-08 00:00:00,5516.45,5458.76,5516.45,5454.87,123955621.0,139472996786.3,1.11,5458.76,sh000905
2024-05-09 00:00:00,5461.36,5556.77,5568.73,5461.36,131121230.0,153999870752.3,1.97,5556.77,sh000905
2024-05-10 00:00:00,5562.19,5535.4,5570.57,5497.5,128688030.0,144026969940.9,1.31,5535.4,sh000905
2024-05-13 00:00:00,5503.13,5505.26,5527.2,5462.51,131627588.0,146159918962.1,1.17,5505.26,sh000905
2024-05-14 00:00:00,5508.47,5500.74,5538.74,5484.96,118994399.0,132592062465.6,0.98,5500.74,sh000905
2024-05-15 00:00:00,5495.56,5446.66,5497.08,5441.35,110124989.0,121525793558.0,1.01,5446.66,sh000905
2024-05-16 00:00:00,5461.11,5424.67,5475.37,5408.13,122108119.0,133148761562.0,1.23,5424.67,sh000905
2024-05-17 00:00:00,5418.66,5491.89,5493.2,5409.7,126916168.0,139244609264.9,1.54,5491.89,sh000905
2024-05-20 00:00:00,5496.79,5523.5,5536.66,5484.36,144971448.0,163572079873.3,0.95,5523.5,sh000905
2024-05-21 00:00:00,5511.48,5478.91,5513.42,5460.98,108691192.0,123832374658.6,0.95,5478.91,sh000905
2024-05-22 00:00:00,5472.01,5468.61,5486.3,5455.08,113057782.0,126572719199.3,0.57,5468.61,sh000905
2024-05-23 00:00:00,5448.94,5362.31,5448.94,5352.39,126657569.0,135749197020.0,1.77,5362.31,sh000905
2024-05-24 00:00:00,5348.51,5313.45,5400.16,5311.49,106564175.0,117396142024.9,1.65,5313.45,sh000905
2024-05-27 00:00:00,5325.85,5371.37,5373.11,5284.51,115643229.0,124785634504.8,1.67,5371.37,sh000905
2024-05-28 00:00:00,5363.33,5316.13,5365.47,5310.32,110965373.0,120979080988.0,1.03,5316.13,sh000905
2024-05-29 00:00:00,5308.59,5328.31,5361.74,5305.96,104361267.0,112762595771.6,1.05,5328.31,sh000905
2024-05-30 00:00:00,5316.4,5308.66,5349.69,5296.49,107350187.0,114757614217.4,1.0,5308.66,sh000905
2024-05-31 00:00:00,5310.72,5308.54,5357.02,5308.54,104151147.0,113019704335.1,0.91,5308.54,sh000905
2024-06-03 00:00:00,5300.79,5274.07,5316.34,5232.69,126968515.0,129543758977.7,1.58,5274.07,sh000905
2024-06-04 00:00:00,5263.23,5341.95,5352.28,5247.58,108083144.0,117835610768.9,1.99,5341.95,sh000905
2024-06-05 00:00:00,5328.87,5277.94,5347.43,5277.94,105792757.0,111608396273.0,1.3,5277.94,sh000905
2024-06-06 00:00:00,5291.52,5228.8,5305.88,5213.66,133368231.0,135739981470.4,1.75,5228.8,sh000905
2024-06-07 00:00:00,5247.15,5208.98,5258.82,5172.05,113527478.0,118553769519.2,1.66,5208.98,sh000905
2024-06-11 00:00:00,5182.41,5217.47,5232.85,5159.33,116437116.0,119660626659.4,1.41,5217.47,sh000905
2024-06-12 00:00:00,5209.13,5232.95,5245.99,5205.57,103065569.0,111341271703.7,0.77,5232.95,sh000905
2024-06-13 00:00:00,5231.91,5194.59,5233.8,5182.74,118232764.0,123194241679.1,0.98,5194.59,sh000905
2024-06-14 00:00:00,5180.29,5213.09,5235.88,5163.38,133998620.0,146009261400.6,1.4,5213.09,sh000905
2024-06-17 00:00:00,5189.28,5207.13,5223.59,5184.6,107970664.0,135704407617.0,0.75,5207.13,sh000905
2024-06-18 00:00:00,5207.98,5230.89,5243.59,5204.97,94090903.0,120391272834.4,0.74,5230.89,sh000905
2024-06-19 00:00:00,5235.48,5168.82,5236.3,5168.82,87849590.0,111740529823.1,1.29,5168.82,sh000905
2024-06-20 00:00:00,5162.16,5094.57,5184.75,5092.29,95609003.0,113062777426.7,1.79,5094.57,sh000905
2024-06-21 00:00:00,5079.92,5102.33,5128.14,5071.65,83838907.0,98090349439.3,1.11,5102.33,sh000905
2024-06-24 00:00:00,5072.8,4992.91,5078.96,4986.77,100186646.0,113108464981.7,1.81,4992.91,sh000905
2024-06-25 00:00:00,4989.07,4948.63,5007.34,4918.04,91636779.0,104683752506.4,1.79,4948.63,sh000905
2024-06-26 00:00:00,4942.17,5020.43,5024.77,4915.66,93394621.0,102152255030.0,2.2,5020.43,sh000905
2024-06-27 00:00:00,4998.99,4928.05,5000.18,4925.16,88537187.0,97364975399.3,1.49,4928.05,sh000905
2024-06-28 00:00:00,4914.67,4942.78,5003.41,4914.55,106308342.0,114743251798.9,1.8,4942.78,sh000905
2024-07-01 00:00:00,4943.79,5003.16,5017.61,4929.09,97312793.0,110821074065.9,1.79,5003.16,sh000905
2024-07-02 00:00:00,5000.58,4949.48,5002.74,4934.12,96209334.0,105902911013.0,1.37,4949.48,sh000905
2024-07-03 00:00:00,4945.4,4910.92,4950.51,4905.39,84528331.0,96121126342.0,0.91,4910.92,sh000905
2024-07-04 00:00:00,4917.44,4834.5,4935.61,4827.34,91008466.0,98771611006.7,2.2,4834.5,sh000905
2024-07-05 00:00:00,4828.86,4866.26,4877.93,4794.13,83133279.0,93724633826.8,1.73,4866.26,sh000905
2024-07-08 00:00:00,4857.02,4783.62,4857.27,4768.56,90254500.0,96789200226.5,1.82,4783.62,sh000905
2024-07-09 00:00:00,4775.31,4876.9,4888.48,4745.32,111401968.0,126704548339.3,2.99,4876.9,sh000905
2024-07-10 00:00:00,4857.48,4844.16,4891.37,4836.17,100953186.0,117244916014.0,1.13,4844.16,sh000905
2024-07-11 00:00:00,4902.81,4939.73,4941.7,4871.17,115275494.0,133127527342.5,1.46,4939.73,sh000905
2024-07-12 00:00:00,4926.98,4919.36,4937.35,4905.8,97175106.0,115594261299.6,0.64,4919.36,sh000905
2024-07-15 00:00:00,4903.52,4883.9,4903.52,4868.74,86824312.0,102734711417.3,0.71,4883.9,sh000905
2024-07-16 00:00:00,4877.6,4898.36,4907.83,4850.43,87267978.0,113648284397.5,1.18,4898.36,sh000905
2024-07-17 00:00:00,4893.41,4856.58,4900.36,4853.6,96909547.0,117932902593.7,0.95,4856.58,sh000905
2024-07-18 00:00:00,4822.13,4877.69,4879.69,4793.43,96654750.0,115283847816.1,1.78,4877.69,sh000905
2024-07-19 00:00:00,4853.04,4872.05,4900.38,4842.93,93290746.0,111989382468.3,1.18,4872.05,sh000905
2024-07-22 00:00:00,4872.64,4865.98,4885.36,4839.11,92710458.0,110307683161.2,0.95,4865.98,sh000905
2024-07-23 00:00:00,4862.97,4722.8,4862.97,4722.8,102403712.0,110578297603.3,2.88,4722.8,sh000905
2024-07-24 00:00:00,4712.29,4668.06,4738.76,4661.83,112674635.0,103026731862.0,1.63,4668.06,sh000905
2024-07-25 00:00:00,4644.42,4665.45,4710.46,4635.24,88600074.0,95885153870.2,1.61,4665.45,sh000905
2024-07-26 00:00:00,4670.45,4736.38,4744.45,4670.45,86472049.0,94118612207.0,1.59,4736.38,sh000905
2024-07-29 00:00:00,4740.5,4708.84,4742.15,4702.98,81102039.0,90979232032.0,0.83,4708.84,sh000905
2024-07-30 00:00:00,4694.52,4699.28,4712.04,4650.56,83353382.0,86181033613.6,1.31,4699.28,sh000905
2024-07-31 00:00:00,4694.73,4886.41,4887.92,4687.05,143180919.0,146601666177.8,4.27,4886.41,sh000905
2024-08-01 00:00:00,4893.87,4852.97,4928.24,4834.65,113213393.0,119765528788.7,1.92,4852.97,sh000905
2024-08-02 00:00:00,4816.94,4788.62,4874.71,4783.12,98529844.0,105654740577.4,1.89,4788.62,sh000905
2024-08-05 00:00:00,4756.08,4693.85,4846.54,4693.82,113338148.0,123487463651.4,3.19,4693.85,sh000905
2024-08-06 00:00:00,4740.45,4750.78,4774.93,4699.18,107774770.0,105286322238.1,1.61,4750.78,sh000905
2024-08-07 00:00:00,4747.98,4751.94,4783.42,4719.94,96989481.0,96834771203.2,1.34,4751.94,sh000905
2024-08-08 00:00:00,4737.09,4755.81,4791.66,4701.79,104309253.0,95364149202.0,1.89,4755.81,sh000905
2024-08-09 00:00:00,4778.26,4720.31,4805.1,4720.31,108819586.0,88057504682.2,1.78,4720.31,sh000905
2024-08-12 00:00:00,4716.96,4714.16,4737.19,4696.05,89100832.0,76375856580.1,0.87,4714.16,sh000905
2024-08-13 00:00:00,4713.96,4731.84,4731.84,4680.59,81365173.0,71101413451.5,1.09,4731.84,sh000905
2024-08-14 00:00:00,4729.81,4667.07,4730.24,4667.07,74588030.0,68308163886.2,1.33,4667.07,sh000905
2024-08-15 00:00:00,4656.7,4698.38,4746.41,4647.79,90973293.0,83712897622.1,2.11,4698.38,sh000905
2024-08-16 00:00:00,4703.6,4670.38,4708.02,4662.11,87379580.0,81927269812.8,0.98,4670.38,sh000905
2024-08-19 00:00:00,4666.33,4682.96,4729.87,4666.26,87136867.0,80742361426.1,1.36,4682.96,sh000905
2024-08-20 00:00:00,4684.29,4602.01,4686.36,4590.39,91846146.0,81351685184.9,2.05,4602.01,sh000905
2024-08-21 00:00:00,4589.09,4587.12,4610.87,4582.27,83526910.0,74809964819.1,0.62,4587.12,sh000905
2024-08-22 00:00:00,4589.5,4533.37,4595.05,4526.25,85856868.0,78202476718.8,1.5,4533.37,sh000905
2024-08-23 00:00:00,4523.99,4537.09,4549.3,4513.2,75778364.0,71369991695.7,0.8,4537.09,sh000905
2024-08-26 00:00:00,4542.86,4544.36,4558.59,4523.73,87118296.0,84365247766.9,0.77,4544.36,sh000905
2024-08-27 00:00:00,4532.49,4495.29,4532.49,4487.09,82529205.0,78742868644.7,1.0,4495.29,sh000905
2024-08-28 00:00:00,4486.43,4500.01,4527.77,4482.03,82681199.0,74244549232.7,1.02,4500.01,sh000905
2024-08-29 00:00:00,4483.55,4557.9,4577.79,4475.22,103115562.0,96829969885.4,2.28,4557.9,sh000905
2024-08-30 00:00:00,4557.5,4639.11,4704.34,4548.38,151593361.0,144749168233.3,3.42,4639.11,sh000905
2024-09-02 00:00:00,4631.9,4546.88,4632.31,4546.84,126368517.0,115893027848.1,1.84,4546.88,sh000905
2024-09-03 00:00:00,4543.22,4596.48,4612.28,4543.22,98589686.0,92749159672.5,1.52,4596.48,sh000905
2024-09-04 00:00:00,4567.69,4582.08,4623.38,4552.3,92435685.0,88646018095.4,1.55,4582.08,sh000905
2024-09-05 00:00:00,4585.17,4601.09,4630.64,4582.05,80583723.0,80148632780.7,1.06,4601.09,sh000905
2024-09-06 00:00:00,4609.34,4537.45,4613.31,4535.35,90147596.0,80215749103.2,1.69,4537.45,sh000905
2024-09-09 00:00:00,4517.57,4507.19,4541.79,4487.84,91944608.0,81907584834.7,1.19,4507.19,sh000905
2024-09-10 00:00:00,4509.32,4507.71,4528.67,4432.91,98529542.0,87011759811.7,2.12,4507.71,sh000905
2024-09-11 00:00:00,4490.19,4514.92,4529.35,4479.03,85206842.0,81707868059.9,1.12,4514.92,sh000905
2024-09-12 00:00:00,4518.99,4496.59,4568.75,4496.59,86654304.0,80916511375.5,1.6,4496.59,sh000905
2024-09-13 00:00:00,4500.39,4450.96,4509.07,4450.96,92533757.0,85710614259.9,1.29,4450.96,sh000905
2024-09-18 00:00:00,4450.09,4462.87,4474.72,4397.16,90989683.0,79102523647.7,1.74,4462.87,sh000905
2024-09-19 00:00:00,4481.46,4520.39,4565.39,4437.54,115611868.0,105405904204.6,2.86,4520.39,sh000905
2024-09-20 00:00:00,4514.96,4498.39,4515.81,4471.94,94312044.0,89084435754.7,0.97,4498.39,sh000905
2024-09-23 00:00:00,4495.78,4494.69,4545.54,4483.13,89935227.0,85104838086.0,1.39,4494.69,sh000905
2024-09-24 00:00:00,4524.22,4689.6,4690.57,4503.12,177144703.0,159947071682.9,4.17,4689.6,sh000905
2024-09-25 00:00:00,4743.63,4731.48,4847.2,4724.43,204593519.0,182209573751.3,2.62,4731.48,sh000905
2024-09-26 00:00:00,4726.0,4938.18,4938.18,4719.35,229930323.0,196122560309.1,4.62,4938.18,sh000905
2024-09-27 00:00:00,5027.26,5201.67,5227.96,5021.51,230177508.0,232646658012.5,4.18,5201.67,sh000905
2024-09-30 00:00:00,5449.79,5743.22,5757.92,5387.34,388703200.0,418784669568.5,7.12,5743.22,sh000905
2024-10-08 00:00:00,6417.81,6155.58,6417.81,5868.85,493546420.0,579263323621.8,9.56,6155.58,sh000905
2024-10-09 00:00:00,6013.7,5735.64,6088.08,5704.48,431156416.0,529447530363.7,6.23,5735.64,sh000905
2024-10-10 00:00:00,5768.61,5690.88,5875.94,5597.48,353480245.0,390814224053.0,4.85,5690.88,sh000905
2024-10-11 00:00:00,5650.05,5470.81,5652.85,5408.87,244383373.0,266749263112.0,4.29,5470.81,sh000905
2024-10-14 00:00:00,5503.65,5608.15,5623.97,5408.39,250608541.0,279231292488.6,3.94,5608.15,sh000905
2024-10-15 00:00:00,5578.26,5472.56,5661.07,5471.88,238997019.0,276816614630.7,3.37,5472.56,sh000905
2024-10-16 00:00:00,5393.67,5461.09,5546.18,5393.67,205450926.0,222425749319.4,2.79,5461.09,sh000905
2024-10-17 00:00:00,5499.77,5418.99,5541.03,5417.88,202768685.0,234458932483.4,2.26,5418.99,sh000905
2024-10-18 00:00:00,5416.03,5640.02,5774.14,5404.2,287114219.0,352062136787.1,6.83,5640.02,sh000905
2024-10-21 00:00:00,5680.56,5704.23,5797.88,5631.23,266885186.0,359965731439.6,2.95,5704.23,sh000905
2024-10-22 00:00:00,5703.32,5753.85,5779.3,5673.79,237023624.0,312584329119.8,1.85,5753.85,sh000905
2024-10-23 00:00:00,5745.11,5776.38,5853.46,5727.77,273412640.0,336167749458.4,2.18,5776.38,sh000905
2024-10-24 00:00:00,5747.56,5726.7,5759.87,5694.78,207690046.0,257232250889.5,1.13,5726.7,sh000905
2024-10-25 00:00:00,5735.29,5809.69,5855.26,5729.44,236725708.0,299590180533.3,2.2,5809.69,sh000905
2024-10-28 00:00:00,5816.33,5883.72,5883.72,5787.48,270653787.0,312663682663.8,1.66,5883.72,sh000905
2024-10-29 00:00:00,5903.31,5812.53,5917.21,5807.29,275371143.0,332481504886.9,1.87,5812.53,sh000905
2024-10-30 00:00:00,5793.83,5837.93,5869.11,5777.43,252021275.0,315956554496.2,1.58,5837.93,sh000905
2024-10-31 00:00:00,5839.98,5901.29,5935.18,5812.03,313549202.0,377454102584.7,2.11,5901.29,sh000905
2024-11-01 00:00:00,5893.32,5831.82,5934.2,5795.08,369840641.0,429257467070.0,2.36,5831.82,sh000905
2024-11-04 00:00:00,5835.39,5928.91,5928.91,5835.39,286552294.0,342776867779.9,1.6,5928.91,sh000905
2024-11-05 00:00:00,5925.87,6111.97,6119.25,5910.89,366344492.0,441462863294.4,3.51,6111.97,sh000905
2024-11-06 00:00:00,6134.92,6125.79,6204.53,6081.81,415187737.0,502324104677.0,2.01,6125.79,sh000905
2024-11-07 00:00:00,6061.73,6239.56,6240.76,6049.59,418413323.0,465814955829.2,3.12,6239.56,sh000905
2024-11-08 00:00:00,6306.8,6222.45,6333.68,6206.29,385648347.0,470080201608.9,2.04,6222.45,sh000905
2024-11-11 00:00:00,6211.03,6330.62,6330.8,6199.06,334096921.0,453328339552.7,2.12,6330.62,sh000905
2024-11-12 00:00:00,6349.23,6263.88,6382.98,6205.1,332856919.0,452685440809.0,2.81,6263.88,sh000905
2024-11-13 00:00:00,6234.16,6259.84,6282.28,6162.9,260400673.0,347812976326.8,1.91,6259.84,sh000905
2024-11-14 00:00:00,6240.61,6078.31,6240.61,6068.66,239743138.0,317335892174.5,2.75,6078.31,sh000905
2024-11-15 00:00:00,6055.54,5924.48,6093.42,5924.35,236226042.0,309679795180.8,2.78,5924.48,sh000905
2024-11-18 00:00:00,5940.49,5833.04,5977.49,5799.91,282527224.0,296423264134.4,3.0,5833.04,sh000905
2024-11-19 00:00:00,5836.61,5936.6,5936.93,5776.2,241404215.0,262477730599.7,2.76,5936.6,sh000905
2024-11-20 00:00:00,5920.32,5992.39,6015.23,5909.11,217345224.0,261005441610.0,1.79,5992.39,sh000905
2024-11-21 00:00:00,5973.15,5985.31,6009.63,5937.81,206198941.0,252722313895.1,1.2,5985.31,sh000905
2024-11-22 00:00:00,5969.08,5750.25,5983.34,5750.25,225066737.0,267675732292.4,3.89,5750.25,sh000905
2024-11-25 00:00:00,5754.55,5735.65,5774.82,5662.09,186005060.0,215261571671.1,1.96,5735.65,sh000905
2024-11-26 00:00:00,5727.37,5690.48,5773.36,5688.58,147562865.0,170186745318.8,1.48,5690.48,sh000905
2024-11-27 00:00:00,5669.55,5804.94,5805.64,5604.0,175313302.0,204528721580.5,3.54,5804.94,sh000905
2024-11-28 00:00:00,5802.8,5757.6,5826.49,5749.29,172183537.0,204358289211.1,1.33,5757.6,sh000905
2024-11-29 00:00:00,5748.17,5851.94,5899.87,5736.41,204255544.0,243571196943.7,2.84,5851.94,sh000905
2024-12-02 00:00:00,5853.71,5943.62,5956.6,5848.42,236181308.0,257212815525.1,1.85,5943.62,sh000905
2024-12-03 00:00:00,5946.74,5932.12,5954.66,5877.8,209870509.0,229346951926.7,1.29,5932.12,sh000905
2024-12-04 00:00:00,5929.48,5879.27,5940.85,5850.91,215991634.0,234212942758.9,1.52,5879.27,sh000905
2024-12-05 00:00:00,5855.74,5901.99,5923.62,5853.53,198542236.0,212251881677.0,1.19,5901.99,sh000905
2024-12-06 00:00:00,5903.5,5979.2,6011.77,5877.04,265329536.0,255600553068.3,2.28,5979.2,sh000905
2024-12-09 00:00:00,5983.33,5947.11,6004.23,5911.36,284462209.0,237294662391.5,1.55,5947.11,sh000905
2024-12-10 00:00:00,6132.29,5992.09,6141.07,5982.58,320527823.0,324711288431.3,2.66,5992.09,sh000905
2024-12-11 00:00:00,5973.33,6047.11,6051.47,5972.27,253883941.0,250011474489.1,1.32,6047.11,sh000905
2024-12-12 00:00:00,6048.78,6100.39,6107.71,6023.23,243653690.0,258380795570.8,1.4,6100.39,sh000905
2024-12-13 00:00:00,6065.95,5988.29,6065.95,5988.29,286328198.0,307316221178.0,1.27,5988.29,sh000905
2024-12-16 00:00:00,5983.16,5912.6,5991.58,5888.04,214647441.0,241790858877.2,1.73,5912.6,sh000905
2024-12-17 00:00:00,5896.97,5848.16,5924.62,5837.25,193108547.0,204630242337.7,1.48,5848.16,sh000905
2024-12-18 00:00:00,5861.26,5888.62,5921.98,5853.16,187996290.0,193282038369.0,1.18,5888.62,sh000905
2024-12-19 00:00:00,5829.26,5901.92,5918.49,5816.47,196531194.0,211287492264.4,1.73,5901.92,sh000905
2024-12-20 00:00:00,5889.95,5917.18,5962.42,5889.95,178090399.0,221132517265.6,1.23,5917.18,sh000905
2024-12-23 00:00:00,5917.69,5818.55,5935.15,5815.34,177315486.0,217347047187.5,2.02,5818.55,sh000905
2024-12-24 00:00:00,5827.16,5895.26,5897.19,5827.16,167365824.0,196112525345.7,1.2,5895.26,sh000905
2024-12-25 00:00:00,5896.43,5840.29,5897.51,5796.65,157279132.0,191269446368.3,1.71,5840.29,sh000905
2024-12-26 00:00:00,5830.72,5887.06,5897.48,5830.72,145319444.0,201723277582.2,1.14,5887.06,sh000905
2024-12-27 00:00:00,5892.69,5899.17,5975.79,5881.72,179085498.0,236680633735.7,1.6,5899.17,sh000905
2024-12-30 00:00:00,5890.46,5898.88,5928.57,5867.85,155565586.0,196182578970.3,1.03,5898.88,sh000905
2024-12-31 00:00:00,5902.03,5725.73,5905.46,5725.73,182158855.0,217194009078.8,3.05,5725.73,sh000905
2025-01-02 00:00:00,5717.92,5545.82,5722.11,5498.82,193763157.0,220078999057.0,3.9,5545.82,sh000905
2025-01-03 00:00:00,5552.75,5427.8,5581.4,5419.74,174077310.0,187233075270.9,2.91,5427.8,sh000905
2025-01-06 00:00:00,5421.07,5427.1,5482.63,5384.33,146265658.0,156743673376.1,1.81,5427.1,sh000905
2025-01-07 00:00:00,5429.17,5484.68,5485.58,5405.13,145065278.0,159836326878.2,1.48,5484.68,sh000905
2025-01-08 00:00:00,5462.32,5461.59,5501.66,5326.93,163849915.0,181141237075.9,3.19,5461.59,sh000905
2025-01-09 00:00:00,5437.81,5456.59,5493.68,5436.7,129832627.0,156798867820.6,1.04,5456.59,sh000905
2025-01-10 00:00:00,5449.0,5369.28,5496.38,5369.28,130179553.0,159984103633.2,2.33,5369.28,sh000905
2025-01-13 00:00:00,5319.7,5381.7,5422.01,5319.27,119682937.0,139406540969.0,1.91,5381.7,sh000905
2025-01-14 00:00:00,5393.76,5572.27,5582.84,5378.59,172142860.0,208083727936.2,3.8,5572.27,sh000905
2025-01-15 00:00:00,5559.58,5522.46,5569.19,5509.58,138393243.0,169060453013.4,1.07,5522.46,sh000905
2025-01-16 00:00:00,5546.7,5545.63,5633.85,5508.91,149318085.0,182995873631.7,2.26,5545.63,sh000905
2025-01-17 00:00:00,5524.21,5587.29,5621.94,5519.41,126691174.0,164437435727.2,1.85,5587.29,sh000905
2025-01-20 00:00:00,5621.92,5614.33,5665.18,5598.16,135712507.0,173426107632.4,1.2,5614.33,sh000905
2025-01-21 00:00:00,5639.6,5633.92,5642.92,5573.5,126491300.0,170909135202.8,1.24,5633.92,sh000905
2025-01-22 00:00:00,5606.85,5607.06,5618.58,5567.78,115374996.0,158106585548.6,0.9,5607.06,sh000905
2025-01-23 00:00:00,5659.37,5584.25,5717.69,5584.25,163419987.0,203633761249.2,2.38,5584.25,sh000905
2025-01-24 00:00:00,5570.48,5649.95,5660.43,5570.48,139438058.0,180858845316.0,1.61,5649.95,sh000905
2025-01-27 00:00:00,5660.48,5589.34,5676.03,5589.34,136546056.0,163085841547.7,1.53,5589.34,sh000905
2025-02-05 00:00:00,5643.17,5614.39,5646.04,5588.56,155674141.0,214999512244.8,1.03,5614.39,sh000905
2025-02-06 00:00:00,5606.87,5747.9,5749.02,5597.32,181428193.0,257122087039.6,2.7,5747.9,sh000905
2025-02-07 00:00:00,5750.29,5833.99,5889.43,5741.73,232718863.0,327949184790.5,2.57,5833.99,sh000905
2025-02-10 00:00:00,5858.24,5888.55,5895.41,5836.17,209300905.0,286253277530.5,1.02,5888.55,sh000905
2025-02-11 00:00:00,5890.37,5858.28,5890.37,5827.38,181920508.0,260281069640.5,1.07,5858.28,sh000905
2025-02-12 00:00:00,5841.36,5940.53,5940.54,5841.32,195446155.0,285438865878.9,1.69,5940.53,sh000905
2025-02-13 00:00:00,5938.2,5898.26,5957.58,5889.7,228281839.0,313080162906.2,1.14,5898.26,sh000905
2025-02-14 00:00:00,5893.93,5947.8,5954.48,5886.95,211914261.0,306627494264.1,1.14,5947.8,sh000905
2025-02-17 00:00:00,5979.84,5948.72,5985.36,5906.27,233901689.0,356940293723.8,1.33,5948.72,sh000905
2025-02-18 00:00:00,5935.5,5840.71,5947.93,5816.05,214941482.0,306905660928.8,2.22,5840.71,sh000905
2025-02-19 00:00:00,5834.95,5943.88,5945.35,5831.48,205298305.0,313960331576.5,1.95,5943.88,sh000905
2025-02-20 00:00:00,5941.6,5957.55,5977.73,5920.57,198207411.0,305885399073.0,0.96,5957.55,sh000905
2025-02-21 00:00:00,5969.65,6057.06,6061.82,5943.19,252317128.0,396960769353.7,1.99,6057.06,sh000905
2025-02-24 00:00:00,6057.38,6044.97,6079.02,6007.18,243813798.0,382362648270.6,1.19,6044.97,sh000905
2025-02-25 00:00:00,5967.04,5979.97,6044.76,5956.18,206833953.0,340316449158.0,1.47,5979.97,sh000905
2025-02-26 00:00:00,5990.29,6051.74,6055.87,5973.86,210860898.0,327265336672.0,1.37,6051.74,sh000905
2025-02-27 00:00:00,6050.19,6028.99,6064.49,5940.34,216652930.0,328254761442.7,2.05,6028.99,sh000905
2025-02-28 00:00:00,5997.92,5859.87,6007.47,5847.15,205223814.0,298290643729.1,2.66,5859.87,sh000905
2025-03-03 00:00:00,5875.95,5885.77,5964.27,5851.56,185024581.0,266955659875.8,1.92,5885.77,sh000905
2025-03-04 00:00:00,5845.47,5937.63,5943.08,5843.46,153922211.0,231145314804.5,1.69,5937.63,sh000905
2025-03-05 00:00:00,5937.11,5950.7,5955.9,5892.53,163071500.0,241738025092.7,1.07,5950.7,sh000905
2025-03-06 00:00:00,5980.38,6047.77,6062.54,5972.6,213042852.0,320542701863.5,1.51,6047.77,sh000905
2025-03-07 00:00:00,6029.38,6013.77,6067.35,5989.32,207437149.0,301122130059.3,1.29,6013.77,sh000905
2025-03-10 00:00:00,6022.68,6013.62,6041.52,5971.81,173044336.0,248513462299.4,1.16,6013.62,sh000905
2025-03-11 00:00:00,5944.42,6044.97,6044.97,5942.91,173855643.0,245205106219.3,1.7,6044.97,sh000905
2025-03-12 00:00:00,6068.38,6040.5,6098.24,6038.82,184763537.0,267906301206.6,0.98,6040.5,sh000905
2025-03-13 00:00:00,6032.85,5993.97,6050.18,5947.78,193710717.0,253622427436.4,1.7,5993.97,sh000905
2025-03-14 00:00:00,5993.97,6099.98,6099.98,5978.53,219245834.0,289038080526.0,2.03,6099.98,sh000905
2025-03-17 00:00:00,6119.61,6108.02,6129.85,6098.51,184317273.0,250160671107.9,0.51,6108.02,sh000905
2025-03-18 00:00:00,6126.04,6133.3,6161.23,6114.21,166023043.0,236342189394.2,0.77,6133.3,sh000905
2025-03-19 00:00:00,6117.42,6101.44,6128.23,6076.56,153893780.0,218871992193.0,0.84,6101.44,sh000905
2025-03-20 00:00:00,6094.84,6059.49,6109.18,6055.38,147187865.0,203849586195.9,0.88,6059.49,sh000905
2025-03-21 00:00:00,6038.99,5971.93,6071.08,5951.8,174103785.0,225801003414.7,1.97,5971.93,sh000905
2025-03-24 00:00:00,5973.05,5969.08,5987.06,5882.88,169192435.0,220094329255.6,1.74,5969.08,sh000905
2025-03-25 00:00:00,5969.42,5946.95,5993.93,5929.67,147483948.0,192227014821.0,1.08,5946.95,sh000905
2025-03-26 00:00:00,5935.85,5948.5,5983.47,5935.85,136702111.0,171695842016.5,0.8,5948.5,sh000905
2025-03-27 00:00:00,5932.52,5957.6,6000.66,5891.77,134708904.0,176590477346.0,1.83,5957.6,sh000905
2025-03-28 00:00:00,5954.73,5916.03,5973.8,5904.92,134261927.0,168899478619.3,1.16,5916.03,sh000905
2025-03-31 00:00:00,5886.96,5857.77,5908.3,5802.42,154256090.0,189563392181.2,1.79,5857.77,sh000905
2025-04-01 00:00:00,5870.94,5892.85,5931.5,5867.85,136448602.0,179327950524.9,1.09,5892.85,sh000905
2025-04-02 00:00:00,5884.89,5899.09,5936.65,5884.11,112159960.0,140642079451.3,0.89,5899.09,sh000905
2025-04-03 00:00:00,5842.62,5845.5,5906.71,5817.97,134938625.0,173662140191.8,1.5,5845.5,sh000905
2025-04-07 00:00:00,5523.96,5287.03,5587.85,5212.68,236522656.0,267397400609.4,6.42,5287.03,sh000905
2025-04-08 00:00:00,5279.76,5326.91,5371.18,5249.23,223840665.0,261875349400.4,2.31,5326.91,sh000905
2025-04-09 00:00:00,5249.68,5439.77,5465.14,5135.97,245118027.0,288257435803.9,6.18,5439.77,sh000905
2025-04-10 00:00:00,5534.56,5544.06,5610.19,5513.95,211963035.0,268666431276.5,1.77,5544.06,sh000905
2025-04-11 00:00:00,5514.19,5581.32,5631.6,5510.89,164411663.0,227659789695.8,2.18,5581.32,sh000905
2025-04-14 00:00:00,5633.78,5627.14,5661.8,5608.73,155487077.0,207470466690.5,0.95,5627.14,sh000905
2025-04-15 00:00:00,5625.0,5602.53,5626.68,5567.03,123273708.0,161900884812.5,1.06,5602.53,sh000905
2025-04-16 00:00:00,5589.78,5556.86,5592.67,5492.65,132537224.0,163751037649.9,1.79,5556.86,sh000905
2025-04-17 00:00:00,5527.59,5557.01,5604.62,5526.89,113652382.0,148283242243.4,1.4,5557.01,sh000905
2025-04-18 00:00:00,5546.97,5560.72,5579.48,5525.4,111644258.0,139804146811.9,0.97,5560.72,sh000905
2025-04-21 00:00:00,5556.51,5642.38,5646.22,5535.7,123111883.0,160264813233.9,1.99,5642.38,sh000905
2025-04-22 00:00:00,5634.89,5624.21,5651.55,5617.88,124666689.0,164464321326.5,0.6,5624.21,sh000905
2025-04-23 00:00:00,5647.91,5634.95,5670.26,5614.77,127007764.0,177991292765.2,0.99,5634.95,sh000905
2025-04-24 00:00:00,5633.02,5605.88,5651.53,5583.43,122696696.0,157899194340.6,1.21,5605.88,sh000905
2025-04-25 00:00:00,5613.14,5627.18,5661.59,5596.53,140000800.0,171933817273.4,1.16,5627.18,sh000905
2025-04-28 00:00:00,5624.42,5598.3,5628.08,5587.79,136218094.0,167616287077.3,0.72,5598.3,sh000905
2025-04-29 00:00:00,5583.72,5604.91,5622.02,5571.24,126742927.0,158033003939.8,0.91,5604.91,sh000905
2025-04-30 00:00:00,5604.65,5631.82,5647.78,5603.17,138386621.0,181616584522.5,0.8,5631.82,sh000905
2025-05-06 00:00:00,5668.88,5740.33,5740.33,5666.47,162773606.0,217059975785.3,1.31,5740.33,sh000905
2025-05-07 00:00:00,5805.66,5750.29,5819.24,5713.27,171011757.0,227566204818.1,1.85,5750.29,sh000905
2025-05-08 00:00:00,5731.72,5773.81,5783.79,5724.95,136140322.0,187032631458.8,1.02,5773.81,sh000905
2025-05-09 00:00:00,5770.44,5721.72,5770.44,5705.17,123939007.0,178162276679.5,1.13,5721.72,sh000905
2025-05-12 00:00:00,5751.44,5793.67,5794.52,5737.46,135824367.0,199426833721.2,1.0,5793.67,sh000905
2025-05-13 00:00:00,5838.03,5781.67,5838.03,5772.07,138271081.0,194252270526.7,1.14,5781.67,sh000905
2025-05-14 00:00:00,5778.08,5799.12,5835.49,5750.54,156279994.0,188145126840.3,1.47,5799.12,sh000905
2025-05-15 00:00:00,5786.78,5715.3,5786.78,5715.29,135160768.0,165136693963.9,1.23,5715.3,sh000905
2025-05-16 00:00:00,5703.74,5715.85,5735.01,5703.74,116709136.0,141882122895.5,0.55,5715.85,sh000905
2025-05-19 00:00:00,5719.44,5720.79,5729.07,5669.72,115384939.0,141098692009.1,1.04,5720.79,sh000905
2025-05-20 00:00:00,5723.51,5747.37,5759.46,5707.81,116896615.0,151751185853.6,0.9,5747.37,sh000905
2025-05-21 00:00:00,5741.69,5757.92,5763.08,5733.83,115804542.0,155147378006.4,0.51,5757.92,sh000905
2025-05-22 00:00:00,5739.19,5703.28,5757.79,5701.16,109057720.0,141620883824.3,0.98,5703.28,sh000905
2025-05-23 00:00:00,5697.14,5653.04,5738.08,5653.04,114361198.0,148123602870.9,1.49,5653.04,sh000905
2025-05-26 00:00:00,5653.21,5669.46,5693.63,5644.58,97170989.0,127343603493.8,0.87,5669.46,sh000905
2025-05-27 00:00:00,5666.3,5652.15,5667.87,5629.13,95149363.0,125275690002.2,0.68,5652.15,sh000905
2025-05-28 00:00:00,5651.88,5637.24,5660.47,5628.42,94908883.0,119959827369.0,0.57,5637.24,sh000905
2025-05-29 00:00:00,5637.06,5719.91,5724.52,5637.06,114682484.0,148095092966.2,1.55,5719.91,sh000905
2025-05-30 00:00:00,5704.77,5671.07,5704.77,5665.52,109900707.0,137670579253.9,0.69,5671.07,sh000905
2025-06-03 00:00:00,5653.67,5694.84,5710.42,5653.3,122853903.0,159996843500.1,1.01,5694.84,sh000905
2025-06-04 00:00:00,5696.57,5739.01,5744.45,5696.57,116196077.0,150314940398.1,0.84,5739.01,sh000905
2025-06-05 00:00:00,5741.03,5769.97,5778.1,5719.55,125223584.0,174970104156.2,1.02,5769.97,sh000905
2025-06-06 00:00:00,5768.4,5762.08,5771.76,5750.66,108217660.0,148022372105.1,0.37,5762.08,sh000905
2025-06-09 00:00:00,5772.78,5805.65,5823.9,5765.35,128188619.0,171482411225.9,1.02,5805.65,sh000905
2025-06-10 00:00:00,5809.83,5757.99,5810.92,5715.97,138269181.0,182980299992.1,1.64,5757.99,sh000905
2025-06-11 00:00:00,5758.53,5792.95,5818.57,5758.53,123716707.0,161353672422.0,1.04,5792.95,sh000905
2025-06-12 00:00:00,5780.97,5799.93,5808.8,5766.52,125615846.0,165393538363.1,0.73,5799.93,sh000905
2025-06-13 00:00:00,5783.16,5740.24,5794.67,5728.21,167613374.0,216010351562.9,1.15,5740.24,sh000905
