date,open,close,high,low,volume,money,change,adjclose,symbol
2025-06-12,3699.87,3703.24,3712.64,3683.63,54398443.0,126002318269.9,0.78,3703.24,sh000903
2025-06-13,3691.57,3681.38,3701.04,3669.34,66144585.0,150645249248.0,0.86,3681.38,sh000903
2025-06-16,3670.39,3683.73,3686.87,3669.89,54027583.0,116896717050.5,0.46,3683.73,sh000903
2025-06-16 00:00:00,3670.39,3683.73,3686.87,3669.89,54027583.0,116896717050.5,0.46,3683.73,sh000903
2025-06-16 00:00:00,3670.39,3683.73,3686.87,3669.89,54027583.0,116896717050.5,0.46,3683.73,sh000903
2025-06-16 00:00:00,3670.39,3683.73,3686.87,3669.89,54027583.0,116896717050.5,0.46,3683.73,sh000903
2025-06-16 00:00:00,3670.39,3683.73,3686.87,3669.89,54027583.0,116896717050.5,0.46,3683.73,sh000903
2025-06-16 00:00:00,3670.39,3683.73,3686.87,3669.89,54027583.0,116896717050.5,0.46,3683.73,sh000903
2025-06-16 00:00:00,3670.39,3683.73,3686.87,3669.89,54027583.0,116896717050.5,0.46,3683.73,sh000903
2025-06-16 00:00:00,3670.39,3683.73,3686.87,3669.89,54027583.0,116896717050.5,0.46,3683.73,sh000903
2025-06-16 00:00:00,3670.39,3683.73,3686.87,3669.89,54027583.0,116896717050.5,0.46,3683.73,sh000903
2025-06-16 00:00:00,3670.39,3683.73,3686.87,3669.89,54027583.0,116896717050.5,0.46,3683.73,sh000903
2025-06-16 00:00:00,3670.39,3683.73,3686.87,3669.89,54027583.0,116896717050.5,0.46,3683.73,sh000903
2025-06-16 00:00:00,3670.39,3683.73,3686.87,3669.89,54027583.0,116896717050.5,0.46,3683.73,sh000903
2025-06-16 00:00:00,3670.39,3683.73,3686.87,3669.89,54027583.0,116896717050.5,0.46,3683.73,sh000903
2025-06-16 00:00:00,3670.39,3683.73,3686.87,3669.89,54027583.0,116896717050.5,0.46,3683.73,sh000903
2020-11-09 00:00:00,5028.59,5082.61,5093.19,5028.59,94580874.0,182052118528.0,1.29,5082.61,sh000903
2020-11-10 00:00:00,5094.94,5060.27,5095.28,5036.07,85962294.0,163775012864.0,1.16,5060.27,sh000903
2020-11-11 00:00:00,5050.17,5030.85,5073.66,5027.42,80982423.0,148246634496.0,0.91,5030.85,sh000903
2020-11-12 00:00:00,5038.59,5028.18,5047.89,5012.8,59035443.0,110685519872.0,0.7,5028.18,sh000903
2020-11-13 00:00:00,5001.84,4957.86,5001.84,4926.34,63353907.0,120509333504.0,1.5,4957.86,sh000903
2020-11-16 00:00:00,4986.24,5008.47,5008.47,4951.7,64380751.0,124803354624.0,1.15,5008.47,sh000903
2020-11-17 00:00:00,5010.32,5011.42,5027.85,4983.5,66888632.0,131728351232.0,0.89,5011.42,sh000903
2020-11-18 00:00:00,5006.89,5021.28,5046.71,4999.55,83596224.0,148539285504.0,0.94,5021.28,sh000903
2020-11-19 00:00:00,5011.31,5060.22,5072.75,5001.45,63519411.0,121915637760.0,1.42,5060.22,sh000903
2020-11-20 00:00:00,5059.46,5067.67,5071.6,5049.68,57660260.0,109255356416.0,0.43,5067.67,sh000903
2020-11-23 00:00:00,5080.76,5135.43,5156.94,5070.22,92694126.0,167017119744.0,1.71,5135.43,sh000903
2020-11-24 00:00:00,5127.54,5101.69,5132.3,5086.2,67168097.0,128967483392.0,0.9,5101.69,sh000903
2020-11-25 00:00:00,5122.88,5046.34,5136.0,5046.34,78214779.0,135385829376.0,1.76,5046.34,sh000903
2020-11-26 00:00:00,5045.57,5066.54,5067.98,5015.67,63995402.0,119770968064.0,1.04,5066.54,sh000903
2020-11-27 00:00:00,5080.74,5136.26,5136.26,5070.39,86197230.0,131001634816.0,1.3,5136.26,sh000903
2020-11-30 00:00:00,5150.9,5097.34,5224.3,5097.34,148824394.0,221428068352.0,2.47,5097.34,sh000903
2020-12-01 00:00:00,5105.35,5207.93,5213.15,5100.51,102485330.0,167084875776.0,2.21,5207.93,sh000903
2020-12-02 00:00:00,5214.55,5206.78,5237.01,5185.0,92694638.0,149957931008.0,1.0,5206.78,sh000903
2020-12-03 00:00:00,5203.91,5193.53,5210.41,5161.87,77386212.0,124499959808.0,0.93,5193.53,sh000903
2020-12-04 00:00:00,5188.62,5202.05,5211.19,5154.71,68024015.0,129194459136.0,1.09,5202.05,sh000903
2020-12-07 00:00:00,5205.5,5150.55,5206.85,5139.94,66616876.0,127386570752.0,1.29,5150.55,sh000903
2020-12-08 00:00:00,5158.1,5132.54,5173.3,5122.62,56843497.0,114790109184.0,0.98,5132.54,sh000903
2020-12-09 00:00:00,5147.46,5069.91,5158.72,5069.91,60815378.0,116665888768.0,1.73,5069.91,sh000903
2020-12-10 00:00:00,5062.75,5066.95,5091.54,5044.73,57824136.0,104980234240.0,0.92,5066.95,sh000903
2020-12-11 00:00:00,5086.68,5017.75,5086.68,4980.9,74950907.0,128920436736.0,2.09,5017.75,sh000903
2020-12-14 00:00:00,5033.98,5066.58,5070.01,5019.93,57456709.0,127430225920.0,1.0,5066.58,sh000903
2020-12-15 00:00:00,5062.6,5067.21,5078.24,5023.93,56932577.0,133404348416.0,1.07,5067.21,sh000903
2020-12-16 00:00:00,5084.94,5091.91,5104.69,5073.3,48041871.0,119108091904.0,0.62,5091.91,sh000903
2020-12-17 00:00:00,5105.83,5168.36,5173.39,5099.69,57007910.0,144635625472.0,1.45,5168.36,sh000903
2020-12-18 00:00:00,5161.32,5142.88,5177.32,5122.07,55997780.0,136448090112.0,1.07,5142.88,sh000903
2020-12-21 00:00:00,5137.92,5169.92,5172.61,5100.38,63490916.0,152041627648.0,1.4,5169.92,sh000903
2020-12-22 00:00:00,5162.11,5102.03,5184.01,5097.87,74247258.0,171636736000.0,1.67,5102.03,sh000903
2020-12-23 00:00:00,5115.98,5136.34,5168.27,5098.29,63157120.0,157590609920.0,1.37,5136.34,sh000903
2020-12-24 00:00:00,5135.36,5139.46,5166.04,5114.9,50151278.0,119908888576.0,1.0,5139.46,sh000903
2020-12-25 00:00:00,5124.52,5169.61,5171.1,5113.97,50289984.0,117624631296.0,1.11,5169.61,sh000903
2020-12-28 00:00:00,5171.29,5208.67,5233.81,5168.19,58121733.0,144121245696.0,1.27,5208.67,sh000903
2020-12-29 00:00:00,5219.07,5191.03,5225.28,5184.86,61478487.0,138439245824.0,0.78,5191.03,sh000903
2020-12-30 00:00:00,5187.55,5263.93,5263.93,5185.74,68825126.0,153235562496.0,1.51,5263.93,sh000903
2020-12-31 00:00:00,5269.16,5358.16,5364.83,5269.16,79313738.0,189271965696.0,1.82,5358.16,sh000903
2021-01-04 00:00:00,5349.75,5389.63,5410.05,5324.43,100438700.0,248041914368.0,1.6,5389.63,sh000903
2021-01-05 00:00:00,5368.86,5494.64,5494.64,5357.82,107118124.0,264864169984.0,2.54,5494.64,sh000903
2021-01-06 00:00:00,5515.31,5575.13,5582.71,5486.97,97337526.0,247636070400.0,1.74,5575.13,sh000903
2021-01-07 00:00:00,5591.29,5683.97,5683.97,5569.86,97968492.0,246767235072.0,2.05,5683.97,sh000903
2021-01-08 00:00:00,5699.88,5652.08,5724.26,5595.61,95270484.0,256628396032.0,2.26,5652.08,sh000903
2021-01-11 00:00:00,5656.84,5599.31,5710.52,5572.0,107119508.0,268059942912.0,2.45,5599.31,sh000903
2021-01-12 00:00:00,5575.79,5772.24,5772.24,5575.46,109026555.0,262568370176.0,3.51,5772.24,sh000903
2021-01-13 00:00:00,5782.95,5745.52,5812.64,5700.26,126297620.0,280347484160.0,1.95,5745.52,sh000903
2021-01-14 00:00:00,5724.88,5632.09,5733.81,5618.72,122910866.0,263571611648.0,2.0,5632.09,sh000903
2021-01-15 00:00:00,5641.05,5625.71,5683.52,5566.71,133288161.0,271215534080.0,2.07,5625.71,sh000903
2021-01-18 00:00:00,5605.78,5673.28,5703.5,5580.13,106641792.0,229812363264.0,2.19,5673.28,sh000903
2021-01-19 00:00:00,5683.12,5597.02,5690.04,5574.36,103273441.0,233606852608.0,2.04,5597.02,sh000903
2021-01-20 00:00:00,5600.84,5619.18,5646.72,5582.15,82582295.0,204720087040.0,1.15,5619.18,sh000903
2021-01-21 00:00:00,5637.66,5705.34,5734.51,5632.01,91841050.0,237530726400.0,1.82,5705.34,sh000903
2021-01-22 00:00:00,5701.74,5699.63,5711.45,5653.24,84481375.0,221313597440.0,1.02,5699.63,sh000903
2021-01-25 00:00:00,5696.36,5797.22,5808.53,5678.21,86784732.0,262319751168.0,2.29,5797.22,sh000903
2021-01-26 00:00:00,5769.67,5673.78,5769.67,5668.77,77130452.0,213394055168.0,1.74,5673.78,sh000903
2021-01-27 00:00:00,5669.21,5687.83,5694.53,5620.13,71561590.0,195816669184.0,1.31,5687.83,sh000903
2021-01-28 00:00:00,5611.92,5543.81,5615.45,5523.42,78186998.0,194852859904.0,1.62,5543.81,sh000903
2021-01-29 00:00:00,5579.28,5522.78,5598.79,5464.22,83904901.0,205684760576.0,2.43,5522.78,sh000903
2021-02-01 00:00:00,5530.12,5585.41,5591.93,5514.83,72892209.0,175959928832.0,1.4,5585.41,sh000903
2021-02-02 00:00:00,5591.94,5652.83,5655.47,5575.35,72663905.0,200157728768.0,1.43,5652.83,sh000903
2021-02-03 00:00:00,5650.0,5651.45,5684.56,5623.49,75993907.0,213248372736.0,1.08,5651.45,sh000903
2021-02-04 00:00:00,5620.79,5662.89,5699.43,5606.92,79425167.0,217949032448.0,1.64,5662.89,sh000903
2021-02-05 00:00:00,5685.54,5716.01,5777.06,5680.9,87583278.0,215367278592.0,1.7,5716.01,sh000903
2021-02-08 00:00:00,5742.14,5784.37,5795.62,5704.76,72939067.0,198148259840.0,1.59,5784.37,sh000903
2021-02-09 00:00:00,5800.16,5894.43,5894.43,5763.65,74123525.0,202413043712.0,2.26,5894.43,sh000903
2021-02-10 00:00:00,5920.75,6030.54,6046.6,5920.62,80593953.0,230034112512.0,2.14,6030.54,sh000903
2021-02-18 00:00:00,6142.69,5972.14,6154.55,5948.77,100490734.0,279022383104.0,3.41,5972.14,sh000903
2021-02-19 00:00:00,5938.95,5993.8,6005.13,5879.48,100483909.0,248601075712.0,2.1,5993.8,sh000903
2021-02-22 00:00:00,5999.07,5772.14,5999.07,5772.14,132203950.0,304275439616.0,3.79,5772.14,sh000903
2021-02-23 00:00:00,5719.21,5764.09,5830.17,5719.21,99773412.0,223378935808.0,1.92,5764.09,sh000903
2021-02-24 00:00:00,5780.97,5621.4,5790.14,5557.48,94514880.0,254279057408.0,4.04,5621.4,sh000903
2021-02-25 00:00:00,5680.6,5676.26,5730.36,5637.34,102825948.0,227492151296.0,1.65,5676.26,sh000903
2021-02-26 00:00:00,5548.47,5531.53,5621.87,5519.5,94903396.0,227816390656.0,1.8,5531.53,sh000903
2021-03-01 00:00:00,5586.24,5597.68,5606.34,5534.71,75738181.0,191878406144.0,1.29,5597.68,sh000903
2021-03-02 00:00:00,5636.65,5515.21,5640.96,5468.54,80064625.0,202257371136.0,3.08,5515.21,sh000903
2021-03-03 00:00:00,5497.72,5642.67,5642.9,5489.83,85361638.0,180578054144.0,2.78,5642.67,sh000903
2021-03-04 00:00:00,5573.91,5469.99,5578.98,5440.49,87140106.0,204779819008.0,2.45,5469.99,sh000903
2021-03-05 00:00:00,5379.05,5441.14,5489.25,5348.51,86651725.0,189027434496.0,2.57,5441.14,sh000903
2021-03-08 00:00:00,5477.72,5254.46,5505.35,5254.15,96014838.0,218285076480.0,4.62,5254.46,sh000903
2021-03-09 00:00:00,5243.54,5152.0,5275.15,5104.93,101295450.0,230895992832.0,3.24,5152.0,sh000903
2021-03-10 00:00:00,5231.6,5192.27,5245.82,5174.24,70269829.0,167142920192.0,1.39,5192.27,sh000903
2021-03-11 00:00:00,5218.43,5322.45,5337.56,5214.95,81191191.0,182156013568.0,2.36,5322.45,sh000903
2021-03-12 00:00:00,5353.81,5346.92,5353.81,5289.05,87542666.0,171909230592.0,1.22,5346.92,sh000903
2021-03-15 00:00:00,5319.03,5230.46,5325.76,5183.73,86190932.0,183099633664.0,2.66,5230.46,sh000903
2021-03-16 00:00:00,5252.04,5289.43,5289.69,5217.65,64602094.0,142915899392.0,1.38,5289.43,sh000903
2021-03-17 00:00:00,5272.91,5294.93,5327.97,5225.09,64624312.0,143439347712.0,1.95,5294.93,sh000903
2021-03-18 00:00:00,5311.8,5336.51,5355.73,5308.12,57776543.0,135448276992.0,0.9,5336.51,sh000903
2021-03-19 00:00:00,5264.88,5183.7,5279.21,5155.3,73230003.0,154163089408.0,2.32,5183.7,sh000903
2021-03-22 00:00:00,5184.08,5222.14,5240.73,5168.35,69285693.0,138576330752.0,1.4,5222.14,sh000903
2021-03-23 00:00:00,5228.25,5186.82,5232.68,5139.33,63295311.0,127048040448.0,1.79,5186.82,sh000903
2021-03-24 00:00:00,5168.29,5114.28,5208.55,5103.12,63752520.0,134491123712.0,2.03,5114.28,sh000903
2021-03-25 00:00:00,5092.44,5105.14,5127.77,5065.16,57049265.0,117666619392.0,1.22,5105.14,sh000903
2021-03-26 00:00:00,5135.06,5210.2,5224.32,5132.09,63693166.0,148388794368.0,1.81,5210.2,sh000903
2021-03-29 00:00:00,5224.32,5223.48,5264.7,5181.47,68466916.0,148159946752.0,1.6,5223.48,sh000903
2021-03-30 00:00:00,5222.44,5274.59,5287.4,5206.87,60369385.0,136846983168.0,1.54,5274.59,sh000903
2021-03-31 00:00:00,5265.81,5218.57,5265.81,5184.7,65155904.0,132322308096.0,1.54,5218.57,sh000903
2021-04-01 00:00:00,5232.55,5286.64,5291.46,5227.97,49977467.0,109263994880.0,1.22,5286.64,sh000903
2021-04-02 00:00:00,5306.93,5338.86,5346.0,5289.5,57199969.0,135779799040.0,1.07,5338.86,sh000903
2021-04-06 00:00:00,5353.66,5305.26,5353.66,5287.38,47572180.0,112644743168.0,1.24,5305.26,sh000903
2021-04-07 00:00:00,5306.1,5249.84,5306.1,5216.75,63225649.0,131619794944.0,1.68,5249.84,sh000903
2021-04-08 00:00:00,5220.52,5265.06,5279.36,5205.3,51591767.0,107696533504.0,1.41,5265.06,sh000903
2021-04-09 00:00:00,5249.56,5178.59,5249.56,5165.54,52363640.0,109411450880.0,1.6,5178.59,sh000903
2021-04-12 00:00:00,5171.65,5105.1,5189.28,5088.77,65236099.0,137668898816.0,1.94,5105.1,sh000903
2021-04-13 00:00:00,5110.32,5092.64,5152.93,5076.24,61859937.0,121037799424.0,1.5,5092.64,sh000903
2021-04-14 00:00:00,5101.42,5121.85,5131.72,5083.12,59533443.0,121849085952.0,0.95,5121.85,sh000903
2021-04-15 00:00:00,5109.89,5078.32,5109.89,5028.16,52680745.0,123478745088.0,1.6,5078.32,sh000903
2021-04-16 00:00:00,5098.08,5098.58,5113.55,5048.63,48928023.0,110340165632.0,1.28,5098.58,sh000903
2021-04-19 00:00:00,5099.81,5208.88,5211.5,5069.16,67545679.0,158350221312.0,2.79,5208.88,sh000903
2021-04-20 00:00:00,5186.22,5207.69,5242.94,5177.33,52455951.0,134626177024.0,1.26,5207.69,sh000903
2021-04-21 00:00:00,5179.03,5225.17,5237.56,5176.38,51405030.0,120603189248.0,1.17,5225.17,sh000903
2021-04-22 00:00:00,5239.87,5203.7,5245.04,5183.67,52637240.0,117718786048.0,1.17,5203.7,sh000903
2021-04-23 00:00:00,5207.2,5267.63,5279.76,5204.54,55856911.0,141695623168.0,1.45,5267.63,sh000903
2021-04-26 00:00:00,5292.29,5193.71,5305.89,5188.51,69223793.0,166972522496.0,2.23,5193.71,sh000903
2021-04-27 00:00:00,5193.16,5211.3,5216.2,5162.45,53581847.0,128927088640.0,1.03,5211.3,sh000903
2021-04-28 00:00:00,5186.46,5229.93,5230.32,5175.36,52083991.0,137884893184.0,1.05,5229.93,sh000903
2021-04-29 00:00:00,5244.46,5287.43,5292.58,5228.91,62758863.0,153239101440.0,1.22,5287.43,sh000903
2021-04-30 00:00:00,5287.14,5238.64,5289.71,5210.98,74796209.0,157348737024.0,1.49,5238.64,sh000903
2021-05-06 00:00:00,5209.99,5164.69,5253.01,5150.35,71152340.0,162926665728.0,1.96,5164.69,sh000903
2021-05-07 00:00:00,5181.45,5101.72,5198.39,5099.26,74823795.0,151243345920.0,1.92,5101.72,sh000903
2021-05-10 00:00:00,5103.61,5090.12,5121.6,5050.65,66957187.0,138701619200.0,1.39,5090.12,sh000903
2021-05-11 00:00:00,5054.19,5135.22,5142.95,5037.13,57456829.0,124604682240.0,2.08,5135.22,sh000903
2021-05-12 00:00:00,5117.44,5150.61,5159.36,5109.64,52053565.0,110535630848.0,0.97,5150.61,sh000903
2021-05-13 00:00:00,5100.95,5093.66,5127.34,5070.82,54359342.0,110444519424.0,1.1,5093.66,sh000903
2021-05-14 00:00:00,5109.45,5211.87,5214.85,5079.11,71832855.0,164203491328.0,2.66,5211.87,sh000903
2021-05-17 00:00:00,5213.45,5279.72,5302.57,5213.45,66273987.0,166529736704.0,1.71,5279.72,sh000903
2021-05-18 00:00:00,5289.55,5281.94,5299.21,5251.64,50315113.0,106814459904.0,0.9,5281.94,sh000903
2021-05-19 00:00:00,5268.59,5254.08,5279.98,5239.99,50179031.0,117529223168.0,0.76,5254.08,sh000903
2021-05-20 00:00:00,5255.7,5279.0,5288.93,5238.29,56067279.0,130688745472.0,0.96,5279.0,sh000903
2021-05-21 00:00:00,5290.54,5219.86,5308.75,5210.13,50695613.0,132484136960.0,1.87,5219.86,sh000903
2021-05-24 00:00:00,5224.07,5237.28,5237.32,5174.51,54132416.0,138478047232.0,1.2,5237.28,sh000903
2021-05-25 00:00:00,5248.39,5422.71,5429.04,5247.36,88721229.0,228507426816.0,3.47,5422.71,sh000903
2021-05-26 00:00:00,5434.26,5426.55,5454.32,5411.51,69756890.0,173180657664.0,0.79,5426.55,sh000903
2021-05-27 00:00:00,5420.44,5437.36,5492.41,5387.28,60871229.0,153916379136.0,1.94,5437.36,sh000903
2021-05-28 00:00:00,5437.74,5419.15,5457.73,5382.58,68568184.0,155468881920.0,1.38,5419.15,sh000903
2021-05-31 00:00:00,5408.48,5405.03,5408.48,5351.37,57808873.0,148271271936.0,1.05,5405.03,sh000903
2021-06-01 00:00:00,5395.91,5416.53,5418.56,5345.25,59102369.0,157120184320.0,1.36,5416.53,sh000903
2021-06-02 00:00:00,5424.09,5372.1,5428.81,5347.55,59247846.0,144439279616.0,1.5,5372.1,sh000903
2021-06-03 00:00:00,5368.82,5344.49,5402.15,5341.64,60294024.0,141472530432.0,1.13,5344.49,sh000903
2021-06-04 00:00:00,5317.37,5372.73,5426.98,5311.89,64463731.0,145542942720.0,2.15,5372.73,sh000903
2021-06-07 00:00:00,5370.95,5355.82,5372.55,5321.9,55322025.0,135387377664.0,0.94,5355.82,sh000903
2021-06-08 00:00:00,5353.86,5309.25,5396.23,5278.04,56666150.0,155183104000.0,2.21,5309.25,sh000903
2021-06-09 00:00:00,5301.98,5316.57,5336.14,5294.86,53904530.0,124414504960.0,0.78,5316.57,sh000903
2021-06-10 00:00:00,5317.26,5344.73,5378.48,5307.06,64884362.0,153804894208.0,1.34,5344.73,sh000903
2021-06-11 00:00:00,5345.91,5296.73,5347.13,5282.18,85592092.0,188874469376.0,1.22,5296.73,sh000903
2021-06-15 00:00:00,5291.29,5230.95,5298.81,5197.51,69039985.0,174657212416.0,1.91,5230.95,sh000903
2021-06-16 00:00:00,5227.63,5161.49,5233.1,5156.01,60830973.0,155421044736.0,1.47,5161.49,sh000903
2021-06-17 00:00:00,5152.2,5154.58,5191.51,5136.14,55768919.0,136764710912.0,1.07,5154.58,sh000903
2021-06-18 00:00:00,5151.47,5126.9,5170.03,5091.72,72711798.0,183752425472.0,1.52,5126.9,sh000903
2021-06-21 00:00:00,5109.18,5095.7,5132.3,5070.4,63536241.0,168136503296.0,1.21,5095.7,sh000903
2021-06-22 00:00:00,5113.57,5129.65,5139.96,5094.52,63543562.0,162239496192.0,0.89,5129.65,sh000903
2021-06-23 00:00:00,5134.03,5145.15,5170.72,5117.06,58206838.0,168262377472.0,1.05,5145.15,sh000903
2021-06-24 00:00:00,5155.11,5168.38,5171.75,5119.42,54493207.0,150780776448.0,1.02,5168.38,sh000903
2021-06-25 00:00:00,5170.32,5252.36,5264.68,5166.99,67946276.0,187196674048.0,1.89,5252.36,sh000903
2021-06-28 00:00:00,5268.03,5251.24,5271.99,5226.35,58889777.0,163238612992.0,0.87,5251.24,sh000903
2021-06-29 00:00:00,5247.13,5184.54,5247.33,5175.77,56881720.0,154473279488.0,1.36,5184.54,sh000903
2021-06-30 00:00:00,5177.59,5205.36,5214.47,5174.91,45340055.0,129577689088.0,0.76,5205.36,sh000903
2021-07-01 00:00:00,5225.34,5241.25,5241.36,5172.44,57497482.0,162290511872.0,1.32,5241.25,sh000903
2021-07-02 00:00:00,5189.31,5070.22,5189.31,5063.57,64122760.0,177876328448.0,2.4,5070.22,sh000903
2021-07-05 00:00:00,5058.21,5056.54,5071.08,5021.33,58141647.0,158302908416.0,0.98,5056.54,sh000903
2021-07-06 00:00:00,5056.31,5061.16,5064.59,5006.14,59112179.0,170724331520.0,1.16,5061.16,sh000903
2021-07-07 00:00:00,5036.88,5092.37,5106.54,5031.95,53262131.0,149674442752.0,1.47,5092.37,sh000903
2021-07-08 00:00:00,5101.68,5019.89,5104.56,5007.36,67667625.0,181782425600.0,1.91,5019.89,sh000903
2021-07-09 00:00:00,4996.14,4993.44,5012.3,4948.31,59679050.0,154012667904.0,1.27,4993.44,sh000903
2021-07-12 00:00:00,5028.96,5038.34,5070.33,4983.57,77509356.0,199503085568.0,1.74,5038.34,sh000903
2021-07-13 00:00:00,5036.56,5052.57,5068.32,5025.47,63230039.0,161222766592.0,0.85,5052.57,sh000903
2021-07-14 00:00:00,5045.28,4999.17,5045.28,4986.01,76823104.0,180055531520.0,1.17,4999.17,sh000903
2021-07-15 00:00:00,4991.77,5074.15,5078.19,4985.74,71339200.0,179191988224.0,1.85,5074.15,sh000903
2021-07-16 00:00:00,5063.42,5010.98,5065.79,5006.36,61888783.0,159097602048.0,1.17,5010.98,sh000903
2021-07-19 00:00:00,5000.27,5039.59,5047.45,4957.49,60484575.0,153456005120.0,1.8,5039.59,sh000903
2021-07-20 00:00:00,5006.0,5019.5,5032.48,4990.7,49052902.0,123014537216.0,0.83,5019.5,sh000903
2021-07-21 00:00:00,5030.33,5026.13,5065.43,5016.06,61391470.0,171975458816.0,0.98,5026.13,sh000903
2021-07-22 00:00:00,5028.7,5019.75,5055.15,5012.01,67007043.0,189304090624.0,0.86,5019.75,sh000903
2021-07-23 00:00:00,5011.48,4954.77,5011.48,4947.13,75802552.0,193480593408.0,1.28,4954.77,sh000903
2021-07-26 00:00:00,4926.47,4762.99,4926.47,4715.64,88492636.0,237445685248.0,4.26,4762.99,sh000903
2021-07-27 00:00:00,4760.03,4592.43,4768.32,4585.6,90653222.0,233162579968.0,3.84,4592.43,sh000903
2021-07-28 00:00:00,4562.82,4622.34,4640.56,4536.5,78647798.0,195556827136.0,2.27,4622.34,sh000903
2021-07-29 00:00:00,4698.48,4662.92,4702.1,4637.13,67272788.0,186291884032.0,1.41,4662.92,sh000903
2021-07-30 00:00:00,4634.28,4593.64,4634.28,4559.22,65521966.0,187468328960.0,1.61,4593.64,sh000903
2021-08-02 00:00:00,4566.32,4723.45,4729.54,4526.25,88902170.0,244569776128.0,4.43,4723.45,sh000903
2021-08-03 00:00:00,4701.26,4754.87,4760.6,4685.74,70472481.0,204038840320.0,1.58,4754.87,sh000903
2021-08-04 00:00:00,4749.17,4761.81,4768.91,4727.23,60727875.0,186164682752.0,0.88,4761.81,sh000903
2021-08-05 00:00:00,4726.55,4733.05,4792.13,4703.99,60411328.0,177455800320.0,1.85,4733.05,sh000903
2021-08-06 00:00:00,4717.67,4701.65,4717.81,4680.72,52923236.0,153276346368.0,0.78,4701.65,sh000903
2021-08-09 00:00:00,4673.15,4779.75,4805.0,4669.99,73159795.0,190885285888.0,2.87,4779.75,sh000903
2021-08-10 00:00:00,4774.08,4858.14,4858.27,4725.86,62098767.0,188547883008.0,2.77,4858.14,sh000903
2021-08-11 00:00:00,4851.8,4826.03,4879.68,4820.86,71827354.0,168156553216.0,1.21,4826.03,sh000903
2021-08-12 00:00:00,4810.91,4776.09,4826.61,4771.85,57790487.0,156077195264.0,1.13,4776.09,sh000903
2021-08-13 00:00:00,4759.76,4762.26,4792.89,4735.66,53993800.0,139313393664.0,1.2,4762.26,sh000903
2021-08-16 00:00:00,4756.28,4772.41,4800.34,4747.78,58006561.0,143856771072.0,1.1,4772.41,sh000903
2021-08-17 00:00:00,4765.79,4669.78,4794.54,4658.7,70425027.0,170375028736.0,2.85,4669.78,sh000903
2021-08-18 00:00:00,4667.39,4726.65,4746.5,4641.11,79562130.0,184446504960.0,2.26,4726.65,sh000903
2021-08-19 00:00:00,4716.36,4663.64,4722.56,4641.66,78177910.0,176556011520.0,1.71,4663.64,sh000903
2021-08-20 00:00:00,4607.08,4556.65,4620.69,4515.78,68886016.0,186978746368.0,2.25,4556.65,sh000903
2021-08-23 00:00:00,4558.56,4594.73,4606.61,4548.14,58473464.0,163307687936.0,1.28,4594.73,sh000903
2021-08-24 00:00:00,4605.39,4649.51,4666.94,4603.66,68673610.0,181827907584.0,1.38,4649.51,sh000903
2021-08-25 00:00:00,4654.42,4656.84,4673.9,4633.15,67178586.0,165914083328.0,0.88,4656.84,sh000903
2021-08-26 00:00:00,4654.25,4551.79,4654.25,4550.6,66911660.0,152858087424.0,2.23,4551.79,sh000903
2021-08-27 00:00:00,4545.65,4581.99,4622.92,4544.82,65731366.0,155322462208.0,1.72,4581.99,sh000903
2021-08-30 00:00:00,4603.27,4552.31,4604.96,4523.18,87775060.0,213934518272.0,1.78,4552.31,sh000903
2021-08-31 00:00:00,4547.18,4543.54,4574.78,4485.86,99662963.0,210765791232.0,1.95,4543.54,sh000903
2021-09-01 00:00:00,4537.02,4647.37,4681.72,4504.17,138208220.0,274333233152.0,3.91,4647.37,sh000903
2021-09-02 00:00:00,4649.89,4643.94,4675.04,4615.02,104976973.0,210726400000.0,1.29,4643.94,sh000903
2021-09-03 00:00:00,4649.79,4644.11,4676.12,4594.04,106472100.0,210675269632.0,1.77,4644.11,sh000903
2021-09-06 00:00:00,4639.58,4721.73,4739.13,4635.92,100462285.0,224208396288.0,2.22,4721.73,sh000903
2021-09-07 00:00:00,4719.96,4766.86,4783.68,4693.37,103162926.0,190585761792.0,1.91,4766.86,sh000903
2021-09-08 00:00:00,4758.42,4733.97,4783.98,4719.7,102474345.0,185392078848.0,1.35,4733.97,sh000903
2021-09-09 00:00:00,4714.8,4730.15,4730.56,4698.02,105808996.0,168942399488.0,0.69,4730.15,sh000903
2021-09-10 00:00:00,4728.39,4786.55,4816.87,4725.02,121635494.0,211298422784.0,1.94,4786.55,sh000903
2021-09-13 00:00:00,4777.8,4771.53,4808.65,4743.52,102741714.0,189190512640.0,1.36,4771.53,sh000903
2021-09-14 00:00:00,4774.07,4693.48,4785.92,4685.43,108152212.0,192941625344.0,2.11,4693.48,sh000903
2021-09-15 00:00:00,4678.6,4632.37,4678.6,4608.22,80217080.0,160512176128.0,1.5,4632.37,sh000903
2021-09-16 00:00:00,4629.82,4608.18,4646.81,4590.2,91077466.0,173838409728.0,1.22,4608.18,sh000903
2021-09-17 00:00:00,4597.1,4661.19,4661.33,4590.11,80290191.0,161591836672.0,1.55,4661.19,sh000903
2021-09-22 00:00:00,4572.54,4606.72,4616.14,4566.64,85686098.0,144260907008.0,1.06,4606.72,sh000903
2021-09-23 00:00:00,4627.02,4619.62,4661.03,4602.14,86207078.0,153701007360.0,1.28,4619.62,sh000903
2021-09-24 00:00:00,4609.51,4634.16,4677.22,4607.99,79107231.0,164969349120.0,1.5,4634.16,sh000903
2021-09-27 00:00:00,4661.28,4716.42,4750.32,4661.28,90112655.0,216338997248.0,1.92,4716.42,sh000903
2021-09-28 00:00:00,4711.14,4730.24,4747.99,4681.62,77160573.0,159878721536.0,1.41,4730.24,sh000903
2021-09-29 00:00:00,4697.47,4715.59,4745.72,4660.07,82400822.0,158143377408.0,1.81,4715.59,sh000903
2021-09-30 00:00:00,4719.9,4730.05,4745.08,4714.07,61091144.0,140091256832.0,0.66,4730.05,sh000903
2021-10-08 00:00:00,4780.8,4825.59,4838.49,4761.21,80840317.0,187827863552.0,1.63,4825.59,sh000903
2021-10-11 00:00:00,4840.15,4840.89,4903.09,4838.33,75926610.0,167155773440.0,1.34,4840.89,sh000903
2021-10-12 00:00:00,4824.33,4811.92,4844.5,4772.21,73674235.0,148302843904.0,1.49,4811.92,sh000903
2021-10-13 00:00:00,4806.1,4863.96,4884.38,4795.17,59103557.0,148205940736.0,1.85,4863.96,sh000903
2021-10-14 00:00:00,4860.68,4827.06,4879.68,4818.24,48502062.0,117984604160.0,1.26,4827.06,sh000903
2021-10-15 00:00:00,4807.79,4843.24,4851.13,4797.37,64173737.0,146561503232.0,1.11,4843.24,sh000903
2021-10-18 00:00:00,4830.97,4757.94,4830.97,4734.19,62523953.0,155267641344.0,2.0,4757.94,sh000903
2021-10-19 00:00:00,4750.06,4807.55,4818.12,4750.05,58388529.0,140148047872.0,1.43,4807.55,sh000903
2021-10-20 00:00:00,4821.2,4795.05,4841.46,4781.88,57042678.0,132021547008.0,1.24,4795.05,sh000903
2021-10-21 00:00:00,4798.85,4828.04,4842.71,4791.41,64972027.0,137652387840.0,1.07,4828.04,sh000903
2021-10-22 00:00:00,4840.99,4876.85,4903.97,4834.15,60743828.0,144195510272.0,1.45,4876.85,sh000903
2021-10-25 00:00:00,4852.57,4869.75,4873.15,4830.63,59106660.0,145960759296.0,0.87,4869.75,sh000903
2021-10-26 00:00:00,4867.01,4839.49,4887.79,4832.93,54179868.0,132423053312.0,1.13,4839.49,sh000903
2021-10-27 00:00:00,4821.35,4767.84,4821.35,4753.42,60593536.0,140238647296.0,1.4,4767.84,sh000903
2021-10-28 00:00:00,4750.52,4747.06,4769.68,4732.58,61272443.0,141082501120.0,0.78,4747.06,sh000903
2021-10-29 00:00:00,4748.5,4785.49,4785.49,4742.28,68190999.0,177066573824.0,0.91,4785.49,sh000903
2021-11-01 00:00:00,4742.17,4766.19,4780.64,4716.66,74671529.0,183484551168.0,1.34,4766.19,sh000903
2021-11-02 00:00:00,4758.58,4703.06,4783.78,4663.42,84504965.0,187905478656.0,2.53,4703.06,sh000903
2021-11-03 00:00:00,4696.87,4674.34,4718.07,4664.53,61018762.0,139028348928.0,1.14,4674.34,sh000903
2021-11-04 00:00:00,4695.2,4720.78,4730.44,4688.47,56726461.0,148405227520.0,0.9,4720.78,sh000903
2021-11-05 00:00:00,4708.41,4703.05,4743.74,4694.85,55430426.0,134082625536.0,1.04,4703.05,sh000903
2021-11-08 00:00:00,4699.64,4697.69,4719.89,4680.95,51224648.0,121367031808.0,0.83,4697.69,sh000903
2021-11-09 00:00:00,4706.29,4682.99,4719.62,4662.52,48321779.0,112945991680.0,1.22,4682.99,sh000903
2021-11-10 00:00:00,4670.07,4653.01,4671.73,4593.2,59496292.0,140755382272.0,1.68,4653.01,sh000903
2021-11-11 00:00:00,4649.48,4741.91,4742.09,4642.37,75154885.0,158209884160.0,2.14,4741.91,sh000903
2021-11-12 00:00:00,4750.15,4722.25,4753.97,4711.99,53462822.0,118932156416.0,0.89,4722.25,sh000903
2021-11-15 00:00:00,4732.94,4730.72,4747.64,4711.28,47408804.0,112986238976.0,0.77,4730.72,sh000903
2021-11-16 00:00:00,4733.39,4741.72,4767.75,4731.22,49382807.0,123049881600.0,0.77,4741.72,sh000903
2021-11-17 00:00:00,4738.48,4728.31,4749.52,4715.98,41670505.0,100820357120.0,0.71,4728.31,sh000903
2021-11-18 00:00:00,4713.59,4677.91,4713.59,4672.61,41719716.0,93831360512.0,0.87,4677.91,sh000903
2021-11-19 00:00:00,4670.83,4731.65,4738.44,4669.84,50984387.0,118429523968.0,1.47,4731.65,sh000903
2021-11-22 00:00:00,4737.39,4731.73,4752.74,4725.45,52491965.0,133990707200.0,0.58,4731.73,sh000903
2021-11-23 00:00:00,4723.58,4738.3,4756.62,4717.57,54576371.0,127727669248.0,0.83,4738.3,sh000903
2021-11-24 00:00:00,4743.76,4756.4,4774.8,4729.31,47626386.0,131089051648.0,0.96,4756.4,sh000903
2021-11-25 00:00:00,4759.2,4734.72,4764.04,4727.52,42109065.0,115360694272.0,0.77,4734.72,sh000903
2021-11-26 00:00:00,4726.58,4690.84,4726.63,4680.86,44049349.0,105644912640.0,0.97,4690.84,sh000903
2021-11-29 00:00:00,4657.24,4678.9,4687.49,4652.02,49060685.0,118513631232.0,0.76,4678.9,sh000903
2021-11-30 00:00:00,4679.68,4645.25,4692.93,4629.38,47525716.0,109178077184.0,1.36,4645.25,sh000903
2021-12-01 00:00:00,4649.07,4663.84,4665.1,4639.21,45702431.0,104950038528.0,0.56,4663.84,sh000903
2021-12-02 00:00:00,4656.84,4678.33,4688.41,4643.21,55691026.0,116010545152.0,0.97,4678.33,sh000903
2021-12-03 00:00:00,4678.95,4723.63,4723.63,4674.77,53640169.0,139685453824.0,1.04,4723.63,sh000903
2021-12-06 00:00:00,4735.61,4733.9,4778.25,4729.66,71683087.0,160780554240.0,1.03,4733.9,sh000903
2021-12-07 00:00:00,4770.95,4774.66,4784.4,4751.5,72170537.0,162336018432.0,0.69,4774.66,sh000903
2021-12-08 00:00:00,4786.06,4844.25,4845.45,4758.72,62352212.0,159952375808.0,1.82,4844.25,sh000903
2021-12-09 00:00:00,4851.09,4931.76,4975.3,4848.92,96332718.0,216112738304.0,2.61,4931.76,sh000903
2021-12-10 00:00:00,4899.62,4914.5,4917.77,4890.83,82222147.0,161932738560.0,0.55,4914.5,sh000903
2021-12-13 00:00:00,4955.52,4945.97,5016.28,4943.59,96722898.0,233692487680.0,1.48,4945.97,sh000903
2021-12-14 00:00:00,4929.02,4914.79,4940.63,4903.61,70174374.0,162198122496.0,0.75,4914.79,sh000903
2021-12-15 00:00:00,4900.93,4871.64,4928.79,4870.91,58639652.0,139843833856.0,1.18,4871.64,sh000903
2021-12-16 00:00:00,4871.38,4893.75,4893.75,4849.01,56618944.0,146099249152.0,0.92,4893.75,sh000903
2021-12-17 00:00:00,4877.69,4817.77,4880.74,4815.04,59420598.0,153972867072.0,1.34,4817.77,sh000903
2021-12-20 00:00:00,4801.45,4761.68,4837.77,4751.33,60047401.0,150664200192.0,1.79,4761.68,sh000903
2021-12-21 00:00:00,4756.45,4788.96,4796.23,4752.59,53944932.0,127885062144.0,0.92,4788.96,sh000903
2021-12-22 00:00:00,4800.14,4785.6,4813.76,4772.97,49505510.0,117887545344.0,0.85,4785.6,sh000903
2021-12-23 00:00:00,4796.25,4825.84,4825.84,4772.32,52920960.0,126850949120.0,1.12,4825.84,sh000903
2021-12-24 00:00:00,4829.91,4805.85,4843.84,4787.35,55382451.0,151552606208.0,1.17,4805.85,sh000903
2021-12-27 00:00:00,4801.13,4798.76,4819.23,4775.41,49440172.0,129310834688.0,0.91,4798.76,sh000903
2021-12-28 00:00:00,4802.73,4834.71,4839.65,4798.1,55382538.0,138393112576.0,0.87,4834.71,sh000903
2021-12-29 00:00:00,4839.83,4747.92,4839.83,4747.92,47192489.0,142302027776.0,1.9,4747.92,sh000903
2021-12-30 00:00:00,4747.58,4780.37,4801.1,4741.52,51270748.0,130901139456.0,1.25,4780.37,sh000903
2021-12-31 00:00:00,4797.01,4792.91,4808.63,4775.77,49029919.0,130361126912.0,0.69,4792.91,sh000903
2022-01-04 00:00:00,4812.64,4779.48,4816.78,4726.52,66256407.0,173892206592.0,1.88,4779.48,sh000903
2022-01-05 00:00:00,4767.91,4751.67,4799.21,4735.61,84478277.0,196830838784.0,1.33,4751.67,sh000903
2022-01-06 00:00:00,4728.14,4687.43,4741.61,4665.31,67779930.0,167156629504.0,1.61,4687.43,sh000903
2022-01-07 00:00:00,4696.8,4704.76,4731.96,4693.2,87466153.0,169115340800.0,0.83,4704.76,sh000903
2022-01-10 00:00:00,4692.19,4724.55,4727.87,4661.74,71371750.0,158287515648.0,1.41,4724.55,sh000903
2022-01-11 00:00:00,4719.53,4686.56,4737.55,4681.27,66890506.0,148435369984.0,1.19,4686.56,sh000903
2022-01-12 00:00:00,4708.74,4729.63,4737.95,4698.98,66058542.0,156191150080.0,0.83,4729.63,sh000903
2022-01-13 00:00:00,4740.77,4654.33,4743.0,4653.52,67619868.0,151159230464.0,1.89,4654.33,sh000903
2022-01-14 00:00:00,4632.81,4605.96,4648.66,4603.95,69271549.0,140333637632.0,0.96,4605.96,sh000903
2022-01-17 00:00:00,4610.58,4640.95,4649.88,4606.42,52459791.0,133878226944.0,0.94,4640.95,sh000903
2022-01-18 00:00:00,4641.11,4689.74,4701.37,4620.81,67638994.0,140464427008.0,1.74,4689.74,sh000903
2022-01-19 00:00:00,4699.2,4667.31,4711.34,4642.28,61365204.0,144560840704.0,1.47,4667.31,sh000903
2022-01-20 00:00:00,4662.58,4732.76,4755.3,4662.08,80303534.0,164883415040.0,2.0,4732.76,sh000903
2022-01-21 00:00:00,4718.09,4697.35,4730.24,4674.95,65316854.0,141737480192.0,1.17,4697.35,sh000903
2022-01-24 00:00:00,4671.68,4691.64,4708.51,4656.89,55073247.0,129464795136.0,1.1,4691.64,sh000903
2022-01-25 00:00:00,4663.05,4592.53,4680.39,4592.26,61969091.0,126577635328.0,1.88,4592.53,sh000903
2022-01-26 00:00:00,4613.06,4632.75,4633.55,4569.33,48895626.0,118301802496.0,1.4,4632.75,sh000903
2022-01-27 00:00:00,4628.3,4546.82,4629.15,4542.9,58127112.0,140090007552.0,1.86,4546.82,sh000903
2022-01-28 00:00:00,4570.01,4486.91,4588.47,4480.62,63158077.0,156560318464.0,2.37,4486.91,sh000903
2022-02-07 00:00:00,4563.63,4555.24,4591.47,4533.39,68600177.0,148457816064.0,1.29,4555.24,sh000903
2022-02-08 00:00:00,4546.31,4528.42,4546.31,4443.51,77484644.0,156055126016.0,2.26,4528.42,sh000903
2022-02-09 00:00:00,4529.25,4571.6,4581.03,4520.52,72593567.0,149880934400.0,1.34,4571.6,sh000903
2022-02-10 00:00:00,4578.01,4556.18,4578.01,4523.09,69306104.0,160054919168.0,1.2,4556.18,sh000903
2022-02-11 00:00:00,4533.89,4529.47,4583.15,4523.81,80120105.0,178113200128.0,1.3,4529.47,sh000903
2022-02-14 00:00:00,4509.81,4481.55,4522.13,4461.62,74681574.0,157512384512.0,1.34,4481.55,sh000903
2022-02-15 00:00:00,4482.33,4518.66,4522.28,4477.94,58195241.0,139322408960.0,0.99,4518.66,sh000903
2022-02-16 00:00:00,4538.05,4538.84,4562.32,4528.7,48495593.0,108753330176.0,0.74,4538.84,sh000903
2022-02-17 00:00:00,4539.63,4544.57,4566.85,4530.54,48554232.0,111889108992.0,0.8,4544.57,sh000903
2022-02-18 00:00:00,4521.13,4569.0,4569.02,4515.28,47584338.0,99169734656.0,1.18,4569.0,sh000903
2022-02-21 00:00:00,4559.25,4542.35,4559.25,4521.64,54964288.0,109163450368.0,0.82,4542.35,sh000903
2022-02-22 00:00:00,4506.77,4475.7,4506.98,4450.3,57702144.0,129791909888.0,1.25,4475.7,sh000903
2022-02-23 00:00:00,4486.54,4510.91,4513.55,4472.25,58809633.0,132216315904.0,0.92,4510.91,sh000903
2022-02-24 00:00:00,4478.65,4416.92,4490.78,4381.59,87184817.0,175229849600.0,2.42,4416.92,sh000903
2022-02-25 00:00:00,4451.56,4454.52,4494.65,4445.02,65164600.0,136898387968.0,1.12,4454.52,sh000903
2022-02-28 00:00:00,4441.78,4460.57,4460.57,4410.63,61931295.0,125801152512.0,1.12,4460.57,sh000903
2022-03-01 00:00:00,4478.81,4509.6,4513.67,4471.66,55719196.0,135807946752.0,0.94,4509.6,sh000903
2022-03-02 00:00:00,4482.06,4460.73,4482.18,4446.67,52487355.0,109902888960.0,0.79,4460.73,sh000903
2022-03-03 00:00:00,4477.68,4437.32,4482.22,4430.48,65902769.0,127768285184.0,1.16,4437.32,sh000903
2022-03-04 00:00:00,4395.37,4373.44,4410.94,4359.54,59647905.0,133322678272.0,1.16,4373.44,sh000903
2022-03-07 00:00:00,4331.79,4225.54,4331.79,4212.39,78688586.0,172182102016.0,2.73,4225.54,sh000903
2022-03-08 00:00:00,4239.69,4161.93,4262.53,4146.13,78031752.0,168525672448.0,2.75,4161.93,sh000903
2022-03-09 00:00:00,4177.98,4132.35,4204.51,3981.13,93729060.0,185519210496.0,5.37,4132.35,sh000903
2022-03-10 00:00:00,4231.02,4191.86,4235.9,4187.7,70511716.0,165614866432.0,1.17,4191.86,sh000903
2022-03-11 00:00:00,4133.72,4201.47,4212.29,4075.47,73791803.0,161056243712.0,3.26,4201.47,sh000903
2022-03-14 00:00:00,4136.93,4059.34,4165.91,4059.34,62701366.0,140376408064.0,2.54,4059.34,sh000903
2022-03-15 00:00:00,4008.72,3870.99,4042.56,3870.99,102932298.0,195915620352.0,4.23,3870.99,sh000903
2022-03-16 00:00:00,3938.23,4046.6,4060.32,3841.39,98846438.0,216444596224.0,5.66,4046.6,sh000903
2022-03-17 00:00:00,4135.59,4134.27,4195.86,4109.75,88015977.0,215314415616.0,2.13,4134.27,sh000903
2022-03-18 00:00:00,4116.32,4165.33,4186.14,4089.29,79112069.0,154412318720.0,2.34,4165.33,sh000903
2022-03-21 00:00:00,4183.01,4142.03,4183.01,4113.23,61949793.0,133408952320.0,1.68,4142.03,sh000903
2022-03-22 00:00:00,4139.58,4145.91,4172.99,4123.75,60034130.0,110157488128.0,1.19,4145.91,sh000903
2022-03-23 00:00:00,4162.08,4168.98,4182.26,4133.07,54469975.0,116028747776.0,1.19,4168.98,sh000903
2022-03-24 00:00:00,4142.76,4145.97,4167.26,4113.5,50334938.0,114239094784.0,1.29,4145.97,sh000903
2022-03-25 00:00:00,4141.54,4068.35,4150.51,4067.22,51224302.0,112640610304.0,2.01,4068.35,sh000903
2022-03-28 00:00:00,4021.49,4044.32,4067.41,3983.39,59080404.0,118606553088.0,2.07,4044.32,sh000903
2022-03-29 00:00:00,4048.74,4028.3,4073.8,4018.98,46933888.0,96896557056.0,1.36,4028.3,sh000903
2022-03-30 00:00:00,4058.64,4153.82,4153.82,4058.52,69382799.0,146681544704.0,2.37,4153.82,sh000903
2022-03-31 00:00:00,4132.56,4131.76,4148.62,4114.09,66150415.0,121937809408.0,0.83,4131.76,sh000903
2022-04-01 00:00:00,4112.07,4196.46,4210.1,4101.79,69354883.0,136691634176.0,2.62,4196.46,sh000903
2022-04-06 00:00:00,4172.32,4185.7,4198.98,4159.97,81998351.0,138621796352.0,0.93,4185.7,sh000903
2022-04-07 00:00:00,4161.84,4138.19,4200.51,4130.22,66985098.0,114101891072.0,1.68,4138.19,sh000903
2022-04-08 00:00:00,4141.19,4163.04,4170.3,4114.92,66676790.0,118497980416.0,1.34,4163.04,sh000903
2022-04-11 00:00:00,4134.14,4046.47,4134.14,4036.4,70155973.0,143065382912.0,2.35,4046.47,sh000903
2022-04-12 00:00:00,4055.29,4128.97,4128.97,4028.7,68782989.0,136455761920.0,2.48,4128.97,sh000903
2022-04-13 00:00:00,4105.78,4102.75,4155.05,4091.91,59057782.0,116678189056.0,1.53,4102.75,sh000903
2022-04-14 00:00:00,4137.34,4153.46,4181.54,4121.36,59815229.0,137899200512.0,1.47,4153.46,sh000903
2022-04-15 00:00:00,4123.29,4148.16,4168.18,4113.92,56777810.0,117295013888.0,1.31,4148.16,sh000903
2022-04-18 00:00:00,4112.19,4106.9,4117.33,4076.4,55656881.0,114176958464.0,0.99,4106.9,sh000903
2022-04-19 00:00:00,4103.69,4076.21,4131.36,4054.77,54193528.0,119752630272.0,1.86,4076.21,sh000903
2022-04-20 00:00:00,4069.26,4014.79,4074.67,4005.12,56381371.0,126816673792.0,1.71,4014.79,sh000903
2022-04-21 00:00:00,3994.63,3956.89,4031.31,3937.18,65869235.0,127009509376.0,2.34,3956.89,sh000903
2022-04-22 00:00:00,3927.93,3989.57,4009.03,3920.19,63351660.0,116418981888.0,2.25,3989.57,sh000903
2022-04-25 00:00:00,3903.9,3805.47,3934.98,3805.0,85924165.0,157959868416.0,3.26,3805.47,sh000903
2022-04-26 00:00:00,3810.08,3794.12,3872.32,3782.4,76628221.0,145988734976.0,2.36,3794.12,sh000903
2022-04-27 00:00:00,3775.45,3891.87,3891.87,3775.08,83474350.0,165924290560.0,3.08,3891.87,sh000903
2022-04-28 00:00:00,3881.79,3921.87,3937.87,3873.96,75396618.0,147382677504.0,1.64,3921.87,sh000903
2022-04-29 00:00:00,3937.24,3995.52,4004.58,3886.27,90463048.0,182501670912.0,3.02,3995.52,sh000903
2022-05-05 00:00:00,3971.35,3976.81,4006.26,3963.07,77806313.0,164997943296.0,1.08,3976.81,sh000903
2022-05-06 00:00:00,3901.54,3873.32,3915.18,3867.34,59521887.0,118611054592.0,1.2,3873.32,sh000903
2022-05-09 00:00:00,3847.63,3833.84,3872.36,3810.15,43164388.0,93298900992.0,1.61,3833.84,sh000903
2022-05-10 00:00:00,3776.18,3870.49,3886.04,3760.27,67009528.0,130402516992.0,3.28,3870.49,sh000903
2022-05-11 00:00:00,3867.17,3922.13,3969.7,3865.36,77398930.0,163954819072.0,2.7,3922.13,sh000903
2022-05-12 00:00:00,3896.4,3899.04,3926.68,3880.66,51313009.0,106060550144.0,1.17,3899.04,sh000903
2022-05-13 00:00:00,3927.66,3932.18,3948.1,3901.44,52645578.0,110467563520.0,1.2,3932.18,sh000903
2022-05-16 00:00:00,3958.9,3899.52,3961.66,3888.31,53805020.0,110899335168.0,1.87,3899.52,sh000903
2022-05-17 00:00:00,3909.74,3951.69,3951.69,3903.88,51788879.0,110328037376.0,1.23,3951.69,sh000903
2022-05-18 00:00:00,3961.07,3932.19,3961.07,3899.49,49104778.0,107043721216.0,1.56,3932.19,sh000903
2022-05-19 00:00:00,3880.79,3928.77,3932.11,3877.26,52004037.0,108552065024.0,1.39,3928.77,sh000903
2022-05-20 00:00:00,3952.72,4014.77,4015.31,3952.67,69838254.0,149488824320.0,1.59,4014.77,sh000903
2022-05-23 00:00:00,4017.69,3974.48,4017.69,3955.51,55554020.0,118708633600.0,1.55,3974.48,sh000903
2022-05-24 00:00:00,3972.63,3890.53,3972.63,3890.46,60971666.0,122821079040.0,2.07,3890.53,sh000903
2022-05-25 00:00:00,3894.98,3906.75,3910.48,3877.93,45082271.0,96452812800.0,0.84,3906.75,sh000903
2022-05-26 00:00:00,3911.88,3911.59,3935.75,3864.91,56926820.0,116174049280.0,1.81,3911.59,sh000903
2022-05-27 00:00:00,3946.13,3929.49,3978.26,3913.97,55241649.0,116413595648.0,1.64,3929.49,sh000903
2022-05-30 00:00:00,3950.49,3956.21,3972.17,3938.58,54955159.0,119218044928.0,0.85,3956.21,sh000903
2022-05-31 00:00:00,3959.79,4017.17,4022.61,3947.87,66258519.0,148638384128.0,1.89,4017.17,sh000903
2022-06-01 00:00:00,4014.5,4008.64,4019.18,3987.26,52834404.0,116597141504.0,0.79,4008.64,sh000903
2022-06-02 00:00:00,3988.38,4001.99,4005.85,3983.82,48844915.0,110851649536.0,0.55,4001.99,sh000903
2022-06-06 00:00:00,4006.29,4072.25,4073.09,3974.73,81230935.0,173755330560.0,2.46,4072.25,sh000903
2022-06-07 00:00:00,4071.8,4092.74,4110.37,4061.92,67764206.0,153859674112.0,1.19,4092.74,sh000903
2022-06-08 00:00:00,4104.16,4138.21,4138.75,4078.45,68702080.0,174608265216.0,1.47,4138.21,sh000903
2022-06-09 00:00:00,4130.83,4101.28,4148.7,4088.76,74750380.0,150291791872.0,1.45,4101.28,sh000903
2022-06-10 00:00:00,4070.71,4157.67,4160.95,4064.59,80908014.0,166122954752.0,2.35,4157.67,sh000903
2022-06-13 00:00:00,4109.69,4105.28,4133.9,4072.85,80534999.0,189785149440.0,1.47,4105.28,sh000903
2022-06-14 00:00:00,4058.69,4124.24,4125.46,4015.57,80054904.0,183942991872.0,2.68,4124.24,sh000903
2022-06-15 00:00:00,4129.19,4178.12,4246.38,4128.99,115602803.0,244864389120.0,2.85,4178.12,sh000903
2022-06-16 00:00:00,4187.41,4156.07,4211.32,4146.28,83712561.0,174117810176.0,1.56,4156.07,sh000903
2022-06-17 00:00:00,4125.86,4228.66,4239.43,4124.22,74583478.0,194589790208.0,2.77,4228.66,sh000903
2022-06-20 00:00:00,4244.01,4247.41,4286.47,4216.94,83193349.0,205103710208.0,1.64,4247.41,sh000903
2022-06-21 00:00:00,4246.57,4242.4,4273.53,4203.29,84402980.0,176269668352.0,1.65,4242.4,sh000903
2022-06-22 00:00:00,4252.53,4186.02,4253.18,4184.25,90637281.0,172263653376.0,1.62,4186.02,sh000903
2022-06-23 00:00:00,4194.33,4255.17,4255.17,4171.31,94109624.0,183260348416.0,2.0,4255.17,sh000903
2022-06-24 00:00:00,4270.88,4324.27,4327.73,4261.77,91332966.0,203867316224.0,1.55,4324.27,sh000903
2022-06-27 00:00:00,4344.96,4362.57,4395.26,4340.01,93297111.0,214169452544.0,1.28,4362.57,sh000903
2022-06-28 00:00:00,4361.8,4409.14,4416.62,4320.5,93231872.0,201308221440.0,2.2,4409.14,sh000903
2022-06-29 00:00:00,4392.5,4339.74,4425.71,4331.71,91283415.0,215957680128.0,2.13,4339.74,sh000903
2022-06-30 00:00:00,4334.11,4406.01,4438.75,4334.11,74208435.0,189896216576.0,2.41,4406.01,sh000903
2022-07-01 00:00:00,4414.92,4391.85,4428.28,4372.24,71116362.0,171250548736.0,1.27,4391.85,sh000903
2022-07-04 00:00:00,4365.19,4421.75,4421.78,4349.9,69242360.0,200047058944.0,1.64,4421.75,sh000903
2022-07-05 00:00:00,4434.25,4422.66,4461.85,4369.34,80160215.0,210064982016.0,2.09,4422.66,sh000903
2022-07-06 00:00:00,4408.07,4348.3,4414.65,4317.12,77112151.0,200271159296.0,2.21,4348.3,sh000903
2022-07-07 00:00:00,4354.31,4375.2,4391.59,4321.44,69108682.0,191646425088.0,1.61,4375.2,sh000903
2022-07-08 00:00:00,4404.36,4357.54,4417.67,4355.3,62747891.0,175116185600.0,1.43,4357.54,sh000903
2022-07-11 00:00:00,4335.25,4275.92,4335.25,4250.62,69051817.0,175605391360.0,1.94,4275.92,sh000903
2022-07-12 00:00:00,4276.66,4233.94,4292.61,4214.58,57762953.0,164857841435.8,1.82,4233.94,sh000903
2022-07-13 00:00:00,4233.93,4251.64,4270.51,4206.54,58705807.0,161583567395.3,1.51,4251.64,sh000903
2022-07-14 00:00:00,4242.36,4257.89,4290.84,4227.43,64767950.0,169432887695.3,1.49,4257.89,sh000903
2022-07-15 00:00:00,4233.68,4180.95,4280.49,4180.95,71194079.0,175977238463.1,2.34,4180.95,sh000903
2022-07-18 00:00:00,4199.83,4231.73,4239.99,4148.55,62422555.0,157361125318.1,2.19,4231.73,sh000903
2022-07-19 00:00:00,4228.14,4193.8,4228.14,4165.05,51715609.0,129225937207.1,1.49,4193.8,sh000903
2022-07-20 00:00:00,4219.44,4202.1,4228.28,4189.4,43759983.0,111881859480.6,0.93,4202.1,sh000903
2022-07-21 00:00:00,4186.25,4154.04,4198.58,4153.87,58700072.0,131938197050.1,1.06,4154.04,sh000903
2022-07-22 00:00:00,4172.71,4158.78,4198.63,4126.94,51552274.0,125034263321.3,1.73,4158.78,sh000903
2022-07-25 00:00:00,4154.27,4131.47,4158.9,4120.69,40802442.0,101856976486.2,0.92,4131.47,sh000903
2022-07-26 00:00:00,4138.55,4160.39,4175.82,4130.03,40988370.0,103307363527.9,1.11,4160.39,sh000903
2022-07-27 00:00:00,4150.28,4133.95,4152.46,4124.42,38378912.0,106115929809.9,0.67,4133.95,sh000903
2022-07-28 00:00:00,4153.14,4132.58,4181.39,4130.48,52937618.0,137188784055.7,1.23,4132.58,sh000903
2022-07-29 00:00:00,4137.22,4082.16,4160.96,4073.44,55260396.0,132727617707.4,2.12,4082.16,sh000903
2022-08-01 00:00:00,4072.78,4103.41,4112.32,4039.25,50731982.0,130250593910.8,1.79,4103.41,sh000903
2022-08-02 00:00:00,4057.47,4021.81,4057.47,3986.0,68010067.0,146259979906.2,1.74,4021.81,sh000903
2022-08-03 00:00:00,4029.74,3977.27,4067.31,3966.05,55622658.0,146338953736.6,2.52,3977.27,sh000903
2022-08-04 00:00:00,4000.16,4014.16,4022.91,3978.23,41926535.0,119663830715.0,1.12,4014.16,sh000903
2022-08-05 00:00:00,4021.46,4067.45,4071.11,4007.53,49877341.0,133712750292.1,1.58,4067.45,sh000903
2022-08-08 00:00:00,4049.29,4054.71,4060.93,4038.83,42683401.0,118526806565.1,0.54,4054.71,sh000903
2022-08-09 00:00:00,4051.21,4072.47,4079.16,4037.32,41397994.0,117890294493.4,1.03,4072.47,sh000903
2022-08-10 00:00:00,4065.88,4024.29,4074.16,4005.47,43590402.0,119185496334.5,1.69,4024.29,sh000903
2022-08-11 00:00:00,4046.24,4108.35,4109.15,4029.85,56196784.0,143948718273.4,1.97,4108.35,sh000903
2022-08-12 00:00:00,4100.9,4107.4,4117.75,4089.99,47954939.0,115144393656.2,0.68,4107.4,sh000903
2022-08-15 00:00:00,4099.19,4115.99,4148.31,4095.12,52310397.0,137477197142.9,1.29,4115.99,sh000903
2022-08-16 00:00:00,4121.51,4105.47,4140.12,4098.24,46567185.0,132366694367.9,1.02,4105.47,sh000903
2022-08-17 00:00:00,4111.01,4146.8,4153.68,4082.26,53094298.0,137796378379.9,1.74,4146.8,sh000903
2022-08-18 00:00:00,4136.64,4108.9,4143.56,4104.1,45985459.0,123345159806.0,0.95,4108.9,sh000903
2022-08-19 00:00:00,4106.93,4079.62,4110.41,4079.15,55298111.0,142386524337.7,0.76,4079.62,sh000903
2022-08-22 00:00:00,4066.0,4113.16,4116.62,4061.42,52515670.0,143318896146.6,1.35,4113.16,sh000903
2022-08-23 00:00:00,4107.14,4093.34,4121.07,4079.17,44861555.0,127589390356.9,1.02,4093.34,sh000903
2022-08-24 00:00:00,4106.2,4008.99,4109.86,4004.46,55745254.0,146884306830.7,2.57,4008.99,sh000903
2022-08-25 00:00:00,4019.48,4037.39,4040.79,3976.01,54125178.0,133055287602.0,1.62,4037.39,sh000903
2022-08-26 00:00:00,4050.59,4023.96,4054.43,4019.39,46467168.0,119042300604.4,0.87,4023.96,sh000903
2022-08-29 00:00:00,3978.89,4007.99,4010.9,3974.17,42868139.0,102939281967.5,0.91,4007.99,sh000903
2022-08-30 00:00:00,4006.12,3987.17,4009.51,3959.46,44517296.0,103813492466.2,1.25,3987.17,sh000903
2022-08-31 00:00:00,3964.45,3990.65,4022.59,3954.99,64022283.0,166031843266.5,1.7,3990.65,sh000903
2022-09-01 00:00:00,3977.76,3952.53,4004.53,3949.88,46560336.0,114854929202.3,1.37,3952.53,sh000903
2022-09-02 00:00:00,3965.85,3932.13,3966.83,3912.69,38464015.0,96896735459.8,1.37,3932.13,sh000903
2022-09-05 00:00:00,3916.46,3921.13,3925.08,3889.31,44019591.0,110718151991.7,0.91,3921.13,sh000903
2022-09-06 00:00:00,3929.54,3951.33,3953.32,3907.45,50756147.0,130172288648.3,1.17,3951.33,sh000903
2022-09-07 00:00:00,3929.12,3956.88,3968.88,3925.33,49997850.0,119881530878.1,1.1,3956.88,sh000903
2022-09-08 00:00:00,3960.8,3932.75,3968.34,3931.06,43757452.0,99194829993.1,0.94,3932.75,sh000903
2022-09-09 00:00:00,3948.97,3995.32,4000.42,3939.41,53539453.0,121377642822.1,1.55,3995.32,sh000903
2022-09-13 00:00:00,4015.97,4012.61,4028.33,3997.16,48636217.0,115768111011.3,0.78,4012.61,sh000903
2022-09-14 00:00:00,3959.81,3962.92,3988.75,3945.0,42348298.0,103100127674.3,1.09,3962.92,sh000903
2022-09-15 00:00:00,3975.85,3923.76,3984.68,3895.92,57528664.0,139586897710.5,2.24,3923.76,sh000903
2022-09-16 00:00:00,3909.72,3835.2,3916.1,3835.05,65510530.0,134160220842.1,2.07,3835.2,sh000903
2022-09-19 00:00:00,3829.93,3832.64,3859.99,3815.16,46998745.0,100442632169.1,1.17,3832.64,sh000903
2022-09-20 00:00:00,3849.5,3835.13,3861.42,3823.79,40851555.0,99930551795.1,0.98,3835.13,sh000903
2022-09-21 00:00:00,3822.88,3797.65,3823.55,3782.62,42418140.0,96388891578.9,1.07,3797.65,sh000903
2022-09-22 00:00:00,3766.66,3757.8,3789.96,3748.26,41024647.0,92591880720.1,1.1,3757.8,sh000903
2022-09-23 00:00:00,3754.55,3745.7,3777.34,3720.23,46230307.0,94742429665.1,1.52,3745.7,sh000903
2022-09-26 00:00:00,3717.26,3731.97,3787.03,3715.84,52780223.0,108337631413.5,1.9,3731.97,sh000903
2022-09-27 00:00:00,3739.39,3784.04,3785.23,3720.77,44375341.0,99236325891.4,1.73,3784.04,sh000903
2022-09-28 00:00:00,3771.09,3713.46,3771.09,3712.16,42606926.0,93687333910.4,1.56,3713.46,sh000903
2022-09-29 00:00:00,3751.97,3720.9,3760.83,3702.99,42544192.0,97634437611.6,1.56,3720.9,sh000903
2022-09-30 00:00:00,3729.89,3697.86,3742.02,3692.14,39741936.0,91934002970.8,1.34,3697.86,sh000903
2022-10-10 00:00:00,3708.04,3618.59,3708.12,3613.08,48672552.0,105653961019.6,2.57,3618.59,sh000903
2022-10-11 00:00:00,3632.38,3632.03,3641.84,3611.32,39719952.0,92354174101.5,0.84,3632.03,sh000903
2022-10-12 00:00:00,3625.66,3686.58,3686.64,3560.66,58548740.0,122387681403.0,3.47,3686.58,sh000903
2022-10-13 00:00:00,3654.82,3644.12,3676.5,3639.3,51314847.0,112485180532.1,1.01,3644.12,sh000903
2022-10-14 00:00:00,3679.09,3743.41,3765.69,3674.36,60437489.0,149722986193.5,2.51,3743.41,sh000903
2022-10-17 00:00:00,3720.89,3747.89,3751.27,3706.72,54712678.0,124273853055.5,1.19,3747.89,sh000903
2022-10-18 00:00:00,3769.96,3738.58,3772.41,3731.9,42208039.0,103251944081.2,1.08,3738.58,sh000903
2022-10-19 00:00:00,3728.68,3676.01,3744.21,3676.01,40620210.0,105245204786.1,1.82,3676.01,sh000903
2022-10-20 00:00:00,3640.82,3646.72,3696.9,3617.26,41747192.0,110456418756.5,2.17,3646.72,sh000903
2022-10-21 00:00:00,3640.72,3631.41,3657.62,3611.1,41409192.0,94419916239.0,1.28,3631.41,sh000903
2022-10-24 00:00:00,3609.88,3517.33,3646.53,3502.9,59945276.0,145288374481.1,3.96,3517.33,sh000903
2022-10-25 00:00:00,3506.19,3507.46,3553.47,3476.36,51007708.0,121980659551.7,2.19,3507.46,sh000903
2022-10-26 00:00:00,3514.66,3533.72,3581.65,3512.82,58538212.0,132594869479.8,1.96,3533.72,sh000903
2022-10-27 00:00:00,3548.84,3509.07,3567.53,3506.81,55604666.0,140708147930.2,1.72,3509.07,sh000903
2022-10-28 00:00:00,3481.88,3406.49,3492.14,3398.54,55982614.0,137071932135.3,2.67,3406.49,sh000903
2022-10-31 00:00:00,3366.98,3374.87,3422.42,3362.74,68583084.0,142703181858.0,1.75,3374.87,sh000903
2022-11-01 00:00:00,3387.41,3506.67,3506.67,3381.9,72739737.0,166138471815.1,3.7,3506.67,sh000903
2022-11-02 00:00:00,3495.25,3549.45,3573.6,3483.15,69177567.0,157324659254.6,2.58,3549.45,sh000903
2022-11-03 00:00:00,3517.48,3515.02,3543.58,3495.51,58766347.0,118475274493.4,1.35,3515.02,sh000903
2022-11-04 00:00:00,3514.67,3638.34,3653.36,3514.67,75298188.0,172663692013.9,3.95,3638.34,sh000903
2022-11-07 00:00:00,3628.09,3651.15,3671.42,3622.29,69986541.0,142298384110.6,1.35,3651.15,sh000903
2022-11-08 00:00:00,3651.19,3627.88,3660.05,3599.87,51511184.0,109484798768.4,1.65,3627.88,sh000903
2022-11-09 00:00:00,3629.28,3587.58,3638.66,3583.93,45838339.0,95295440026.3,1.51,3587.58,sh000903
2022-11-10 00:00:00,3554.81,3548.63,3565.99,3527.41,56775182.0,101435336795.0,1.08,3548.63,sh000903
2022-11-11 00:00:00,3657.45,3660.15,3699.91,3616.77,100684751.0,195929301876.2,2.34,3660.15,sh000903
2022-11-14 00:00:00,3697.68,3667.92,3726.9,3655.26,83753615.0,176570994083.9,1.96,3667.92,sh000903
2022-11-15 00:00:00,3664.8,3743.18,3746.8,3646.69,73907454.0,158713763875.9,2.73,3743.18,sh000903
2022-11-16 00:00:00,3740.05,3712.8,3753.56,3707.79,59835191.0,128967092937.2,1.22,3712.8,sh000903
2022-11-17 00:00:00,3701.9,3689.95,3701.9,3648.49,53989474.0,122263937736.5,1.44,3689.95,sh000903
2022-11-18 00:00:00,3697.2,3678.47,3717.05,3678.43,56326282.0,121044406348.2,1.05,3678.47,sh000903
2022-11-21 00:00:00,3645.83,3646.22,3647.91,3610.5,47003476.0,101916538941.1,1.02,3646.22,sh000903
2022-11-22 00:00:00,3643.14,3641.45,3683.67,3624.96,63018219.0,104755365597.1,1.61,3641.45,sh000903
2022-11-23 00:00:00,3629.09,3643.46,3663.11,3622.21,61757074.0,104391613733.0,1.12,3643.46,sh000903
2022-11-24 00:00:00,3664.14,3627.13,3677.27,3621.53,43771849.0,83586000573.4,1.53,3627.13,sh000903
2022-11-25 00:00:00,3621.59,3645.08,3660.85,3613.44,67101398.0,103831671863.9,1.31,3645.08,sh000903
2022-11-28 00:00:00,3567.93,3596.58,3600.75,3535.03,58757866.0,105161390875.6,1.8,3596.58,sh000903
2022-11-29 00:00:00,3636.46,3713.57,3721.41,3634.26,75352963.0,147924940754.5,2.42,3713.57,sh000903
2022-11-30 00:00:00,3700.68,3718.28,3729.55,3697.53,71103390.0,128403621591.9,0.86,3718.28,sh000903
2022-12-01 00:00:00,3789.19,3765.51,3811.83,3764.41,83069663.0,162846713136.8,1.28,3765.51,sh000903
2022-12-02 00:00:00,3756.96,3740.76,3769.39,3737.26,55753010.0,105335247215.3,0.85,3740.76,sh000903
2022-12-05 00:00:00,3773.71,3808.11,3809.07,3763.79,98734319.0,159318827840.0,1.21,3808.11,sh000903
2022-12-06 00:00:00,3790.66,3829.92,3845.95,3784.85,72749376.0,142100923842.7,1.6,3829.92,sh000903
2022-12-07 00:00:00,3818.24,3826.32,3866.96,3812.73,67522481.0,137509374245.3,1.42,3826.32,sh000903
2022-12-08 00:00:00,3820.97,3826.49,3839.82,3808.11,51718427.0,102189607506.8,0.83,3826.49,sh000903
2022-12-09 00:00:00,3831.09,3871.54,3876.24,3817.59,72891573.0,140096867584.6,1.53,3871.54,sh000903
2022-12-12 00:00:00,3847.59,3832.71,3862.93,3829.54,58859115.0,120194906987.1,0.86,3832.71,sh000903
2022-12-13 00:00:00,3833.59,3817.48,3838.18,3812.81,47605699.0,96878984888.3,0.66,3817.48,sh000903
2022-12-14 00:00:00,3823.67,3820.72,3838.15,3804.46,49162925.0,105794562251.9,0.88,3820.72,sh000903
2022-12-15 00:00:00,3822.13,3827.64,3833.74,3795.94,43905646.0,100556875011.2,0.99,3827.64,sh000903
2022-12-16 00:00:00,3806.16,3825.82,3831.69,3800.97,42618780.0,90129347697.9,0.8,3825.82,sh000903
2022-12-19 00:00:00,3824.74,3773.02,3840.49,3757.27,51222586.0,99067600401.0,2.18,3773.02,sh000903
2022-12-20 00:00:00,3759.05,3706.91,3759.05,3688.42,38896960.0,89182450488.6,1.87,3706.91,sh000903
2022-12-21 00:00:00,3715.02,3708.8,3731.22,3700.11,31295391.0,66357787168.6,0.84,3708.8,sh000903
2022-12-22 00:00:00,3740.11,3712.53,3757.06,3698.13,41484282.0,89321528643.5,1.59,3712.53,sh000903
2022-12-23 00:00:00,3688.32,3706.02,3725.92,3679.33,32962627.0,70726134149.1,1.25,3706.02,sh000903
2022-12-26 00:00:00,3707.84,3720.57,3734.03,3705.62,34562353.0,82789294452.4,0.77,3720.57,sh000903
2022-12-27 00:00:00,3735.66,3757.82,3762.11,3729.81,35171630.0,80859988197.3,0.87,3757.82,sh000903
2022-12-28 00:00:00,3743.92,3740.21,3751.45,3718.76,38712987.0,86700439636.0,0.87,3740.21,sh000903
2022-12-29 00:00:00,3721.41,3726.38,3738.31,3707.11,38450248.0,81089714553.1,0.83,3726.38,sh000903
2022-12-30 00:00:00,3744.87,3735.1,3760.0,3735.1,35468537.0,80608063457.6,0.67,3735.1,sh000903
2023-01-03 00:00:00,3728.94,3759.04,3766.56,3697.21,53654517.0,106667904434.6,1.86,3759.04,sh000903
2023-01-04 00:00:00,3757.81,3760.33,3775.96,3740.24,52710263.0,112236685534.2,0.95,3760.33,sh000903
2023-01-05 00:00:00,3783.12,3844.84,3849.82,3782.02,58905212.0,148467307317.5,1.8,3844.84,sh000903
2023-01-06 00:00:00,3845.2,3859.63,3883.13,3844.01,58084669.0,135121531467.4,1.02,3859.63,sh000903
2023-01-09 00:00:00,3879.27,3890.1,3901.73,3870.85,56724350.0,124576223792.0,0.8,3890.1,sh000903
2023-01-10 00:00:00,3891.8,3898.05,3911.89,3879.53,44968014.0,117471349580.6,0.83,3898.05,sh000903
2023-01-11 00:00:00,3903.07,3894.52,3929.73,3892.64,48671209.0,111188623071.1,0.95,3894.52,sh000903
2023-01-12 00:00:00,3908.56,3904.64,3924.2,3892.97,45590122.0,105096885622.6,0.8,3904.64,sh000903
2023-01-13 00:00:00,3924.52,3959.89,3959.89,3917.85,44250076.0,114465782283.5,1.08,3959.89,sh000903
2023-01-16 00:00:00,3960.46,4024.63,4062.67,3958.69,65392820.0,167203718505.8,2.63,4024.63,sh000903
2023-01-17 00:00:00,4024.9,4024.7,4036.71,4007.56,44782224.0,109751148755.8,0.72,4024.7,sh000903
2023-01-18 00:00:00,4029.37,4018.32,4038.43,4012.76,40607128.0,89849827946.8,0.64,4018.32,sh000903
2023-01-19 00:00:00,4013.94,4046.89,4046.89,3994.27,48775126.0,108542512242.5,1.31,4046.89,sh000903
2023-01-20 00:00:00,4059.52,4079.36,4089.91,4056.55,70199111.0,129979371768.5,0.82,4079.36,sh000903
2023-01-30 00:00:00,4175.02,4100.82,4175.02,4096.39,87226803.0,190386531130.2,1.93,4100.82,sh000903
2023-01-31 00:00:00,4101.09,4062.44,4114.77,4057.74,64473174.0,141594166860.5,1.39,4062.44,sh000903
2023-02-01 00:00:00,4079.18,4102.91,4102.91,4047.45,72066003.0,149058213884.7,1.37,4102.91,sh000903
2023-02-02 00:00:00,4112.21,4087.77,4112.38,4077.3,62714822.0,142590988031.1,0.86,4087.77,sh000903
2023-02-03 00:00:00,4067.09,4044.15,4067.09,4004.44,58862677.0,130377650371.2,1.53,4044.15,sh000903
2023-02-06 00:00:00,4003.51,3987.9,4004.46,3960.44,58691068.0,130147699190.1,1.09,3987.9,sh000903
2023-02-07 00:00:00,3998.94,3991.26,4006.95,3975.6,44175216.0,96798096175.7,0.79,3991.26,sh000903
2023-02-08 00:00:00,3997.47,3976.06,4011.43,3971.46,43024679.0,94433028753.1,1.0,3976.06,sh000903
2023-02-09 00:00:00,3964.61,4025.42,4025.42,3961.04,46751972.0,108501087565.9,1.62,4025.42,sh000903
2023-02-10 00:00:00,4017.21,3995.78,4019.32,3982.4,42169782.0,99115582430.6,0.92,3995.78,sh000903
2023-02-13 00:00:00,3988.74,4034.05,4036.53,3982.38,54600928.0,125572642246.6,1.36,4034.05,sh000903
2023-02-14 00:00:00,4044.03,4033.77,4045.15,4012.44,46131026.0,103531046863.8,0.81,4033.77,sh000903
2023-02-15 00:00:00,4035.04,4010.71,4044.48,4003.05,65480464.0,118612770130.3,1.03,4010.71,sh000903
2023-02-16 00:00:00,4013.95,3985.73,4057.62,3959.52,80002992.0,147275846872.1,2.45,3985.73,sh000903
2023-02-17 00:00:00,3978.31,3919.84,3994.06,3918.19,57885053.0,122252506751.2,1.9,3919.84,sh000903
2023-02-20 00:00:00,3921.11,4020.97,4022.41,3918.1,83200910.0,157618281264.7,2.66,4020.97,sh000903
2023-02-21 00:00:00,4018.19,4035.85,4045.61,4006.7,77037221.0,138216839584.7,0.97,4035.85,sh000903
2023-02-22 00:00:00,4007.25,3989.2,4018.53,3984.13,54761750.0,106394869260.9,0.85,3989.2,sh000903
2023-02-23 00:00:00,3989.04,3986.2,4014.68,3970.3,51500447.0,105585881884.6,1.11,3986.2,sh000903
2023-02-24 00:00:00,3981.45,3939.09,3983.66,3926.65,50753785.0,99249388911.4,1.43,3939.09,sh000903
2023-02-27 00:00:00,3915.83,3915.94,3940.77,3908.45,46326710.0,99081666936.9,0.82,3915.94,sh000903
2023-02-28 00:00:00,3931.9,3943.69,3949.39,3898.76,58229208.0,111422189430.2,1.29,3943.69,sh000903
2023-03-01 00:00:00,3942.54,4005.8,4017.32,3936.05,78188561.0,138368381027.4,2.06,4005.8,sh000903
2023-03-02 00:00:00,3997.66,3994.06,4016.88,3989.33,73462086.0,127574233375.2,0.69,3994.06,sh000903
2023-03-03 00:00:00,4003.23,4003.18,4011.38,3975.56,74093006.0,116093723605.3,0.9,4003.18,sh000903
2023-03-06 00:00:00,4004.08,3983.1,4005.87,3954.08,75695331.0,147081529227.0,1.29,3983.1,sh000903
2023-03-07 00:00:00,3976.1,3922.5,3998.92,3919.38,92502822.0,139728130530.7,2.0,3922.5,sh000903
2023-03-08 00:00:00,3902.45,3903.37,3910.32,3880.19,56543153.0,98975872432.3,0.77,3903.37,sh000903
2023-03-09 00:00:00,3904.46,3893.79,3915.25,3871.85,58318785.0,108409502399.2,1.11,3893.79,sh000903
2023-03-10 00:00:00,3865.25,3846.18,3880.11,3845.16,60637831.0,116563789037.1,0.9,3846.18,sh000903
2023-03-13 00:00:00,3840.9,3885.94,3887.51,3840.9,74590451.0,133117476325.9,1.21,3885.94,sh000903
2023-03-14 00:00:00,3877.33,3864.4,3882.35,3824.74,75712443.0,147147623101.4,1.48,3864.4,sh000903
2023-03-15 00:00:00,3892.44,3866.77,3901.11,3866.54,67182794.0,124071238980.1,0.89,3866.77,sh000903
2023-03-16 00:00:00,3833.23,3810.97,3854.11,3808.02,69537082.0,128565530818.9,1.19,3810.97,sh000903
2023-03-17 00:00:00,3845.89,3832.12,3878.62,3817.62,85832287.0,170322582908.1,1.6,3832.12,sh000903
2023-03-20 00:00:00,3835.46,3809.46,3852.0,3804.56,93210422.0,165625079115.9,1.24,3809.46,sh000903
2023-03-21 00:00:00,3818.06,3858.4,3858.8,3817.41,64539917.0,128972714505.9,1.09,3858.4,sh000903
2023-03-22 00:00:00,3871.8,3877.01,3893.62,3862.48,73271475.0,141313300956.3,0.81,3877.01,sh000903
2023-03-23 00:00:00,3862.23,3909.31,3909.31,3859.73,77366934.0,152061134209.7,1.28,3909.31,sh000903
2023-03-24 00:00:00,3906.05,3895.14,3906.05,3884.6,77723320.0,156448764193.4,0.55,3895.14,sh000903
2023-03-27 00:00:00,3890.53,3883.28,3890.53,3858.49,81133707.0,165352469360.5,0.82,3883.28,sh000903
2023-03-28 00:00:00,3887.28,3864.11,3893.83,3859.36,64342963.0,123590288058.9,0.89,3864.11,sh000903
2023-03-29 00:00:00,3880.47,3871.62,3885.7,3862.71,60533017.0,131600954953.8,0.59,3871.62,sh000903
2023-03-30 00:00:00,3874.31,3904.62,3905.85,3851.19,71869833.0,149879854236.6,1.41,3904.62,sh000903
2023-03-31 00:00:00,3914.93,3917.21,3929.61,3906.33,65344162.0,149853739941.6,0.6,3917.21,sh000903
2023-04-03 00:00:00,3926.91,3950.52,3954.47,3918.03,89505385.0,209807608298.0,0.93,3950.52,sh000903
2023-04-04 00:00:00,3949.58,3951.03,3952.0,3928.02,95756990.0,209069361293.9,0.61,3951.03,sh000903
2023-04-06 00:00:00,3928.32,3945.89,3947.73,3922.08,73665327.0,170886043827.3,0.65,3945.89,sh000903
2023-04-07 00:00:00,3948.57,3982.61,3990.9,3947.59,62332132.0,153927642307.9,1.1,3982.61,sh000903
2023-04-10 00:00:00,3993.57,3975.47,3994.64,3965.53,74054461.0,180161512599.5,0.73,3975.47,sh000903
2023-04-11 00:00:00,3979.15,3972.8,3988.69,3956.3,73160109.0,167167493965.8,0.81,3972.8,sh000903
2023-04-12 00:00:00,3974.72,3972.82,3983.42,3964.79,82703485.0,171238086701.2,0.47,3972.82,sh000903
2023-04-13 00:00:00,3955.43,3939.53,3959.19,3929.51,70406633.0,152680096124.6,0.75,3939.53,sh000903
2023-04-14 00:00:00,3949.85,3967.22,3976.42,3948.06,67951941.0,164365332555.3,0.72,3967.22,sh000903
2023-04-17 00:00:00,3963.18,4020.34,4020.34,3960.15,82413577.0,178826218692.5,1.52,4020.34,sh000903
2023-04-18 00:00:00,4008.19,4029.11,4041.16,4007.14,74868542.0,170516166180.9,0.85,4029.11,sh000903
2023-04-19 00:00:00,4028.59,3991.92,4028.59,3986.43,77361252.0,161038974672.5,1.05,3991.92,sh000903
2023-04-20 00:00:00,3989.12,3969.97,3989.88,3951.67,76041516.0,176039076853.2,0.96,3969.97,sh000903
2023-04-21 00:00:00,3973.98,3893.29,3973.98,3891.57,81492286.0,182998896355.1,2.08,3893.29,sh000903
2023-04-24 00:00:00,3891.71,3842.19,3893.99,3827.05,77540732.0,172492665655.6,1.72,3842.19,sh000903
2023-04-25 00:00:00,3843.76,3808.31,3847.21,3775.41,74868858.0,168312099068.1,1.87,3808.31,sh000903
2023-04-26 00:00:00,3795.53,3818.71,3834.2,3785.32,68799787.0,166699574518.7,1.28,3818.71,sh000903
2023-04-27 00:00:00,3807.97,3850.99,3862.1,3803.35,63598512.0,155128965890.1,1.54,3850.99,sh000903
2023-04-28 00:00:00,3857.31,3886.03,3886.58,3857.31,68714436.0,156382971514.4,0.76,3886.03,sh000903
2023-05-04 00:00:00,3869.31,3872.06,3882.19,3852.78,87963922.0,163779765714.0,0.76,3872.06,sh000903
2023-05-05 00:00:00,3874.41,3849.67,3876.53,3826.5,77685001.0,143334937190.4,1.29,3849.67,sh000903
2023-05-08 00:00:00,3863.33,3880.58,3884.79,3845.57,91295528.0,167686895037.9,1.02,3880.58,sh000903
2023-05-09 00:00:00,3878.42,3841.34,3898.22,3839.7,95980345.0,171779362973.2,1.51,3841.34,sh000903
2023-05-10 00:00:00,3833.6,3834.19,3849.69,3818.93,72136197.0,143603766646.5,0.8,3834.19,sh000903
2023-05-11 00:00:00,3841.12,3830.72,3849.33,3829.41,53856080.0,118438496016.8,0.52,3830.72,sh000903
2023-05-12 00:00:00,3829.69,3776.55,3838.56,3776.48,60997744.0,119004291449.7,1.62,3776.55,sh000903
2023-05-15 00:00:00,3778.71,3836.51,3836.51,3767.33,68372945.0,139775493781.6,1.83,3836.51,sh000903
2023-05-16 00:00:00,3841.66,3818.48,3841.66,3806.75,50291352.0,114380583686.4,0.91,3818.48,sh000903
2023-05-17 00:00:00,3812.9,3799.5,3821.1,3786.88,48362870.0,99577289843.6,0.9,3799.5,sh000903
2023-05-18 00:00:00,3805.99,3784.59,3814.16,3769.7,51314679.0,107129132423.4,1.17,3784.59,sh000903
2023-05-19 00:00:00,3772.22,3776.05,3797.74,3756.48,45892937.0,96722478482.3,1.09,3776.05,sh000903
2023-05-22 00:00:00,3774.03,3805.23,3818.76,3770.33,42563797.0,93100305127.0,1.28,3805.23,sh000903
2023-05-23 00:00:00,3806.32,3754.71,3810.12,3754.71,48690149.0,90974275110.5,1.46,3754.71,sh000903
2023-05-24 00:00:00,3747.81,3706.09,3748.37,3706.09,55097206.0,102973004087.9,1.13,3706.09,sh000903
2023-05-25 00:00:00,3696.63,3689.27,3706.57,3659.85,54459286.0,104921058611.8,1.26,3689.27,sh000903
2023-05-26 00:00:00,3686.55,3678.06,3686.55,3645.48,41079248.0,92612476219.9,1.11,3678.06,sh000903
2023-05-29 00:00:00,3691.52,3656.39,3694.98,3642.08,56505421.0,109691339595.7,1.44,3656.39,sh000903
2023-05-30 00:00:00,3651.1,3665.87,3671.77,3615.87,62389785.0,122379341968.0,1.53,3665.87,sh000903
2023-05-31 00:00:00,3653.34,3617.3,3653.54,3602.66,56456932.0,117168415081.1,1.39,3617.3,sh000903
2023-06-01 00:00:00,3607.96,3634.33,3659.93,3607.24,56267816.0,116845454451.1,1.46,3634.33,sh000903
2023-06-02 00:00:00,3651.4,3700.65,3704.0,3651.4,54643187.0,120467308715.1,1.45,3700.65,sh000903
2023-06-05 00:00:00,3697.95,3679.96,3697.99,3669.16,46288335.0,105480081656.7,0.78,3679.96,sh000903
2023-06-06 00:00:00,3676.19,3649.31,3703.2,3644.71,54085097.0,112588657844.9,1.59,3649.31,sh000903
2023-06-07 00:00:00,3659.31,3626.07,3665.94,3618.3,42185940.0,99519741433.5,1.31,3626.07,sh000903
2023-06-08 00:00:00,3630.71,3654.96,3670.12,3617.64,48898115.0,98892948850.9,1.45,3654.96,sh000903
2023-06-09 00:00:00,3657.74,3667.93,3668.18,3642.27,62547054.0,124877093172.0,0.71,3667.93,sh000903
2023-06-12 00:00:00,3657.24,3673.86,3689.2,3645.07,55151031.0,119964559984.4,1.2,3673.86,sh000903
2023-06-13 00:00:00,3667.21,3694.15,3697.71,3660.37,49160841.0,110640143105.4,1.02,3694.15,sh000903
2023-06-14 00:00:00,3704.49,3693.72,3719.63,3691.22,53323160.0,119070543525.5,0.77,3693.72,sh000903
2023-06-15 00:00:00,3702.35,3766.04,3766.04,3702.09,56778348.0,153631955062.3,1.73,3766.04,sh000903
2023-06-16 00:00:00,3772.79,3805.52,3810.09,3769.6,59783535.0,144446961879.5,1.08,3805.52,sh000903
2023-06-19 00:00:00,3800.72,3766.25,3800.72,3759.1,57604219.0,130132279611.2,1.09,3766.25,sh000903
2023-06-20 00:00:00,3762.85,3765.98,3779.09,3759.86,52092715.0,132492751206.6,0.51,3765.98,sh000903
2023-06-21 00:00:00,3752.58,3709.22,3765.62,3709.22,53296061.0,124841858982.9,1.5,3709.22,sh000903
2023-06-26 00:00:00,3679.2,3667.43,3696.85,3655.54,58400978.0,118269062731.6,1.11,3667.43,sh000903
2023-06-27 00:00:00,3669.7,3701.67,3710.13,3665.56,53644754.0,105977290284.7,1.22,3701.67,sh000903
2023-06-28 00:00:00,3693.14,3696.92,3702.78,3664.76,48298309.0,107466446669.0,1.03,3696.92,sh000903
2023-06-29 00:00:00,3694.8,3675.46,3699.39,3670.17,44632024.0,101725031133.2,0.79,3675.46,sh000903
2023-06-30 00:00:00,3667.1,3688.14,3708.07,3661.73,46863770.0,106360079907.0,1.26,3688.14,sh000903
2023-07-03 00:00:00,3702.25,3731.95,3739.49,3701.08,60982861.0,130894381540.7,1.04,3731.95,sh000903
2023-07-04 00:00:00,3728.35,3736.68,3738.46,3719.27,49225448.0,107644049905.1,0.51,3736.68,sh000903
2023-07-05 00:00:00,3732.87,3712.29,3739.71,3707.38,48302014.0,96173325352.7,0.87,3712.29,sh000903
2023-07-06 00:00:00,3700.97,3683.27,3719.47,3677.55,49508336.0,95594702218.6,1.13,3683.27,sh000903
2023-07-07 00:00:00,3671.51,3660.65,3679.44,3654.36,51909750.0,90661258312.3,0.68,3660.65,sh000903
2023-07-10 00:00:00,3677.36,3686.1,3707.81,3674.71,47059451.0,101529986654.3,0.9,3686.1,sh000903
2023-07-11 00:00:00,3697.25,3710.27,3712.42,3686.44,40848094.0,91735852740.0,0.7,3710.27,sh000903
2023-07-12 00:00:00,3707.3,3691.81,3720.25,3686.08,52089612.0,108282603903.3,0.92,3691.81,sh000903
2023-07-13 00:00:00,3702.77,3739.31,3741.36,3702.77,56110150.0,121533179143.8,1.05,3739.31,sh000903
2023-07-14 00:00:00,3748.36,3742.27,3753.82,3736.49,61307704.0,113223761279.5,0.46,3742.27,sh000903
2023-07-17 00:00:00,3726.36,3709.61,3726.36,3695.13,48406830.0,85517933694.3,0.83,3709.61,sh000903
2023-07-18 00:00:00,3715.44,3697.34,3715.44,3686.28,39902164.0,80761965261.5,0.79,3697.34,sh000903
2023-07-19 00:00:00,3691.86,3694.75,3704.41,3675.62,36182018.0,77885251474.1,0.78,3694.75,sh000903
2023-07-20 00:00:00,3702.13,3673.55,3723.72,3668.74,43079101.0,90738120851.7,1.49,3673.55,sh000903
2023-07-21 00:00:00,3666.61,3669.03,3696.75,3655.82,39243794.0,83231085360.9,1.11,3669.03,sh000903
2023-07-24 00:00:00,3647.66,3647.18,3672.45,3641.51,33984922.0,77095901265.6,0.84,3647.18,sh000903
2023-07-25 00:00:00,3706.18,3755.99,3755.99,3706.18,70799987.0,146772987064.7,1.37,3755.99,sh000903
2023-07-26 00:00:00,3748.91,3749.01,3752.71,3735.61,47422572.0,93275789022.6,0.46,3749.01,sh000903
2023-07-27 00:00:00,3756.58,3741.81,3772.03,3734.44,46781148.0,92387008707.4,1.0,3741.81,sh000903
2023-07-28 00:00:00,3730.03,3824.68,3832.62,3727.09,71789355.0,140279680845.3,2.82,3824.68,sh000903
2023-07-31 00:00:00,3852.09,3843.6,3891.11,3831.51,78200090.0,172605022103.1,1.56,3843.6,sh000903
2023-08-01 00:00:00,3840.07,3829.38,3859.62,3815.45,59745416.0,122633300320.2,1.15,3829.38,sh000903
2023-08-02 00:00:00,3818.91,3803.13,3838.23,3792.1,50120376.0,96738393165.0,1.2,3803.13,sh000903
2023-08-03 00:00:00,3793.02,3833.04,3833.39,3792.88,50073774.0,105063657118.1,1.07,3833.04,sh000903
2023-08-04 00:00:00,3861.27,3846.54,3881.39,3837.91,71319235.0,146180770114.0,1.13,3846.54,sh000903
2023-08-07 00:00:00,3831.02,3816.26,3831.02,3803.29,51962038.0,112605171200.9,0.72,3816.26,sh000903
2023-08-08 00:00:00,3809.49,3808.11,3829.49,3792.48,42710803.0,93826501781.0,0.97,3808.11,sh000903
2023-08-09 00:00:00,3796.96,3799.3,3813.86,3794.15,38396581.0,81316336740.4,0.52,3799.3,sh000903
2023-08-10 00:00:00,3794.51,3802.85,3806.62,3773.74,38072881.0,80151878530.6,0.87,3802.85,sh000903
2023-08-11 00:00:00,3807.18,3715.5,3807.18,3715.5,53509387.0,97929402147.3,2.41,3715.5,sh000903
2023-08-14 00:00:00,3673.13,3687.75,3690.86,3646.99,50420343.0,99183654787.2,1.18,3687.75,sh000903
2023-08-15 00:00:00,3689.04,3673.52,3695.12,3640.94,42366885.0,86915238403.2,1.47,3673.52,sh000903
2023-08-16 00:00:00,3658.34,3642.67,3673.55,3642.03,40076902.0,86853274229.7,0.86,3642.67,sh000903
2023-08-17 00:00:00,3626.68,3657.07,3662.15,3606.28,38127108.0,82047638390.9,1.53,3657.07,sh000903
2023-08-18 00:00:00,3655.98,3608.53,3664.45,3608.53,38249920.0,80091929530.2,1.53,3608.53,sh000903
2023-08-21 00:00:00,3595.88,3561.97,3611.78,3561.97,40660721.0,85180494297.3,1.38,3561.97,sh000903
2023-08-22 00:00:00,3580.04,3584.39,3598.48,3535.24,58776237.0,106290495149.7,1.78,3584.39,sh000903
2023-08-23 00:00:00,3578.92,3522.38,3582.75,3520.74,44884393.0,83026795106.3,1.73,3522.38,sh000903
2023-08-24 00:00:00,3538.09,3554.94,3579.14,3531.56,52988258.0,97498641310.3,1.35,3554.94,sh000903
2023-08-25 00:00:00,3537.21,3543.78,3568.99,3529.8,47460434.0,87963324799.5,1.1,3543.78,sh000903
2023-08-28 00:00:00,3737.15,3594.87,3737.15,3582.39,81991888.0,161761192569.9,4.37,3594.87,sh000903
2023-08-29 00:00:00,3587.65,3636.08,3658.25,3586.99,63154387.0,129139827528.3,1.98,3636.08,sh000903
2023-08-30 00:00:00,3653.15,3644.19,3666.71,3634.41,58151053.0,110758236684.0,0.89,3644.19,sh000903
2023-08-31 00:00:00,3644.96,3625.64,3651.13,3620.7,47990392.0,91513426558.8,0.84,3625.64,sh000903
2023-09-01 00:00:00,3639.01,3649.71,3667.99,3637.51,45344818.0,83733676051.7,0.84,3649.71,sh000903
2023-09-04 00:00:00,3675.06,3707.81,3713.92,3664.73,64509488.0,118491226932.4,1.35,3707.81,sh000903
2023-09-05 00:00:00,3699.02,3683.2,3699.54,3677.5,44151472.0,91029300170.0,0.59,3683.2,sh000903
2023-09-06 00:00:00,3671.93,3672.11,3678.36,3651.98,40351320.0,83755338429.5,0.72,3672.11,sh000903
2023-09-07 00:00:00,3661.91,3615.8,3661.91,3614.59,41818342.0,85404940480.7,1.29,3615.8,sh000903
2023-09-08 00:00:00,3605.09,3588.6,3610.38,3575.95,30628649.0,64883425377.9,0.95,3588.6,sh000903
2023-09-11 00:00:00,3589.19,3610.27,3632.26,3583.27,42520491.0,90714216893.4,1.37,3610.27,sh000903
2023-09-12 00:00:00,3607.64,3604.95,3617.62,3597.03,34623665.0,69630590980.8,0.57,3604.95,sh000903
2023-09-13 00:00:00,3603.53,3581.95,3613.95,3564.76,37809075.0,71578082826.6,1.36,3581.95,sh000903
2023-09-14 00:00:00,3581.93,3576.89,3594.12,3561.46,41968158.0,77042538839.9,0.91,3576.89,sh000903
2023-09-15 00:00:00,3583.67,3551.4,3591.79,3542.11,48943125.0,96631630257.7,1.39,3551.4,sh000903
2023-09-18 00:00:00,3541.77,3574.56,3586.22,3536.37,38845471.0,84342833212.9,1.4,3574.56,sh000903
2023-09-19 00:00:00,3570.25,3565.76,3570.25,3547.58,34081303.0,67769423763.0,0.63,3565.76,sh000903
2023-09-20 00:00:00,3561.17,3549.48,3562.34,3547.61,31807261.0,59449261949.3,0.41,3549.48,sh000903
2023-09-21 00:00:00,3540.82,3514.55,3551.12,3514.55,36145722.0,67920879704.3,1.03,3514.55,sh000903
2023-09-22 00:00:00,3516.52,3587.69,3588.34,3506.64,49903674.0,100515897243.7,2.32,3587.69,sh000903
2023-09-25 00:00:00,3588.02,3560.99,3588.02,3557.2,37924101.0,76542715201.9,0.86,3560.99,sh000903
2023-09-26 00:00:00,3555.55,3532.88,3567.51,3532.06,35013001.0,70893589029.2,1.0,3532.88,sh000903
2023-09-27 00:00:00,3534.25,3543.32,3573.65,3533.46,39737070.0,86755991562.4,1.14,3543.32,sh000903
2023-09-28 00:00:00,3555.17,3527.9,3558.79,3523.71,37679479.0,79358903544.9,0.99,3527.9,sh000903
2023-10-09 00:00:00,3517.09,3523.68,3532.55,3480.68,45127053.0,96849225239.3,1.47,3523.68,sh000903
2023-10-10 00:00:00,3534.97,3498.61,3540.2,3497.86,43321988.0,84366304954.9,1.2,3498.61,sh000903
2023-10-11 00:00:00,3518.01,3514.66,3536.36,3505.22,44357021.0,101808352075.2,0.89,3514.66,sh000903
2023-10-12 00:00:00,3544.33,3547.94,3558.84,3529.02,46374685.0,99629958812.1,0.85,3547.94,sh000903
2023-10-13 00:00:00,3522.39,3506.6,3522.39,3494.96,40327992.0,86631130471.1,0.77,3506.6,sh000903
2023-10-16 00:00:00,3507.77,3465.8,3507.77,3455.24,41280097.0,82933590769.8,1.5,3465.8,sh000903
2023-10-17 00:00:00,3476.58,3476.25,3482.58,3459.32,39108273.0,73824912880.3,0.67,3476.25,sh000903
2023-10-18 00:00:00,3471.12,3452.58,3471.12,3450.53,40868653.0,82525152841.7,0.59,3452.58,sh000903
2023-10-19 00:00:00,3429.55,3373.14,3430.02,3371.47,46663949.0,99493643216.2,1.7,3373.14,sh000903
2023-10-20 00:00:00,3357.28,3351.49,3376.12,3341.69,44825106.0,94298170479.9,1.02,3351.49,sh000903
2023-10-23 00:00:00,3344.49,3319.51,3347.84,3294.69,43915245.0,81359639469.5,1.59,3319.51,sh000903
2023-10-24 00:00:00,3328.18,3325.59,3336.83,3295.19,50947544.0,99439285812.1,1.25,3325.59,sh000903
2023-10-25 00:00:00,3362.22,3337.23,3369.9,3334.96,61843775.0,109113589268.5,1.05,3337.23,sh000903
2023-10-26 00:00:00,3318.48,3343.3,3344.78,3307.81,47682877.0,95457046796.2,1.11,3343.3,sh000903
2023-10-27 00:00:00,3329.79,3394.1,3409.01,3324.16,53515111.0,123370095870.6,2.54,3394.1,sh000903
2023-10-30 00:00:00,3386.49,3425.29,3434.38,3385.96,65943121.0,131697224098.7,1.43,3425.29,sh000903
2023-10-31 00:00:00,3418.6,3407.3,3418.6,3390.28,50322968.0,101924643733.5,0.83,3407.3,sh000903
2023-11-01 00:00:00,3443.31,3406.12,3444.28,3398.89,46178512.0,99501013839.4,1.33,3406.12,sh000903
2023-11-02 00:00:00,3417.65,3392.14,3435.01,3391.85,41178621.0,80429924059.1,1.27,3392.14,sh000903
2023-11-03 00:00:00,3397.09,3423.78,3433.34,3396.47,45704056.0,88623986482.2,1.09,3423.78,sh000903
2023-11-06 00:00:00,3444.36,3473.81,3477.71,3443.78,73352296.0,136437038616.5,0.99,3473.81,sh000903
2023-11-07 00:00:00,3465.46,3453.96,3465.46,3441.91,48660935.0,97753207742.5,0.68,3453.96,sh000903
2023-11-08 00:00:00,3444.06,3448.8,3463.94,3430.97,48621574.0,99811978865.0,0.95,3448.8,sh000903
2023-11-09 00:00:00,3438.83,3445.56,3459.81,3436.47,46725243.0,93222864071.0,0.68,3445.56,sh000903
2023-11-10 00:00:00,3427.21,3418.5,3430.12,3409.09,39659939.0,78333240913.7,0.61,3418.5,sh000903
2023-11-13 00:00:00,3426.17,3410.03,3433.18,3394.28,42195969.0,83805525558.6,1.14,3410.03,sh000903
2023-11-14 00:00:00,3412.27,3405.52,3428.0,3393.4,39669720.0,76372556778.9,1.01,3405.52,sh000903
2023-11-15 00:00:00,3442.02,3433.67,3445.33,3422.72,45089590.0,93705881610.0,0.66,3433.67,sh000903
2023-11-16 00:00:00,3427.77,3396.81,3429.64,3395.21,36925906.0,72500980594.4,1.0,3396.81,sh000903
2023-11-17 00:00:00,3384.22,3388.53,3394.85,3367.35,37015566.0,67390404199.6,0.81,3388.53,sh000903
2023-11-20 00:00:00,3390.29,3395.28,3407.83,3365.97,38256798.0,75690219304.8,1.24,3395.28,sh000903
2023-11-21 00:00:00,3409.11,3402.57,3434.83,3397.64,46185959.0,86111537695.4,1.1,3402.57,sh000903
2023-11-22 00:00:00,3391.03,3364.24,3395.21,3364.24,38473724.0,69650368844.2,0.91,3364.24,sh000903
2023-11-23 00:00:00,3360.76,3381.17,3381.99,3347.63,33542277.0,63082204891.4,1.02,3381.17,sh000903
2023-11-24 00:00:00,3381.41,3355.88,3381.41,3352.26,34006699.0,68323814844.4,0.86,3355.88,sh000903
2023-11-27 00:00:00,3350.62,3326.22,3350.62,3308.65,41372744.0,77458263643.1,1.25,3326.22,sh000903
2023-11-28 00:00:00,3323.86,3334.76,3335.8,3315.16,34672848.0,65159298888.0,0.62,3334.76,sh000903
2023-11-29 00:00:00,3335.53,3306.3,3337.12,3300.41,39248428.0,72694181700.3,1.1,3306.3,sh000903
2023-11-30 00:00:00,3302.5,3311.36,3322.39,3298.4,39868278.0,72260423034.6,0.73,3311.36,sh000903
2023-12-01 00:00:00,3309.48,3294.34,3309.48,3261.96,46935811.0,90260948783.8,1.44,3294.34,sh000903
2023-12-04 00:00:00,3291.85,3269.39,3296.49,3268.38,42765033.0,80690042207.3,0.85,3269.39,sh000903
2023-12-05 00:00:00,3258.67,3203.72,3258.67,3203.27,44220405.0,84889158866.5,1.69,3203.72,sh000903
2023-12-06 00:00:00,3197.1,3213.23,3234.13,3193.04,48113661.0,93159416926.6,1.28,3213.23,sh000903
2023-12-07 00:00:00,3206.65,3202.4,3217.08,3181.64,41467631.0,82906873919.2,1.1,3202.4,sh000903
2023-12-08 00:00:00,3203.91,3213.02,3221.64,3194.99,54303909.0,96579971828.0,0.83,3213.02,sh000903
2023-12-11 00:00:00,3191.33,3234.69,3242.55,3165.4,60935279.0,104817292987.0,2.4,3234.69,sh000903
2023-12-12 00:00:00,3225.72,3240.41,3241.41,3221.69,45868018.0,79020276299.3,0.61,3240.41,sh000903
2023-12-13 00:00:00,3231.12,3183.78,3231.12,3183.57,41419121.0,78942050202.9,1.47,3183.78,sh000903
2023-12-14 00:00:00,3203.82,3168.9,3215.48,3167.24,37377402.0,76763777610.1,1.52,3168.9,sh000903
2023-12-15 00:00:00,3185.32,3161.26,3208.31,3159.13,45766120.0,89880019719.1,1.55,3161.26,sh000903
2023-12-18 00:00:00,3147.71,3148.19,3170.21,3133.62,39088149.0,74560497677.6,1.16,3148.19,sh000903
2023-12-19 00:00:00,3143.98,3157.55,3167.96,3132.95,35549956.0,68404005965.7,1.11,3157.55,sh000903
2023-12-20 00:00:00,3155.74,3125.42,3160.41,3125.1,40388203.0,73129918491.7,1.12,3125.42,sh000903
2023-12-21 00:00:00,3113.47,3162.97,3171.57,3112.43,47385848.0,93726212514.7,1.89,3162.97,sh000903
2023-12-22 00:00:00,3160.59,3171.5,3192.91,3147.98,50238578.0,89224688812.5,1.42,3171.5,sh000903
2023-12-25 00:00:00,3164.66,3177.09,3182.33,3161.7,33614843.0,60503711852.3,0.65,3177.09,sh000903
2023-12-26 00:00:00,3175.22,3157.91,3175.22,3148.9,32441422.0,59439973948.2,0.83,3157.91,sh000903
2023-12-27 00:00:00,3161.08,3170.45,3176.52,3145.65,44369971.0,72979199617.6,0.98,3170.45,sh000903
2023-12-28 00:00:00,3169.93,3250.63,3258.13,3165.77,67560750.0,131285825303.8,2.91,3250.63,sh000903
2023-12-29 00:00:00,3248.01,3263.05,3268.97,3246.54,56271215.0,103671285554.8,0.69,3263.05,sh000903
2024-01-02 00:00:00,3260.23,3218.49,3260.23,3218.49,52673533.0,95311989609.0,1.28,3218.49,sh000903
2024-01-03 00:00:00,3211.59,3208.99,3224.25,3193.47,46921205.0,85158826498.7,0.96,3208.99,sh000903
2024-01-04 00:00:00,3205.75,3178.25,3206.36,3154.6,48790990.0,86827126502.8,1.61,3178.25,sh000903
2024-01-05 00:00:00,3172.41,3162.03,3202.66,3145.81,54687807.0,95299202754.6,1.79,3162.03,sh000903
2024-01-08 00:00:00,3157.21,3123.37,3171.1,3119.6,55401939.0,88182022707.3,1.63,3123.37,sh000903
2024-01-09 00:00:00,3124.45,3129.95,3142.57,3112.25,50011586.0,90522518641.8,0.97,3129.95,sh000903
2024-01-10 00:00:00,3118.32,3111.37,3149.09,3105.81,44001200.0,83552356111.8,1.38,3111.37,sh000903
2024-01-11 00:00:00,3110.59,3131.49,3146.43,3102.57,49707584.0,98351627702.6,1.41,3131.49,sh000903
2024-01-12 00:00:00,3119.07,3119.39,3143.71,3112.34,44081801.0,83524301018.0,1.0,3119.39,sh000903
2024-01-15 00:00:00,3104.23,3115.94,3140.94,3096.11,39887365.0,74309565699.8,1.44,3115.94,sh000903
2024-01-16 00:00:00,3107.51,3133.77,3133.77,3095.35,47869348.0,89289371422.6,1.23,3133.77,sh000903
2024-01-17 00:00:00,3124.06,3060.48,3124.06,3060.48,46503170.0,90793348430.0,2.03,3060.48,sh000903
2024-01-18 00:00:00,3046.18,3111.3,3116.05,3012.45,76980323.0,136521027686.2,3.39,3111.3,sh000903
2024-01-19 00:00:00,3098.63,3112.17,3127.96,3091.28,55325262.0,106190418785.3,1.18,3112.17,sh000903
2024-01-22 00:00:00,3105.06,3072.15,3128.05,3046.33,65855311.0,122027544152.7,2.63,3072.15,sh000903
2024-01-23 00:00:00,3062.19,3081.17,3098.39,3045.27,55014870.0,105290980682.1,1.73,3081.17,sh000903
2024-01-24 00:00:00,3096.44,3118.13,3121.9,3039.07,65597954.0,112054791678.7,2.69,3118.13,sh000903
2024-01-25 00:00:00,3116.09,3179.03,3180.36,3109.33,87305165.0,131960966054.6,2.28,3179.03,sh000903
2024-01-26 00:00:00,3162.41,3163.53,3181.15,3148.2,81490113.0,122779820470.0,1.04,3163.53,sh000903
2024-01-29 00:00:00,3164.26,3127.24,3176.89,3127.24,78906794.0,126620715925.3,1.57,3127.24,sh000903
2024-01-30 00:00:00,3109.38,3071.6,3121.82,3071.56,62078465.0,104430341840.2,1.61,3071.6,sh000903
2024-01-31 00:00:00,3062.1,3049.43,3082.25,3036.38,64640683.0,114733283201.6,1.49,3049.43,sh000903
2024-02-01 00:00:00,3038.2,3051.96,3085.97,3028.84,61431774.0,104445003695.5,1.87,3051.96,sh000903
2024-02-02 00:00:00,3053.4,3011.6,3063.83,2947.49,73621843.0,120492796091.0,3.81,3011.6,sh000903
2024-02-05 00:00:00,2995.52,3042.52,3072.74,2956.95,87502535.0,148217505239.8,3.84,3042.52,sh000903
2024-02-06 00:00:00,3028.21,3147.3,3148.48,3026.29,86660075.0,148752448906.4,4.02,3147.3,sh000903
2024-02-07 00:00:00,3150.16,3183.12,3183.12,3126.75,93673893.0,155522352734.6,1.79,3183.12,sh000903
2024-02-08 00:00:00,3189.97,3207.2,3214.82,3183.24,80266241.0,137746320708.8,0.99,3207.2,sh000903
2024-02-19 00:00:00,3235.77,3234.86,3235.77,3204.95,79755603.0,136812861975.7,0.96,3234.86,sh000903
2024-02-20 00:00:00,3228.74,3238.31,3242.91,3210.96,58694347.0,108815727521.3,0.99,3238.31,sh000903
2024-02-21 00:00:00,3219.52,3277.71,3318.18,3212.97,78052790.0,141918369029.2,3.25,3277.71,sh000903
2024-02-22 00:00:00,3272.26,3302.14,3302.39,3271.11,59133807.0,106620701457.7,0.95,3302.14,sh000903
2024-02-23 00:00:00,3305.64,3298.23,3314.77,3281.51,60803498.0,112592932175.6,1.01,3298.23,sh000903
2024-02-26 00:00:00,3295.01,3265.65,3301.6,3258.12,63634045.0,117096164845.4,1.32,3265.65,sh000903
2024-02-27 00:00:00,3253.16,3305.22,3305.22,3250.41,59402431.0,121509935498.2,1.68,3305.22,sh000903
2024-02-28 00:00:00,3311.28,3263.6,3331.33,3263.6,80138347.0,162615021696.9,2.05,3263.6,sh000903
2024-02-29 00:00:00,3252.91,3326.71,3327.37,3252.91,68659714.0,145773768195.2,2.28,3326.71,sh000903
2024-03-01 00:00:00,3326.26,3348.79,3354.43,3314.13,73307463.0,148275259831.6,1.21,3348.79,sh000903
2024-03-04 00:00:00,3351.42,3352.89,3364.19,3335.97,73450072.0,153415637987.6,0.84,3352.89,sh000903
2024-03-05 00:00:00,3336.92,3377.1,3381.92,3331.15,75674368.0,154577788346.8,1.51,3377.1,sh000903
2024-03-06 00:00:00,3367.49,3366.19,3392.06,3358.04,63508086.0,123752961924.4,1.01,3366.19,sh000903
2024-03-07 00:00:00,3362.59,3349.3,3384.49,3340.52,70345976.0,130532767357.5,1.31,3349.3,sh000903
2024-03-08 00:00:00,3347.83,3358.9,3363.19,3328.34,59308020.0,117620605706.8,1.04,3358.9,sh000903
2024-03-11 00:00:00,3363.19,3410.79,3410.79,3362.17,68924612.0,154899545186.9,1.45,3410.79,sh000903
2024-03-12 00:00:00,3415.46,3419.56,3427.49,3394.34,84106392.0,180467323885.4,0.97,3419.56,sh000903
2024-03-13 00:00:00,3417.72,3395.11,3417.72,3384.74,63072381.0,130231662697.5,0.96,3395.11,sh000903
2024-03-14 00:00:00,3400.78,3387.24,3425.03,3372.5,65194941.0,137751230196.7,1.55,3387.24,sh000903
2024-03-15 00:00:00,3378.83,3387.08,3390.96,3350.7,62264907.0,126145283854.6,1.19,3387.08,sh000903
2024-03-18 00:00:00,3396.4,3414.49,3415.22,3387.14,67996466.0,145014270586.4,0.83,3414.49,sh000903
2024-03-19 00:00:00,3404.14,3388.58,3422.33,3388.32,70816593.0,131748225274.1,1.0,3388.58,sh000903
2024-03-20 00:00:00,3378.43,3399.0,3403.39,3378.43,62236238.0,114162664823.7,0.74,3399.0,sh000903
2024-03-21 00:00:00,3408.58,3395.11,3419.06,3392.13,58477376.0,116493328381.7,0.79,3395.11,sh000903
2024-03-22 00:00:00,3385.04,3366.44,3391.41,3342.78,64786866.0,129420037394.8,1.43,3366.44,sh000903
2024-03-25 00:00:00,3359.49,3353.15,3390.01,3351.51,61965543.0,117610566020.6,1.14,3353.15,sh000903
2024-03-26 00:00:00,3354.26,3368.98,3374.04,3347.88,55244066.0,118033637480.3,0.78,3368.98,sh000903
2024-03-27 00:00:00,3364.06,3332.42,3369.65,3332.42,56540021.0,109838145918.9,1.11,3332.42,sh000903
2024-03-28 00:00:00,3329.71,3354.27,3384.04,3322.01,60829884.0,117135435315.8,1.86,3354.27,sh000903
2024-03-29 00:00:00,3353.96,3373.86,3377.18,3353.96,54343376.0,98089615484.6,0.69,3373.86,sh000903
2024-04-01 00:00:00,3389.46,3433.67,3440.1,3389.46,81480288.0,132813467059.3,1.5,3433.67,sh000903
2024-04-02 00:00:00,3431.52,3422.8,3434.06,3411.0,68402168.0,116192944649.8,0.67,3422.8,sh000903
2024-04-03 00:00:00,3423.13,3416.82,3426.59,3407.5,70330875.0,116490605452.9,0.56,3416.82,sh000903
2024-04-08 00:00:00,3405.3,3389.7,3421.44,3389.15,76483938.0,132000643451.9,0.95,3389.7,sh000903
2024-04-09 00:00:00,3385.47,3383.71,3396.8,3370.2,65439586.0,107678461479.8,0.78,3383.71,sh000903
2024-04-10 00:00:00,3379.34,3356.53,3379.86,3342.33,61345452.0,105887982878.7,1.11,3356.53,sh000903
2024-04-11 00:00:00,3334.76,3352.77,3368.2,3334.74,57562279.0,104904361660.2,1.0,3352.77,sh000903
2024-04-12 00:00:00,3353.95,3326.28,3362.51,3320.15,59690035.0,109114047271.7,1.26,3326.28,sh000903
2024-04-15 00:00:00,3323.57,3397.2,3399.23,3323.57,83840204.0,139926367259.5,2.27,3397.2,sh000903
2024-04-16 00:00:00,3382.25,3368.28,3398.57,3357.16,79656599.0,130756431546.8,1.22,3368.28,sh000903
2024-04-17 00:00:00,3363.86,3414.67,3415.63,3355.12,75913191.0,127211099285.0,1.8,3414.67,sh000903
2024-04-18 00:00:00,3399.48,3412.88,3444.61,3396.14,75212193.0,129829148586.9,1.42,3412.88,sh000903
2024-04-19 00:00:00,3395.48,3386.94,3407.98,3372.34,68378483.0,119494390980.4,1.04,3386.94,sh000903
2024-04-22 00:00:00,3383.54,3378.23,3404.5,3375.4,69304238.0,120863664079.2,0.86,3378.23,sh000903
2024-04-23 00:00:00,3371.24,3348.6,3377.68,3342.26,70272033.0,117918936028.0,1.05,3348.6,sh000903
2024-04-24 00:00:00,3354.48,3357.97,3362.04,3334.99,56110735.0,102232101640.5,0.81,3357.97,sh000903
2024-04-25 00:00:00,3346.33,3368.01,3382.59,3342.78,54073266.0,98853572511.3,1.19,3368.01,sh000903
2024-04-26 00:00:00,3365.87,3421.49,3425.88,3365.68,81020790.0,150561962787.1,1.79,3421.49,sh000903
2024-04-29 00:00:00,3419.8,3460.45,3484.26,3416.1,94344748.0,175521536806.6,1.99,3460.45,sh000903
2024-04-30 00:00:00,3452.42,3435.19,3464.44,3435.19,86799967.0,139963851719.8,0.85,3435.19,sh000903
2024-05-06 00:00:00,3488.71,3497.66,3501.62,3479.55,100739858.0,177601634634.3,0.64,3497.66,sh000903
2024-05-07 00:00:00,3497.71,3500.07,3508.43,3491.71,75852855.0,121940616269.0,0.48,3500.07,sh000903
2024-05-08 00:00:00,3491.76,3469.81,3491.91,3468.52,59050960.0,100423741329.2,0.67,3469.81,sh000903
2024-05-09 00:00:00,3471.12,3505.54,3512.08,3471.12,67114764.0,120438973514.7,1.18,3505.54,sh000903
2024-05-10 00:00:00,3512.14,3504.45,3517.06,3482.62,69130899.0,122046283525.8,0.98,3504.45,sh000903
2024-05-13 00:00:00,3482.95,3499.47,3508.57,3472.96,71299603.0,130360939678.6,1.02,3499.47,sh000903
2024-05-14 00:00:00,3504.13,3485.47,3509.9,3477.44,60606535.0,110928886890.1,0.93,3485.47,sh000903
2024-05-15 00:00:00,3479.27,3457.72,3486.24,3455.41,57328529.0,98502284657.1,0.88,3457.72,sh000903
2024-05-16 00:00:00,3468.96,3468.09,3485.18,3455.46,73778757.0,127691328680.9,0.86,3468.09,sh000903
2024-05-17 00:00:00,3469.16,3507.45,3507.45,3455.3,81910306.0,138688415395.7,1.5,3507.45,sh000903
2024-05-20 00:00:00,3513.31,3515.86,3527.98,3501.59,89980680.0,150700384914.0,0.75,3515.86,sh000903
2024-05-21 00:00:00,3507.83,3495.89,3511.02,3485.74,61516495.0,102288817095.9,0.72,3495.89,sh000903
2024-05-22 00:00:00,3495.82,3504.34,3512.61,3486.28,72458364.0,125633972433.5,0.75,3504.34,sh000903
2024-05-23 00:00:00,3490.31,3463.13,3491.12,3454.1,67922304.0,114383376218.3,1.06,3463.13,sh000903
2024-05-24 00:00:00,3451.48,3424.63,3469.27,3422.82,55566873.0,99552099307.0,1.34,3424.63,sh000903
2024-05-27 00:00:00,3429.06,3453.86,3456.58,3425.84,59670781.0,108134646159.7,0.9,3453.86,sh000903
2024-05-28 00:00:00,3452.81,3429.47,3458.73,3425.54,61665812.0,99283563903.5,0.96,3429.47,sh000903
2024-05-29 00:00:00,3430.33,3440.84,3457.62,3430.33,54222649.0,96605634951.3,0.8,3440.84,sh000903
2024-05-30 00:00:00,3437.17,3421.53,3451.06,3414.47,57518343.0,104221047266.7,1.06,3421.53,sh000903
2024-05-31 00:00:00,3427.07,3400.58,3439.63,3400.58,51191560.0,94240615427.2,1.14,3400.58,sh000903
2024-06-03 00:00:00,3399.89,3420.93,3432.02,3393.49,61346473.0,117377887072.4,1.13,3420.93,sh000903
2024-06-04 00:00:00,3416.96,3450.91,3457.72,3411.88,60388749.0,107321876306.1,1.34,3450.91,sh000903
2024-06-05 00:00:00,3445.12,3430.99,3460.37,3430.76,51093145.0,97162745789.5,0.86,3430.99,sh000903
2024-06-06 00:00:00,3439.09,3435.35,3468.55,3426.64,64751573.0,121524827265.9,1.22,3435.35,sh000903
2024-06-07 00:00:00,3435.84,3411.14,3442.73,3390.29,59724479.0,115940476191.2,1.53,3411.14,sh000903
2024-06-11 00:00:00,3387.23,3379.68,3399.59,3361.4,60257008.0,120204393347.7,1.12,3379.68,sh000903
2024-06-12 00:00:00,3375.7,3378.43,3386.41,3368.33,56344566.0,109774396458.4,0.53,3378.43,sh000903
2024-06-13 00:00:00,3384.38,3356.16,3384.41,3350.29,53356211.0,111809039665.6,1.01,3356.16,sh000903
2024-06-14 00:00:00,3347.77,3373.87,3379.45,3335.49,66805341.0,145844034434.7,1.31,3373.87,sh000903
2024-06-17 00:00:00,3353.38,3369.97,3377.28,3353.38,59201009.0,119760672411.1,0.71,3369.97,sh000903
2024-06-18 00:00:00,3366.24,3378.14,3384.16,3366.05,54834241.0,107784194613.0,0.54,3378.14,sh000903
2024-06-19 00:00:00,3374.55,3361.55,3374.55,3354.72,47185326.0,93969787535.4,0.59,3361.55,sh000903
2024-06-20 00:00:00,3359.15,3340.24,3369.42,3336.64,53166273.0,98334062416.7,0.98,3340.24,sh000903
2024-06-21 00:00:00,3335.63,3330.05,3342.2,3308.83,50952171.0,98294119887.6,1.0,3330.05,sh000903
2024-06-24 00:00:00,3307.82,3320.83,3346.31,3303.5,53728438.0,104787377121.8,1.29,3320.83,sh000903
2024-06-25 00:00:00,3317.95,3305.3,3327.74,3289.18,54069518.0,102717899050.0,1.16,3305.3,sh000903
2024-06-26 00:00:00,3298.43,3324.23,3332.01,3289.99,47326912.0,89183661887.6,1.27,3324.23,sh000903
2024-06-27 00:00:00,3311.87,3300.26,3314.24,3297.56,53110429.0,92738128365.7,0.5,3300.26,sh000903
2024-06-28 00:00:00,3288.71,3309.99,3330.3,3288.71,62996534.0,108261121957.6,1.26,3309.99,sh000903
2024-07-01 00:00:00,3308.24,3318.49,3321.84,3288.67,57241101.0,100795449358.9,1.0,3318.49,sh000903
2024-07-02 00:00:00,3311.1,3312.23,3327.42,3305.23,55102011.0,98862190591.4,0.67,3312.23,sh000903
2024-07-03 00:00:00,3312.75,3312.77,3319.95,3297.79,46848010.0,87035564617.7,0.67,3312.77,sh000903
2024-07-04 00:00:00,3318.54,3299.68,3337.09,3299.48,47844285.0,83908320571.8,1.14,3299.68,sh000903
2024-07-05 00:00:00,3297.52,3287.27,3306.17,3254.65,51771527.0,95096876981.0,1.56,3287.27,sh000903
2024-07-08 00:00:00,3276.08,3258.36,3283.38,3253.0,53018502.0,96414058944.5,0.92,3258.36,sh000903
2024-07-09 00:00:00,3255.64,3293.87,3304.62,3244.12,60291544.0,113297465068.4,1.86,3293.87,sh000903
2024-07-10 00:00:00,3284.43,3285.53,3307.49,3280.15,58703661.0,103158855036.6,0.83,3285.53,sh000903
2024-07-11 00:00:00,3302.94,3323.86,3329.21,3290.14,67048057.0,122107016764.6,1.19,3323.86,sh000903
2024-07-12 00:00:00,3321.81,3338.34,3345.13,3320.13,62766367.0,112047570574.6,0.75,3338.34,sh000903
2024-07-15 00:00:00,3326.79,3333.59,3343.07,3323.86,59349291.0,91067456900.5,0.58,3333.59,sh000903
2024-07-16 00:00:00,3322.74,3353.79,3355.83,3317.98,57173267.0,105689453424.8,1.14,3353.79,sh000903
2024-07-17 00:00:00,3350.92,3355.22,3367.0,3340.45,62076202.0,118628674516.8,0.79,3355.22,sh000903
2024-07-18 00:00:00,3337.48,3379.18,3381.04,3335.0,58488610.0,117166657749.2,1.37,3379.18,sh000903
2024-07-19 00:00:00,3355.16,3394.26,3400.05,3346.03,62264118.0,121699679233.8,1.6,3394.26,sh000903
2024-07-22 00:00:00,3392.86,3371.39,3395.45,3351.05,60529242.0,112846444640.4,1.31,3371.39,sh000903
2024-07-23 00:00:00,3366.4,3294.59,3366.4,3294.59,59697984.0,106714770026.8,2.13,3294.59,sh000903
2024-07-24 00:00:00,3288.04,3272.11,3307.64,3261.61,60864932.0,96965198889.5,1.4,3272.11,sh000903
2024-07-25 00:00:00,3258.32,3252.89,3271.63,3238.15,61495078.0,101339542004.3,1.02,3252.89,sh000903
2024-07-26 00:00:00,3260.2,3267.44,3276.85,3243.66,58534310.0,104502685523.0,1.02,3267.44,sh000903
2024-07-29 00:00:00,3261.52,3239.15,3261.52,3239.15,47796535.0,87674706649.2,0.68,3239.15,sh000903
2024-07-30 00:00:00,3227.36,3215.07,3227.69,3197.87,47774689.0,87355152044.5,0.92,3215.07,sh000903
2024-07-31 00:00:00,3207.75,3286.34,3289.3,3207.75,75312838.0,129808130923.8,2.54,3286.34,sh000903
2024-08-01 00:00:00,3287.93,3260.85,3293.6,3259.7,57835077.0,101189982662.0,1.03,3260.85,sh000903
2024-08-02 00:00:00,3234.35,3225.81,3261.21,3222.74,50855111.0,90736433256.0,1.18,3225.81,sh000903
2024-08-05 00:00:00,3202.25,3188.0,3251.79,3188.0,64304847.0,114767485063.9,1.98,3188.0,sh000903
2024-08-06 00:00:00,3211.62,3184.05,3220.8,3161.89,52601998.0,95163917847.5,1.85,3184.05,sh000903
2024-08-07 00:00:00,3180.09,3180.19,3201.45,3170.84,39964383.0,70900612592.8,0.96,3180.19,sh000903
2024-08-08 00:00:00,3171.07,3182.32,3201.26,3158.91,40966399.0,73101741702.6,1.33,3182.32,sh000903
2024-08-09 00:00:00,3199.25,3174.6,3210.14,3174.6,43974894.0,75432999972.6,1.12,3174.6,sh000903
2024-08-12 00:00:00,3171.36,3169.15,3181.91,3163.45,35452277.0,59151481181.8,0.58,3169.15,sh000903
2024-08-13 00:00:00,3170.56,3176.63,3177.77,3153.73,35867779.0,62994987116.4,0.76,3176.63,sh000903
2024-08-14 00:00:00,3175.33,3149.7,3175.33,3149.52,31590991.0,56617918200.8,0.81,3149.7,sh000903
2024-08-15 00:00:00,3141.95,3183.79,3197.91,3138.12,45879514.0,75208218765.0,1.9,3183.79,sh000903
2024-08-16 00:00:00,3184.66,3188.79,3199.21,3178.22,41920818.0,67478123616.4,0.66,3188.79,sh000903
2024-08-19 00:00:00,3189.11,3195.55,3221.75,3188.73,43071591.0,70294611693.3,1.04,3195.55,sh000903
2024-08-20 00:00:00,3201.73,3178.84,3202.47,3168.19,41639698.0,67828565338.7,1.07,3178.84,sh000903
2024-08-21 00:00:00,3169.91,3172.46,3188.74,3154.94,38951445.0,66653410645.8,1.06,3172.46,sh000903
2024-08-22 00:00:00,3174.06,3170.38,3179.34,3158.23,42602474.0,75860505472.2,0.67,3170.38,sh000903
2024-08-23 00:00:00,3162.12,3185.86,3194.39,3161.35,38845460.0,70963323182.7,1.04,3185.86,sh000903
2024-08-26 00:00:00,3190.3,3183.64,3195.95,3169.65,44642871.0,75727314068.5,0.83,3183.64,sh000903
2024-08-27 00:00:00,3174.6,3167.34,3181.41,3162.33,44167381.0,67537921847.8,0.6,3167.34,sh000903
2024-08-28 00:00:00,3161.78,3148.34,3168.53,3135.57,41506147.0,70572985225.9,1.04,3148.34,sh000903
2024-08-29 00:00:00,3134.53,3144.96,3157.63,3133.64,56154219.0,89309173084.4,0.76,3144.96,sh000903
2024-08-30 00:00:00,3143.2,3195.94,3224.97,3142.39,80602618.0,136043851331.3,2.63,3195.94,sh000903
2024-09-02 00:00:00,3179.97,3139.09,3182.73,3138.31,58087186.0,91780107794.0,1.39,3139.09,sh000903
2024-09-03 00:00:00,3135.32,3153.6,3162.58,3135.32,52625249.0,78361875229.7,0.87,3153.6,sh000903
2024-09-04 00:00:00,3133.43,3131.14,3152.59,3128.68,47594337.0,75241698582.3,0.76,3131.14,sh000903
2024-09-05 00:00:00,3131.43,3132.82,3144.98,3123.65,43048247.0,69699391889.0,0.68,3132.82,sh000903
2024-09-06 00:00:00,3135.0,3103.78,3144.43,3103.65,33631653.0,55584988997.7,1.3,3103.78,sh000903
2024-09-09 00:00:00,3086.53,3066.51,3097.17,3054.06,48296116.0,77968336724.7,1.39,3066.51,sh000903
2024-09-10 00:00:00,3065.59,3065.66,3075.98,3047.05,42052091.0,70101170840.3,0.94,3065.66,sh000903
2024-09-11 00:00:00,3058.65,3067.45,3076.39,3047.63,45911161.0,78806958358.0,0.94,3067.45,sh000903
2024-09-12 00:00:00,3071.5,3054.25,3085.52,3053.25,42293009.0,75319418020.8,1.05,3054.25,sh000903
2024-09-13 00:00:00,3055.17,3043.92,3071.86,3043.92,40240045.0,75215224256.4,0.91,3043.92,sh000903
2024-09-18 00:00:00,3044.6,3058.44,3068.91,3036.61,39685649.0,67343412708.4,1.06,3058.44,sh000903
2024-09-19 00:00:00,3061.12,3077.61,3095.96,3034.71,56166979.0,94679373359.9,2.0,3077.61,sh000903
2024-09-20 00:00:00,3075.89,3083.55,3090.43,3056.14,53613790.0,89122970991.3,1.11,3083.55,sh000903
2024-09-23 00:00:00,3084.28,3089.96,3108.99,3080.85,40361651.0,75770339683.2,0.91,3089.96,sh000903
2024-09-24 00:00:00,3124.35,3223.26,3223.35,3097.22,88277174.0,160990084992.1,4.08,3223.26,sh000903
2024-09-25 00:00:00,3276.83,3272.66,3337.8,3267.63,103653150.0,184213289956.8,2.18,3272.66,sh000903
2024-09-26 00:00:00,3273.3,3406.7,3407.2,3263.7,102770860.0,188405533815.8,4.38,3406.7,sh000903
2024-09-27 00:00:00,3480.19,3562.61,3571.57,3463.55,116269630.0,243456705769.1,3.17,3562.61,sh000903
2024-09-30 00:00:00,3692.92,3861.49,3883.9,3647.48,223144067.0,452392876102.8,6.64,3861.49,sh000903
2024-10-08 00:00:00,4284.12,4094.76,4284.12,3934.07,275043248.0,615858492734.8,9.07,4094.76,sh000903
2024-10-09 00:00:00,4007.15,3792.28,4022.2,3777.3,199741178.0,510271960511.8,5.98,3792.28,sh000903
2024-10-10 00:00:00,3814.0,3844.35,3938.38,3764.56,160213904.0,352904399029.2,4.58,3844.35,sh000903
2024-10-11 00:00:00,3814.98,3725.7,3814.98,3686.78,109456895.0,234843519397.7,3.33,3725.7,sh000903
2024-10-14 00:00:00,3750.54,3795.24,3813.25,3715.13,112586745.0,241441494099.3,2.63,3795.24,sh000903
2024-10-15 00:00:00,3781.89,3699.12,3805.72,3699.12,92313570.0,204017580803.5,2.81,3699.12,sh000903
2024-10-16 00:00:00,3651.15,3662.38,3705.25,3642.19,87088351.0,179809804279.9,1.7,3662.38,sh000903
2024-10-17 00:00:00,3681.76,3611.21,3703.45,3610.61,81934786.0,165151666505.1,2.53,3611.21,sh000903
2024-10-18 00:00:00,3602.65,3742.87,3811.23,3595.19,118323513.0,287170970340.7,5.98,3742.87,sh000903
2024-10-21 00:00:00,3775.72,3764.01,3805.25,3727.36,122129398.0,296876763997.3,2.08,3764.01,sh000903
2024-10-22 00:00:00,3754.03,3783.59,3789.8,3746.05,93616997.0,212578432060.6,1.16,3783.59,sh000903
2024-10-23 00:00:00,3777.39,3799.58,3835.33,3764.12,110253482.0,230466771392.3,1.88,3799.58,sh000903
2024-10-24 00:00:00,3779.67,3752.16,3783.96,3738.5,78184283.0,173580435735.2,1.2,3752.16,sh000903
2024-10-25 00:00:00,3755.12,3784.02,3822.18,3747.1,96251026.0,216853586973.8,2.0,3784.02,sh000903
2024-10-28 00:00:00,3780.7,3787.1,3787.7,3743.93,100930565.0,197865178268.5,1.16,3787.1,sh000903
2024-10-29 00:00:00,3793.03,3746.81,3809.66,3744.51,95717528.0,213402728982.8,1.72,3746.81,sh000903
2024-10-30 00:00:00,3727.58,3715.74,3749.85,3692.37,112618689.0,201893092479.2,1.53,3715.74,sh000903
2024-10-31 00:00:00,3715.97,3709.31,3739.92,3679.02,141682771.0,241441397633.9,1.64,3709.31,sh000903
2024-11-01 00:00:00,3703.87,3716.35,3754.31,3700.08,156830950.0,232301071959.9,1.46,3716.35,sh000903
2024-11-04 00:00:00,3724.79,3763.56,3763.56,3716.4,108492110.0,178044550344.7,1.27,3763.56,sh000903
2024-11-05 00:00:00,3754.74,3851.27,3851.88,3745.56,147365169.0,272837842625.3,2.82,3851.27,sh000903
2024-11-06 00:00:00,3856.89,3827.29,3888.69,3804.44,159741981.0,305545716671.0,2.19,3827.29,sh000903
2024-11-07 00:00:00,3790.13,3922.28,3923.32,3785.75,152050842.0,302117444408.0,3.59,3922.28,sh000903
2024-11-08 00:00:00,3970.08,3890.19,3979.2,3881.18,152456382.0,329898481632.8,2.5,3890.19,sh000903
2024-11-11 00:00:00,3854.67,3916.38,3918.22,3833.79,135545563.0,308924314744.5,2.17,3916.38,sh000903
2024-11-12 00:00:00,3920.31,3874.43,3971.03,3853.59,137643237.0,334297824026.8,3.0,3874.43,sh000903
2024-11-13 00:00:00,3847.69,3901.93,3912.64,3847.69,116673956.0,260093671351.0,1.68,3901.93,sh000903
2024-11-14 00:00:00,3894.28,3830.99,3907.4,3825.66,108314147.0,227723964033.9,2.09,3830.99,sh000903
2024-11-15 00:00:00,3815.07,3764.93,3837.72,3764.93,115027600.0,226223965682.1,1.9,3764.93,sh000903
2024-11-18 00:00:00,3773.64,3738.15,3815.16,3720.17,130585652.0,218284400754.6,2.52,3738.15,sh000903
2024-11-19 00:00:00,3744.02,3761.37,3765.52,3688.56,102622761.0,185096020862.9,2.06,3761.37,sh000903
2024-11-20 00:00:00,3753.97,3768.81,3783.37,3743.24,77047465.0,162195370220.1,1.07,3768.81,sh000903
2024-11-21 00:00:00,3763.18,3764.89,3775.35,3744.12,67617355.0,140443848104.3,0.83,3764.89,sh000903
2024-11-22 00:00:00,3760.56,3653.29,3767.89,3653.29,90373454.0,181471604755.8,3.04,3653.29,sh000903
2024-11-25 00:00:00,3663.26,3630.08,3682.35,3601.96,80709051.0,161111097570.7,2.2,3630.08,sh000903
2024-11-26 00:00:00,3619.88,3622.33,3652.46,3617.06,60510336.0,119141050268.1,0.98,3622.33,sh000903
2024-11-27 00:00:00,3612.74,3678.43,3678.65,3600.21,71629829.0,143279612654.5,2.17,3678.43,sh000903
2024-11-28 00:00:00,3677.45,3644.89,3679.59,3636.29,60926226.0,124585396710.4,1.18,3644.89,sh000903
2024-11-29 00:00:00,3640.79,3682.05,3723.51,3640.79,74059169.0,163993033954.6,2.27,3682.05,sh000903
2024-12-02 00:00:00,3678.49,3711.95,3720.99,3670.53,83554440.0,166428888446.7,1.37,3711.95,sh000903
2024-12-03 00:00:00,3711.05,3710.89,3720.03,3684.52,72778536.0,142804330327.2,0.96,3710.89,sh000903
2024-12-04 00:00:00,3708.81,3694.29,3715.8,3683.03,76751706.0,143565040399.0,0.88,3694.29,sh000903
2024-12-05 00:00:00,3680.58,3679.17,3694.84,3669.64,57077970.0,114072644266.0,0.68,3679.17,sh000903
2024-12-06 00:00:00,3681.67,3733.23,3752.27,3681.67,79314351.0,158245377546.5,1.92,3733.23,sh000903
2024-12-09 00:00:00,3731.85,3729.75,3755.91,3712.9,79880064.0,145359040872.1,1.15,3729.75,sh000903
2024-12-10 00:00:00,3848.97,3757.28,3852.81,3750.67,115122553.0,228018767622.7,2.74,3757.28,sh000903
2024-12-11 00:00:00,3752.89,3751.78,3767.79,3741.74,82401660.0,143066105589.6,0.69,3751.78,sh000903
2024-12-12 00:00:00,3747.64,3787.19,3790.31,3741.42,79075512.0,152998709839.1,1.3,3787.19,sh000903
2024-12-13 00:00:00,3760.27,3694.41,3760.27,3692.99,106027142.0,199796365784.9,1.78,3694.41,sh000903
2024-12-16 00:00:00,3693.12,3680.33,3702.83,3671.74,78516857.0,159939860284.6,0.84,3680.33,sh000903
2024-12-17 00:00:00,3676.23,3697.87,3729.5,3676.23,73874518.0,161833273085.6,1.45,3697.87,sh000903
2024-12-18 00:00:00,3708.86,3721.0,3732.58,3706.98,71743382.0,151234066199.7,0.69,3721.0,sh000903
2024-12-19 00:00:00,3693.71,3729.63,3739.41,3681.04,76335221.0,175802489675.5,1.57,3729.63,sh000903
2024-12-20 00:00:00,3719.86,3706.83,3736.89,3702.58,72134074.0,183441511457.8,0.92,3706.83,sh000903
2024-12-23 00:00:00,3709.17,3718.63,3746.77,3709.17,90303064.0,194270779117.7,1.01,3718.63,sh000903
2024-12-24 00:00:00,3719.25,3765.71,3767.96,3719.25,73219986.0,162203850320.0,1.31,3765.71,sh000903
2024-12-25 00:00:00,3771.1,3769.05,3789.65,3754.74,73408282.0,157674521247.7,0.93,3769.05,sh000903
2024-12-26 00:00:00,3766.77,3770.3,3774.5,3749.99,65431839.0,163015143948.1,0.65,3770.3,sh000903
2024-12-27 00:00:00,3771.6,3761.46,3786.53,3753.96,73427151.0,179296344510.2,0.86,3761.46,sh000903
2024-12-30 00:00:00,3758.86,3779.48,3788.32,3758.86,74539861.0,171257911858.0,0.78,3779.48,sh000903
2024-12-31 00:00:00,3775.44,3724.97,3782.83,3724.97,80553938.0,180047750202.9,1.53,3724.97,sh000903
2025-01-02 00:00:00,3723.74,3624.45,3725.95,3602.37,94271652.0,197872406720.5,3.32,3624.45,sh000903
2025-01-03 00:00:00,3630.42,3589.44,3643.77,3580.62,78506557.0,155709238571.5,1.74,3589.44,sh000903
2025-01-06 00:00:00,3593.75,3583.49,3603.27,3559.03,66592161.0,136049379857.8,1.23,3583.49,sh000903
2025-01-07 00:00:00,3569.83,3605.55,3607.38,3558.22,73024698.0,147037679991.7,1.37,3605.55,sh000903
2025-01-08 00:00:00,3590.75,3598.9,3619.97,3546.71,78331775.0,163872816342.7,2.03,3598.9,sh000903
2025-01-09 00:00:00,3590.63,3593.18,3606.79,3579.22,57912870.0,136668715662.1,0.77,3593.18,sh000903
2025-01-10 00:00:00,3595.8,3554.0,3602.78,3554.0,62901256.0,151480565022.0,1.36,3554.0,sh000903
2025-01-13 00:00:00,3526.22,3545.89,3558.51,3525.52,60795223.0,133243391857.0,0.93,3545.89,sh000903
2025-01-14 00:00:00,3550.59,3630.47,3638.16,3540.94,72623260.0,173291648342.5,2.74,3630.47,sh000903
2025-01-15 00:00:00,3619.77,3607.3,3627.89,3601.91,60017428.0,141662639779.4,0.72,3607.3,sh000903
2025-01-16 00:00:00,3621.83,3602.13,3652.68,3583.33,65161605.0,163912822112.2,1.92,3602.13,sh000903
2025-01-17 00:00:00,3590.09,3613.48,3633.2,3578.78,57994533.0,140793889169.4,1.51,3613.48,sh000903
2025-01-20 00:00:00,3636.08,3637.7,3661.06,3630.82,63004531.0,154626270766.0,0.84,3637.7,sh000903
2025-01-21 00:00:00,3656.1,3639.14,3657.75,3628.72,71651478.0,152023952186.2,0.8,3639.14,sh000903
2025-01-22 00:00:00,3630.01,3600.4,3631.71,3587.59,62292941.0,152673307898.1,1.21,3600.4,sh000903
2025-01-23 00:00:00,3629.87,3601.04,3662.68,3599.07,76821374.0,168583968847.3,1.77,3601.04,sh000903
2025-01-24 00:00:00,3594.96,3628.49,3646.55,3594.02,64678690.0,151102018509.8,1.46,3628.49,sh000903
2025-01-27 00:00:00,3631.55,3615.24,3646.63,3615.12,61987398.0,141144081832.5,0.87,3615.24,sh000903
2025-02-05 00:00:00,3649.24,3604.47,3649.24,3594.56,69760209.0,183494806930.9,1.51,3604.47,sh000903
2025-02-06 00:00:00,3598.51,3653.43,3654.15,3597.0,76234399.0,197453897231.9,1.59,3653.43,sh000903
2025-02-07 00:00:00,3656.23,3704.02,3727.52,3643.61,99148366.0,249149602914.2,2.3,3704.02,sh000903
2025-02-10 00:00:00,3709.1,3715.0,3720.48,3690.17,89086978.0,195905353717.2,0.82,3715.0,sh000903
2025-02-11 00:00:00,3723.13,3695.6,3723.13,3687.9,74739823.0,167939549847.4,0.95,3695.6,sh000903
2025-02-12 00:00:00,3691.26,3737.32,3739.11,3680.98,74943796.0,186150287409.2,1.57,3737.32,sh000903
2025-02-13 00:00:00,3732.5,3722.68,3756.31,3721.91,80141666.0,196809607349.4,0.92,3722.68,sh000903
2025-02-14 00:00:00,3719.46,3762.63,3765.56,3719.46,88418747.0,195355214607.7,1.24,3762.63,sh000903
2025-02-17 00:00:00,3775.52,3764.03,3777.37,3741.12,102735164.0,220145920174.2,0.96,3764.03,sh000903
2025-02-18 00:00:00,3762.78,3736.25,3783.71,3725.29,98905316.0,206316130662.4,1.55,3736.25,sh000903
2025-02-19 00:00:00,3729.4,3763.2,3768.99,3729.4,89320099.0,195335855901.2,1.06,3763.2,sh000903
2025-02-20 00:00:00,3758.6,3749.82,3760.96,3735.17,83130223.0,177715512112.2,0.69,3749.82,sh000903
2025-02-21 00:00:00,3759.7,3812.38,3815.04,3758.3,111201264.0,280745453506.6,1.51,3812.38,sh000903
2025-02-24 00:00:00,3805.8,3802.47,3829.57,3781.68,105822240.0,245621596945.0,1.26,3802.47,sh000903
2025-02-25 00:00:00,3766.34,3760.57,3792.45,3750.73,84726544.0,207993196890.1,1.1,3760.57,sh000903
2025-02-26 00:00:00,3768.47,3788.95,3790.26,3757.3,89103081.0,200619472743.7,0.88,3788.95,sh000903
2025-02-27 00:00:00,3793.14,3799.44,3806.1,3767.17,93676072.0,220179544901.0,1.03,3799.44,sh000903
2025-02-28 00:00:00,3783.53,3727.84,3807.64,3725.01,88634438.0,222807015412.7,2.17,3727.84,sh000903
2025-03-03 00:00:00,3738.41,3728.44,3772.09,3712.34,82754438.0,194021378952.8,1.6,3728.44,sh000903
2025-03-04 00:00:00,3706.49,3720.06,3727.9,3692.84,73408857.0,166678999359.9,0.94,3720.06,sh000903
2025-03-05 00:00:00,3723.46,3735.54,3739.61,3713.67,71024916.0,154704175806.5,0.7,3735.54,sh000903
2025-03-06 00:00:00,3759.09,3795.38,3803.29,3756.99,86714518.0,205691938285.1,1.24,3795.38,sh000903
2025-03-07 00:00:00,3783.19,3782.77,3805.71,3774.76,72567541.0,168406584129.1,0.82,3782.77,sh000903
2025-03-10 00:00:00,3786.15,3770.14,3791.98,3745.51,71688410.0,158437247676.3,1.23,3770.14,sh000903
2025-03-11 00:00:00,3731.83,3779.99,3779.99,3730.98,67281737.0,151610594673.5,1.3,3779.99,sh000903
2025-03-12 00:00:00,3785.85,3763.39,3788.18,3756.94,68994706.0,154808448651.1,0.83,3763.39,sh000903
2025-03-13 00:00:00,3763.51,3748.91,3776.85,3735.55,68575650.0,150399889511.7,1.1,3748.91,sh000903
2025-03-14 00:00:00,3757.6,3841.43,3847.85,3757.13,89390886.0,214792695542.0,2.42,3841.43,sh000903
2025-03-17 00:00:00,3859.52,3829.78,3859.84,3824.69,65406086.0,153406774274.5,0.92,3829.78,sh000903
2025-03-18 00:00:00,3847.05,3845.82,3856.63,3835.12,62223627.0,153619173349.9,0.56,3845.82,sh000903
2025-03-19 00:00:00,3846.16,3859.58,3872.37,3831.3,64687697.0,152326235841.2,1.07,3859.58,sh000903
2025-03-20 00:00:00,3860.28,3819.67,3861.37,3814.57,57923972.0,135671294509.6,1.21,3819.67,sh000903
2025-03-21 00:00:00,3810.58,3755.97,3825.61,3745.13,71766079.0,164677698801.1,2.11,3755.97,sh000903
2025-03-24 00:00:00,3758.6,3776.48,3780.74,3753.4,63833473.0,136471092297.0,0.73,3776.48,sh000903
2025-03-25 00:00:00,3780.36,3773.13,3788.52,3762.25,55963595.0,121406571595.4,0.7,3773.13,sh000903
2025-03-26 00:00:00,3772.08,3757.7,3781.71,3755.35,56148418.0,117156928579.0,0.7,3757.7,sh000903
2025-03-27 00:00:00,3750.98,3771.11,3792.68,3743.65,52130371.0,117484964047.2,1.3,3771.11,sh000903
2025-03-28 00:00:00,3768.42,3756.09,3772.58,3746.58,50840000.0,107909883155.4,0.69,3756.09,sh000903
2025-03-31 00:00:00,3747.38,3728.92,3770.35,3714.5,63774355.0,132648179158.3,1.49,3728.92,sh000903
2025-04-01 00:00:00,3734.84,3725.52,3742.79,3719.12,53874343.0,126555024851.1,0.63,3725.52,sh000903
2025-04-02 00:00:00,3722.08,3715.68,3734.23,3709.06,44921590.0,104132294336.8,0.68,3715.68,sh000903
2025-04-03 00:00:00,3673.53,3690.89,3714.52,3673.53,61794993.0,143871301715.0,1.1,3690.89,sh000903
2025-04-07 00:00:00,3507.36,3437.94,3540.03,3362.07,135790569.0,284812194948.5,4.82,3437.94,sh000903
2025-04-08 00:00:00,3447.2,3500.92,3500.92,3434.64,128759751.0,255791126109.2,1.93,3500.92,sh000903
2025-04-09 00:00:00,3456.56,3529.04,3529.91,3441.09,120014715.0,251485686617.9,2.54,3529.04,sh000903
2025-04-10 00:00:00,3590.39,3576.84,3595.82,3549.68,104407511.0,219265422992.1,1.31,3576.84,sh000903
2025-04-11 00:00:00,3574.33,3598.27,3609.12,3551.68,76881792.0,178713878485.5,1.61,3598.27,sh000903
2025-04-14 00:00:00,3618.19,3601.59,3619.39,3596.09,72415448.0,156740569481.6,0.65,3601.59,sh000903
2025-04-15 00:00:00,3598.96,3600.68,3604.49,3580.11,57651694.0,122823953508.2,0.68,3600.68,sh000903
2025-04-16 00:00:00,3597.63,3611.99,3616.23,3561.72,68072933.0,139303758930.0,1.51,3611.99,sh000903
2025-04-17 00:00:00,3595.99,3611.77,3618.59,3591.04,55499799.0,110968550029.9,0.76,3611.77,sh000903
2025-04-18 00:00:00,3599.77,3611.88,3622.11,3593.61,43239861.0,89827923998.1,0.79,3611.88,sh000903
2025-04-21 00:00:00,3609.01,3625.69,3631.49,3602.89,48797618.0,105337739773.7,0.79,3625.69,sh000903
2025-04-22 00:00:00,3620.67,3622.0,3637.48,3617.94,53353598.0,109246390484.7,0.54,3622.0,sh000903
2025-04-23 00:00:00,3642.65,3625.52,3646.93,3619.9,54823557.0,127076903431.4,0.75,3625.52,sh000903
2025-04-24 00:00:00,3628.09,3624.14,3646.17,3613.75,44524030.0,100201476770.4,0.89,3624.14,sh000903
2025-04-25 00:00:00,3632.74,3628.53,3643.96,3623.19,53808417.0,111777943601.3,0.57,3628.53,sh000903
2025-04-28 00:00:00,3628.39,3624.51,3634.36,3614.23,50473448.0,108102853618.5,0.55,3624.51,sh000903
2025-04-29 00:00:00,3620.82,3621.39,3628.46,3612.4,46019421.0,102684268659.3,0.44,3621.39,sh000903
2025-04-30 00:00:00,3622.21,3617.51,3633.15,3613.54,54833235.0,120553372008.9,0.54,3617.51,sh000903
2025-05-06 00:00:00,3643.33,3653.14,3654.6,3630.46,65811388.0,132226107792.6,0.67,3653.14,sh000903
2025-05-07 00:00:00,3702.94,3675.94,3703.8,3660.26,67153787.0,144007737648.8,1.19,3675.94,sh000903
2025-05-08 00:00:00,3665.67,3697.15,3715.6,3661.11,52072498.0,128073245455.7,1.48,3697.15,sh000903
2025-05-09 00:00:00,3693.11,3694.6,3700.67,3685.06,47677324.0,113522491922.3,0.42,3694.6,sh000903
2025-05-12 00:00:00,3715.05,3737.34,3740.8,3708.03,63445375.0,156903945305.7,0.89,3737.34,sh000903
2025-05-13 00:00:00,3764.26,3740.93,3764.26,3733.4,61972305.0,140073857812.7,0.83,3740.93,sh000903
2025-05-14 00:00:00,3740.28,3783.87,3799.36,3736.12,66008919.0,150561650898.6,1.69,3783.87,sh000903
2025-05-15 00:00:00,3776.61,3753.74,3777.32,3749.69,55606988.0,121096110836.7,0.73,3753.74,sh000903
2025-05-16 00:00:00,3744.48,3736.11,3749.71,3723.06,48885859.0,108358578860.4,0.71,3736.11,sh000903
2025-05-19 00:00:00,3730.09,3725.5,3732.78,3712.78,39329980.0,95408571796.7,0.54,3725.5,sh000903
2025-05-20 00:00:00,3732.46,3749.09,3763.02,3729.58,43079538.0,108003926063.9,0.9,3749.09,sh000903
2025-05-21 00:00:00,3750.96,3768.34,3782.83,3750.96,45063650.0,118775574362.8,0.85,3768.34,sh000903
2025-05-22 00:00:00,3766.14,3762.37,3772.03,3752.11,41690364.0,96082326850.4,0.53,3762.37,sh000903
2025-05-23 00:00:00,3758.7,3731.44,3779.09,3731.44,46400114.0,113666143795.6,1.27,3731.44,sh000903
2025-05-26 00:00:00,3723.54,3704.32,3730.2,3692.84,42959121.0,105966643203.3,1.0,3704.32,sh000903
2025-05-27 00:00:00,3700.94,3679.83,3708.81,3676.67,38782345.0,88773895680.4,0.87,3679.83,sh000903
2025-05-28 00:00:00,3684.2,3675.06,3692.11,3673.46,35598100.0,77644529610.1,0.51,3675.06,sh000903
2025-05-29 00:00:00,3675.89,3692.16,3706.69,3666.02,42182832.0,99932979494.6,1.11,3692.16,sh000903
2025-05-30 00:00:00,3684.51,3668.4,3691.43,3657.48,44018920.0,98855966637.5,0.92,3668.4,sh000903
2025-06-03 00:00:00,3666.62,3677.14,3690.74,3666.39,48391976.0,110946279107.9,0.66,3677.14,sh000903
2025-06-04 00:00:00,3680.98,3690.74,3698.27,3680.98,47859060.0,100979722401.5,0.47,3690.74,sh000903
2025-06-05 00:00:00,3693.8,3698.59,3703.89,3682.22,48772722.0,109018800317.2,0.59,3698.59,sh000903
2025-06-06 00:00:00,3701.45,3697.56,3711.59,3692.97,44385764.0,97473532715.5,0.5,3697.56,sh000903
2025-06-09 00:00:00,3699.48,3700.3,3717.2,3693.44,54309560.0,129888980264.7,0.64,3700.3,sh000903
2025-06-10 00:00:00,3702.9,3678.67,3709.83,3667.14,56172114.0,132670198035.0,1.15,3678.67,sh000903
2025-06-11 00:00:00,3683.11,3707.94,3724.83,3683.11,57940422.0,123810202019.5,1.13,3707.94,sh000903
2025-06-12 00:00:00,3699.87,3703.24,3712.64,3683.63,54398443.0,126002318269.9,0.78,3703.24,sh000903
2025-06-13 00:00:00,3691.57,3681.38,3701.04,3669.34,66144585.0,150645249248.0,0.86,3681.38,sh000903
2025-06-16 00:00:00,3670.39,3683.73,3686.87,3669.89,54027583.0,116896717050.5,0.46,3683.73,sh000903
2020-11-09 00:00:00,5028.59,5082.61,5093.19,5028.59,94580874.0,182052118528.0,1.29,5082.61,sh000903
2020-11-10 00:00:00,5094.94,5060.27,5095.28,5036.07,85962294.0,163775012864.0,1.16,5060.27,sh000903
2020-11-11 00:00:00,5050.17,5030.85,5073.66,5027.42,80982423.0,148246634496.0,0.91,5030.85,sh000903
2020-11-12 00:00:00,5038.59,5028.18,5047.89,5012.8,59035443.0,110685519872.0,0.7,5028.18,sh000903
2020-11-13 00:00:00,5001.84,4957.86,5001.84,4926.34,63353907.0,120509333504.0,1.5,4957.86,sh000903
2020-11-16 00:00:00,4986.24,5008.47,5008.47,4951.7,64380751.0,124803354624.0,1.15,5008.47,sh000903
2020-11-17 00:00:00,5010.32,5011.42,5027.85,4983.5,66888632.0,131728351232.0,0.89,5011.42,sh000903
2020-11-18 00:00:00,5006.89,5021.28,5046.71,4999.55,83596224.0,148539285504.0,0.94,5021.28,sh000903
2020-11-19 00:00:00,5011.31,5060.22,5072.75,5001.45,63519411.0,121915637760.0,1.42,5060.22,sh000903
2020-11-20 00:00:00,5059.46,5067.67,5071.6,5049.68,57660260.0,109255356416.0,0.43,5067.67,sh000903
2020-11-23 00:00:00,5080.76,5135.43,5156.94,5070.22,92694126.0,167017119744.0,1.71,5135.43,sh000903
2020-11-24 00:00:00,5127.54,5101.69,5132.3,5086.2,67168097.0,128967483392.0,0.9,5101.69,sh000903
2020-11-25 00:00:00,5122.88,5046.34,5136.0,5046.34,78214779.0,135385829376.0,1.76,5046.34,sh000903
2020-11-26 00:00:00,5045.57,5066.54,5067.98,5015.67,63995402.0,119770968064.0,1.04,5066.54,sh000903
2020-11-27 00:00:00,5080.74,5136.26,5136.26,5070.39,86197230.0,131001634816.0,1.3,5136.26,sh000903
2020-11-30 00:00:00,5150.9,5097.34,5224.3,5097.34,148824394.0,221428068352.0,2.47,5097.34,sh000903
2020-12-01 00:00:00,5105.35,5207.93,5213.15,5100.51,102485330.0,167084875776.0,2.21,5207.93,sh000903
2020-12-02 00:00:00,5214.55,5206.78,5237.01,5185.0,92694638.0,149957931008.0,1.0,5206.78,sh000903
2020-12-03 00:00:00,5203.91,5193.53,5210.41,5161.87,77386212.0,124499959808.0,0.93,5193.53,sh000903
2020-12-04 00:00:00,5188.62,5202.05,5211.19,5154.71,68024015.0,129194459136.0,1.09,5202.05,sh000903
2020-12-07 00:00:00,5205.5,5150.55,5206.85,5139.94,66616876.0,127386570752.0,1.29,5150.55,sh000903
2020-12-08 00:00:00,5158.1,5132.54,5173.3,5122.62,56843497.0,114790109184.0,0.98,5132.54,sh000903
2020-12-09 00:00:00,5147.46,5069.91,5158.72,5069.91,60815378.0,116665888768.0,1.73,5069.91,sh000903
2020-12-10 00:00:00,5062.75,5066.95,5091.54,5044.73,57824136.0,104980234240.0,0.92,5066.95,sh000903
2020-12-11 00:00:00,5086.68,5017.75,5086.68,4980.9,74950907.0,128920436736.0,2.09,5017.75,sh000903
2020-12-14 00:00:00,5033.98,5066.58,5070.01,5019.93,57456709.0,127430225920.0,1.0,5066.58,sh000903
2020-12-15 00:00:00,5062.6,5067.21,5078.24,5023.93,56932577.0,133404348416.0,1.07,5067.21,sh000903
2020-12-16 00:00:00,5084.94,5091.91,5104.69,5073.3,48041871.0,119108091904.0,0.62,5091.91,sh000903
2020-12-17 00:00:00,5105.83,5168.36,5173.39,5099.69,57007910.0,144635625472.0,1.45,5168.36,sh000903
2020-12-18 00:00:00,5161.32,5142.88,5177.32,5122.07,55997780.0,136448090112.0,1.07,5142.88,sh000903
2020-12-21 00:00:00,5137.92,5169.92,5172.61,5100.38,63490916.0,152041627648.0,1.4,5169.92,sh000903
2020-12-22 00:00:00,5162.11,5102.03,5184.01,5097.87,74247258.0,171636736000.0,1.67,5102.03,sh000903
2020-12-23 00:00:00,5115.98,5136.34,5168.27,5098.29,63157120.0,157590609920.0,1.37,5136.34,sh000903
2020-12-24 00:00:00,5135.36,5139.46,5166.04,5114.9,50151278.0,119908888576.0,1.0,5139.46,sh000903
2020-12-25 00:00:00,5124.52,5169.61,5171.1,5113.97,50289984.0,117624631296.0,1.11,5169.61,sh000903
2020-12-28 00:00:00,5171.29,5208.67,5233.81,5168.19,58121733.0,144121245696.0,1.27,5208.67,sh000903
2020-12-29 00:00:00,5219.07,5191.03,5225.28,5184.86,61478487.0,138439245824.0,0.78,5191.03,sh000903
2020-12-30 00:00:00,5187.55,5263.93,5263.93,5185.74,68825126.0,153235562496.0,1.51,5263.93,sh000903
2020-12-31 00:00:00,5269.16,5358.16,5364.83,5269.16,79313738.0,189271965696.0,1.82,5358.16,sh000903
2021-01-04 00:00:00,5349.75,5389.63,5410.05,5324.43,100438700.0,248041914368.0,1.6,5389.63,sh000903
2021-01-05 00:00:00,5368.86,5494.64,5494.64,5357.82,107118124.0,264864169984.0,2.54,5494.64,sh000903
2021-01-06 00:00:00,5515.31,5575.13,5582.71,5486.97,97337526.0,247636070400.0,1.74,5575.13,sh000903
2021-01-07 00:00:00,5591.29,5683.97,5683.97,5569.86,97968492.0,246767235072.0,2.05,5683.97,sh000903
2021-01-08 00:00:00,5699.88,5652.08,5724.26,5595.61,95270484.0,256628396032.0,2.26,5652.08,sh000903
2021-01-11 00:00:00,5656.84,5599.31,5710.52,5572.0,107119508.0,268059942912.0,2.45,5599.31,sh000903
2021-01-12 00:00:00,5575.79,5772.24,5772.24,5575.46,109026555.0,262568370176.0,3.51,5772.24,sh000903
2021-01-13 00:00:00,5782.95,5745.52,5812.64,5700.26,126297620.0,280347484160.0,1.95,5745.52,sh000903
2021-01-14 00:00:00,5724.88,5632.09,5733.81,5618.72,122910866.0,263571611648.0,2.0,5632.09,sh000903
2021-01-15 00:00:00,5641.05,5625.71,5683.52,5566.71,133288161.0,271215534080.0,2.07,5625.71,sh000903
2021-01-18 00:00:00,5605.78,5673.28,5703.5,5580.13,106641792.0,229812363264.0,2.19,5673.28,sh000903
2021-01-19 00:00:00,5683.12,5597.02,5690.04,5574.36,103273441.0,233606852608.0,2.04,5597.02,sh000903
2021-01-20 00:00:00,5600.84,5619.18,5646.72,5582.15,82582295.0,204720087040.0,1.15,5619.18,sh000903
2021-01-21 00:00:00,5637.66,5705.34,5734.51,5632.01,91841050.0,237530726400.0,1.82,5705.34,sh000903
2021-01-22 00:00:00,5701.74,5699.63,5711.45,5653.24,84481375.0,221313597440.0,1.02,5699.63,sh000903
2021-01-25 00:00:00,5696.36,5797.22,5808.53,5678.21,86784732.0,262319751168.0,2.29,5797.22,sh000903
2021-01-26 00:00:00,5769.67,5673.78,5769.67,5668.77,77130452.0,213394055168.0,1.74,5673.78,sh000903
2021-01-27 00:00:00,5669.21,5687.83,5694.53,5620.13,71561590.0,195816669184.0,1.31,5687.83,sh000903
2021-01-28 00:00:00,5611.92,5543.81,5615.45,5523.42,78186998.0,194852859904.0,1.62,5543.81,sh000903
2021-01-29 00:00:00,5579.28,5522.78,5598.79,5464.22,83904901.0,205684760576.0,2.43,5522.78,sh000903
2021-02-01 00:00:00,5530.12,5585.41,5591.93,5514.83,72892209.0,175959928832.0,1.4,5585.41,sh000903
2021-02-02 00:00:00,5591.94,5652.83,5655.47,5575.35,72663905.0,200157728768.0,1.43,5652.83,sh000903
2021-02-03 00:00:00,5650.0,5651.45,5684.56,5623.49,75993907.0,213248372736.0,1.08,5651.45,sh000903
2021-02-04 00:00:00,5620.79,5662.89,5699.43,5606.92,79425167.0,217949032448.0,1.64,5662.89,sh000903
2021-02-05 00:00:00,5685.54,5716.01,5777.06,5680.9,87583278.0,215367278592.0,1.7,5716.01,sh000903
2021-02-08 00:00:00,5742.14,5784.37,5795.62,5704.76,72939067.0,198148259840.0,1.59,5784.37,sh000903
2021-02-09 00:00:00,5800.16,5894.43,5894.43,5763.65,74123525.0,202413043712.0,2.26,5894.43,sh000903
2021-02-10 00:00:00,5920.75,6030.54,6046.6,5920.62,80593953.0,230034112512.0,2.14,6030.54,sh000903
2021-02-18 00:00:00,6142.69,5972.14,6154.55,5948.77,100490734.0,279022383104.0,3.41,5972.14,sh000903
2021-02-19 00:00:00,5938.95,5993.8,6005.13,5879.48,100483909.0,248601075712.0,2.1,5993.8,sh000903
2021-02-22 00:00:00,5999.07,5772.14,5999.07,5772.14,132203950.0,304275439616.0,3.79,5772.14,sh000903
2021-02-23 00:00:00,5719.21,5764.09,5830.17,5719.21,99773412.0,223378935808.0,1.92,5764.09,sh000903
2021-02-24 00:00:00,5780.97,5621.4,5790.14,5557.48,94514880.0,254279057408.0,4.04,5621.4,sh000903
2021-02-25 00:00:00,5680.6,5676.26,5730.36,5637.34,102825948.0,227492151296.0,1.65,5676.26,sh000903
2021-02-26 00:00:00,5548.47,5531.53,5621.87,5519.5,94903396.0,227816390656.0,1.8,5531.53,sh000903
2021-03-01 00:00:00,5586.24,5597.68,5606.34,5534.71,75738181.0,191878406144.0,1.29,5597.68,sh000903
2021-03-02 00:00:00,5636.65,5515.21,5640.96,5468.54,80064625.0,202257371136.0,3.08,5515.21,sh000903
2021-03-03 00:00:00,5497.72,5642.67,5642.9,5489.83,85361638.0,180578054144.0,2.78,5642.67,sh000903
2021-03-04 00:00:00,5573.91,5469.99,5578.98,5440.49,87140106.0,204779819008.0,2.45,5469.99,sh000903
2021-03-05 00:00:00,5379.05,5441.14,5489.25,5348.51,86651725.0,189027434496.0,2.57,5441.14,sh000903
2021-03-08 00:00:00,5477.72,5254.46,5505.35,5254.15,96014838.0,218285076480.0,4.62,5254.46,sh000903
2021-03-09 00:00:00,5243.54,5152.0,5275.15,5104.93,101295450.0,230895992832.0,3.24,5152.0,sh000903
2021-03-10 00:00:00,5231.6,5192.27,5245.82,5174.24,70269829.0,167142920192.0,1.39,5192.27,sh000903
2021-03-11 00:00:00,5218.43,5322.45,5337.56,5214.95,81191191.0,182156013568.0,2.36,5322.45,sh000903
2021-03-12 00:00:00,5353.81,5346.92,5353.81,5289.05,87542666.0,171909230592.0,1.22,5346.92,sh000903
2021-03-15 00:00:00,5319.03,5230.46,5325.76,5183.73,86190932.0,183099633664.0,2.66,5230.46,sh000903
2021-03-16 00:00:00,5252.04,5289.43,5289.69,5217.65,64602094.0,142915899392.0,1.38,5289.43,sh000903
2021-03-17 00:00:00,5272.91,5294.93,5327.97,5225.09,64624312.0,143439347712.0,1.95,5294.93,sh000903
2021-03-18 00:00:00,5311.8,5336.51,5355.73,5308.12,57776543.0,135448276992.0,0.9,5336.51,sh000903
2021-03-19 00:00:00,5264.88,5183.7,5279.21,5155.3,73230003.0,154163089408.0,2.32,5183.7,sh000903
2021-03-22 00:00:00,5184.08,5222.14,5240.73,5168.35,69285693.0,138576330752.0,1.4,5222.14,sh000903
2021-03-23 00:00:00,5228.25,5186.82,5232.68,5139.33,63295311.0,127048040448.0,1.79,5186.82,sh000903
2021-03-24 00:00:00,5168.29,5114.28,5208.55,5103.12,63752520.0,134491123712.0,2.03,5114.28,sh000903
2021-03-25 00:00:00,5092.44,5105.14,5127.77,5065.16,57049265.0,117666619392.0,1.22,5105.14,sh000903
2021-03-26 00:00:00,5135.06,5210.2,5224.32,5132.09,63693166.0,148388794368.0,1.81,5210.2,sh000903
2021-03-29 00:00:00,5224.32,5223.48,5264.7,5181.47,68466916.0,148159946752.0,1.6,5223.48,sh000903
2021-03-30 00:00:00,5222.44,5274.59,5287.4,5206.87,60369385.0,136846983168.0,1.54,5274.59,sh000903
2021-03-31 00:00:00,5265.81,5218.57,5265.81,5184.7,65155904.0,132322308096.0,1.54,5218.57,sh000903
2021-04-01 00:00:00,5232.55,5286.64,5291.46,5227.97,49977467.0,109263994880.0,1.22,5286.64,sh000903
2021-04-02 00:00:00,5306.93,5338.86,5346.0,5289.5,57199969.0,135779799040.0,1.07,5338.86,sh000903
2021-04-06 00:00:00,5353.66,5305.26,5353.66,5287.38,47572180.0,112644743168.0,1.24,5305.26,sh000903
2021-04-07 00:00:00,5306.1,5249.84,5306.1,5216.75,63225649.0,131619794944.0,1.68,5249.84,sh000903
2021-04-08 00:00:00,5220.52,5265.06,5279.36,5205.3,51591767.0,107696533504.0,1.41,5265.06,sh000903
2021-04-09 00:00:00,5249.56,5178.59,5249.56,5165.54,52363640.0,109411450880.0,1.6,5178.59,sh000903
2021-04-12 00:00:00,5171.65,5105.1,5189.28,5088.77,65236099.0,137668898816.0,1.94,5105.1,sh000903
2021-04-13 00:00:00,5110.32,5092.64,5152.93,5076.24,61859937.0,121037799424.0,1.5,5092.64,sh000903
2021-04-14 00:00:00,5101.42,5121.85,5131.72,5083.12,59533443.0,121849085952.0,0.95,5121.85,sh000903
2021-04-15 00:00:00,5109.89,5078.32,5109.89,5028.16,52680745.0,123478745088.0,1.6,5078.32,sh000903
2021-04-16 00:00:00,5098.08,5098.58,5113.55,5048.63,48928023.0,110340165632.0,1.28,5098.58,sh000903
2021-04-19 00:00:00,5099.81,5208.88,5211.5,5069.16,67545679.0,158350221312.0,2.79,5208.88,sh000903
2021-04-20 00:00:00,5186.22,5207.69,5242.94,5177.33,52455951.0,134626177024.0,1.26,5207.69,sh000903
2021-04-21 00:00:00,5179.03,5225.17,5237.56,5176.38,51405030.0,120603189248.0,1.17,5225.17,sh000903
2021-04-22 00:00:00,5239.87,5203.7,5245.04,5183.67,52637240.0,117718786048.0,1.17,5203.7,sh000903
2021-04-23 00:00:00,5207.2,5267.63,5279.76,5204.54,55856911.0,141695623168.0,1.45,5267.63,sh000903
2021-04-26 00:00:00,5292.29,5193.71,5305.89,5188.51,69223793.0,166972522496.0,2.23,5193.71,sh000903
2021-04-27 00:00:00,5193.16,5211.3,5216.2,5162.45,53581847.0,128927088640.0,1.03,5211.3,sh000903
2021-04-28 00:00:00,5186.46,5229.93,5230.32,5175.36,52083991.0,137884893184.0,1.05,5229.93,sh000903
2021-04-29 00:00:00,5244.46,5287.43,5292.58,5228.91,62758863.0,153239101440.0,1.22,5287.43,sh000903
2021-04-30 00:00:00,5287.14,5238.64,5289.71,5210.98,74796209.0,157348737024.0,1.49,5238.64,sh000903
2021-05-06 00:00:00,5209.99,5164.69,5253.01,5150.35,71152340.0,162926665728.0,1.96,5164.69,sh000903
2021-05-07 00:00:00,5181.45,5101.72,5198.39,5099.26,74823795.0,151243345920.0,1.92,5101.72,sh000903
2021-05-10 00:00:00,5103.61,5090.12,5121.6,5050.65,66957187.0,138701619200.0,1.39,5090.12,sh000903
2021-05-11 00:00:00,5054.19,5135.22,5142.95,5037.13,57456829.0,124604682240.0,2.08,5135.22,sh000903
2021-05-12 00:00:00,5117.44,5150.61,5159.36,5109.64,52053565.0,110535630848.0,0.97,5150.61,sh000903
2021-05-13 00:00:00,5100.95,5093.66,5127.34,5070.82,54359342.0,110444519424.0,1.1,5093.66,sh000903
2021-05-14 00:00:00,5109.45,5211.87,5214.85,5079.11,71832855.0,164203491328.0,2.66,5211.87,sh000903
2021-05-17 00:00:00,5213.45,5279.72,5302.57,5213.45,66273987.0,166529736704.0,1.71,5279.72,sh000903
2021-05-18 00:00:00,5289.55,5281.94,5299.21,5251.64,50315113.0,106814459904.0,0.9,5281.94,sh000903
2021-05-19 00:00:00,5268.59,5254.08,5279.98,5239.99,50179031.0,117529223168.0,0.76,5254.08,sh000903
2021-05-20 00:00:00,5255.7,5279.0,5288.93,5238.29,56067279.0,130688745472.0,0.96,5279.0,sh000903
2021-05-21 00:00:00,5290.54,5219.86,5308.75,5210.13,50695613.0,132484136960.0,1.87,5219.86,sh000903
2021-05-24 00:00:00,5224.07,5237.28,5237.32,5174.51,54132416.0,138478047232.0,1.2,5237.28,sh000903
2021-05-25 00:00:00,5248.39,5422.71,5429.04,5247.36,88721229.0,228507426816.0,3.47,5422.71,sh000903
2021-05-26 00:00:00,5434.26,5426.55,5454.32,5411.51,69756890.0,173180657664.0,0.79,5426.55,sh000903
2021-05-27 00:00:00,5420.44,5437.36,5492.41,5387.28,60871229.0,153916379136.0,1.94,5437.36,sh000903
2021-05-28 00:00:00,5437.74,5419.15,5457.73,5382.58,68568184.0,155468881920.0,1.38,5419.15,sh000903
2021-05-31 00:00:00,5408.48,5405.03,5408.48,5351.37,57808873.0,148271271936.0,1.05,5405.03,sh000903
2021-06-01 00:00:00,5395.91,5416.53,5418.56,5345.25,59102369.0,157120184320.0,1.36,5416.53,sh000903
2021-06-02 00:00:00,5424.09,5372.1,5428.81,5347.55,59247846.0,144439279616.0,1.5,5372.1,sh000903
2021-06-03 00:00:00,5368.82,5344.49,5402.15,5341.64,60294024.0,141472530432.0,1.13,5344.49,sh000903
2021-06-04 00:00:00,5317.37,5372.73,5426.98,5311.89,64463731.0,145542942720.0,2.15,5372.73,sh000903
2021-06-07 00:00:00,5370.95,5355.82,5372.55,5321.9,55322025.0,135387377664.0,0.94,5355.82,sh000903
2021-06-08 00:00:00,5353.86,5309.25,5396.23,5278.04,56666150.0,155183104000.0,2.21,5309.25,sh000903
2021-06-09 00:00:00,5301.98,5316.57,5336.14,5294.86,53904530.0,124414504960.0,0.78,5316.57,sh000903
2021-06-10 00:00:00,5317.26,5344.73,5378.48,5307.06,64884362.0,153804894208.0,1.34,5344.73,sh000903
2021-06-11 00:00:00,5345.91,5296.73,5347.13,5282.18,85592092.0,188874469376.0,1.22,5296.73,sh000903
2021-06-15 00:00:00,5291.29,5230.95,5298.81,5197.51,69039985.0,174657212416.0,1.91,5230.95,sh000903
2021-06-16 00:00:00,5227.63,5161.49,5233.1,5156.01,60830973.0,155421044736.0,1.47,5161.49,sh000903
2021-06-17 00:00:00,5152.2,5154.58,5191.51,5136.14,55768919.0,136764710912.0,1.07,5154.58,sh000903
2021-06-18 00:00:00,5151.47,5126.9,5170.03,5091.72,72711798.0,183752425472.0,1.52,5126.9,sh000903
2021-06-21 00:00:00,5109.18,5095.7,5132.3,5070.4,63536241.0,168136503296.0,1.21,5095.7,sh000903
2021-06-22 00:00:00,5113.57,5129.65,5139.96,5094.52,63543562.0,162239496192.0,0.89,5129.65,sh000903
2021-06-23 00:00:00,5134.03,5145.15,5170.72,5117.06,58206838.0,168262377472.0,1.05,5145.15,sh000903
2021-06-24 00:00:00,5155.11,5168.38,5171.75,5119.42,54493207.0,150780776448.0,1.02,5168.38,sh000903
2021-06-25 00:00:00,5170.32,5252.36,5264.68,5166.99,67946276.0,187196674048.0,1.89,5252.36,sh000903
2021-06-28 00:00:00,5268.03,5251.24,5271.99,5226.35,58889777.0,163238612992.0,0.87,5251.24,sh000903
2021-06-29 00:00:00,5247.13,5184.54,5247.33,5175.77,56881720.0,154473279488.0,1.36,5184.54,sh000903
2021-06-30 00:00:00,5177.59,5205.36,5214.47,5174.91,45340055.0,129577689088.0,0.76,5205.36,sh000903
2021-07-01 00:00:00,5225.34,5241.25,5241.36,5172.44,57497482.0,162290511872.0,1.32,5241.25,sh000903
2021-07-02 00:00:00,5189.31,5070.22,5189.31,5063.57,64122760.0,177876328448.0,2.4,5070.22,sh000903
2021-07-05 00:00:00,5058.21,5056.54,5071.08,5021.33,58141647.0,158302908416.0,0.98,5056.54,sh000903
2021-07-06 00:00:00,5056.31,5061.16,5064.59,5006.14,59112179.0,170724331520.0,1.16,5061.16,sh000903
2021-07-07 00:00:00,5036.88,5092.37,5106.54,5031.95,53262131.0,149674442752.0,1.47,5092.37,sh000903
2021-07-08 00:00:00,5101.68,5019.89,5104.56,5007.36,67667625.0,181782425600.0,1.91,5019.89,sh000903
2021-07-09 00:00:00,4996.14,4993.44,5012.3,4948.31,59679050.0,154012667904.0,1.27,4993.44,sh000903
2021-07-12 00:00:00,5028.96,5038.34,5070.33,4983.57,77509356.0,199503085568.0,1.74,5038.34,sh000903
2021-07-13 00:00:00,5036.56,5052.57,5068.32,5025.47,63230039.0,161222766592.0,0.85,5052.57,sh000903
2021-07-14 00:00:00,5045.28,4999.17,5045.28,4986.01,76823104.0,180055531520.0,1.17,4999.17,sh000903
2021-07-15 00:00:00,4991.77,5074.15,5078.19,4985.74,71339200.0,179191988224.0,1.85,5074.15,sh000903
2021-07-16 00:00:00,5063.42,5010.98,5065.79,5006.36,61888783.0,159097602048.0,1.17,5010.98,sh000903
2021-07-19 00:00:00,5000.27,5039.59,5047.45,4957.49,60484575.0,153456005120.0,1.8,5039.59,sh000903
2021-07-20 00:00:00,5006.0,5019.5,5032.48,4990.7,49052902.0,123014537216.0,0.83,5019.5,sh000903
2021-07-21 00:00:00,5030.33,5026.13,5065.43,5016.06,61391470.0,171975458816.0,0.98,5026.13,sh000903
2021-07-22 00:00:00,5028.7,5019.75,5055.15,5012.01,67007043.0,189304090624.0,0.86,5019.75,sh000903
2021-07-23 00:00:00,5011.48,4954.77,5011.48,4947.13,75802552.0,193480593408.0,1.28,4954.77,sh000903
2021-07-26 00:00:00,4926.47,4762.99,4926.47,4715.64,88492636.0,237445685248.0,4.26,4762.99,sh000903
2021-07-27 00:00:00,4760.03,4592.43,4768.32,4585.6,90653222.0,233162579968.0,3.84,4592.43,sh000903
2021-07-28 00:00:00,4562.82,4622.34,4640.56,4536.5,78647798.0,195556827136.0,2.27,4622.34,sh000903
2021-07-29 00:00:00,4698.48,4662.92,4702.1,4637.13,67272788.0,186291884032.0,1.41,4662.92,sh000903
2021-07-30 00:00:00,4634.28,4593.64,4634.28,4559.22,65521966.0,187468328960.0,1.61,4593.64,sh000903
2021-08-02 00:00:00,4566.32,4723.45,4729.54,4526.25,88902170.0,244569776128.0,4.43,4723.45,sh000903
2021-08-03 00:00:00,4701.26,4754.87,4760.6,4685.74,70472481.0,204038840320.0,1.58,4754.87,sh000903
2021-08-04 00:00:00,4749.17,4761.81,4768.91,4727.23,60727875.0,186164682752.0,0.88,4761.81,sh000903
2021-08-05 00:00:00,4726.55,4733.05,4792.13,4703.99,60411328.0,177455800320.0,1.85,4733.05,sh000903
2021-08-06 00:00:00,4717.67,4701.65,4717.81,4680.72,52923236.0,153276346368.0,0.78,4701.65,sh000903
2021-08-09 00:00:00,4673.15,4779.75,4805.0,4669.99,73159795.0,190885285888.0,2.87,4779.75,sh000903
2021-08-10 00:00:00,4774.08,4858.14,4858.27,4725.86,62098767.0,188547883008.0,2.77,4858.14,sh000903
2021-08-11 00:00:00,4851.8,4826.03,4879.68,4820.86,71827354.0,168156553216.0,1.21,4826.03,sh000903
2021-08-12 00:00:00,4810.91,4776.09,4826.61,4771.85,57790487.0,156077195264.0,1.13,4776.09,sh000903
2021-08-13 00:00:00,4759.76,4762.26,4792.89,4735.66,53993800.0,139313393664.0,1.2,4762.26,sh000903
2021-08-16 00:00:00,4756.28,4772.41,4800.34,4747.78,58006561.0,143856771072.0,1.1,4772.41,sh000903
2021-08-17 00:00:00,4765.79,4669.78,4794.54,4658.7,70425027.0,170375028736.0,2.85,4669.78,sh000903
2021-08-18 00:00:00,4667.39,4726.65,4746.5,4641.11,79562130.0,184446504960.0,2.26,4726.65,sh000903
2021-08-19 00:00:00,4716.36,4663.64,4722.56,4641.66,78177910.0,176556011520.0,1.71,4663.64,sh000903
2021-08-20 00:00:00,4607.08,4556.65,4620.69,4515.78,68886016.0,186978746368.0,2.25,4556.65,sh000903
2021-08-23 00:00:00,4558.56,4594.73,4606.61,4548.14,58473464.0,163307687936.0,1.28,4594.73,sh000903
2021-08-24 00:00:00,4605.39,4649.51,4666.94,4603.66,68673610.0,181827907584.0,1.38,4649.51,sh000903
2021-08-25 00:00:00,4654.42,4656.84,4673.9,4633.15,67178586.0,165914083328.0,0.88,4656.84,sh000903
2021-08-26 00:00:00,4654.25,4551.79,4654.25,4550.6,66911660.0,152858087424.0,2.23,4551.79,sh000903
2021-08-27 00:00:00,4545.65,4581.99,4622.92,4544.82,65731366.0,155322462208.0,1.72,4581.99,sh000903
2021-08-30 00:00:00,4603.27,4552.31,4604.96,4523.18,87775060.0,213934518272.0,1.78,4552.31,sh000903
2021-08-31 00:00:00,4547.18,4543.54,4574.78,4485.86,99662963.0,210765791232.0,1.95,4543.54,sh000903
2021-09-01 00:00:00,4537.02,4647.37,4681.72,4504.17,138208220.0,274333233152.0,3.91,4647.37,sh000903
2021-09-02 00:00:00,4649.89,4643.94,4675.04,4615.02,104976973.0,210726400000.0,1.29,4643.94,sh000903
2021-09-03 00:00:00,4649.79,4644.11,4676.12,4594.04,106472100.0,210675269632.0,1.77,4644.11,sh000903
2021-09-06 00:00:00,4639.58,4721.73,4739.13,4635.92,100462285.0,224208396288.0,2.22,4721.73,sh000903
2021-09-07 00:00:00,4719.96,4766.86,4783.68,4693.37,103162926.0,190585761792.0,1.91,4766.86,sh000903
2021-09-08 00:00:00,4758.42,4733.97,4783.98,4719.7,102474345.0,185392078848.0,1.35,4733.97,sh000903
2021-09-09 00:00:00,4714.8,4730.15,4730.56,4698.02,105808996.0,168942399488.0,0.69,4730.15,sh000903
2021-09-10 00:00:00,4728.39,4786.55,4816.87,4725.02,121635494.0,211298422784.0,1.94,4786.55,sh000903
2021-09-13 00:00:00,4777.8,4771.53,4808.65,4743.52,102741714.0,189190512640.0,1.36,4771.53,sh000903
2021-09-14 00:00:00,4774.07,4693.48,4785.92,4685.43,108152212.0,192941625344.0,2.11,4693.48,sh000903
2021-09-15 00:00:00,4678.6,4632.37,4678.6,4608.22,80217080.0,160512176128.0,1.5,4632.37,sh000903
2021-09-16 00:00:00,4629.82,4608.18,4646.81,4590.2,91077466.0,173838409728.0,1.22,4608.18,sh000903
2021-09-17 00:00:00,4597.1,4661.19,4661.33,4590.11,80290191.0,161591836672.0,1.55,4661.19,sh000903
2021-09-22 00:00:00,4572.54,4606.72,4616.14,4566.64,85686098.0,144260907008.0,1.06,4606.72,sh000903
2021-09-23 00:00:00,4627.02,4619.62,4661.03,4602.14,86207078.0,153701007360.0,1.28,4619.62,sh000903
2021-09-24 00:00:00,4609.51,4634.16,4677.22,4607.99,79107231.0,164969349120.0,1.5,4634.16,sh000903
2021-09-27 00:00:00,4661.28,4716.42,4750.32,4661.28,90112655.0,216338997248.0,1.92,4716.42,sh000903
2021-09-28 00:00:00,4711.14,4730.24,4747.99,4681.62,77160573.0,159878721536.0,1.41,4730.24,sh000903
2021-09-29 00:00:00,4697.47,4715.59,4745.72,4660.07,82400822.0,158143377408.0,1.81,4715.59,sh000903
2021-09-30 00:00:00,4719.9,4730.05,4745.08,4714.07,61091144.0,140091256832.0,0.66,4730.05,sh000903
2021-10-08 00:00:00,4780.8,4825.59,4838.49,4761.21,80840317.0,187827863552.0,1.63,4825.59,sh000903
2021-10-11 00:00:00,4840.15,4840.89,4903.09,4838.33,75926610.0,167155773440.0,1.34,4840.89,sh000903
2021-10-12 00:00:00,4824.33,4811.92,4844.5,4772.21,73674235.0,148302843904.0,1.49,4811.92,sh000903
2021-10-13 00:00:00,4806.1,4863.96,4884.38,4795.17,59103557.0,148205940736.0,1.85,4863.96,sh000903
2021-10-14 00:00:00,4860.68,4827.06,4879.68,4818.24,48502062.0,117984604160.0,1.26,4827.06,sh000903
2021-10-15 00:00:00,4807.79,4843.24,4851.13,4797.37,64173737.0,146561503232.0,1.11,4843.24,sh000903
2021-10-18 00:00:00,4830.97,4757.94,4830.97,4734.19,62523953.0,155267641344.0,2.0,4757.94,sh000903
2021-10-19 00:00:00,4750.06,4807.55,4818.12,4750.05,58388529.0,140148047872.0,1.43,4807.55,sh000903
2021-10-20 00:00:00,4821.2,4795.05,4841.46,4781.88,57042678.0,132021547008.0,1.24,4795.05,sh000903
2021-10-21 00:00:00,4798.85,4828.04,4842.71,4791.41,64972027.0,137652387840.0,1.07,4828.04,sh000903
2021-10-22 00:00:00,4840.99,4876.85,4903.97,4834.15,60743828.0,144195510272.0,1.45,4876.85,sh000903
2021-10-25 00:00:00,4852.57,4869.75,4873.15,4830.63,59106660.0,145960759296.0,0.87,4869.75,sh000903
2021-10-26 00:00:00,4867.01,4839.49,4887.79,4832.93,54179868.0,132423053312.0,1.13,4839.49,sh000903
2021-10-27 00:00:00,4821.35,4767.84,4821.35,4753.42,60593536.0,140238647296.0,1.4,4767.84,sh000903
2021-10-28 00:00:00,4750.52,4747.06,4769.68,4732.58,61272443.0,141082501120.0,0.78,4747.06,sh000903
2021-10-29 00:00:00,4748.5,4785.49,4785.49,4742.28,68190999.0,177066573824.0,0.91,4785.49,sh000903
2021-11-01 00:00:00,4742.17,4766.19,4780.64,4716.66,74671529.0,183484551168.0,1.34,4766.19,sh000903
2021-11-02 00:00:00,4758.58,4703.06,4783.78,4663.42,84504965.0,187905478656.0,2.53,4703.06,sh000903
2021-11-03 00:00:00,4696.87,4674.34,4718.07,4664.53,61018762.0,139028348928.0,1.14,4674.34,sh000903
2021-11-04 00:00:00,4695.2,4720.78,4730.44,4688.47,56726461.0,148405227520.0,0.9,4720.78,sh000903
2021-11-05 00:00:00,4708.41,4703.05,4743.74,4694.85,55430426.0,134082625536.0,1.04,4703.05,sh000903
2021-11-08 00:00:00,4699.64,4697.69,4719.89,4680.95,51224648.0,121367031808.0,0.83,4697.69,sh000903
2021-11-09 00:00:00,4706.29,4682.99,4719.62,4662.52,48321779.0,112945991680.0,1.22,4682.99,sh000903
2021-11-10 00:00:00,4670.07,4653.01,4671.73,4593.2,59496292.0,140755382272.0,1.68,4653.01,sh000903
2021-11-11 00:00:00,4649.48,4741.91,4742.09,4642.37,75154885.0,158209884160.0,2.14,4741.91,sh000903
2021-11-12 00:00:00,4750.15,4722.25,4753.97,4711.99,53462822.0,118932156416.0,0.89,4722.25,sh000903
2021-11-15 00:00:00,4732.94,4730.72,4747.64,4711.28,47408804.0,112986238976.0,0.77,4730.72,sh000903
2021-11-16 00:00:00,4733.39,4741.72,4767.75,4731.22,49382807.0,123049881600.0,0.77,4741.72,sh000903
2021-11-17 00:00:00,4738.48,4728.31,4749.52,4715.98,41670505.0,100820357120.0,0.71,4728.31,sh000903
2021-11-18 00:00:00,4713.59,4677.91,4713.59,4672.61,41719716.0,93831360512.0,0.87,4677.91,sh000903
2021-11-19 00:00:00,4670.83,4731.65,4738.44,4669.84,50984387.0,118429523968.0,1.47,4731.65,sh000903
2021-11-22 00:00:00,4737.39,4731.73,4752.74,4725.45,52491965.0,133990707200.0,0.58,4731.73,sh000903
2021-11-23 00:00:00,4723.58,4738.3,4756.62,4717.57,54576371.0,127727669248.0,0.83,4738.3,sh000903
2021-11-24 00:00:00,4743.76,4756.4,4774.8,4729.31,47626386.0,131089051648.0,0.96,4756.4,sh000903
2021-11-25 00:00:00,4759.2,4734.72,4764.04,4727.52,42109065.0,115360694272.0,0.77,4734.72,sh000903
2021-11-26 00:00:00,4726.58,4690.84,4726.63,4680.86,44049349.0,105644912640.0,0.97,4690.84,sh000903
2021-11-29 00:00:00,4657.24,4678.9,4687.49,4652.02,49060685.0,118513631232.0,0.76,4678.9,sh000903
2021-11-30 00:00:00,4679.68,4645.25,4692.93,4629.38,47525716.0,109178077184.0,1.36,4645.25,sh000903
2021-12-01 00:00:00,4649.07,4663.84,4665.1,4639.21,45702431.0,104950038528.0,0.56,4663.84,sh000903
2021-12-02 00:00:00,4656.84,4678.33,4688.41,4643.21,55691026.0,116010545152.0,0.97,4678.33,sh000903
2021-12-03 00:00:00,4678.95,4723.63,4723.63,4674.77,53640169.0,139685453824.0,1.04,4723.63,sh000903
2021-12-06 00:00:00,4735.61,4733.9,4778.25,4729.66,71683087.0,160780554240.0,1.03,4733.9,sh000903
2021-12-07 00:00:00,4770.95,4774.66,4784.4,4751.5,72170537.0,162336018432.0,0.69,4774.66,sh000903
2021-12-08 00:00:00,4786.06,4844.25,4845.45,4758.72,62352212.0,159952375808.0,1.82,4844.25,sh000903
2021-12-09 00:00:00,4851.09,4931.76,4975.3,4848.92,96332718.0,216112738304.0,2.61,4931.76,sh000903
2021-12-10 00:00:00,4899.62,4914.5,4917.77,4890.83,82222147.0,161932738560.0,0.55,4914.5,sh000903
2021-12-13 00:00:00,4955.52,4945.97,5016.28,4943.59,96722898.0,233692487680.0,1.48,4945.97,sh000903
2021-12-14 00:00:00,4929.02,4914.79,4940.63,4903.61,70174374.0,162198122496.0,0.75,4914.79,sh000903
2021-12-15 00:00:00,4900.93,4871.64,4928.79,4870.91,58639652.0,139843833856.0,1.18,4871.64,sh000903
2021-12-16 00:00:00,4871.38,4893.75,4893.75,4849.01,56618944.0,146099249152.0,0.92,4893.75,sh000903
2021-12-17 00:00:00,4877.69,4817.77,4880.74,4815.04,59420598.0,153972867072.0,1.34,4817.77,sh000903
2021-12-20 00:00:00,4801.45,4761.68,4837.77,4751.33,60047401.0,150664200192.0,1.79,4761.68,sh000903
2021-12-21 00:00:00,4756.45,4788.96,4796.23,4752.59,53944932.0,127885062144.0,0.92,4788.96,sh000903
2021-12-22 00:00:00,4800.14,4785.6,4813.76,4772.97,49505510.0,117887545344.0,0.85,4785.6,sh000903
2021-12-23 00:00:00,4796.25,4825.84,4825.84,4772.32,52920960.0,126850949120.0,1.12,4825.84,sh000903
2021-12-24 00:00:00,4829.91,4805.85,4843.84,4787.35,55382451.0,151552606208.0,1.17,4805.85,sh000903
2021-12-27 00:00:00,4801.13,4798.76,4819.23,4775.41,49440172.0,129310834688.0,0.91,4798.76,sh000903
2021-12-28 00:00:00,4802.73,4834.71,4839.65,4798.1,55382538.0,138393112576.0,0.87,4834.71,sh000903
2021-12-29 00:00:00,4839.83,4747.92,4839.83,4747.92,47192489.0,142302027776.0,1.9,4747.92,sh000903
2021-12-30 00:00:00,4747.58,4780.37,4801.1,4741.52,51270748.0,130901139456.0,1.25,4780.37,sh000903
2021-12-31 00:00:00,4797.01,4792.91,4808.63,4775.77,49029919.0,130361126912.0,0.69,4792.91,sh000903
2022-01-04 00:00:00,4812.64,4779.48,4816.78,4726.52,66256407.0,173892206592.0,1.88,4779.48,sh000903
2022-01-05 00:00:00,4767.91,4751.67,4799.21,4735.61,84478277.0,196830838784.0,1.33,4751.67,sh000903
2022-01-06 00:00:00,4728.14,4687.43,4741.61,4665.31,67779930.0,167156629504.0,1.61,4687.43,sh000903
2022-01-07 00:00:00,4696.8,4704.76,4731.96,4693.2,87466153.0,169115340800.0,0.83,4704.76,sh000903
2022-01-10 00:00:00,4692.19,4724.55,4727.87,4661.74,71371750.0,158287515648.0,1.41,4724.55,sh000903
2022-01-11 00:00:00,4719.53,4686.56,4737.55,4681.27,66890506.0,148435369984.0,1.19,4686.56,sh000903
2022-01-12 00:00:00,4708.74,4729.63,4737.95,4698.98,66058542.0,156191150080.0,0.83,4729.63,sh000903
2022-01-13 00:00:00,4740.77,4654.33,4743.0,4653.52,67619868.0,151159230464.0,1.89,4654.33,sh000903
2022-01-14 00:00:00,4632.81,4605.96,4648.66,4603.95,69271549.0,140333637632.0,0.96,4605.96,sh000903
2022-01-17 00:00:00,4610.58,4640.95,4649.88,4606.42,52459791.0,133878226944.0,0.94,4640.95,sh000903
2022-01-18 00:00:00,4641.11,4689.74,4701.37,4620.81,67638994.0,140464427008.0,1.74,4689.74,sh000903
2022-01-19 00:00:00,4699.2,4667.31,4711.34,4642.28,61365204.0,144560840704.0,1.47,4667.31,sh000903
2022-01-20 00:00:00,4662.58,4732.76,4755.3,4662.08,80303534.0,164883415040.0,2.0,4732.76,sh000903
2022-01-21 00:00:00,4718.09,4697.35,4730.24,4674.95,65316854.0,141737480192.0,1.17,4697.35,sh000903
2022-01-24 00:00:00,4671.68,4691.64,4708.51,4656.89,55073247.0,129464795136.0,1.1,4691.64,sh000903
2022-01-25 00:00:00,4663.05,4592.53,4680.39,4592.26,61969091.0,126577635328.0,1.88,4592.53,sh000903
2022-01-26 00:00:00,4613.06,4632.75,4633.55,4569.33,48895626.0,118301802496.0,1.4,4632.75,sh000903
2022-01-27 00:00:00,4628.3,4546.82,4629.15,4542.9,58127112.0,140090007552.0,1.86,4546.82,sh000903
2022-01-28 00:00:00,4570.01,4486.91,4588.47,4480.62,63158077.0,156560318464.0,2.37,4486.91,sh000903
2022-02-07 00:00:00,4563.63,4555.24,4591.47,4533.39,68600177.0,148457816064.0,1.29,4555.24,sh000903
2022-02-08 00:00:00,4546.31,4528.42,4546.31,4443.51,77484644.0,156055126016.0,2.26,4528.42,sh000903
2022-02-09 00:00:00,4529.25,4571.6,4581.03,4520.52,72593567.0,149880934400.0,1.34,4571.6,sh000903
2022-02-10 00:00:00,4578.01,4556.18,4578.01,4523.09,69306104.0,160054919168.0,1.2,4556.18,sh000903
2022-02-11 00:00:00,4533.89,4529.47,4583.15,4523.81,80120105.0,178113200128.0,1.3,4529.47,sh000903
2022-02-14 00:00:00,4509.81,4481.55,4522.13,4461.62,74681574.0,157512384512.0,1.34,4481.55,sh000903
2022-02-15 00:00:00,4482.33,4518.66,4522.28,4477.94,58195241.0,139322408960.0,0.99,4518.66,sh000903
2022-02-16 00:00:00,4538.05,4538.84,4562.32,4528.7,48495593.0,108753330176.0,0.74,4538.84,sh000903
2022-02-17 00:00:00,4539.63,4544.57,4566.85,4530.54,48554232.0,111889108992.0,0.8,4544.57,sh000903
2022-02-18 00:00:00,4521.13,4569.0,4569.02,4515.28,47584338.0,99169734656.0,1.18,4569.0,sh000903
2022-02-21 00:00:00,4559.25,4542.35,4559.25,4521.64,54964288.0,109163450368.0,0.82,4542.35,sh000903
2022-02-22 00:00:00,4506.77,4475.7,4506.98,4450.3,57702144.0,129791909888.0,1.25,4475.7,sh000903
2022-02-23 00:00:00,4486.54,4510.91,4513.55,4472.25,58809633.0,132216315904.0,0.92,4510.91,sh000903
2022-02-24 00:00:00,4478.65,4416.92,4490.78,4381.59,87184817.0,175229849600.0,2.42,4416.92,sh000903
2022-02-25 00:00:00,4451.56,4454.52,4494.65,4445.02,65164600.0,136898387968.0,1.12,4454.52,sh000903
2022-02-28 00:00:00,4441.78,4460.57,4460.57,4410.63,61931295.0,125801152512.0,1.12,4460.57,sh000903
2022-03-01 00:00:00,4478.81,4509.6,4513.67,4471.66,55719196.0,135807946752.0,0.94,4509.6,sh000903
2022-03-02 00:00:00,4482.06,4460.73,4482.18,4446.67,52487355.0,109902888960.0,0.79,4460.73,sh000903
2022-03-03 00:00:00,4477.68,4437.32,4482.22,4430.48,65902769.0,127768285184.0,1.16,4437.32,sh000903
2022-03-04 00:00:00,4395.37,4373.44,4410.94,4359.54,59647905.0,133322678272.0,1.16,4373.44,sh000903
2022-03-07 00:00:00,4331.79,4225.54,4331.79,4212.39,78688586.0,172182102016.0,2.73,4225.54,sh000903
2022-03-08 00:00:00,4239.69,4161.93,4262.53,4146.13,78031752.0,168525672448.0,2.75,4161.93,sh000903
2022-03-09 00:00:00,4177.98,4132.35,4204.51,3981.13,93729060.0,185519210496.0,5.37,4132.35,sh000903
2022-03-10 00:00:00,4231.02,4191.86,4235.9,4187.7,70511716.0,165614866432.0,1.17,4191.86,sh000903
2022-03-11 00:00:00,4133.72,4201.47,4212.29,4075.47,73791803.0,161056243712.0,3.26,4201.47,sh000903
2022-03-14 00:00:00,4136.93,4059.34,4165.91,4059.34,62701366.0,140376408064.0,2.54,4059.34,sh000903
2022-03-15 00:00:00,4008.72,3870.99,4042.56,3870.99,102932298.0,195915620352.0,4.23,3870.99,sh000903
2022-03-16 00:00:00,3938.23,4046.6,4060.32,3841.39,98846438.0,216444596224.0,5.66,4046.6,sh000903
2022-03-17 00:00:00,4135.59,4134.27,4195.86,4109.75,88015977.0,215314415616.0,2.13,4134.27,sh000903
2022-03-18 00:00:00,4116.32,4165.33,4186.14,4089.29,79112069.0,154412318720.0,2.34,4165.33,sh000903
2022-03-21 00:00:00,4183.01,4142.03,4183.01,4113.23,61949793.0,133408952320.0,1.68,4142.03,sh000903
2022-03-22 00:00:00,4139.58,4145.91,4172.99,4123.75,60034130.0,110157488128.0,1.19,4145.91,sh000903
2022-03-23 00:00:00,4162.08,4168.98,4182.26,4133.07,54469975.0,116028747776.0,1.19,4168.98,sh000903
2022-03-24 00:00:00,4142.76,4145.97,4167.26,4113.5,50334938.0,114239094784.0,1.29,4145.97,sh000903
2022-03-25 00:00:00,4141.54,4068.35,4150.51,4067.22,51224302.0,112640610304.0,2.01,4068.35,sh000903
2022-03-28 00:00:00,4021.49,4044.32,4067.41,3983.39,59080404.0,118606553088.0,2.07,4044.32,sh000903
2022-03-29 00:00:00,4048.74,4028.3,4073.8,4018.98,46933888.0,96896557056.0,1.36,4028.3,sh000903
2022-03-30 00:00:00,4058.64,4153.82,4153.82,4058.52,69382799.0,146681544704.0,2.37,4153.82,sh000903
2022-03-31 00:00:00,4132.56,4131.76,4148.62,4114.09,66150415.0,121937809408.0,0.83,4131.76,sh000903
2022-04-01 00:00:00,4112.07,4196.46,4210.1,4101.79,69354883.0,136691634176.0,2.62,4196.46,sh000903
2022-04-06 00:00:00,4172.32,4185.7,4198.98,4159.97,81998351.0,138621796352.0,0.93,4185.7,sh000903
2022-04-07 00:00:00,4161.84,4138.19,4200.51,4130.22,66985098.0,114101891072.0,1.68,4138.19,sh000903
2022-04-08 00:00:00,4141.19,4163.04,4170.3,4114.92,66676790.0,118497980416.0,1.34,4163.04,sh000903
2022-04-11 00:00:00,4134.14,4046.47,4134.14,4036.4,70155973.0,143065382912.0,2.35,4046.47,sh000903
2022-04-12 00:00:00,4055.29,4128.97,4128.97,4028.7,68782989.0,136455761920.0,2.48,4128.97,sh000903
2022-04-13 00:00:00,4105.78,4102.75,4155.05,4091.91,59057782.0,116678189056.0,1.53,4102.75,sh000903
2022-04-14 00:00:00,4137.34,4153.46,4181.54,4121.36,59815229.0,137899200512.0,1.47,4153.46,sh000903
2022-04-15 00:00:00,4123.29,4148.16,4168.18,4113.92,56777810.0,117295013888.0,1.31,4148.16,sh000903
2022-04-18 00:00:00,4112.19,4106.9,4117.33,4076.4,55656881.0,114176958464.0,0.99,4106.9,sh000903
2022-04-19 00:00:00,4103.69,4076.21,4131.36,4054.77,54193528.0,119752630272.0,1.86,4076.21,sh000903
2022-04-20 00:00:00,4069.26,4014.79,4074.67,4005.12,56381371.0,126816673792.0,1.71,4014.79,sh000903
2022-04-21 00:00:00,3994.63,3956.89,4031.31,3937.18,65869235.0,127009509376.0,2.34,3956.89,sh000903
2022-04-22 00:00:00,3927.93,3989.57,4009.03,3920.19,63351660.0,116418981888.0,2.25,3989.57,sh000903
2022-04-25 00:00:00,3903.9,3805.47,3934.98,3805.0,85924165.0,157959868416.0,3.26,3805.47,sh000903
2022-04-26 00:00:00,3810.08,3794.12,3872.32,3782.4,76628221.0,145988734976.0,2.36,3794.12,sh000903
2022-04-27 00:00:00,3775.45,3891.87,3891.87,3775.08,83474350.0,165924290560.0,3.08,3891.87,sh000903
2022-04-28 00:00:00,3881.79,3921.87,3937.87,3873.96,75396618.0,147382677504.0,1.64,3921.87,sh000903
2022-04-29 00:00:00,3937.24,3995.52,4004.58,3886.27,90463048.0,182501670912.0,3.02,3995.52,sh000903
2022-05-05 00:00:00,3971.35,3976.81,4006.26,3963.07,77806313.0,164997943296.0,1.08,3976.81,sh000903
2022-05-06 00:00:00,3901.54,3873.32,3915.18,3867.34,59521887.0,118611054592.0,1.2,3873.32,sh000903
2022-05-09 00:00:00,3847.63,3833.84,3872.36,3810.15,43164388.0,93298900992.0,1.61,3833.84,sh000903
2022-05-10 00:00:00,3776.18,3870.49,3886.04,3760.27,67009528.0,130402516992.0,3.28,3870.49,sh000903
2022-05-11 00:00:00,3867.17,3922.13,3969.7,3865.36,77398930.0,163954819072.0,2.7,3922.13,sh000903
2022-05-12 00:00:00,3896.4,3899.04,3926.68,3880.66,51313009.0,106060550144.0,1.17,3899.04,sh000903
2022-05-13 00:00:00,3927.66,3932.18,3948.1,3901.44,52645578.0,110467563520.0,1.2,3932.18,sh000903
2022-05-16 00:00:00,3958.9,3899.52,3961.66,3888.31,53805020.0,110899335168.0,1.87,3899.52,sh000903
2022-05-17 00:00:00,3909.74,3951.69,3951.69,3903.88,51788879.0,110328037376.0,1.23,3951.69,sh000903
2022-05-18 00:00:00,3961.07,3932.19,3961.07,3899.49,49104778.0,107043721216.0,1.56,3932.19,sh000903
2022-05-19 00:00:00,3880.79,3928.77,3932.11,3877.26,52004037.0,108552065024.0,1.39,3928.77,sh000903
2022-05-20 00:00:00,3952.72,4014.77,4015.31,3952.67,69838254.0,149488824320.0,1.59,4014.77,sh000903
2022-05-23 00:00:00,4017.69,3974.48,4017.69,3955.51,55554020.0,118708633600.0,1.55,3974.48,sh000903
2022-05-24 00:00:00,3972.63,3890.53,3972.63,3890.46,60971666.0,122821079040.0,2.07,3890.53,sh000903
2022-05-25 00:00:00,3894.98,3906.75,3910.48,3877.93,45082271.0,96452812800.0,0.84,3906.75,sh000903
2022-05-26 00:00:00,3911.88,3911.59,3935.75,3864.91,56926820.0,116174049280.0,1.81,3911.59,sh000903
2022-05-27 00:00:00,3946.13,3929.49,3978.26,3913.97,55241649.0,116413595648.0,1.64,3929.49,sh000903
2022-05-30 00:00:00,3950.49,3956.21,3972.17,3938.58,54955159.0,119218044928.0,0.85,3956.21,sh000903
2022-05-31 00:00:00,3959.79,4017.17,4022.61,3947.87,66258519.0,148638384128.0,1.89,4017.17,sh000903
2022-06-01 00:00:00,4014.5,4008.64,4019.18,3987.26,52834404.0,116597141504.0,0.79,4008.64,sh000903
2022-06-02 00:00:00,3988.38,4001.99,4005.85,3983.82,48844915.0,110851649536.0,0.55,4001.99,sh000903
2022-06-06 00:00:00,4006.29,4072.25,4073.09,3974.73,81230935.0,173755330560.0,2.46,4072.25,sh000903
2022-06-07 00:00:00,4071.8,4092.74,4110.37,4061.92,67764206.0,153859674112.0,1.19,4092.74,sh000903
2022-06-08 00:00:00,4104.16,4138.21,4138.75,4078.45,68702080.0,174608265216.0,1.47,4138.21,sh000903
2022-06-09 00:00:00,4130.83,4101.28,4148.7,4088.76,74750380.0,150291791872.0,1.45,4101.28,sh000903
2022-06-10 00:00:00,4070.71,4157.67,4160.95,4064.59,80908014.0,166122954752.0,2.35,4157.67,sh000903
2022-06-13 00:00:00,4109.69,4105.28,4133.9,4072.85,80534999.0,189785149440.0,1.47,4105.28,sh000903
2022-06-14 00:00:00,4058.69,4124.24,4125.46,4015.57,80054904.0,183942991872.0,2.68,4124.24,sh000903
2022-06-15 00:00:00,4129.19,4178.12,4246.38,4128.99,115602803.0,244864389120.0,2.85,4178.12,sh000903
2022-06-16 00:00:00,4187.41,4156.07,4211.32,4146.28,83712561.0,174117810176.0,1.56,4156.07,sh000903
2022-06-17 00:00:00,4125.86,4228.66,4239.43,4124.22,74583478.0,194589790208.0,2.77,4228.66,sh000903
2022-06-20 00:00:00,4244.01,4247.41,4286.47,4216.94,83193349.0,205103710208.0,1.64,4247.41,sh000903
2022-06-21 00:00:00,4246.57,4242.4,4273.53,4203.29,84402980.0,176269668352.0,1.65,4242.4,sh000903
2022-06-22 00:00:00,4252.53,4186.02,4253.18,4184.25,90637281.0,172263653376.0,1.62,4186.02,sh000903
2022-06-23 00:00:00,4194.33,4255.17,4255.17,4171.31,94109624.0,183260348416.0,2.0,4255.17,sh000903
2022-06-24 00:00:00,4270.88,4324.27,4327.73,4261.77,91332966.0,203867316224.0,1.55,4324.27,sh000903
2022-06-27 00:00:00,4344.96,4362.57,4395.26,4340.01,93297111.0,214169452544.0,1.28,4362.57,sh000903
2022-06-28 00:00:00,4361.8,4409.14,4416.62,4320.5,93231872.0,201308221440.0,2.2,4409.14,sh000903
2022-06-29 00:00:00,4392.5,4339.74,4425.71,4331.71,91283415.0,215957680128.0,2.13,4339.74,sh000903
2022-06-30 00:00:00,4334.11,4406.01,4438.75,4334.11,74208435.0,189896216576.0,2.41,4406.01,sh000903
2022-07-01 00:00:00,4414.92,4391.85,4428.28,4372.24,71116362.0,171250548736.0,1.27,4391.85,sh000903
2022-07-04 00:00:00,4365.19,4421.75,4421.78,4349.9,69242360.0,200047058944.0,1.64,4421.75,sh000903
2022-07-05 00:00:00,4434.25,4422.66,4461.85,4369.34,80160215.0,210064982016.0,2.09,4422.66,sh000903
2022-07-06 00:00:00,4408.07,4348.3,4414.65,4317.12,77112151.0,200271159296.0,2.21,4348.3,sh000903
2022-07-07 00:00:00,4354.31,4375.2,4391.59,4321.44,69108682.0,191646425088.0,1.61,4375.2,sh000903
2022-07-08 00:00:00,4404.36,4357.54,4417.67,4355.3,62747891.0,175116185600.0,1.43,4357.54,sh000903
2022-07-11 00:00:00,4335.25,4275.92,4335.25,4250.62,69051817.0,175605391360.0,1.94,4275.92,sh000903
2022-07-12 00:00:00,4276.66,4233.94,4292.61,4214.58,57762953.0,164857841435.8,1.82,4233.94,sh000903
2022-07-13 00:00:00,4233.93,4251.64,4270.51,4206.54,58705807.0,161583567395.3,1.51,4251.64,sh000903
2022-07-14 00:00:00,4242.36,4257.89,4290.84,4227.43,64767950.0,169432887695.3,1.49,4257.89,sh000903
2022-07-15 00:00:00,4233.68,4180.95,4280.49,4180.95,71194079.0,175977238463.1,2.34,4180.95,sh000903
2022-07-18 00:00:00,4199.83,4231.73,4239.99,4148.55,62422555.0,157361125318.1,2.19,4231.73,sh000903
2022-07-19 00:00:00,4228.14,4193.8,4228.14,4165.05,51715609.0,129225937207.1,1.49,4193.8,sh000903
2022-07-20 00:00:00,4219.44,4202.1,4228.28,4189.4,43759983.0,111881859480.6,0.93,4202.1,sh000903
2022-07-21 00:00:00,4186.25,4154.04,4198.58,4153.87,58700072.0,131938197050.1,1.06,4154.04,sh000903
2022-07-22 00:00:00,4172.71,4158.78,4198.63,4126.94,51552274.0,125034263321.3,1.73,4158.78,sh000903
2022-07-25 00:00:00,4154.27,4131.47,4158.9,4120.69,40802442.0,101856976486.2,0.92,4131.47,sh000903
2022-07-26 00:00:00,4138.55,4160.39,4175.82,4130.03,40988370.0,103307363527.9,1.11,4160.39,sh000903
2022-07-27 00:00:00,4150.28,4133.95,4152.46,4124.42,38378912.0,106115929809.9,0.67,4133.95,sh000903
2022-07-28 00:00:00,4153.14,4132.58,4181.39,4130.48,52937618.0,137188784055.7,1.23,4132.58,sh000903
2022-07-29 00:00:00,4137.22,4082.16,4160.96,4073.44,55260396.0,132727617707.4,2.12,4082.16,sh000903
2022-08-01 00:00:00,4072.78,4103.41,4112.32,4039.25,50731982.0,130250593910.8,1.79,4103.41,sh000903
2022-08-02 00:00:00,4057.47,4021.81,4057.47,3986.0,68010067.0,146259979906.2,1.74,4021.81,sh000903
2022-08-03 00:00:00,4029.74,3977.27,4067.31,3966.05,55622658.0,146338953736.6,2.52,3977.27,sh000903
2022-08-04 00:00:00,4000.16,4014.16,4022.91,3978.23,41926535.0,119663830715.0,1.12,4014.16,sh000903
2022-08-05 00:00:00,4021.46,4067.45,4071.11,4007.53,49877341.0,133712750292.1,1.58,4067.45,sh000903
2022-08-08 00:00:00,4049.29,4054.71,4060.93,4038.83,42683401.0,118526806565.1,0.54,4054.71,sh000903
2022-08-09 00:00:00,4051.21,4072.47,4079.16,4037.32,41397994.0,117890294493.4,1.03,4072.47,sh000903
2022-08-10 00:00:00,4065.88,4024.29,4074.16,4005.47,43590402.0,119185496334.5,1.69,4024.29,sh000903
2022-08-11 00:00:00,4046.24,4108.35,4109.15,4029.85,56196784.0,143948718273.4,1.97,4108.35,sh000903
2022-08-12 00:00:00,4100.9,4107.4,4117.75,4089.99,47954939.0,115144393656.2,0.68,4107.4,sh000903
2022-08-15 00:00:00,4099.19,4115.99,4148.31,4095.12,52310397.0,137477197142.9,1.29,4115.99,sh000903
2022-08-16 00:00:00,4121.51,4105.47,4140.12,4098.24,46567185.0,132366694367.9,1.02,4105.47,sh000903
2022-08-17 00:00:00,4111.01,4146.8,4153.68,4082.26,53094298.0,137796378379.9,1.74,4146.8,sh000903
2022-08-18 00:00:00,4136.64,4108.9,4143.56,4104.1,45985459.0,123345159806.0,0.95,4108.9,sh000903
2022-08-19 00:00:00,4106.93,4079.62,4110.41,4079.15,55298111.0,142386524337.7,0.76,4079.62,sh000903
2022-08-22 00:00:00,4066.0,4113.16,4116.62,4061.42,52515670.0,143318896146.6,1.35,4113.16,sh000903
2022-08-23 00:00:00,4107.14,4093.34,4121.07,4079.17,44861555.0,127589390356.9,1.02,4093.34,sh000903
2022-08-24 00:00:00,4106.2,4008.99,4109.86,4004.46,55745254.0,146884306830.7,2.57,4008.99,sh000903
2022-08-25 00:00:00,4019.48,4037.39,4040.79,3976.01,54125178.0,133055287602.0,1.62,4037.39,sh000903
2022-08-26 00:00:00,4050.59,4023.96,4054.43,4019.39,46467168.0,119042300604.4,0.87,4023.96,sh000903
2022-08-29 00:00:00,3978.89,4007.99,4010.9,3974.17,42868139.0,102939281967.5,0.91,4007.99,sh000903
2022-08-30 00:00:00,4006.12,3987.17,4009.51,3959.46,44517296.0,103813492466.2,1.25,3987.17,sh000903
2022-08-31 00:00:00,3964.45,3990.65,4022.59,3954.99,64022283.0,166031843266.5,1.7,3990.65,sh000903
2022-09-01 00:00:00,3977.76,3952.53,4004.53,3949.88,46560336.0,114854929202.3,1.37,3952.53,sh000903
2022-09-02 00:00:00,3965.85,3932.13,3966.83,3912.69,38464015.0,96896735459.8,1.37,3932.13,sh000903
2022-09-05 00:00:00,3916.46,3921.13,3925.08,3889.31,44019591.0,110718151991.7,0.91,3921.13,sh000903
2022-09-06 00:00:00,3929.54,3951.33,3953.32,3907.45,50756147.0,130172288648.3,1.17,3951.33,sh000903
2022-09-07 00:00:00,3929.12,3956.88,3968.88,3925.33,49997850.0,119881530878.1,1.1,3956.88,sh000903
2022-09-08 00:00:00,3960.8,3932.75,3968.34,3931.06,43757452.0,99194829993.1,0.94,3932.75,sh000903
2022-09-09 00:00:00,3948.97,3995.32,4000.42,3939.41,53539453.0,121377642822.1,1.55,3995.32,sh000903
2022-09-13 00:00:00,4015.97,4012.61,4028.33,3997.16,48636217.0,115768111011.3,0.78,4012.61,sh000903
2022-09-14 00:00:00,3959.81,3962.92,3988.75,3945.0,42348298.0,103100127674.3,1.09,3962.92,sh000903
2022-09-15 00:00:00,3975.85,3923.76,3984.68,3895.92,57528664.0,139586897710.5,2.24,3923.76,sh000903
2022-09-16 00:00:00,3909.72,3835.2,3916.1,3835.05,65510530.0,134160220842.1,2.07,3835.2,sh000903
2022-09-19 00:00:00,3829.93,3832.64,3859.99,3815.16,46998745.0,100442632169.1,1.17,3832.64,sh000903
2022-09-20 00:00:00,3849.5,3835.13,3861.42,3823.79,40851555.0,99930551795.1,0.98,3835.13,sh000903
2022-09-21 00:00:00,3822.88,3797.65,3823.55,3782.62,42418140.0,96388891578.9,1.07,3797.65,sh000903
2022-09-22 00:00:00,3766.66,3757.8,3789.96,3748.26,41024647.0,92591880720.1,1.1,3757.8,sh000903
2022-09-23 00:00:00,3754.55,3745.7,3777.34,3720.23,46230307.0,94742429665.1,1.52,3745.7,sh000903
2022-09-26 00:00:00,3717.26,3731.97,3787.03,3715.84,52780223.0,108337631413.5,1.9,3731.97,sh000903
2022-09-27 00:00:00,3739.39,3784.04,3785.23,3720.77,44375341.0,99236325891.4,1.73,3784.04,sh000903
2022-09-28 00:00:00,3771.09,3713.46,3771.09,3712.16,42606926.0,93687333910.4,1.56,3713.46,sh000903
2022-09-29 00:00:00,3751.97,3720.9,3760.83,3702.99,42544192.0,97634437611.6,1.56,3720.9,sh000903
2022-09-30 00:00:00,3729.89,3697.86,3742.02,3692.14,39741936.0,91934002970.8,1.34,3697.86,sh000903
2022-10-10 00:00:00,3708.04,3618.59,3708.12,3613.08,48672552.0,105653961019.6,2.57,3618.59,sh000903
2022-10-11 00:00:00,3632.38,3632.03,3641.84,3611.32,39719952.0,92354174101.5,0.84,3632.03,sh000903
2022-10-12 00:00:00,3625.66,3686.58,3686.64,3560.66,58548740.0,122387681403.0,3.47,3686.58,sh000903
2022-10-13 00:00:00,3654.82,3644.12,3676.5,3639.3,51314847.0,112485180532.1,1.01,3644.12,sh000903
2022-10-14 00:00:00,3679.09,3743.41,3765.69,3674.36,60437489.0,149722986193.5,2.51,3743.41,sh000903
2022-10-17 00:00:00,3720.89,3747.89,3751.27,3706.72,54712678.0,124273853055.5,1.19,3747.89,sh000903
2022-10-18 00:00:00,3769.96,3738.58,3772.41,3731.9,42208039.0,103251944081.2,1.08,3738.58,sh000903
2022-10-19 00:00:00,3728.68,3676.01,3744.21,3676.01,40620210.0,105245204786.1,1.82,3676.01,sh000903
2022-10-20 00:00:00,3640.82,3646.72,3696.9,3617.26,41747192.0,110456418756.5,2.17,3646.72,sh000903
2022-10-21 00:00:00,3640.72,3631.41,3657.62,3611.1,41409192.0,94419916239.0,1.28,3631.41,sh000903
2022-10-24 00:00:00,3609.88,3517.33,3646.53,3502.9,59945276.0,145288374481.1,3.96,3517.33,sh000903
2022-10-25 00:00:00,3506.19,3507.46,3553.47,3476.36,51007708.0,121980659551.7,2.19,3507.46,sh000903
2022-10-26 00:00:00,3514.66,3533.72,3581.65,3512.82,58538212.0,132594869479.8,1.96,3533.72,sh000903
2022-10-27 00:00:00,3548.84,3509.07,3567.53,3506.81,55604666.0,140708147930.2,1.72,3509.07,sh000903
2022-10-28 00:00:00,3481.88,3406.49,3492.14,3398.54,55982614.0,137071932135.3,2.67,3406.49,sh000903
2022-10-31 00:00:00,3366.98,3374.87,3422.42,3362.74,68583084.0,142703181858.0,1.75,3374.87,sh000903
2022-11-01 00:00:00,3387.41,3506.67,3506.67,3381.9,72739737.0,166138471815.1,3.7,3506.67,sh000903
2022-11-02 00:00:00,3495.25,3549.45,3573.6,3483.15,69177567.0,157324659254.6,2.58,3549.45,sh000903
2022-11-03 00:00:00,3517.48,3515.02,3543.58,3495.51,58766347.0,118475274493.4,1.35,3515.02,sh000903
2022-11-04 00:00:00,3514.67,3638.34,3653.36,3514.67,75298188.0,172663692013.9,3.95,3638.34,sh000903
2022-11-07 00:00:00,3628.09,3651.15,3671.42,3622.29,69986541.0,142298384110.6,1.35,3651.15,sh000903
2022-11-08 00:00:00,3651.19,3627.88,3660.05,3599.87,51511184.0,109484798768.4,1.65,3627.88,sh000903
2022-11-09 00:00:00,3629.28,3587.58,3638.66,3583.93,45838339.0,95295440026.3,1.51,3587.58,sh000903
2022-11-10 00:00:00,3554.81,3548.63,3565.99,3527.41,56775182.0,101435336795.0,1.08,3548.63,sh000903
2022-11-11 00:00:00,3657.45,3660.15,3699.91,3616.77,100684751.0,195929301876.2,2.34,3660.15,sh000903
2022-11-14 00:00:00,3697.68,3667.92,3726.9,3655.26,83753615.0,176570994083.9,1.96,3667.92,sh000903
2022-11-15 00:00:00,3664.8,3743.18,3746.8,3646.69,73907454.0,158713763875.9,2.73,3743.18,sh000903
2022-11-16 00:00:00,3740.05,3712.8,3753.56,3707.79,59835191.0,128967092937.2,1.22,3712.8,sh000903
2022-11-17 00:00:00,3701.9,3689.95,3701.9,3648.49,53989474.0,122263937736.5,1.44,3689.95,sh000903
2022-11-18 00:00:00,3697.2,3678.47,3717.05,3678.43,56326282.0,121044406348.2,1.05,3678.47,sh000903
2022-11-21 00:00:00,3645.83,3646.22,3647.91,3610.5,47003476.0,101916538941.1,1.02,3646.22,sh000903
2022-11-22 00:00:00,3643.14,3641.45,3683.67,3624.96,63018219.0,104755365597.1,1.61,3641.45,sh000903
2022-11-23 00:00:00,3629.09,3643.46,3663.11,3622.21,61757074.0,104391613733.0,1.12,3643.46,sh000903
2022-11-24 00:00:00,3664.14,3627.13,3677.27,3621.53,43771849.0,83586000573.4,1.53,3627.13,sh000903
2022-11-25 00:00:00,3621.59,3645.08,3660.85,3613.44,67101398.0,103831671863.9,1.31,3645.08,sh000903
2022-11-28 00:00:00,3567.93,3596.58,3600.75,3535.03,58757866.0,105161390875.6,1.8,3596.58,sh000903
2022-11-29 00:00:00,3636.46,3713.57,3721.41,3634.26,75352963.0,147924940754.5,2.42,3713.57,sh000903
2022-11-30 00:00:00,3700.68,3718.28,3729.55,3697.53,71103390.0,128403621591.9,0.86,3718.28,sh000903
2022-12-01 00:00:00,3789.19,3765.51,3811.83,3764.41,83069663.0,162846713136.8,1.28,3765.51,sh000903
2022-12-02 00:00:00,3756.96,3740.76,3769.39,3737.26,55753010.0,105335247215.3,0.85,3740.76,sh000903
2022-12-05 00:00:00,3773.71,3808.11,3809.07,3763.79,98734319.0,159318827840.0,1.21,3808.11,sh000903
2022-12-06 00:00:00,3790.66,3829.92,3845.95,3784.85,72749376.0,142100923842.7,1.6,3829.92,sh000903
2022-12-07 00:00:00,3818.24,3826.32,3866.96,3812.73,67522481.0,137509374245.3,1.42,3826.32,sh000903
2022-12-08 00:00:00,3820.97,3826.49,3839.82,3808.11,51718427.0,102189607506.8,0.83,3826.49,sh000903
2022-12-09 00:00:00,3831.09,3871.54,3876.24,3817.59,72891573.0,140096867584.6,1.53,3871.54,sh000903
2022-12-12 00:00:00,3847.59,3832.71,3862.93,3829.54,58859115.0,120194906987.1,0.86,3832.71,sh000903
2022-12-13 00:00:00,3833.59,3817.48,3838.18,3812.81,47605699.0,96878984888.3,0.66,3817.48,sh000903
2022-12-14 00:00:00,3823.67,3820.72,3838.15,3804.46,49162925.0,105794562251.9,0.88,3820.72,sh000903
2022-12-15 00:00:00,3822.13,3827.64,3833.74,3795.94,43905646.0,100556875011.2,0.99,3827.64,sh000903
2022-12-16 00:00:00,3806.16,3825.82,3831.69,3800.97,42618780.0,90129347697.9,0.8,3825.82,sh000903
2022-12-19 00:00:00,3824.74,3773.02,3840.49,3757.27,51222586.0,99067600401.0,2.18,3773.02,sh000903
2022-12-20 00:00:00,3759.05,3706.91,3759.05,3688.42,38896960.0,89182450488.6,1.87,3706.91,sh000903
2022-12-21 00:00:00,3715.02,3708.8,3731.22,3700.11,31295391.0,66357787168.6,0.84,3708.8,sh000903
2022-12-22 00:00:00,3740.11,3712.53,3757.06,3698.13,41484282.0,89321528643.5,1.59,3712.53,sh000903
2022-12-23 00:00:00,3688.32,3706.02,3725.92,3679.33,32962627.0,70726134149.1,1.25,3706.02,sh000903
2022-12-26 00:00:00,3707.84,3720.57,3734.03,3705.62,34562353.0,82789294452.4,0.77,3720.57,sh000903
2022-12-27 00:00:00,3735.66,3757.82,3762.11,3729.81,35171630.0,80859988197.3,0.87,3757.82,sh000903
2022-12-28 00:00:00,3743.92,3740.21,3751.45,3718.76,38712987.0,86700439636.0,0.87,3740.21,sh000903
2022-12-29 00:00:00,3721.41,3726.38,3738.31,3707.11,38450248.0,81089714553.1,0.83,3726.38,sh000903
2022-12-30 00:00:00,3744.87,3735.1,3760.0,3735.1,35468537.0,80608063457.6,0.67,3735.1,sh000903
2023-01-03 00:00:00,3728.94,3759.04,3766.56,3697.21,53654517.0,106667904434.6,1.86,3759.04,sh000903
2023-01-04 00:00:00,3757.81,3760.33,3775.96,3740.24,52710263.0,112236685534.2,0.95,3760.33,sh000903
2023-01-05 00:00:00,3783.12,3844.84,3849.82,3782.02,58905212.0,148467307317.5,1.8,3844.84,sh000903
2023-01-06 00:00:00,3845.2,3859.63,3883.13,3844.01,58084669.0,135121531467.4,1.02,3859.63,sh000903
2023-01-09 00:00:00,3879.27,3890.1,3901.73,3870.85,56724350.0,124576223792.0,0.8,3890.1,sh000903
2023-01-10 00:00:00,3891.8,3898.05,3911.89,3879.53,44968014.0,117471349580.6,0.83,3898.05,sh000903
2023-01-11 00:00:00,3903.07,3894.52,3929.73,3892.64,48671209.0,111188623071.1,0.95,3894.52,sh000903
2023-01-12 00:00:00,3908.56,3904.64,3924.2,3892.97,45590122.0,105096885622.6,0.8,3904.64,sh000903
2023-01-13 00:00:00,3924.52,3959.89,3959.89,3917.85,44250076.0,114465782283.5,1.08,3959.89,sh000903
2023-01-16 00:00:00,3960.46,4024.63,4062.67,3958.69,65392820.0,167203718505.8,2.63,4024.63,sh000903
2023-01-17 00:00:00,4024.9,4024.7,4036.71,4007.56,44782224.0,109751148755.8,0.72,4024.7,sh000903
2023-01-18 00:00:00,4029.37,4018.32,4038.43,4012.76,40607128.0,89849827946.8,0.64,4018.32,sh000903
2023-01-19 00:00:00,4013.94,4046.89,4046.89,3994.27,48775126.0,108542512242.5,1.31,4046.89,sh000903
2023-01-20 00:00:00,4059.52,4079.36,4089.91,4056.55,70199111.0,129979371768.5,0.82,4079.36,sh000903
2023-01-30 00:00:00,4175.02,4100.82,4175.02,4096.39,87226803.0,190386531130.2,1.93,4100.82,sh000903
2023-01-31 00:00:00,4101.09,4062.44,4114.77,4057.74,64473174.0,141594166860.5,1.39,4062.44,sh000903
2023-02-01 00:00:00,4079.18,4102.91,4102.91,4047.45,72066003.0,149058213884.7,1.37,4102.91,sh000903
2023-02-02 00:00:00,4112.21,4087.77,4112.38,4077.3,62714822.0,142590988031.1,0.86,4087.77,sh000903
2023-02-03 00:00:00,4067.09,4044.15,4067.09,4004.44,58862677.0,130377650371.2,1.53,4044.15,sh000903
2023-02-06 00:00:00,4003.51,3987.9,4004.46,3960.44,58691068.0,130147699190.1,1.09,3987.9,sh000903
2023-02-07 00:00:00,3998.94,3991.26,4006.95,3975.6,44175216.0,96798096175.7,0.79,3991.26,sh000903
2023-02-08 00:00:00,3997.47,3976.06,4011.43,3971.46,43024679.0,94433028753.1,1.0,3976.06,sh000903
2023-02-09 00:00:00,3964.61,4025.42,4025.42,3961.04,46751972.0,108501087565.9,1.62,4025.42,sh000903
2023-02-10 00:00:00,4017.21,3995.78,4019.32,3982.4,42169782.0,99115582430.6,0.92,3995.78,sh000903
2023-02-13 00:00:00,3988.74,4034.05,4036.53,3982.38,54600928.0,125572642246.6,1.36,4034.05,sh000903
2023-02-14 00:00:00,4044.03,4033.77,4045.15,4012.44,46131026.0,103531046863.8,0.81,4033.77,sh000903
2023-02-15 00:00:00,4035.04,4010.71,4044.48,4003.05,65480464.0,118612770130.3,1.03,4010.71,sh000903
2023-02-16 00:00:00,4013.95,3985.73,4057.62,3959.52,80002992.0,147275846872.1,2.45,3985.73,sh000903
2023-02-17 00:00:00,3978.31,3919.84,3994.06,3918.19,57885053.0,122252506751.2,1.9,3919.84,sh000903
2023-02-20 00:00:00,3921.11,4020.97,4022.41,3918.1,83200910.0,157618281264.7,2.66,4020.97,sh000903
2023-02-21 00:00:00,4018.19,4035.85,4045.61,4006.7,77037221.0,138216839584.7,0.97,4035.85,sh000903
2023-02-22 00:00:00,4007.25,3989.2,4018.53,3984.13,54761750.0,106394869260.9,0.85,3989.2,sh000903
2023-02-23 00:00:00,3989.04,3986.2,4014.68,3970.3,51500447.0,105585881884.6,1.11,3986.2,sh000903
2023-02-24 00:00:00,3981.45,3939.09,3983.66,3926.65,50753785.0,99249388911.4,1.43,3939.09,sh000903
2023-02-27 00:00:00,3915.83,3915.94,3940.77,3908.45,46326710.0,99081666936.9,0.82,3915.94,sh000903
2023-02-28 00:00:00,3931.9,3943.69,3949.39,3898.76,58229208.0,111422189430.2,1.29,3943.69,sh000903
2023-03-01 00:00:00,3942.54,4005.8,4017.32,3936.05,78188561.0,138368381027.4,2.06,4005.8,sh000903
2023-03-02 00:00:00,3997.66,3994.06,4016.88,3989.33,73462086.0,127574233375.2,0.69,3994.06,sh000903
2023-03-03 00:00:00,4003.23,4003.18,4011.38,3975.56,74093006.0,116093723605.3,0.9,4003.18,sh000903
2023-03-06 00:00:00,4004.08,3983.1,4005.87,3954.08,75695331.0,147081529227.0,1.29,3983.1,sh000903
2023-03-07 00:00:00,3976.1,3922.5,3998.92,3919.38,92502822.0,139728130530.7,2.0,3922.5,sh000903
2023-03-08 00:00:00,3902.45,3903.37,3910.32,3880.19,56543153.0,98975872432.3,0.77,3903.37,sh000903
2023-03-09 00:00:00,3904.46,3893.79,3915.25,3871.85,58318785.0,108409502399.2,1.11,3893.79,sh000903
2023-03-10 00:00:00,3865.25,3846.18,3880.11,3845.16,60637831.0,116563789037.1,0.9,3846.18,sh000903
2023-03-13 00:00:00,3840.9,3885.94,3887.51,3840.9,74590451.0,133117476325.9,1.21,3885.94,sh000903
2023-03-14 00:00:00,3877.33,3864.4,3882.35,3824.74,75712443.0,147147623101.4,1.48,3864.4,sh000903
2023-03-15 00:00:00,3892.44,3866.77,3901.11,3866.54,67182794.0,124071238980.1,0.89,3866.77,sh000903
2023-03-16 00:00:00,3833.23,3810.97,3854.11,3808.02,69537082.0,128565530818.9,1.19,3810.97,sh000903
2023-03-17 00:00:00,3845.89,3832.12,3878.62,3817.62,85832287.0,170322582908.1,1.6,3832.12,sh000903
2023-03-20 00:00:00,3835.46,3809.46,3852.0,3804.56,93210422.0,165625079115.9,1.24,3809.46,sh000903
2023-03-21 00:00:00,3818.06,3858.4,3858.8,3817.41,64539917.0,128972714505.9,1.09,3858.4,sh000903
2023-03-22 00:00:00,3871.8,3877.01,3893.62,3862.48,73271475.0,141313300956.3,0.81,3877.01,sh000903
2023-03-23 00:00:00,3862.23,3909.31,3909.31,3859.73,77366934.0,152061134209.7,1.28,3909.31,sh000903
2023-03-24 00:00:00,3906.05,3895.14,3906.05,3884.6,77723320.0,156448764193.4,0.55,3895.14,sh000903
2023-03-27 00:00:00,3890.53,3883.28,3890.53,3858.49,81133707.0,165352469360.5,0.82,3883.28,sh000903
2023-03-28 00:00:00,3887.28,3864.11,3893.83,3859.36,64342963.0,123590288058.9,0.89,3864.11,sh000903
2023-03-29 00:00:00,3880.47,3871.62,3885.7,3862.71,60533017.0,131600954953.8,0.59,3871.62,sh000903
2023-03-30 00:00:00,3874.31,3904.62,3905.85,3851.19,71869833.0,149879854236.6,1.41,3904.62,sh000903
2023-03-31 00:00:00,3914.93,3917.21,3929.61,3906.33,65344162.0,149853739941.6,0.6,3917.21,sh000903
2023-04-03 00:00:00,3926.91,3950.52,3954.47,3918.03,89505385.0,209807608298.0,0.93,3950.52,sh000903
2023-04-04 00:00:00,3949.58,3951.03,3952.0,3928.02,95756990.0,209069361293.9,0.61,3951.03,sh000903
2023-04-06 00:00:00,3928.32,3945.89,3947.73,3922.08,73665327.0,170886043827.3,0.65,3945.89,sh000903
2023-04-07 00:00:00,3948.57,3982.61,3990.9,3947.59,62332132.0,153927642307.9,1.1,3982.61,sh000903
2023-04-10 00:00:00,3993.57,3975.47,3994.64,3965.53,74054461.0,180161512599.5,0.73,3975.47,sh000903
2023-04-11 00:00:00,3979.15,3972.8,3988.69,3956.3,73160109.0,167167493965.8,0.81,3972.8,sh000903
2023-04-12 00:00:00,3974.72,3972.82,3983.42,3964.79,82703485.0,171238086701.2,0.47,3972.82,sh000903
2023-04-13 00:00:00,3955.43,3939.53,3959.19,3929.51,70406633.0,152680096124.6,0.75,3939.53,sh000903
2023-04-14 00:00:00,3949.85,3967.22,3976.42,3948.06,67951941.0,164365332555.3,0.72,3967.22,sh000903
2023-04-17 00:00:00,3963.18,4020.34,4020.34,3960.15,82413577.0,178826218692.5,1.52,4020.34,sh000903
2023-04-18 00:00:00,4008.19,4029.11,4041.16,4007.14,74868542.0,170516166180.9,0.85,4029.11,sh000903
2023-04-19 00:00:00,4028.59,3991.92,4028.59,3986.43,77361252.0,161038974672.5,1.05,3991.92,sh000903
2023-04-20 00:00:00,3989.12,3969.97,3989.88,3951.67,76041516.0,176039076853.2,0.96,3969.97,sh000903
2023-04-21 00:00:00,3973.98,3893.29,3973.98,3891.57,81492286.0,182998896355.1,2.08,3893.29,sh000903
2023-04-24 00:00:00,3891.71,3842.19,3893.99,3827.05,77540732.0,172492665655.6,1.72,3842.19,sh000903
2023-04-25 00:00:00,3843.76,3808.31,3847.21,3775.41,74868858.0,168312099068.1,1.87,3808.31,sh000903
2023-04-26 00:00:00,3795.53,3818.71,3834.2,3785.32,68799787.0,166699574518.7,1.28,3818.71,sh000903
2023-04-27 00:00:00,3807.97,3850.99,3862.1,3803.35,63598512.0,155128965890.1,1.54,3850.99,sh000903
2023-04-28 00:00:00,3857.31,3886.03,3886.58,3857.31,68714436.0,156382971514.4,0.76,3886.03,sh000903
2023-05-04 00:00:00,3869.31,3872.06,3882.19,3852.78,87963922.0,163779765714.0,0.76,3872.06,sh000903
2023-05-05 00:00:00,3874.41,3849.67,3876.53,3826.5,77685001.0,143334937190.4,1.29,3849.67,sh000903
2023-05-08 00:00:00,3863.33,3880.58,3884.79,3845.57,91295528.0,167686895037.9,1.02,3880.58,sh000903
2023-05-09 00:00:00,3878.42,3841.34,3898.22,3839.7,95980345.0,171779362973.2,1.51,3841.34,sh000903
2023-05-10 00:00:00,3833.6,3834.19,3849.69,3818.93,72136197.0,143603766646.5,0.8,3834.19,sh000903
2023-05-11 00:00:00,3841.12,3830.72,3849.33,3829.41,53856080.0,118438496016.8,0.52,3830.72,sh000903
2023-05-12 00:00:00,3829.69,3776.55,3838.56,3776.48,60997744.0,119004291449.7,1.62,3776.55,sh000903
2023-05-15 00:00:00,3778.71,3836.51,3836.51,3767.33,68372945.0,139775493781.6,1.83,3836.51,sh000903
2023-05-16 00:00:00,3841.66,3818.48,3841.66,3806.75,50291352.0,114380583686.4,0.91,3818.48,sh000903
2023-05-17 00:00:00,3812.9,3799.5,3821.1,3786.88,48362870.0,99577289843.6,0.9,3799.5,sh000903
2023-05-18 00:00:00,3805.99,3784.59,3814.16,3769.7,51314679.0,107129132423.4,1.17,3784.59,sh000903
2023-05-19 00:00:00,3772.22,3776.05,3797.74,3756.48,45892937.0,96722478482.3,1.09,3776.05,sh000903
2023-05-22 00:00:00,3774.03,3805.23,3818.76,3770.33,42563797.0,93100305127.0,1.28,3805.23,sh000903
2023-05-23 00:00:00,3806.32,3754.71,3810.12,3754.71,48690149.0,90974275110.5,1.46,3754.71,sh000903
2023-05-24 00:00:00,3747.81,3706.09,3748.37,3706.09,55097206.0,102973004087.9,1.13,3706.09,sh000903
2023-05-25 00:00:00,3696.63,3689.27,3706.57,3659.85,54459286.0,104921058611.8,1.26,3689.27,sh000903
2023-05-26 00:00:00,3686.55,3678.06,3686.55,3645.48,41079248.0,92612476219.9,1.11,3678.06,sh000903
2023-05-29 00:00:00,3691.52,3656.39,3694.98,3642.08,56505421.0,109691339595.7,1.44,3656.39,sh000903
2023-05-30 00:00:00,3651.1,3665.87,3671.77,3615.87,62389785.0,122379341968.0,1.53,3665.87,sh000903
2023-05-31 00:00:00,3653.34,3617.3,3653.54,3602.66,56456932.0,117168415081.1,1.39,3617.3,sh000903
2023-06-01 00:00:00,3607.96,3634.33,3659.93,3607.24,56267816.0,116845454451.1,1.46,3634.33,sh000903
2023-06-02 00:00:00,3651.4,3700.65,3704.0,3651.4,54643187.0,120467308715.1,1.45,3700.65,sh000903
2023-06-05 00:00:00,3697.95,3679.96,3697.99,3669.16,46288335.0,105480081656.7,0.78,3679.96,sh000903
2023-06-06 00:00:00,3676.19,3649.31,3703.2,3644.71,54085097.0,112588657844.9,1.59,3649.31,sh000903
2023-06-07 00:00:00,3659.31,3626.07,3665.94,3618.3,42185940.0,99519741433.5,1.31,3626.07,sh000903
2023-06-08 00:00:00,3630.71,3654.96,3670.12,3617.64,48898115.0,98892948850.9,1.45,3654.96,sh000903
2023-06-09 00:00:00,3657.74,3667.93,3668.18,3642.27,62547054.0,124877093172.0,0.71,3667.93,sh000903
2023-06-12 00:00:00,3657.24,3673.86,3689.2,3645.07,55151031.0,119964559984.4,1.2,3673.86,sh000903
2023-06-13 00:00:00,3667.21,3694.15,3697.71,3660.37,49160841.0,110640143105.4,1.02,3694.15,sh000903
2023-06-14 00:00:00,3704.49,3693.72,3719.63,3691.22,53323160.0,119070543525.5,0.77,3693.72,sh000903
2023-06-15 00:00:00,3702.35,3766.04,3766.04,3702.09,56778348.0,153631955062.3,1.73,3766.04,sh000903
2023-06-16 00:00:00,3772.79,3805.52,3810.09,3769.6,59783535.0,144446961879.5,1.08,3805.52,sh000903
2023-06-19 00:00:00,3800.72,3766.25,3800.72,3759.1,57604219.0,130132279611.2,1.09,3766.25,sh000903
2023-06-20 00:00:00,3762.85,3765.98,3779.09,3759.86,52092715.0,132492751206.6,0.51,3765.98,sh000903
2023-06-21 00:00:00,3752.58,3709.22,3765.62,3709.22,53296061.0,124841858982.9,1.5,3709.22,sh000903
2023-06-26 00:00:00,3679.2,3667.43,3696.85,3655.54,58400978.0,118269062731.6,1.11,3667.43,sh000903
2023-06-27 00:00:00,3669.7,3701.67,3710.13,3665.56,53644754.0,105977290284.7,1.22,3701.67,sh000903
2023-06-28 00:00:00,3693.14,3696.92,3702.78,3664.76,48298309.0,107466446669.0,1.03,3696.92,sh000903
2023-06-29 00:00:00,3694.8,3675.46,3699.39,3670.17,44632024.0,101725031133.2,0.79,3675.46,sh000903
2023-06-30 00:00:00,3667.1,3688.14,3708.07,3661.73,46863770.0,106360079907.0,1.26,3688.14,sh000903
2023-07-03 00:00:00,3702.25,3731.95,3739.49,3701.08,60982861.0,130894381540.7,1.04,3731.95,sh000903
2023-07-04 00:00:00,3728.35,3736.68,3738.46,3719.27,49225448.0,107644049905.1,0.51,3736.68,sh000903
2023-07-05 00:00:00,3732.87,3712.29,3739.71,3707.38,48302014.0,96173325352.7,0.87,3712.29,sh000903
2023-07-06 00:00:00,3700.97,3683.27,3719.47,3677.55,49508336.0,95594702218.6,1.13,3683.27,sh000903
2023-07-07 00:00:00,3671.51,3660.65,3679.44,3654.36,51909750.0,90661258312.3,0.68,3660.65,sh000903
2023-07-10 00:00:00,3677.36,3686.1,3707.81,3674.71,47059451.0,101529986654.3,0.9,3686.1,sh000903
2023-07-11 00:00:00,3697.25,3710.27,3712.42,3686.44,40848094.0,91735852740.0,0.7,3710.27,sh000903
2023-07-12 00:00:00,3707.3,3691.81,3720.25,3686.08,52089612.0,108282603903.3,0.92,3691.81,sh000903
2023-07-13 00:00:00,3702.77,3739.31,3741.36,3702.77,56110150.0,121533179143.8,1.05,3739.31,sh000903
2023-07-14 00:00:00,3748.36,3742.27,3753.82,3736.49,61307704.0,113223761279.5,0.46,3742.27,sh000903
2023-07-17 00:00:00,3726.36,3709.61,3726.36,3695.13,48406830.0,85517933694.3,0.83,3709.61,sh000903
2023-07-18 00:00:00,3715.44,3697.34,3715.44,3686.28,39902164.0,80761965261.5,0.79,3697.34,sh000903
2023-07-19 00:00:00,3691.86,3694.75,3704.41,3675.62,36182018.0,77885251474.1,0.78,3694.75,sh000903
2023-07-20 00:00:00,3702.13,3673.55,3723.72,3668.74,43079101.0,90738120851.7,1.49,3673.55,sh000903
2023-07-21 00:00:00,3666.61,3669.03,3696.75,3655.82,39243794.0,83231085360.9,1.11,3669.03,sh000903
2023-07-24 00:00:00,3647.66,3647.18,3672.45,3641.51,33984922.0,77095901265.6,0.84,3647.18,sh000903
2023-07-25 00:00:00,3706.18,3755.99,3755.99,3706.18,70799987.0,146772987064.7,1.37,3755.99,sh000903
2023-07-26 00:00:00,3748.91,3749.01,3752.71,3735.61,47422572.0,93275789022.6,0.46,3749.01,sh000903
2023-07-27 00:00:00,3756.58,3741.81,3772.03,3734.44,46781148.0,92387008707.4,1.0,3741.81,sh000903
2023-07-28 00:00:00,3730.03,3824.68,3832.62,3727.09,71789355.0,140279680845.3,2.82,3824.68,sh000903
2023-07-31 00:00:00,3852.09,3843.6,3891.11,3831.51,78200090.0,172605022103.1,1.56,3843.6,sh000903
2023-08-01 00:00:00,3840.07,3829.38,3859.62,3815.45,59745416.0,122633300320.2,1.15,3829.38,sh000903
2023-08-02 00:00:00,3818.91,3803.13,3838.23,3792.1,50120376.0,96738393165.0,1.2,3803.13,sh000903
2023-08-03 00:00:00,3793.02,3833.04,3833.39,3792.88,50073774.0,105063657118.1,1.07,3833.04,sh000903
2023-08-04 00:00:00,3861.27,3846.54,3881.39,3837.91,71319235.0,146180770114.0,1.13,3846.54,sh000903
2023-08-07 00:00:00,3831.02,3816.26,3831.02,3803.29,51962038.0,112605171200.9,0.72,3816.26,sh000903
2023-08-08 00:00:00,3809.49,3808.11,3829.49,3792.48,42710803.0,93826501781.0,0.97,3808.11,sh000903
2023-08-09 00:00:00,3796.96,3799.3,3813.86,3794.15,38396581.0,81316336740.4,0.52,3799.3,sh000903
2023-08-10 00:00:00,3794.51,3802.85,3806.62,3773.74,38072881.0,80151878530.6,0.87,3802.85,sh000903
2023-08-11 00:00:00,3807.18,3715.5,3807.18,3715.5,53509387.0,97929402147.3,2.41,3715.5,sh000903
2023-08-14 00:00:00,3673.13,3687.75,3690.86,3646.99,50420343.0,99183654787.2,1.18,3687.75,sh000903
2023-08-15 00:00:00,3689.04,3673.52,3695.12,3640.94,42366885.0,86915238403.2,1.47,3673.52,sh000903
2023-08-16 00:00:00,3658.34,3642.67,3673.55,3642.03,40076902.0,86853274229.7,0.86,3642.67,sh000903
2023-08-17 00:00:00,3626.68,3657.07,3662.15,3606.28,38127108.0,82047638390.9,1.53,3657.07,sh000903
2023-08-18 00:00:00,3655.98,3608.53,3664.45,3608.53,38249920.0,80091929530.2,1.53,3608.53,sh000903
2023-08-21 00:00:00,3595.88,3561.97,3611.78,3561.97,40660721.0,85180494297.3,1.38,3561.97,sh000903
2023-08-22 00:00:00,3580.04,3584.39,3598.48,3535.24,58776237.0,106290495149.7,1.78,3584.39,sh000903
2023-08-23 00:00:00,3578.92,3522.38,3582.75,3520.74,44884393.0,83026795106.3,1.73,3522.38,sh000903
2023-08-24 00:00:00,3538.09,3554.94,3579.14,3531.56,52988258.0,97498641310.3,1.35,3554.94,sh000903
2023-08-25 00:00:00,3537.21,3543.78,3568.99,3529.8,47460434.0,87963324799.5,1.1,3543.78,sh000903
2023-08-28 00:00:00,3737.15,3594.87,3737.15,3582.39,81991888.0,161761192569.9,4.37,3594.87,sh000903
2023-08-29 00:00:00,3587.65,3636.08,3658.25,3586.99,63154387.0,129139827528.3,1.98,3636.08,sh000903
2023-08-30 00:00:00,3653.15,3644.19,3666.71,3634.41,58151053.0,110758236684.0,0.89,3644.19,sh000903
2023-08-31 00:00:00,3644.96,3625.64,3651.13,3620.7,47990392.0,91513426558.8,0.84,3625.64,sh000903
2023-09-01 00:00:00,3639.01,3649.71,3667.99,3637.51,45344818.0,83733676051.7,0.84,3649.71,sh000903
2023-09-04 00:00:00,3675.06,3707.81,3713.92,3664.73,64509488.0,118491226932.4,1.35,3707.81,sh000903
2023-09-05 00:00:00,3699.02,3683.2,3699.54,3677.5,44151472.0,91029300170.0,0.59,3683.2,sh000903
2023-09-06 00:00:00,3671.93,3672.11,3678.36,3651.98,40351320.0,83755338429.5,0.72,3672.11,sh000903
2023-09-07 00:00:00,3661.91,3615.8,3661.91,3614.59,41818342.0,85404940480.7,1.29,3615.8,sh000903
2023-09-08 00:00:00,3605.09,3588.6,3610.38,3575.95,30628649.0,64883425377.9,0.95,3588.6,sh000903
2023-09-11 00:00:00,3589.19,3610.27,3632.26,3583.27,42520491.0,90714216893.4,1.37,3610.27,sh000903
2023-09-12 00:00:00,3607.64,3604.95,3617.62,3597.03,34623665.0,69630590980.8,0.57,3604.95,sh000903
2023-09-13 00:00:00,3603.53,3581.95,3613.95,3564.76,37809075.0,71578082826.6,1.36,3581.95,sh000903
2023-09-14 00:00:00,3581.93,3576.89,3594.12,3561.46,41968158.0,77042538839.9,0.91,3576.89,sh000903
2023-09-15 00:00:00,3583.67,3551.4,3591.79,3542.11,48943125.0,96631630257.7,1.39,3551.4,sh000903
2023-09-18 00:00:00,3541.77,3574.56,3586.22,3536.37,38845471.0,84342833212.9,1.4,3574.56,sh000903
2023-09-19 00:00:00,3570.25,3565.76,3570.25,3547.58,34081303.0,67769423763.0,0.63,3565.76,sh000903
2023-09-20 00:00:00,3561.17,3549.48,3562.34,3547.61,31807261.0,59449261949.3,0.41,3549.48,sh000903
2023-09-21 00:00:00,3540.82,3514.55,3551.12,3514.55,36145722.0,67920879704.3,1.03,3514.55,sh000903
2023-09-22 00:00:00,3516.52,3587.69,3588.34,3506.64,49903674.0,100515897243.7,2.32,3587.69,sh000903
2023-09-25 00:00:00,3588.02,3560.99,3588.02,3557.2,37924101.0,76542715201.9,0.86,3560.99,sh000903
2023-09-26 00:00:00,3555.55,3532.88,3567.51,3532.06,35013001.0,70893589029.2,1.0,3532.88,sh000903
2023-09-27 00:00:00,3534.25,3543.32,3573.65,3533.46,39737070.0,86755991562.4,1.14,3543.32,sh000903
2023-09-28 00:00:00,3555.17,3527.9,3558.79,3523.71,37679479.0,79358903544.9,0.99,3527.9,sh000903
2023-10-09 00:00:00,3517.09,3523.68,3532.55,3480.68,45127053.0,96849225239.3,1.47,3523.68,sh000903
2023-10-10 00:00:00,3534.97,3498.61,3540.2,3497.86,43321988.0,84366304954.9,1.2,3498.61,sh000903
2023-10-11 00:00:00,3518.01,3514.66,3536.36,3505.22,44357021.0,101808352075.2,0.89,3514.66,sh000903
2023-10-12 00:00:00,3544.33,3547.94,3558.84,3529.02,46374685.0,99629958812.1,0.85,3547.94,sh000903
2023-10-13 00:00:00,3522.39,3506.6,3522.39,3494.96,40327992.0,86631130471.1,0.77,3506.6,sh000903
2023-10-16 00:00:00,3507.77,3465.8,3507.77,3455.24,41280097.0,82933590769.8,1.5,3465.8,sh000903
2023-10-17 00:00:00,3476.58,3476.25,3482.58,3459.32,39108273.0,73824912880.3,0.67,3476.25,sh000903
2023-10-18 00:00:00,3471.12,3452.58,3471.12,3450.53,40868653.0,82525152841.7,0.59,3452.58,sh000903
2023-10-19 00:00:00,3429.55,3373.14,3430.02,3371.47,46663949.0,99493643216.2,1.7,3373.14,sh000903
2023-10-20 00:00:00,3357.28,3351.49,3376.12,3341.69,44825106.0,94298170479.9,1.02,3351.49,sh000903
2023-10-23 00:00:00,3344.49,3319.51,3347.84,3294.69,43915245.0,81359639469.5,1.59,3319.51,sh000903
2023-10-24 00:00:00,3328.18,3325.59,3336.83,3295.19,50947544.0,99439285812.1,1.25,3325.59,sh000903
2023-10-25 00:00:00,3362.22,3337.23,3369.9,3334.96,61843775.0,109113589268.5,1.05,3337.23,sh000903
2023-10-26 00:00:00,3318.48,3343.3,3344.78,3307.81,47682877.0,95457046796.2,1.11,3343.3,sh000903
2023-10-27 00:00:00,3329.79,3394.1,3409.01,3324.16,53515111.0,123370095870.6,2.54,3394.1,sh000903
2023-10-30 00:00:00,3386.49,3425.29,3434.38,3385.96,65943121.0,131697224098.7,1.43,3425.29,sh000903
2023-10-31 00:00:00,3418.6,3407.3,3418.6,3390.28,50322968.0,101924643733.5,0.83,3407.3,sh000903
2023-11-01 00:00:00,3443.31,3406.12,3444.28,3398.89,46178512.0,99501013839.4,1.33,3406.12,sh000903
2023-11-02 00:00:00,3417.65,3392.14,3435.01,3391.85,41178621.0,80429924059.1,1.27,3392.14,sh000903
2023-11-03 00:00:00,3397.09,3423.78,3433.34,3396.47,45704056.0,88623986482.2,1.09,3423.78,sh000903
2023-11-06 00:00:00,3444.36,3473.81,3477.71,3443.78,73352296.0,136437038616.5,0.99,3473.81,sh000903
2023-11-07 00:00:00,3465.46,3453.96,3465.46,3441.91,48660935.0,97753207742.5,0.68,3453.96,sh000903
2023-11-08 00:00:00,3444.06,3448.8,3463.94,3430.97,48621574.0,99811978865.0,0.95,3448.8,sh000903
2023-11-09 00:00:00,3438.83,3445.56,3459.81,3436.47,46725243.0,93222864071.0,0.68,3445.56,sh000903
2023-11-10 00:00:00,3427.21,3418.5,3430.12,3409.09,39659939.0,78333240913.7,0.61,3418.5,sh000903
2023-11-13 00:00:00,3426.17,3410.03,3433.18,3394.28,42195969.0,83805525558.6,1.14,3410.03,sh000903
2023-11-14 00:00:00,3412.27,3405.52,3428.0,3393.4,39669720.0,76372556778.9,1.01,3405.52,sh000903
2023-11-15 00:00:00,3442.02,3433.67,3445.33,3422.72,45089590.0,93705881610.0,0.66,3433.67,sh000903
2023-11-16 00:00:00,3427.77,3396.81,3429.64,3395.21,36925906.0,72500980594.4,1.0,3396.81,sh000903
2023-11-17 00:00:00,3384.22,3388.53,3394.85,3367.35,37015566.0,67390404199.6,0.81,3388.53,sh000903
2023-11-20 00:00:00,3390.29,3395.28,3407.83,3365.97,38256798.0,75690219304.8,1.24,3395.28,sh000903
2023-11-21 00:00:00,3409.11,3402.57,3434.83,3397.64,46185959.0,86111537695.4,1.1,3402.57,sh000903
2023-11-22 00:00:00,3391.03,3364.24,3395.21,3364.24,38473724.0,69650368844.2,0.91,3364.24,sh000903
2023-11-23 00:00:00,3360.76,3381.17,3381.99,3347.63,33542277.0,63082204891.4,1.02,3381.17,sh000903
2023-11-24 00:00:00,3381.41,3355.88,3381.41,3352.26,34006699.0,68323814844.4,0.86,3355.88,sh000903
2023-11-27 00:00:00,3350.62,3326.22,3350.62,3308.65,41372744.0,77458263643.1,1.25,3326.22,sh000903
2023-11-28 00:00:00,3323.86,3334.76,3335.8,3315.16,34672848.0,65159298888.0,0.62,3334.76,sh000903
2023-11-29 00:00:00,3335.53,3306.3,3337.12,3300.41,39248428.0,72694181700.3,1.1,3306.3,sh000903
2023-11-30 00:00:00,3302.5,3311.36,3322.39,3298.4,39868278.0,72260423034.6,0.73,3311.36,sh000903
2023-12-01 00:00:00,3309.48,3294.34,3309.48,3261.96,46935811.0,90260948783.8,1.44,3294.34,sh000903
2023-12-04 00:00:00,3291.85,3269.39,3296.49,3268.38,42765033.0,80690042207.3,0.85,3269.39,sh000903
2023-12-05 00:00:00,3258.67,3203.72,3258.67,3203.27,44220405.0,84889158866.5,1.69,3203.72,sh000903
2023-12-06 00:00:00,3197.1,3213.23,3234.13,3193.04,48113661.0,93159416926.6,1.28,3213.23,sh000903
2023-12-07 00:00:00,3206.65,3202.4,3217.08,3181.64,41467631.0,82906873919.2,1.1,3202.4,sh000903
2023-12-08 00:00:00,3203.91,3213.02,3221.64,3194.99,54303909.0,96579971828.0,0.83,3213.02,sh000903
2023-12-11 00:00:00,3191.33,3234.69,3242.55,3165.4,60935279.0,104817292987.0,2.4,3234.69,sh000903
2023-12-12 00:00:00,3225.72,3240.41,3241.41,3221.69,45868018.0,79020276299.3,0.61,3240.41,sh000903
2023-12-13 00:00:00,3231.12,3183.78,3231.12,3183.57,41419121.0,78942050202.9,1.47,3183.78,sh000903
2023-12-14 00:00:00,3203.82,3168.9,3215.48,3167.24,37377402.0,76763777610.1,1.52,3168.9,sh000903
2023-12-15 00:00:00,3185.32,3161.26,3208.31,3159.13,45766120.0,89880019719.1,1.55,3161.26,sh000903
2023-12-18 00:00:00,3147.71,3148.19,3170.21,3133.62,39088149.0,74560497677.6,1.16,3148.19,sh000903
2023-12-19 00:00:00,3143.98,3157.55,3167.96,3132.95,35549956.0,68404005965.7,1.11,3157.55,sh000903
2023-12-20 00:00:00,3155.74,3125.42,3160.41,3125.1,40388203.0,73129918491.7,1.12,3125.42,sh000903
2023-12-21 00:00:00,3113.47,3162.97,3171.57,3112.43,47385848.0,93726212514.7,1.89,3162.97,sh000903
2023-12-22 00:00:00,3160.59,3171.5,3192.91,3147.98,50238578.0,89224688812.5,1.42,3171.5,sh000903
2023-12-25 00:00:00,3164.66,3177.09,3182.33,3161.7,33614843.0,60503711852.3,0.65,3177.09,sh000903
2023-12-26 00:00:00,3175.22,3157.91,3175.22,3148.9,32441422.0,59439973948.2,0.83,3157.91,sh000903
2023-12-27 00:00:00,3161.08,3170.45,3176.52,3145.65,44369971.0,72979199617.6,0.98,3170.45,sh000903
2023-12-28 00:00:00,3169.93,3250.63,3258.13,3165.77,67560750.0,131285825303.8,2.91,3250.63,sh000903
2023-12-29 00:00:00,3248.01,3263.05,3268.97,3246.54,56271215.0,103671285554.8,0.69,3263.05,sh000903
2024-01-02 00:00:00,3260.23,3218.49,3260.23,3218.49,52673533.0,95311989609.0,1.28,3218.49,sh000903
2024-01-03 00:00:00,3211.59,3208.99,3224.25,3193.47,46921205.0,85158826498.7,0.96,3208.99,sh000903
2024-01-04 00:00:00,3205.75,3178.25,3206.36,3154.6,48790990.0,86827126502.8,1.61,3178.25,sh000903
2024-01-05 00:00:00,3172.41,3162.03,3202.66,3145.81,54687807.0,95299202754.6,1.79,3162.03,sh000903
2024-01-08 00:00:00,3157.21,3123.37,3171.1,3119.6,55401939.0,88182022707.3,1.63,3123.37,sh000903
2024-01-09 00:00:00,3124.45,3129.95,3142.57,3112.25,50011586.0,90522518641.8,0.97,3129.95,sh000903
2024-01-10 00:00:00,3118.32,3111.37,3149.09,3105.81,44001200.0,83552356111.8,1.38,3111.37,sh000903
2024-01-11 00:00:00,3110.59,3131.49,3146.43,3102.57,49707584.0,98351627702.6,1.41,3131.49,sh000903
2024-01-12 00:00:00,3119.07,3119.39,3143.71,3112.34,44081801.0,83524301018.0,1.0,3119.39,sh000903
2024-01-15 00:00:00,3104.23,3115.94,3140.94,3096.11,39887365.0,74309565699.8,1.44,3115.94,sh000903
2024-01-16 00:00:00,3107.51,3133.77,3133.77,3095.35,47869348.0,89289371422.6,1.23,3133.77,sh000903
2024-01-17 00:00:00,3124.06,3060.48,3124.06,3060.48,46503170.0,90793348430.0,2.03,3060.48,sh000903
2024-01-18 00:00:00,3046.18,3111.3,3116.05,3012.45,76980323.0,136521027686.2,3.39,3111.3,sh000903
2024-01-19 00:00:00,3098.63,3112.17,3127.96,3091.28,55325262.0,106190418785.3,1.18,3112.17,sh000903
2024-01-22 00:00:00,3105.06,3072.15,3128.05,3046.33,65855311.0,122027544152.7,2.63,3072.15,sh000903
2024-01-23 00:00:00,3062.19,3081.17,3098.39,3045.27,55014870.0,105290980682.1,1.73,3081.17,sh000903
2024-01-24 00:00:00,3096.44,3118.13,3121.9,3039.07,65597954.0,112054791678.7,2.69,3118.13,sh000903
2024-01-25 00:00:00,3116.09,3179.03,3180.36,3109.33,87305165.0,131960966054.6,2.28,3179.03,sh000903
2024-01-26 00:00:00,3162.41,3163.53,3181.15,3148.2,81490113.0,122779820470.0,1.04,3163.53,sh000903
2024-01-29 00:00:00,3164.26,3127.24,3176.89,3127.24,78906794.0,126620715925.3,1.57,3127.24,sh000903
2024-01-30 00:00:00,3109.38,3071.6,3121.82,3071.56,62078465.0,104430341840.2,1.61,3071.6,sh000903
2024-01-31 00:00:00,3062.1,3049.43,3082.25,3036.38,64640683.0,114733283201.6,1.49,3049.43,sh000903
2024-02-01 00:00:00,3038.2,3051.96,3085.97,3028.84,61431774.0,104445003695.5,1.87,3051.96,sh000903
2024-02-02 00:00:00,3053.4,3011.6,3063.83,2947.49,73621843.0,120492796091.0,3.81,3011.6,sh000903
2024-02-05 00:00:00,2995.52,3042.52,3072.74,2956.95,87502535.0,148217505239.8,3.84,3042.52,sh000903
2024-02-06 00:00:00,3028.21,3147.3,3148.48,3026.29,86660075.0,148752448906.4,4.02,3147.3,sh000903
2024-02-07 00:00:00,3150.16,3183.12,3183.12,3126.75,93673893.0,155522352734.6,1.79,3183.12,sh000903
2024-02-08 00:00:00,3189.97,3207.2,3214.82,3183.24,80266241.0,137746320708.8,0.99,3207.2,sh000903
2024-02-19 00:00:00,3235.77,3234.86,3235.77,3204.95,79755603.0,136812861975.7,0.96,3234.86,sh000903
2024-02-20 00:00:00,3228.74,3238.31,3242.91,3210.96,58694347.0,108815727521.3,0.99,3238.31,sh000903
2024-02-21 00:00:00,3219.52,3277.71,3318.18,3212.97,78052790.0,141918369029.2,3.25,3277.71,sh000903
2024-02-22 00:00:00,3272.26,3302.14,3302.39,3271.11,59133807.0,106620701457.7,0.95,3302.14,sh000903
2024-02-23 00:00:00,3305.64,3298.23,3314.77,3281.51,60803498.0,112592932175.6,1.01,3298.23,sh000903
2024-02-26 00:00:00,3295.01,3265.65,3301.6,3258.12,63634045.0,117096164845.4,1.32,3265.65,sh000903
2024-02-27 00:00:00,3253.16,3305.22,3305.22,3250.41,59402431.0,121509935498.2,1.68,3305.22,sh000903
2024-02-28 00:00:00,3311.28,3263.6,3331.33,3263.6,80138347.0,162615021696.9,2.05,3263.6,sh000903
2024-02-29 00:00:00,3252.91,3326.71,3327.37,3252.91,68659714.0,145773768195.2,2.28,3326.71,sh000903
2024-03-01 00:00:00,3326.26,3348.79,3354.43,3314.13,73307463.0,148275259831.6,1.21,3348.79,sh000903
2024-03-04 00:00:00,3351.42,3352.89,3364.19,3335.97,73450072.0,153415637987.6,0.84,3352.89,sh000903
2024-03-05 00:00:00,3336.92,3377.1,3381.92,3331.15,75674368.0,154577788346.8,1.51,3377.1,sh000903
2024-03-06 00:00:00,3367.49,3366.19,3392.06,3358.04,63508086.0,123752961924.4,1.01,3366.19,sh000903
2024-03-07 00:00:00,3362.59,3349.3,3384.49,3340.52,70345976.0,130532767357.5,1.31,3349.3,sh000903
2024-03-08 00:00:00,3347.83,3358.9,3363.19,3328.34,59308020.0,117620605706.8,1.04,3358.9,sh000903
2024-03-11 00:00:00,3363.19,3410.79,3410.79,3362.17,68924612.0,154899545186.9,1.45,3410.79,sh000903
2024-03-12 00:00:00,3415.46,3419.56,3427.49,3394.34,84106392.0,180467323885.4,0.97,3419.56,sh000903
2024-03-13 00:00:00,3417.72,3395.11,3417.72,3384.74,63072381.0,130231662697.5,0.96,3395.11,sh000903
2024-03-14 00:00:00,3400.78,3387.24,3425.03,3372.5,65194941.0,137751230196.7,1.55,3387.24,sh000903
2024-03-15 00:00:00,3378.83,3387.08,3390.96,3350.7,62264907.0,126145283854.6,1.19,3387.08,sh000903
2024-03-18 00:00:00,3396.4,3414.49,3415.22,3387.14,67996466.0,145014270586.4,0.83,3414.49,sh000903
2024-03-19 00:00:00,3404.14,3388.58,3422.33,3388.32,70816593.0,131748225274.1,1.0,3388.58,sh000903
2024-03-20 00:00:00,3378.43,3399.0,3403.39,3378.43,62236238.0,114162664823.7,0.74,3399.0,sh000903
2024-03-21 00:00:00,3408.58,3395.11,3419.06,3392.13,58477376.0,116493328381.7,0.79,3395.11,sh000903
2024-03-22 00:00:00,3385.04,3366.44,3391.41,3342.78,64786866.0,129420037394.8,1.43,3366.44,sh000903
2024-03-25 00:00:00,3359.49,3353.15,3390.01,3351.51,61965543.0,117610566020.6,1.14,3353.15,sh000903
2024-03-26 00:00:00,3354.26,3368.98,3374.04,3347.88,55244066.0,118033637480.3,0.78,3368.98,sh000903
2024-03-27 00:00:00,3364.06,3332.42,3369.65,3332.42,56540021.0,109838145918.9,1.11,3332.42,sh000903
2024-03-28 00:00:00,3329.71,3354.27,3384.04,3322.01,60829884.0,117135435315.8,1.86,3354.27,sh000903
2024-03-29 00:00:00,3353.96,3373.86,3377.18,3353.96,54343376.0,98089615484.6,0.69,3373.86,sh000903
2024-04-01 00:00:00,3389.46,3433.67,3440.1,3389.46,81480288.0,132813467059.3,1.5,3433.67,sh000903
2024-04-02 00:00:00,3431.52,3422.8,3434.06,3411.0,68402168.0,116192944649.8,0.67,3422.8,sh000903
2024-04-03 00:00:00,3423.13,3416.82,3426.59,3407.5,70330875.0,116490605452.9,0.56,3416.82,sh000903
2024-04-08 00:00:00,3405.3,3389.7,3421.44,3389.15,76483938.0,132000643451.9,0.95,3389.7,sh000903
2024-04-09 00:00:00,3385.47,3383.71,3396.8,3370.2,65439586.0,107678461479.8,0.78,3383.71,sh000903
2024-04-10 00:00:00,3379.34,3356.53,3379.86,3342.33,61345452.0,105887982878.7,1.11,3356.53,sh000903
2024-04-11 00:00:00,3334.76,3352.77,3368.2,3334.74,57562279.0,104904361660.2,1.0,3352.77,sh000903
2024-04-12 00:00:00,3353.95,3326.28,3362.51,3320.15,59690035.0,109114047271.7,1.26,3326.28,sh000903
2024-04-15 00:00:00,3323.57,3397.2,3399.23,3323.57,83840204.0,139926367259.5,2.27,3397.2,sh000903
2024-04-16 00:00:00,3382.25,3368.28,3398.57,3357.16,79656599.0,130756431546.8,1.22,3368.28,sh000903
2024-04-17 00:00:00,3363.86,3414.67,3415.63,3355.12,75913191.0,127211099285.0,1.8,3414.67,sh000903
2024-04-18 00:00:00,3399.48,3412.88,3444.61,3396.14,75212193.0,129829148586.9,1.42,3412.88,sh000903
2024-04-19 00:00:00,3395.48,3386.94,3407.98,3372.34,68378483.0,119494390980.4,1.04,3386.94,sh000903
2024-04-22 00:00:00,3383.54,3378.23,3404.5,3375.4,69304238.0,120863664079.2,0.86,3378.23,sh000903
2024-04-23 00:00:00,3371.24,3348.6,3377.68,3342.26,70272033.0,117918936028.0,1.05,3348.6,sh000903
2024-04-24 00:00:00,3354.48,3357.97,3362.04,3334.99,56110735.0,102232101640.5,0.81,3357.97,sh000903
2024-04-25 00:00:00,3346.33,3368.01,3382.59,3342.78,54073266.0,98853572511.3,1.19,3368.01,sh000903
2024-04-26 00:00:00,3365.87,3421.49,3425.88,3365.68,81020790.0,150561962787.1,1.79,3421.49,sh000903
2024-04-29 00:00:00,3419.8,3460.45,3484.26,3416.1,94344748.0,175521536806.6,1.99,3460.45,sh000903
2024-04-30 00:00:00,3452.42,3435.19,3464.44,3435.19,86799967.0,139963851719.8,0.85,3435.19,sh000903
2024-05-06 00:00:00,3488.71,3497.66,3501.62,3479.55,100739858.0,177601634634.3,0.64,3497.66,sh000903
2024-05-07 00:00:00,3497.71,3500.07,3508.43,3491.71,75852855.0,121940616269.0,0.48,3500.07,sh000903
2024-05-08 00:00:00,3491.76,3469.81,3491.91,3468.52,59050960.0,100423741329.2,0.67,3469.81,sh000903
2024-05-09 00:00:00,3471.12,3505.54,3512.08,3471.12,67114764.0,120438973514.7,1.18,3505.54,sh000903
2024-05-10 00:00:00,3512.14,3504.45,3517.06,3482.62,69130899.0,122046283525.8,0.98,3504.45,sh000903
2024-05-13 00:00:00,3482.95,3499.47,3508.57,3472.96,71299603.0,130360939678.6,1.02,3499.47,sh000903
2024-05-14 00:00:00,3504.13,3485.47,3509.9,3477.44,60606535.0,110928886890.1,0.93,3485.47,sh000903
2024-05-15 00:00:00,3479.27,3457.72,3486.24,3455.41,57328529.0,98502284657.1,0.88,3457.72,sh000903
2024-05-16 00:00:00,3468.96,3468.09,3485.18,3455.46,73778757.0,127691328680.9,0.86,3468.09,sh000903
2024-05-17 00:00:00,3469.16,3507.45,3507.45,3455.3,81910306.0,138688415395.7,1.5,3507.45,sh000903
2024-05-20 00:00:00,3513.31,3515.86,3527.98,3501.59,89980680.0,150700384914.0,0.75,3515.86,sh000903
2024-05-21 00:00:00,3507.83,3495.89,3511.02,3485.74,61516495.0,102288817095.9,0.72,3495.89,sh000903
2024-05-22 00:00:00,3495.82,3504.34,3512.61,3486.28,72458364.0,125633972433.5,0.75,3504.34,sh000903
2024-05-23 00:00:00,3490.31,3463.13,3491.12,3454.1,67922304.0,114383376218.3,1.06,3463.13,sh000903
2024-05-24 00:00:00,3451.48,3424.63,3469.27,3422.82,55566873.0,99552099307.0,1.34,3424.63,sh000903
2024-05-27 00:00:00,3429.06,3453.86,3456.58,3425.84,59670781.0,108134646159.7,0.9,3453.86,sh000903
2024-05-28 00:00:00,3452.81,3429.47,3458.73,3425.54,61665812.0,99283563903.5,0.96,3429.47,sh000903
2024-05-29 00:00:00,3430.33,3440.84,3457.62,3430.33,54222649.0,96605634951.3,0.8,3440.84,sh000903
2024-05-30 00:00:00,3437.17,3421.53,3451.06,3414.47,57518343.0,104221047266.7,1.06,3421.53,sh000903
2024-05-31 00:00:00,3427.07,3400.58,3439.63,3400.58,51191560.0,94240615427.2,1.14,3400.58,sh000903
2024-06-03 00:00:00,3399.89,3420.93,3432.02,3393.49,61346473.0,117377887072.4,1.13,3420.93,sh000903
2024-06-04 00:00:00,3416.96,3450.91,3457.72,3411.88,60388749.0,107321876306.1,1.34,3450.91,sh000903
2024-06-05 00:00:00,3445.12,3430.99,3460.37,3430.76,51093145.0,97162745789.5,0.86,3430.99,sh000903
2024-06-06 00:00:00,3439.09,3435.35,3468.55,3426.64,64751573.0,121524827265.9,1.22,3435.35,sh000903
2024-06-07 00:00:00,3435.84,3411.14,3442.73,3390.29,59724479.0,115940476191.2,1.53,3411.14,sh000903
2024-06-11 00:00:00,3387.23,3379.68,3399.59,3361.4,60257008.0,120204393347.7,1.12,3379.68,sh000903
2024-06-12 00:00:00,3375.7,3378.43,3386.41,3368.33,56344566.0,109774396458.4,0.53,3378.43,sh000903
2024-06-13 00:00:00,3384.38,3356.16,3384.41,3350.29,53356211.0,111809039665.6,1.01,3356.16,sh000903
2024-06-14 00:00:00,3347.77,3373.87,3379.45,3335.49,66805341.0,145844034434.7,1.31,3373.87,sh000903
2024-06-17 00:00:00,3353.38,3369.97,3377.28,3353.38,59201009.0,119760672411.1,0.71,3369.97,sh000903
2024-06-18 00:00:00,3366.24,3378.14,3384.16,3366.05,54834241.0,107784194613.0,0.54,3378.14,sh000903
2024-06-19 00:00:00,3374.55,3361.55,3374.55,3354.72,47185326.0,93969787535.4,0.59,3361.55,sh000903
2024-06-20 00:00:00,3359.15,3340.24,3369.42,3336.64,53166273.0,98334062416.7,0.98,3340.24,sh000903
2024-06-21 00:00:00,3335.63,3330.05,3342.2,3308.83,50952171.0,98294119887.6,1.0,3330.05,sh000903
2024-06-24 00:00:00,3307.82,3320.83,3346.31,3303.5,53728438.0,104787377121.8,1.29,3320.83,sh000903
2024-06-25 00:00:00,3317.95,3305.3,3327.74,3289.18,54069518.0,102717899050.0,1.16,3305.3,sh000903
2024-06-26 00:00:00,3298.43,3324.23,3332.01,3289.99,47326912.0,89183661887.6,1.27,3324.23,sh000903
2024-06-27 00:00:00,3311.87,3300.26,3314.24,3297.56,53110429.0,92738128365.7,0.5,3300.26,sh000903
2024-06-28 00:00:00,3288.71,3309.99,3330.3,3288.71,62996534.0,108261121957.6,1.26,3309.99,sh000903
2024-07-01 00:00:00,3308.24,3318.49,3321.84,3288.67,57241101.0,100795449358.9,1.0,3318.49,sh000903
2024-07-02 00:00:00,3311.1,3312.23,3327.42,3305.23,55102011.0,98862190591.4,0.67,3312.23,sh000903
2024-07-03 00:00:00,3312.75,3312.77,3319.95,3297.79,46848010.0,87035564617.7,0.67,3312.77,sh000903
2024-07-04 00:00:00,3318.54,3299.68,3337.09,3299.48,47844285.0,83908320571.8,1.14,3299.68,sh000903
2024-07-05 00:00:00,3297.52,3287.27,3306.17,3254.65,51771527.0,95096876981.0,1.56,3287.27,sh000903
2024-07-08 00:00:00,3276.08,3258.36,3283.38,3253.0,53018502.0,96414058944.5,0.92,3258.36,sh000903
2024-07-09 00:00:00,3255.64,3293.87,3304.62,3244.12,60291544.0,113297465068.4,1.86,3293.87,sh000903
2024-07-10 00:00:00,3284.43,3285.53,3307.49,3280.15,58703661.0,103158855036.6,0.83,3285.53,sh000903
2024-07-11 00:00:00,3302.94,3323.86,3329.21,3290.14,67048057.0,122107016764.6,1.19,3323.86,sh000903
2024-07-12 00:00:00,3321.81,3338.34,3345.13,3320.13,62766367.0,112047570574.6,0.75,3338.34,sh000903
2024-07-15 00:00:00,3326.79,3333.59,3343.07,3323.86,59349291.0,91067456900.5,0.58,3333.59,sh000903
2024-07-16 00:00:00,3322.74,3353.79,3355.83,3317.98,57173267.0,105689453424.8,1.14,3353.79,sh000903
2024-07-17 00:00:00,3350.92,3355.22,3367.0,3340.45,62076202.0,118628674516.8,0.79,3355.22,sh000903
2024-07-18 00:00:00,3337.48,3379.18,3381.04,3335.0,58488610.0,117166657749.2,1.37,3379.18,sh000903
2024-07-19 00:00:00,3355.16,3394.26,3400.05,3346.03,62264118.0,121699679233.8,1.6,3394.26,sh000903
2024-07-22 00:00:00,3392.86,3371.39,3395.45,3351.05,60529242.0,112846444640.4,1.31,3371.39,sh000903
2024-07-23 00:00:00,3366.4,3294.59,3366.4,3294.59,59697984.0,106714770026.8,2.13,3294.59,sh000903
2024-07-24 00:00:00,3288.04,3272.11,3307.64,3261.61,60864932.0,96965198889.5,1.4,3272.11,sh000903
2024-07-25 00:00:00,3258.32,3252.89,3271.63,3238.15,61495078.0,101339542004.3,1.02,3252.89,sh000903
2024-07-26 00:00:00,3260.2,3267.44,3276.85,3243.66,58534310.0,104502685523.0,1.02,3267.44,sh000903
2024-07-29 00:00:00,3261.52,3239.15,3261.52,3239.15,47796535.0,87674706649.2,0.68,3239.15,sh000903
2024-07-30 00:00:00,3227.36,3215.07,3227.69,3197.87,47774689.0,87355152044.5,0.92,3215.07,sh000903
2024-07-31 00:00:00,3207.75,3286.34,3289.3,3207.75,75312838.0,129808130923.8,2.54,3286.34,sh000903
2024-08-01 00:00:00,3287.93,3260.85,3293.6,3259.7,57835077.0,101189982662.0,1.03,3260.85,sh000903
2024-08-02 00:00:00,3234.35,3225.81,3261.21,3222.74,50855111.0,90736433256.0,1.18,3225.81,sh000903
2024-08-05 00:00:00,3202.25,3188.0,3251.79,3188.0,64304847.0,114767485063.9,1.98,3188.0,sh000903
2024-08-06 00:00:00,3211.62,3184.05,3220.8,3161.89,52601998.0,95163917847.5,1.85,3184.05,sh000903
2024-08-07 00:00:00,3180.09,3180.19,3201.45,3170.84,39964383.0,70900612592.8,0.96,3180.19,sh000903
2024-08-08 00:00:00,3171.07,3182.32,3201.26,3158.91,40966399.0,73101741702.6,1.33,3182.32,sh000903
2024-08-09 00:00:00,3199.25,3174.6,3210.14,3174.6,43974894.0,75432999972.6,1.12,3174.6,sh000903
2024-08-12 00:00:00,3171.36,3169.15,3181.91,3163.45,35452277.0,59151481181.8,0.58,3169.15,sh000903
2024-08-13 00:00:00,3170.56,3176.63,3177.77,3153.73,35867779.0,62994987116.4,0.76,3176.63,sh000903
2024-08-14 00:00:00,3175.33,3149.7,3175.33,3149.52,31590991.0,56617918200.8,0.81,3149.7,sh000903
2024-08-15 00:00:00,3141.95,3183.79,3197.91,3138.12,45879514.0,75208218765.0,1.9,3183.79,sh000903
2024-08-16 00:00:00,3184.66,3188.79,3199.21,3178.22,41920818.0,67478123616.4,0.66,3188.79,sh000903
2024-08-19 00:00:00,3189.11,3195.55,3221.75,3188.73,43071591.0,70294611693.3,1.04,3195.55,sh000903
2024-08-20 00:00:00,3201.73,3178.84,3202.47,3168.19,41639698.0,67828565338.7,1.07,3178.84,sh000903
2024-08-21 00:00:00,3169.91,3172.46,3188.74,3154.94,38951445.0,66653410645.8,1.06,3172.46,sh000903
2024-08-22 00:00:00,3174.06,3170.38,3179.34,3158.23,42602474.0,75860505472.2,0.67,3170.38,sh000903
2024-08-23 00:00:00,3162.12,3185.86,3194.39,3161.35,38845460.0,70963323182.7,1.04,3185.86,sh000903
2024-08-26 00:00:00,3190.3,3183.64,3195.95,3169.65,44642871.0,75727314068.5,0.83,3183.64,sh000903
2024-08-27 00:00:00,3174.6,3167.34,3181.41,3162.33,44167381.0,67537921847.8,0.6,3167.34,sh000903
2024-08-28 00:00:00,3161.78,3148.34,3168.53,3135.57,41506147.0,70572985225.9,1.04,3148.34,sh000903
2024-08-29 00:00:00,3134.53,3144.96,3157.63,3133.64,56154219.0,89309173084.4,0.76,3144.96,sh000903
2024-08-30 00:00:00,3143.2,3195.94,3224.97,3142.39,80602618.0,136043851331.3,2.63,3195.94,sh000903
2024-09-02 00:00:00,3179.97,3139.09,3182.73,3138.31,58087186.0,91780107794.0,1.39,3139.09,sh000903
2024-09-03 00:00:00,3135.32,3153.6,3162.58,3135.32,52625249.0,78361875229.7,0.87,3153.6,sh000903
2024-09-04 00:00:00,3133.43,3131.14,3152.59,3128.68,47594337.0,75241698582.3,0.76,3131.14,sh000903
2024-09-05 00:00:00,3131.43,3132.82,3144.98,3123.65,43048247.0,69699391889.0,0.68,3132.82,sh000903
2024-09-06 00:00:00,3135.0,3103.78,3144.43,3103.65,33631653.0,55584988997.7,1.3,3103.78,sh000903
2024-09-09 00:00:00,3086.53,3066.51,3097.17,3054.06,48296116.0,77968336724.7,1.39,3066.51,sh000903
2024-09-10 00:00:00,3065.59,3065.66,3075.98,3047.05,42052091.0,70101170840.3,0.94,3065.66,sh000903
2024-09-11 00:00:00,3058.65,3067.45,3076.39,3047.63,45911161.0,78806958358.0,0.94,3067.45,sh000903
2024-09-12 00:00:00,3071.5,3054.25,3085.52,3053.25,42293009.0,75319418020.8,1.05,3054.25,sh000903
2024-09-13 00:00:00,3055.17,3043.92,3071.86,3043.92,40240045.0,75215224256.4,0.91,3043.92,sh000903
2024-09-18 00:00:00,3044.6,3058.44,3068.91,3036.61,39685649.0,67343412708.4,1.06,3058.44,sh000903
2024-09-19 00:00:00,3061.12,3077.61,3095.96,3034.71,56166979.0,94679373359.9,2.0,3077.61,sh000903
2024-09-20 00:00:00,3075.89,3083.55,3090.43,3056.14,53613790.0,89122970991.3,1.11,3083.55,sh000903
2024-09-23 00:00:00,3084.28,3089.96,3108.99,3080.85,40361651.0,75770339683.2,0.91,3089.96,sh000903
2024-09-24 00:00:00,3124.35,3223.26,3223.35,3097.22,88277174.0,160990084992.1,4.08,3223.26,sh000903
2024-09-25 00:00:00,3276.83,3272.66,3337.8,3267.63,103653150.0,184213289956.8,2.18,3272.66,sh000903
2024-09-26 00:00:00,3273.3,3406.7,3407.2,3263.7,102770860.0,188405533815.8,4.38,3406.7,sh000903
2024-09-27 00:00:00,3480.19,3562.61,3571.57,3463.55,116269630.0,243456705769.1,3.17,3562.61,sh000903
2024-09-30 00:00:00,3692.92,3861.49,3883.9,3647.48,223144067.0,452392876102.8,6.64,3861.49,sh000903
2024-10-08 00:00:00,4284.12,4094.76,4284.12,3934.07,275043248.0,615858492734.8,9.07,4094.76,sh000903
2024-10-09 00:00:00,4007.15,3792.28,4022.2,3777.3,199741178.0,510271960511.8,5.98,3792.28,sh000903
2024-10-10 00:00:00,3814.0,3844.35,3938.38,3764.56,160213904.0,352904399029.2,4.58,3844.35,sh000903
2024-10-11 00:00:00,3814.98,3725.7,3814.98,3686.78,109456895.0,234843519397.7,3.33,3725.7,sh000903
2024-10-14 00:00:00,3750.54,3795.24,3813.25,3715.13,112586745.0,241441494099.3,2.63,3795.24,sh000903
2024-10-15 00:00:00,3781.89,3699.12,3805.72,3699.12,92313570.0,204017580803.5,2.81,3699.12,sh000903
2024-10-16 00:00:00,3651.15,3662.38,3705.25,3642.19,87088351.0,179809804279.9,1.7,3662.38,sh000903
2024-10-17 00:00:00,3681.76,3611.21,3703.45,3610.61,81934786.0,165151666505.1,2.53,3611.21,sh000903
2024-10-18 00:00:00,3602.65,3742.87,3811.23,3595.19,118323513.0,287170970340.7,5.98,3742.87,sh000903
2024-10-21 00:00:00,3775.72,3764.01,3805.25,3727.36,122129398.0,296876763997.3,2.08,3764.01,sh000903
2024-10-22 00:00:00,3754.03,3783.59,3789.8,3746.05,93616997.0,212578432060.6,1.16,3783.59,sh000903
2024-10-23 00:00:00,3777.39,3799.58,3835.33,3764.12,110253482.0,230466771392.3,1.88,3799.58,sh000903
2024-10-24 00:00:00,3779.67,3752.16,3783.96,3738.5,78184283.0,173580435735.2,1.2,3752.16,sh000903
2024-10-25 00:00:00,3755.12,3784.02,3822.18,3747.1,96251026.0,216853586973.8,2.0,3784.02,sh000903
2024-10-28 00:00:00,3780.7,3787.1,3787.7,3743.93,100930565.0,197865178268.5,1.16,3787.1,sh000903
2024-10-29 00:00:00,3793.03,3746.81,3809.66,3744.51,95717528.0,213402728982.8,1.72,3746.81,sh000903
2024-10-30 00:00:00,3727.58,3715.74,3749.85,3692.37,112618689.0,201893092479.2,1.53,3715.74,sh000903
2024-10-31 00:00:00,3715.97,3709.31,3739.92,3679.02,141682771.0,241441397633.9,1.64,3709.31,sh000903
2024-11-01 00:00:00,3703.87,3716.35,3754.31,3700.08,156830950.0,232301071959.9,1.46,3716.35,sh000903
2024-11-04 00:00:00,3724.79,3763.56,3763.56,3716.4,108492110.0,178044550344.7,1.27,3763.56,sh000903
2024-11-05 00:00:00,3754.74,3851.27,3851.88,3745.56,147365169.0,272837842625.3,2.82,3851.27,sh000903
2024-11-06 00:00:00,3856.89,3827.29,3888.69,3804.44,159741981.0,305545716671.0,2.19,3827.29,sh000903
2024-11-07 00:00:00,3790.13,3922.28,3923.32,3785.75,152050842.0,302117444408.0,3.59,3922.28,sh000903
2024-11-08 00:00:00,3970.08,3890.19,3979.2,3881.18,152456382.0,329898481632.8,2.5,3890.19,sh000903
2024-11-11 00:00:00,3854.67,3916.38,3918.22,3833.79,135545563.0,308924314744.5,2.17,3916.38,sh000903
2024-11-12 00:00:00,3920.31,3874.43,3971.03,3853.59,137643237.0,334297824026.8,3.0,3874.43,sh000903
2024-11-13 00:00:00,3847.69,3901.93,3912.64,3847.69,116673956.0,260093671351.0,1.68,3901.93,sh000903
2024-11-14 00:00:00,3894.28,3830.99,3907.4,3825.66,108314147.0,227723964033.9,2.09,3830.99,sh000903
2024-11-15 00:00:00,3815.07,3764.93,3837.72,3764.93,115027600.0,226223965682.1,1.9,3764.93,sh000903
2024-11-18 00:00:00,3773.64,3738.15,3815.16,3720.17,130585652.0,218284400754.6,2.52,3738.15,sh000903
2024-11-19 00:00:00,3744.02,3761.37,3765.52,3688.56,102622761.0,185096020862.9,2.06,3761.37,sh000903
2024-11-20 00:00:00,3753.97,3768.81,3783.37,3743.24,77047465.0,162195370220.1,1.07,3768.81,sh000903
2024-11-21 00:00:00,3763.18,3764.89,3775.35,3744.12,67617355.0,140443848104.3,0.83,3764.89,sh000903
2024-11-22 00:00:00,3760.56,3653.29,3767.89,3653.29,90373454.0,181471604755.8,3.04,3653.29,sh000903
2024-11-25 00:00:00,3663.26,3630.08,3682.35,3601.96,80709051.0,161111097570.7,2.2,3630.08,sh000903
2024-11-26 00:00:00,3619.88,3622.33,3652.46,3617.06,60510336.0,119141050268.1,0.98,3622.33,sh000903
2024-11-27 00:00:00,3612.74,3678.43,3678.65,3600.21,71629829.0,143279612654.5,2.17,3678.43,sh000903
2024-11-28 00:00:00,3677.45,3644.89,3679.59,3636.29,60926226.0,124585396710.4,1.18,3644.89,sh000903
2024-11-29 00:00:00,3640.79,3682.05,3723.51,3640.79,74059169.0,163993033954.6,2.27,3682.05,sh000903
2024-12-02 00:00:00,3678.49,3711.95,3720.99,3670.53,83554440.0,166428888446.7,1.37,3711.95,sh000903
2024-12-03 00:00:00,3711.05,3710.89,3720.03,3684.52,72778536.0,142804330327.2,0.96,3710.89,sh000903
2024-12-04 00:00:00,3708.81,3694.29,3715.8,3683.03,76751706.0,143565040399.0,0.88,3694.29,sh000903
2024-12-05 00:00:00,3680.58,3679.17,3694.84,3669.64,57077970.0,114072644266.0,0.68,3679.17,sh000903
2024-12-06 00:00:00,3681.67,3733.23,3752.27,3681.67,79314351.0,158245377546.5,1.92,3733.23,sh000903
2024-12-09 00:00:00,3731.85,3729.75,3755.91,3712.9,79880064.0,145359040872.1,1.15,3729.75,sh000903
2024-12-10 00:00:00,3848.97,3757.28,3852.81,3750.67,115122553.0,228018767622.7,2.74,3757.28,sh000903
2024-12-11 00:00:00,3752.89,3751.78,3767.79,3741.74,82401660.0,143066105589.6,0.69,3751.78,sh000903
2024-12-12 00:00:00,3747.64,3787.19,3790.31,3741.42,79075512.0,152998709839.1,1.3,3787.19,sh000903
2024-12-13 00:00:00,3760.27,3694.41,3760.27,3692.99,106027142.0,199796365784.9,1.78,3694.41,sh000903
2024-12-16 00:00:00,3693.12,3680.33,3702.83,3671.74,78516857.0,159939860284.6,0.84,3680.33,sh000903
2024-12-17 00:00:00,3676.23,3697.87,3729.5,3676.23,73874518.0,161833273085.6,1.45,3697.87,sh000903
2024-12-18 00:00:00,3708.86,3721.0,3732.58,3706.98,71743382.0,151234066199.7,0.69,3721.0,sh000903
2024-12-19 00:00:00,3693.71,3729.63,3739.41,3681.04,76335221.0,175802489675.5,1.57,3729.63,sh000903
2024-12-20 00:00:00,3719.86,3706.83,3736.89,3702.58,72134074.0,183441511457.8,0.92,3706.83,sh000903
2024-12-23 00:00:00,3709.17,3718.63,3746.77,3709.17,90303064.0,194270779117.7,1.01,3718.63,sh000903
2024-12-24 00:00:00,3719.25,3765.71,3767.96,3719.25,73219986.0,162203850320.0,1.31,3765.71,sh000903
2024-12-25 00:00:00,3771.1,3769.05,3789.65,3754.74,73408282.0,157674521247.7,0.93,3769.05,sh000903
2024-12-26 00:00:00,3766.77,3770.3,3774.5,3749.99,65431839.0,163015143948.1,0.65,3770.3,sh000903
2024-12-27 00:00:00,3771.6,3761.46,3786.53,3753.96,73427151.0,179296344510.2,0.86,3761.46,sh000903
2024-12-30 00:00:00,3758.86,3779.48,3788.32,3758.86,74539861.0,171257911858.0,0.78,3779.48,sh000903
2024-12-31 00:00:00,3775.44,3724.97,3782.83,3724.97,80553938.0,180047750202.9,1.53,3724.97,sh000903
2025-01-02 00:00:00,3723.74,3624.45,3725.95,3602.37,94271652.0,197872406720.5,3.32,3624.45,sh000903
2025-01-03 00:00:00,3630.42,3589.44,3643.77,3580.62,78506557.0,155709238571.5,1.74,3589.44,sh000903
2025-01-06 00:00:00,3593.75,3583.49,3603.27,3559.03,66592161.0,136049379857.8,1.23,3583.49,sh000903
2025-01-07 00:00:00,3569.83,3605.55,3607.38,3558.22,73024698.0,147037679991.7,1.37,3605.55,sh000903
2025-01-08 00:00:00,3590.75,3598.9,3619.97,3546.71,78331775.0,163872816342.7,2.03,3598.9,sh000903
2025-01-09 00:00:00,3590.63,3593.18,3606.79,3579.22,57912870.0,136668715662.1,0.77,3593.18,sh000903
2025-01-10 00:00:00,3595.8,3554.0,3602.78,3554.0,62901256.0,151480565022.0,1.36,3554.0,sh000903
2025-01-13 00:00:00,3526.22,3545.89,3558.51,3525.52,60795223.0,133243391857.0,0.93,3545.89,sh000903
2025-01-14 00:00:00,3550.59,3630.47,3638.16,3540.94,72623260.0,173291648342.5,2.74,3630.47,sh000903
2025-01-15 00:00:00,3619.77,3607.3,3627.89,3601.91,60017428.0,141662639779.4,0.72,3607.3,sh000903
2025-01-16 00:00:00,3621.83,3602.13,3652.68,3583.33,65161605.0,163912822112.2,1.92,3602.13,sh000903
2025-01-17 00:00:00,3590.09,3613.48,3633.2,3578.78,57994533.0,140793889169.4,1.51,3613.48,sh000903
2025-01-20 00:00:00,3636.08,3637.7,3661.06,3630.82,63004531.0,154626270766.0,0.84,3637.7,sh000903
2025-01-21 00:00:00,3656.1,3639.14,3657.75,3628.72,71651478.0,152023952186.2,0.8,3639.14,sh000903
2025-01-22 00:00:00,3630.01,3600.4,3631.71,3587.59,62292941.0,152673307898.1,1.21,3600.4,sh000903
2025-01-23 00:00:00,3629.87,3601.04,3662.68,3599.07,76821374.0,168583968847.3,1.77,3601.04,sh000903
2025-01-24 00:00:00,3594.96,3628.49,3646.55,3594.02,64678690.0,151102018509.8,1.46,3628.49,sh000903
2025-01-27 00:00:00,3631.55,3615.24,3646.63,3615.12,61987398.0,141144081832.5,0.87,3615.24,sh000903
2025-02-05 00:00:00,3649.24,3604.47,3649.24,3594.56,69760209.0,183494806930.9,1.51,3604.47,sh000903
2025-02-06 00:00:00,3598.51,3653.43,3654.15,3597.0,76234399.0,197453897231.9,1.59,3653.43,sh000903
2025-02-07 00:00:00,3656.23,3704.02,3727.52,3643.61,99148366.0,249149602914.2,2.3,3704.02,sh000903
2025-02-10 00:00:00,3709.1,3715.0,3720.48,3690.17,89086978.0,195905353717.2,0.82,3715.0,sh000903
2025-02-11 00:00:00,3723.13,3695.6,3723.13,3687.9,74739823.0,167939549847.4,0.95,3695.6,sh000903
2025-02-12 00:00:00,3691.26,3737.32,3739.11,3680.98,74943796.0,186150287409.2,1.57,3737.32,sh000903
2025-02-13 00:00:00,3732.5,3722.68,3756.31,3721.91,80141666.0,196809607349.4,0.92,3722.68,sh000903
2025-02-14 00:00:00,3719.46,3762.63,3765.56,3719.46,88418747.0,195355214607.7,1.24,3762.63,sh000903
2025-02-17 00:00:00,3775.52,3764.03,3777.37,3741.12,102735164.0,220145920174.2,0.96,3764.03,sh000903
2025-02-18 00:00:00,3762.78,3736.25,3783.71,3725.29,98905316.0,206316130662.4,1.55,3736.25,sh000903
2025-02-19 00:00:00,3729.4,3763.2,3768.99,3729.4,89320099.0,195335855901.2,1.06,3763.2,sh000903
2025-02-20 00:00:00,3758.6,3749.82,3760.96,3735.17,83130223.0,177715512112.2,0.69,3749.82,sh000903
2025-02-21 00:00:00,3759.7,3812.38,3815.04,3758.3,111201264.0,280745453506.6,1.51,3812.38,sh000903
2025-02-24 00:00:00,3805.8,3802.47,3829.57,3781.68,105822240.0,245621596945.0,1.26,3802.47,sh000903
2025-02-25 00:00:00,3766.34,3760.57,3792.45,3750.73,84726544.0,207993196890.1,1.1,3760.57,sh000903
2025-02-26 00:00:00,3768.47,3788.95,3790.26,3757.3,89103081.0,200619472743.7,0.88,3788.95,sh000903
2025-02-27 00:00:00,3793.14,3799.44,3806.1,3767.17,93676072.0,220179544901.0,1.03,3799.44,sh000903
2025-02-28 00:00:00,3783.53,3727.84,3807.64,3725.01,88634438.0,222807015412.7,2.17,3727.84,sh000903
2025-03-03 00:00:00,3738.41,3728.44,3772.09,3712.34,82754438.0,194021378952.8,1.6,3728.44,sh000903
2025-03-04 00:00:00,3706.49,3720.06,3727.9,3692.84,73408857.0,166678999359.9,0.94,3720.06,sh000903
2025-03-05 00:00:00,3723.46,3735.54,3739.61,3713.67,71024916.0,154704175806.5,0.7,3735.54,sh000903
2025-03-06 00:00:00,3759.09,3795.38,3803.29,3756.99,86714518.0,205691938285.1,1.24,3795.38,sh000903
2025-03-07 00:00:00,3783.19,3782.77,3805.71,3774.76,72567541.0,168406584129.1,0.82,3782.77,sh000903
2025-03-10 00:00:00,3786.15,3770.14,3791.98,3745.51,71688410.0,158437247676.3,1.23,3770.14,sh000903
2025-03-11 00:00:00,3731.83,3779.99,3779.99,3730.98,67281737.0,151610594673.5,1.3,3779.99,sh000903
2025-03-12 00:00:00,3785.85,3763.39,3788.18,3756.94,68994706.0,154808448651.1,0.83,3763.39,sh000903
2025-03-13 00:00:00,3763.51,3748.91,3776.85,3735.55,68575650.0,150399889511.7,1.1,3748.91,sh000903
2025-03-14 00:00:00,3757.6,3841.43,3847.85,3757.13,89390886.0,214792695542.0,2.42,3841.43,sh000903
2025-03-17 00:00:00,3859.52,3829.78,3859.84,3824.69,65406086.0,153406774274.5,0.92,3829.78,sh000903
2025-03-18 00:00:00,3847.05,3845.82,3856.63,3835.12,62223627.0,153619173349.9,0.56,3845.82,sh000903
2025-03-19 00:00:00,3846.16,3859.58,3872.37,3831.3,64687697.0,152326235841.2,1.07,3859.58,sh000903
2025-03-20 00:00:00,3860.28,3819.67,3861.37,3814.57,57923972.0,135671294509.6,1.21,3819.67,sh000903
2025-03-21 00:00:00,3810.58,3755.97,3825.61,3745.13,71766079.0,164677698801.1,2.11,3755.97,sh000903
2025-03-24 00:00:00,3758.6,3776.48,3780.74,3753.4,63833473.0,136471092297.0,0.73,3776.48,sh000903
2025-03-25 00:00:00,3780.36,3773.13,3788.52,3762.25,55963595.0,121406571595.4,0.7,3773.13,sh000903
2025-03-26 00:00:00,3772.08,3757.7,3781.71,3755.35,56148418.0,117156928579.0,0.7,3757.7,sh000903
2025-03-27 00:00:00,3750.98,3771.11,3792.68,3743.65,52130371.0,117484964047.2,1.3,3771.11,sh000903
2025-03-28 00:00:00,3768.42,3756.09,3772.58,3746.58,50840000.0,107909883155.4,0.69,3756.09,sh000903
2025-03-31 00:00:00,3747.38,3728.92,3770.35,3714.5,63774355.0,132648179158.3,1.49,3728.92,sh000903
2025-04-01 00:00:00,3734.84,3725.52,3742.79,3719.12,53874343.0,126555024851.1,0.63,3725.52,sh000903
2025-04-02 00:00:00,3722.08,3715.68,3734.23,3709.06,44921590.0,104132294336.8,0.68,3715.68,sh000903
2025-04-03 00:00:00,3673.53,3690.89,3714.52,3673.53,61794993.0,143871301715.0,1.1,3690.89,sh000903
2025-04-07 00:00:00,3507.36,3437.94,3540.03,3362.07,135790569.0,284812194948.5,4.82,3437.94,sh000903
2025-04-08 00:00:00,3447.2,3500.92,3500.92,3434.64,128759751.0,255791126109.2,1.93,3500.92,sh000903
2025-04-09 00:00:00,3456.56,3529.04,3529.91,3441.09,120014715.0,251485686617.9,2.54,3529.04,sh000903
2025-04-10 00:00:00,3590.39,3576.84,3595.82,3549.68,104407511.0,219265422992.1,1.31,3576.84,sh000903
2025-04-11 00:00:00,3574.33,3598.27,3609.12,3551.68,76881792.0,178713878485.5,1.61,3598.27,sh000903
2025-04-14 00:00:00,3618.19,3601.59,3619.39,3596.09,72415448.0,156740569481.6,0.65,3601.59,sh000903
2025-04-15 00:00:00,3598.96,3600.68,3604.49,3580.11,57651694.0,122823953508.2,0.68,3600.68,sh000903
2025-04-16 00:00:00,3597.63,3611.99,3616.23,3561.72,68072933.0,139303758930.0,1.51,3611.99,sh000903
2025-04-17 00:00:00,3595.99,3611.77,3618.59,3591.04,55499799.0,110968550029.9,0.76,3611.77,sh000903
2025-04-18 00:00:00,3599.77,3611.88,3622.11,3593.61,43239861.0,89827923998.1,0.79,3611.88,sh000903
2025-04-21 00:00:00,3609.01,3625.69,3631.49,3602.89,48797618.0,105337739773.7,0.79,3625.69,sh000903
2025-04-22 00:00:00,3620.67,3622.0,3637.48,3617.94,53353598.0,109246390484.7,0.54,3622.0,sh000903
2025-04-23 00:00:00,3642.65,3625.52,3646.93,3619.9,54823557.0,127076903431.4,0.75,3625.52,sh000903
2025-04-24 00:00:00,3628.09,3624.14,3646.17,3613.75,44524030.0,100201476770.4,0.89,3624.14,sh000903
2025-04-25 00:00:00,3632.74,3628.53,3643.96,3623.19,53808417.0,111777943601.3,0.57,3628.53,sh000903
2025-04-28 00:00:00,3628.39,3624.51,3634.36,3614.23,50473448.0,108102853618.5,0.55,3624.51,sh000903
2025-04-29 00:00:00,3620.82,3621.39,3628.46,3612.4,46019421.0,102684268659.3,0.44,3621.39,sh000903
2025-04-30 00:00:00,3622.21,3617.51,3633.15,3613.54,54833235.0,120553372008.9,0.54,3617.51,sh000903
2025-05-06 00:00:00,3643.33,3653.14,3654.6,3630.46,65811388.0,132226107792.6,0.67,3653.14,sh000903
2025-05-07 00:00:00,3702.94,3675.94,3703.8,3660.26,67153787.0,144007737648.8,1.19,3675.94,sh000903
2025-05-08 00:00:00,3665.67,3697.15,3715.6,3661.11,52072498.0,128073245455.7,1.48,3697.15,sh000903
2025-05-09 00:00:00,3693.11,3694.6,3700.67,3685.06,47677324.0,113522491922.3,0.42,3694.6,sh000903
2025-05-12 00:00:00,3715.05,3737.34,3740.8,3708.03,63445375.0,156903945305.7,0.89,3737.34,sh000903
2025-05-13 00:00:00,3764.26,3740.93,3764.26,3733.4,61972305.0,140073857812.7,0.83,3740.93,sh000903
2025-05-14 00:00:00,3740.28,3783.87,3799.36,3736.12,66008919.0,150561650898.6,1.69,3783.87,sh000903
2025-05-15 00:00:00,3776.61,3753.74,3777.32,3749.69,55606988.0,121096110836.7,0.73,3753.74,sh000903
2025-05-16 00:00:00,3744.48,3736.11,3749.71,3723.06,48885859.0,108358578860.4,0.71,3736.11,sh000903
2025-05-19 00:00:00,3730.09,3725.5,3732.78,3712.78,39329980.0,95408571796.7,0.54,3725.5,sh000903
2025-05-20 00:00:00,3732.46,3749.09,3763.02,3729.58,43079538.0,108003926063.9,0.9,3749.09,sh000903
2025-05-21 00:00:00,3750.96,3768.34,3782.83,3750.96,45063650.0,118775574362.8,0.85,3768.34,sh000903
2025-05-22 00:00:00,3766.14,3762.37,3772.03,3752.11,41690364.0,96082326850.4,0.53,3762.37,sh000903
2025-05-23 00:00:00,3758.7,3731.44,3779.09,3731.44,46400114.0,113666143795.6,1.27,3731.44,sh000903
2025-05-26 00:00:00,3723.54,3704.32,3730.2,3692.84,42959121.0,105966643203.3,1.0,3704.32,sh000903
2025-05-27 00:00:00,3700.94,3679.83,3708.81,3676.67,38782345.0,88773895680.4,0.87,3679.83,sh000903
2025-05-28 00:00:00,3684.2,3675.06,3692.11,3673.46,35598100.0,77644529610.1,0.51,3675.06,sh000903
2025-05-29 00:00:00,3675.89,3692.16,3706.69,3666.02,42182832.0,99932979494.6,1.11,3692.16,sh000903
2025-05-30 00:00:00,3684.51,3668.4,3691.43,3657.48,44018920.0,98855966637.5,0.92,3668.4,sh000903
2025-06-03 00:00:00,3666.62,3677.14,3690.74,3666.39,48391976.0,110946279107.9,0.66,3677.14,sh000903
2025-06-04 00:00:00,3680.98,3690.74,3698.27,3680.98,47859060.0,100979722401.5,0.47,3690.74,sh000903
2025-06-05 00:00:00,3693.8,3698.59,3703.89,3682.22,48772722.0,109018800317.2,0.59,3698.59,sh000903
2025-06-06 00:00:00,3701.45,3697.56,3711.59,3692.97,44385764.0,97473532715.5,0.5,3697.56,sh000903
2025-06-09 00:00:00,3699.48,3700.3,3717.2,3693.44,54309560.0,129888980264.7,0.64,3700.3,sh000903
2025-06-10 00:00:00,3702.9,3678.67,3709.83,3667.14,56172114.0,132670198035.0,1.15,3678.67,sh000903
2025-06-11 00:00:00,3683.11,3707.94,3724.83,3683.11,57940422.0,123810202019.5,1.13,3707.94,sh000903
2025-06-12 00:00:00,3699.87,3703.24,3712.64,3683.63,54398443.0,126002318269.9,0.78,3703.24,sh000903
2025-06-13 00:00:00,3691.57,3681.38,3701.04,3669.34,66144585.0,150645249248.0,0.86,3681.38,sh000903
2025-06-16 00:00:00,3670.39,3683.73,3686.87,3669.89,54027583.0,116896717050.5,0.46,3683.73,sh000903
2020-11-09 00:00:00,5028.59,5082.61,5093.19,5028.59,94580874.0,182052118528.0,1.29,5082.61,sh000903
2020-11-10 00:00:00,5094.94,5060.27,5095.28,5036.07,85962294.0,163775012864.0,1.16,5060.27,sh000903
2020-11-11 00:00:00,5050.17,5030.85,5073.66,5027.42,80982423.0,148246634496.0,0.91,5030.85,sh000903
2020-11-12 00:00:00,5038.59,5028.18,5047.89,5012.8,59035443.0,110685519872.0,0.7,5028.18,sh000903
2020-11-13 00:00:00,5001.84,4957.86,5001.84,4926.34,63353907.0,120509333504.0,1.5,4957.86,sh000903
2020-11-16 00:00:00,4986.24,5008.47,5008.47,4951.7,64380751.0,124803354624.0,1.15,5008.47,sh000903
2020-11-17 00:00:00,5010.32,5011.42,5027.85,4983.5,66888632.0,131728351232.0,0.89,5011.42,sh000903
2020-11-18 00:00:00,5006.89,5021.28,5046.71,4999.55,83596224.0,148539285504.0,0.94,5021.28,sh000903
2020-11-19 00:00:00,5011.31,5060.22,5072.75,5001.45,63519411.0,121915637760.0,1.42,5060.22,sh000903
2020-11-20 00:00:00,5059.46,5067.67,5071.6,5049.68,57660260.0,109255356416.0,0.43,5067.67,sh000903
2020-11-23 00:00:00,5080.76,5135.43,5156.94,5070.22,92694126.0,167017119744.0,1.71,5135.43,sh000903
2020-11-24 00:00:00,5127.54,5101.69,5132.3,5086.2,67168097.0,128967483392.0,0.9,5101.69,sh000903
2020-11-25 00:00:00,5122.88,5046.34,5136.0,5046.34,78214779.0,135385829376.0,1.76,5046.34,sh000903
2020-11-26 00:00:00,5045.57,5066.54,5067.98,5015.67,63995402.0,119770968064.0,1.04,5066.54,sh000903
2020-11-27 00:00:00,5080.74,5136.26,5136.26,5070.39,86197230.0,131001634816.0,1.3,5136.26,sh000903
2020-11-30 00:00:00,5150.9,5097.34,5224.3,5097.34,148824394.0,221428068352.0,2.47,5097.34,sh000903
2020-12-01 00:00:00,5105.35,5207.93,5213.15,5100.51,102485330.0,167084875776.0,2.21,5207.93,sh000903
2020-12-02 00:00:00,5214.55,5206.78,5237.01,5185.0,92694638.0,149957931008.0,1.0,5206.78,sh000903
2020-12-03 00:00:00,5203.91,5193.53,5210.41,5161.87,77386212.0,124499959808.0,0.93,5193.53,sh000903
2020-12-04 00:00:00,5188.62,5202.05,5211.19,5154.71,68024015.0,129194459136.0,1.09,5202.05,sh000903
2020-12-07 00:00:00,5205.5,5150.55,5206.85,5139.94,66616876.0,127386570752.0,1.29,5150.55,sh000903
2020-12-08 00:00:00,5158.1,5132.54,5173.3,5122.62,56843497.0,114790109184.0,0.98,5132.54,sh000903
2020-12-09 00:00:00,5147.46,5069.91,5158.72,5069.91,60815378.0,116665888768.0,1.73,5069.91,sh000903
2020-12-10 00:00:00,5062.75,5066.95,5091.54,5044.73,57824136.0,104980234240.0,0.92,5066.95,sh000903
2020-12-11 00:00:00,5086.68,5017.75,5086.68,4980.9,74950907.0,128920436736.0,2.09,5017.75,sh000903
2020-12-14 00:00:00,5033.98,5066.58,5070.01,5019.93,57456709.0,127430225920.0,1.0,5066.58,sh000903
2020-12-15 00:00:00,5062.6,5067.21,5078.24,5023.93,56932577.0,133404348416.0,1.07,5067.21,sh000903
2020-12-16 00:00:00,5084.94,5091.91,5104.69,5073.3,48041871.0,119108091904.0,0.62,5091.91,sh000903
2020-12-17 00:00:00,5105.83,5168.36,5173.39,5099.69,57007910.0,144635625472.0,1.45,5168.36,sh000903
2020-12-18 00:00:00,5161.32,5142.88,5177.32,5122.07,55997780.0,136448090112.0,1.07,5142.88,sh000903
2020-12-21 00:00:00,5137.92,5169.92,5172.61,5100.38,63490916.0,152041627648.0,1.4,5169.92,sh000903
2020-12-22 00:00:00,5162.11,5102.03,5184.01,5097.87,74247258.0,171636736000.0,1.67,5102.03,sh000903
2020-12-23 00:00:00,5115.98,5136.34,5168.27,5098.29,63157120.0,157590609920.0,1.37,5136.34,sh000903
2020-12-24 00:00:00,5135.36,5139.46,5166.04,5114.9,50151278.0,119908888576.0,1.0,5139.46,sh000903
2020-12-25 00:00:00,5124.52,5169.61,5171.1,5113.97,50289984.0,117624631296.0,1.11,5169.61,sh000903
2020-12-28 00:00:00,5171.29,5208.67,5233.81,5168.19,58121733.0,144121245696.0,1.27,5208.67,sh000903
2020-12-29 00:00:00,5219.07,5191.03,5225.28,5184.86,61478487.0,138439245824.0,0.78,5191.03,sh000903
2020-12-30 00:00:00,5187.55,5263.93,5263.93,5185.74,68825126.0,153235562496.0,1.51,5263.93,sh000903
2020-12-31 00:00:00,5269.16,5358.16,5364.83,5269.16,79313738.0,189271965696.0,1.82,5358.16,sh000903
2021-01-04 00:00:00,5349.75,5389.63,5410.05,5324.43,100438700.0,248041914368.0,1.6,5389.63,sh000903
2021-01-05 00:00:00,5368.86,5494.64,5494.64,5357.82,107118124.0,264864169984.0,2.54,5494.64,sh000903
2021-01-06 00:00:00,5515.31,5575.13,5582.71,5486.97,97337526.0,247636070400.0,1.74,5575.13,sh000903
2021-01-07 00:00:00,5591.29,5683.97,5683.97,5569.86,97968492.0,246767235072.0,2.05,5683.97,sh000903
2021-01-08 00:00:00,5699.88,5652.08,5724.26,5595.61,95270484.0,256628396032.0,2.26,5652.08,sh000903
2021-01-11 00:00:00,5656.84,5599.31,5710.52,5572.0,107119508.0,268059942912.0,2.45,5599.31,sh000903
2021-01-12 00:00:00,5575.79,5772.24,5772.24,5575.46,109026555.0,262568370176.0,3.51,5772.24,sh000903
2021-01-13 00:00:00,5782.95,5745.52,5812.64,5700.26,126297620.0,280347484160.0,1.95,5745.52,sh000903
2021-01-14 00:00:00,5724.88,5632.09,5733.81,5618.72,122910866.0,263571611648.0,2.0,5632.09,sh000903
2021-01-15 00:00:00,5641.05,5625.71,5683.52,5566.71,133288161.0,271215534080.0,2.07,5625.71,sh000903
2021-01-18 00:00:00,5605.78,5673.28,5703.5,5580.13,106641792.0,229812363264.0,2.19,5673.28,sh000903
2021-01-19 00:00:00,5683.12,5597.02,5690.04,5574.36,103273441.0,233606852608.0,2.04,5597.02,sh000903
2021-01-20 00:00:00,5600.84,5619.18,5646.72,5582.15,82582295.0,204720087040.0,1.15,5619.18,sh000903
2021-01-21 00:00:00,5637.66,5705.34,5734.51,5632.01,91841050.0,237530726400.0,1.82,5705.34,sh000903
2021-01-22 00:00:00,5701.74,5699.63,5711.45,5653.24,84481375.0,221313597440.0,1.02,5699.63,sh000903
2021-01-25 00:00:00,5696.36,5797.22,5808.53,5678.21,86784732.0,262319751168.0,2.29,5797.22,sh000903
2021-01-26 00:00:00,5769.67,5673.78,5769.67,5668.77,77130452.0,213394055168.0,1.74,5673.78,sh000903
2021-01-27 00:00:00,5669.21,5687.83,5694.53,5620.13,71561590.0,195816669184.0,1.31,5687.83,sh000903
2021-01-28 00:00:00,5611.92,5543.81,5615.45,5523.42,78186998.0,194852859904.0,1.62,5543.81,sh000903
2021-01-29 00:00:00,5579.28,5522.78,5598.79,5464.22,83904901.0,205684760576.0,2.43,5522.78,sh000903
2021-02-01 00:00:00,5530.12,5585.41,5591.93,5514.83,72892209.0,175959928832.0,1.4,5585.41,sh000903
2021-02-02 00:00:00,5591.94,5652.83,5655.47,5575.35,72663905.0,200157728768.0,1.43,5652.83,sh000903
2021-02-03 00:00:00,5650.0,5651.45,5684.56,5623.49,75993907.0,213248372736.0,1.08,5651.45,sh000903
2021-02-04 00:00:00,5620.79,5662.89,5699.43,5606.92,79425167.0,217949032448.0,1.64,5662.89,sh000903
2021-02-05 00:00:00,5685.54,5716.01,5777.06,5680.9,87583278.0,215367278592.0,1.7,5716.01,sh000903
2021-02-08 00:00:00,5742.14,5784.37,5795.62,5704.76,72939067.0,198148259840.0,1.59,5784.37,sh000903
2021-02-09 00:00:00,5800.16,5894.43,5894.43,5763.65,74123525.0,202413043712.0,2.26,5894.43,sh000903
2021-02-10 00:00:00,5920.75,6030.54,6046.6,5920.62,80593953.0,230034112512.0,2.14,6030.54,sh000903
2021-02-18 00:00:00,6142.69,5972.14,6154.55,5948.77,100490734.0,279022383104.0,3.41,5972.14,sh000903
2021-02-19 00:00:00,5938.95,5993.8,6005.13,5879.48,100483909.0,248601075712.0,2.1,5993.8,sh000903
2021-02-22 00:00:00,5999.07,5772.14,5999.07,5772.14,132203950.0,304275439616.0,3.79,5772.14,sh000903
2021-02-23 00:00:00,5719.21,5764.09,5830.17,5719.21,99773412.0,223378935808.0,1.92,5764.09,sh000903
2021-02-24 00:00:00,5780.97,5621.4,5790.14,5557.48,94514880.0,254279057408.0,4.04,5621.4,sh000903
2021-02-25 00:00:00,5680.6,5676.26,5730.36,5637.34,102825948.0,227492151296.0,1.65,5676.26,sh000903
2021-02-26 00:00:00,5548.47,5531.53,5621.87,5519.5,94903396.0,227816390656.0,1.8,5531.53,sh000903
2021-03-01 00:00:00,5586.24,5597.68,5606.34,5534.71,75738181.0,191878406144.0,1.29,5597.68,sh000903
2021-03-02 00:00:00,5636.65,5515.21,5640.96,5468.54,80064625.0,202257371136.0,3.08,5515.21,sh000903
2021-03-03 00:00:00,5497.72,5642.67,5642.9,5489.83,85361638.0,180578054144.0,2.78,5642.67,sh000903
2021-03-04 00:00:00,5573.91,5469.99,5578.98,5440.49,87140106.0,204779819008.0,2.45,5469.99,sh000903
2021-03-05 00:00:00,5379.05,5441.14,5489.25,5348.51,86651725.0,189027434496.0,2.57,5441.14,sh000903
2021-03-08 00:00:00,5477.72,5254.46,5505.35,5254.15,96014838.0,218285076480.0,4.62,5254.46,sh000903
2021-03-09 00:00:00,5243.54,5152.0,5275.15,5104.93,101295450.0,230895992832.0,3.24,5152.0,sh000903
2021-03-10 00:00:00,5231.6,5192.27,5245.82,5174.24,70269829.0,167142920192.0,1.39,5192.27,sh000903
2021-03-11 00:00:00,5218.43,5322.45,5337.56,5214.95,81191191.0,182156013568.0,2.36,5322.45,sh000903
2021-03-12 00:00:00,5353.81,5346.92,5353.81,5289.05,87542666.0,171909230592.0,1.22,5346.92,sh000903
2021-03-15 00:00:00,5319.03,5230.46,5325.76,5183.73,86190932.0,183099633664.0,2.66,5230.46,sh000903
2021-03-16 00:00:00,5252.04,5289.43,5289.69,5217.65,64602094.0,142915899392.0,1.38,5289.43,sh000903
2021-03-17 00:00:00,5272.91,5294.93,5327.97,5225.09,64624312.0,143439347712.0,1.95,5294.93,sh000903
2021-03-18 00:00:00,5311.8,5336.51,5355.73,5308.12,57776543.0,135448276992.0,0.9,5336.51,sh000903
2021-03-19 00:00:00,5264.88,5183.7,5279.21,5155.3,73230003.0,154163089408.0,2.32,5183.7,sh000903
2021-03-22 00:00:00,5184.08,5222.14,5240.73,5168.35,69285693.0,138576330752.0,1.4,5222.14,sh000903
2021-03-23 00:00:00,5228.25,5186.82,5232.68,5139.33,63295311.0,127048040448.0,1.79,5186.82,sh000903
2021-03-24 00:00:00,5168.29,5114.28,5208.55,5103.12,63752520.0,134491123712.0,2.03,5114.28,sh000903
2021-03-25 00:00:00,5092.44,5105.14,5127.77,5065.16,57049265.0,117666619392.0,1.22,5105.14,sh000903
2021-03-26 00:00:00,5135.06,5210.2,5224.32,5132.09,63693166.0,148388794368.0,1.81,5210.2,sh000903
2021-03-29 00:00:00,5224.32,5223.48,5264.7,5181.47,68466916.0,148159946752.0,1.6,5223.48,sh000903
2021-03-30 00:00:00,5222.44,5274.59,5287.4,5206.87,60369385.0,136846983168.0,1.54,5274.59,sh000903
2021-03-31 00:00:00,5265.81,5218.57,5265.81,5184.7,65155904.0,132322308096.0,1.54,5218.57,sh000903
2021-04-01 00:00:00,5232.55,5286.64,5291.46,5227.97,49977467.0,109263994880.0,1.22,5286.64,sh000903
2021-04-02 00:00:00,5306.93,5338.86,5346.0,5289.5,57199969.0,135779799040.0,1.07,5338.86,sh000903
2021-04-06 00:00:00,5353.66,5305.26,5353.66,5287.38,47572180.0,112644743168.0,1.24,5305.26,sh000903
2021-04-07 00:00:00,5306.1,5249.84,5306.1,5216.75,63225649.0,131619794944.0,1.68,5249.84,sh000903
2021-04-08 00:00:00,5220.52,5265.06,5279.36,5205.3,51591767.0,107696533504.0,1.41,5265.06,sh000903
2021-04-09 00:00:00,5249.56,5178.59,5249.56,5165.54,52363640.0,109411450880.0,1.6,5178.59,sh000903
2021-04-12 00:00:00,5171.65,5105.1,5189.28,5088.77,65236099.0,137668898816.0,1.94,5105.1,sh000903
2021-04-13 00:00:00,5110.32,5092.64,5152.93,5076.24,61859937.0,121037799424.0,1.5,5092.64,sh000903
2021-04-14 00:00:00,5101.42,5121.85,5131.72,5083.12,59533443.0,121849085952.0,0.95,5121.85,sh000903
2021-04-15 00:00:00,5109.89,5078.32,5109.89,5028.16,52680745.0,123478745088.0,1.6,5078.32,sh000903
2021-04-16 00:00:00,5098.08,5098.58,5113.55,5048.63,48928023.0,110340165632.0,1.28,5098.58,sh000903
2021-04-19 00:00:00,5099.81,5208.88,5211.5,5069.16,67545679.0,158350221312.0,2.79,5208.88,sh000903
2021-04-20 00:00:00,5186.22,5207.69,5242.94,5177.33,52455951.0,134626177024.0,1.26,5207.69,sh000903
2021-04-21 00:00:00,5179.03,5225.17,5237.56,5176.38,51405030.0,120603189248.0,1.17,5225.17,sh000903
2021-04-22 00:00:00,5239.87,5203.7,5245.04,5183.67,52637240.0,117718786048.0,1.17,5203.7,sh000903
2021-04-23 00:00:00,5207.2,5267.63,5279.76,5204.54,55856911.0,141695623168.0,1.45,5267.63,sh000903
2021-04-26 00:00:00,5292.29,5193.71,5305.89,5188.51,69223793.0,166972522496.0,2.23,5193.71,sh000903
2021-04-27 00:00:00,5193.16,5211.3,5216.2,5162.45,53581847.0,128927088640.0,1.03,5211.3,sh000903
2021-04-28 00:00:00,5186.46,5229.93,5230.32,5175.36,52083991.0,137884893184.0,1.05,5229.93,sh000903
2021-04-29 00:00:00,5244.46,5287.43,5292.58,5228.91,62758863.0,153239101440.0,1.22,5287.43,sh000903
2021-04-30 00:00:00,5287.14,5238.64,5289.71,5210.98,74796209.0,157348737024.0,1.49,5238.64,sh000903
2021-05-06 00:00:00,5209.99,5164.69,5253.01,5150.35,71152340.0,162926665728.0,1.96,5164.69,sh000903
2021-05-07 00:00:00,5181.45,5101.72,5198.39,5099.26,74823795.0,151243345920.0,1.92,5101.72,sh000903
2021-05-10 00:00:00,5103.61,5090.12,5121.6,5050.65,66957187.0,138701619200.0,1.39,5090.12,sh000903
2021-05-11 00:00:00,5054.19,5135.22,5142.95,5037.13,57456829.0,124604682240.0,2.08,5135.22,sh000903
2021-05-12 00:00:00,5117.44,5150.61,5159.36,5109.64,52053565.0,110535630848.0,0.97,5150.61,sh000903
2021-05-13 00:00:00,5100.95,5093.66,5127.34,5070.82,54359342.0,110444519424.0,1.1,5093.66,sh000903
2021-05-14 00:00:00,5109.45,5211.87,5214.85,5079.11,71832855.0,164203491328.0,2.66,5211.87,sh000903
2021-05-17 00:00:00,5213.45,5279.72,5302.57,5213.45,66273987.0,166529736704.0,1.71,5279.72,sh000903
2021-05-18 00:00:00,5289.55,5281.94,5299.21,5251.64,50315113.0,106814459904.0,0.9,5281.94,sh000903
2021-05-19 00:00:00,5268.59,5254.08,5279.98,5239.99,50179031.0,117529223168.0,0.76,5254.08,sh000903
2021-05-20 00:00:00,5255.7,5279.0,5288.93,5238.29,56067279.0,130688745472.0,0.96,5279.0,sh000903
2021-05-21 00:00:00,5290.54,5219.86,5308.75,5210.13,50695613.0,132484136960.0,1.87,5219.86,sh000903
2021-05-24 00:00:00,5224.07,5237.28,5237.32,5174.51,54132416.0,138478047232.0,1.2,5237.28,sh000903
2021-05-25 00:00:00,5248.39,5422.71,5429.04,5247.36,88721229.0,228507426816.0,3.47,5422.71,sh000903
2021-05-26 00:00:00,5434.26,5426.55,5454.32,5411.51,69756890.0,173180657664.0,0.79,5426.55,sh000903
2021-05-27 00:00:00,5420.44,5437.36,5492.41,5387.28,60871229.0,153916379136.0,1.94,5437.36,sh000903
2021-05-28 00:00:00,5437.74,5419.15,5457.73,5382.58,68568184.0,155468881920.0,1.38,5419.15,sh000903
2021-05-31 00:00:00,5408.48,5405.03,5408.48,5351.37,57808873.0,148271271936.0,1.05,5405.03,sh000903
2021-06-01 00:00:00,5395.91,5416.53,5418.56,5345.25,59102369.0,157120184320.0,1.36,5416.53,sh000903
2021-06-02 00:00:00,5424.09,5372.1,5428.81,5347.55,59247846.0,144439279616.0,1.5,5372.1,sh000903
2021-06-03 00:00:00,5368.82,5344.49,5402.15,5341.64,60294024.0,141472530432.0,1.13,5344.49,sh000903
2021-06-04 00:00:00,5317.37,5372.73,5426.98,5311.89,64463731.0,145542942720.0,2.15,5372.73,sh000903
2021-06-07 00:00:00,5370.95,5355.82,5372.55,5321.9,55322025.0,135387377664.0,0.94,5355.82,sh000903
2021-06-08 00:00:00,5353.86,5309.25,5396.23,5278.04,56666150.0,155183104000.0,2.21,5309.25,sh000903
2021-06-09 00:00:00,5301.98,5316.57,5336.14,5294.86,53904530.0,124414504960.0,0.78,5316.57,sh000903
2021-06-10 00:00:00,5317.26,5344.73,5378.48,5307.06,64884362.0,153804894208.0,1.34,5344.73,sh000903
2021-06-11 00:00:00,5345.91,5296.73,5347.13,5282.18,85592092.0,188874469376.0,1.22,5296.73,sh000903
2021-06-15 00:00:00,5291.29,5230.95,5298.81,5197.51,69039985.0,174657212416.0,1.91,5230.95,sh000903
2021-06-16 00:00:00,5227.63,5161.49,5233.1,5156.01,60830973.0,155421044736.0,1.47,5161.49,sh000903
2021-06-17 00:00:00,5152.2,5154.58,5191.51,5136.14,55768919.0,136764710912.0,1.07,5154.58,sh000903
2021-06-18 00:00:00,5151.47,5126.9,5170.03,5091.72,72711798.0,183752425472.0,1.52,5126.9,sh000903
2021-06-21 00:00:00,5109.18,5095.7,5132.3,5070.4,63536241.0,168136503296.0,1.21,5095.7,sh000903
2021-06-22 00:00:00,5113.57,5129.65,5139.96,5094.52,63543562.0,162239496192.0,0.89,5129.65,sh000903
2021-06-23 00:00:00,5134.03,5145.15,5170.72,5117.06,58206838.0,168262377472.0,1.05,5145.15,sh000903
2021-06-24 00:00:00,5155.11,5168.38,5171.75,5119.42,54493207.0,150780776448.0,1.02,5168.38,sh000903
2021-06-25 00:00:00,5170.32,5252.36,5264.68,5166.99,67946276.0,187196674048.0,1.89,5252.36,sh000903
2021-06-28 00:00:00,5268.03,5251.24,5271.99,5226.35,58889777.0,163238612992.0,0.87,5251.24,sh000903
2021-06-29 00:00:00,5247.13,5184.54,5247.33,5175.77,56881720.0,154473279488.0,1.36,5184.54,sh000903
2021-06-30 00:00:00,5177.59,5205.36,5214.47,5174.91,45340055.0,129577689088.0,0.76,5205.36,sh000903
2021-07-01 00:00:00,5225.34,5241.25,5241.36,5172.44,57497482.0,162290511872.0,1.32,5241.25,sh000903
2021-07-02 00:00:00,5189.31,5070.22,5189.31,5063.57,64122760.0,177876328448.0,2.4,5070.22,sh000903
2021-07-05 00:00:00,5058.21,5056.54,5071.08,5021.33,58141647.0,158302908416.0,0.98,5056.54,sh000903
2021-07-06 00:00:00,5056.31,5061.16,5064.59,5006.14,59112179.0,170724331520.0,1.16,5061.16,sh000903
2021-07-07 00:00:00,5036.88,5092.37,5106.54,5031.95,53262131.0,149674442752.0,1.47,5092.37,sh000903
2021-07-08 00:00:00,5101.68,5019.89,5104.56,5007.36,67667625.0,181782425600.0,1.91,5019.89,sh000903
2021-07-09 00:00:00,4996.14,4993.44,5012.3,4948.31,59679050.0,154012667904.0,1.27,4993.44,sh000903
2021-07-12 00:00:00,5028.96,5038.34,5070.33,4983.57,77509356.0,199503085568.0,1.74,5038.34,sh000903
2021-07-13 00:00:00,5036.56,5052.57,5068.32,5025.47,63230039.0,161222766592.0,0.85,5052.57,sh000903
2021-07-14 00:00:00,5045.28,4999.17,5045.28,4986.01,76823104.0,180055531520.0,1.17,4999.17,sh000903
2021-07-15 00:00:00,4991.77,5074.15,5078.19,4985.74,71339200.0,179191988224.0,1.85,5074.15,sh000903
2021-07-16 00:00:00,5063.42,5010.98,5065.79,5006.36,61888783.0,159097602048.0,1.17,5010.98,sh000903
2021-07-19 00:00:00,5000.27,5039.59,5047.45,4957.49,60484575.0,153456005120.0,1.8,5039.59,sh000903
2021-07-20 00:00:00,5006.0,5019.5,5032.48,4990.7,49052902.0,123014537216.0,0.83,5019.5,sh000903
2021-07-21 00:00:00,5030.33,5026.13,5065.43,5016.06,61391470.0,171975458816.0,0.98,5026.13,sh000903
2021-07-22 00:00:00,5028.7,5019.75,5055.15,5012.01,67007043.0,189304090624.0,0.86,5019.75,sh000903
2021-07-23 00:00:00,5011.48,4954.77,5011.48,4947.13,75802552.0,193480593408.0,1.28,4954.77,sh000903
2021-07-26 00:00:00,4926.47,4762.99,4926.47,4715.64,88492636.0,237445685248.0,4.26,4762.99,sh000903
2021-07-27 00:00:00,4760.03,4592.43,4768.32,4585.6,90653222.0,233162579968.0,3.84,4592.43,sh000903
2021-07-28 00:00:00,4562.82,4622.34,4640.56,4536.5,78647798.0,195556827136.0,2.27,4622.34,sh000903
2021-07-29 00:00:00,4698.48,4662.92,4702.1,4637.13,67272788.0,186291884032.0,1.41,4662.92,sh000903
2021-07-30 00:00:00,4634.28,4593.64,4634.28,4559.22,65521966.0,187468328960.0,1.61,4593.64,sh000903
2021-08-02 00:00:00,4566.32,4723.45,4729.54,4526.25,88902170.0,244569776128.0,4.43,4723.45,sh000903
2021-08-03 00:00:00,4701.26,4754.87,4760.6,4685.74,70472481.0,204038840320.0,1.58,4754.87,sh000903
2021-08-04 00:00:00,4749.17,4761.81,4768.91,4727.23,60727875.0,186164682752.0,0.88,4761.81,sh000903
2021-08-05 00:00:00,4726.55,4733.05,4792.13,4703.99,60411328.0,177455800320.0,1.85,4733.05,sh000903
2021-08-06 00:00:00,4717.67,4701.65,4717.81,4680.72,52923236.0,153276346368.0,0.78,4701.65,sh000903
2021-08-09 00:00:00,4673.15,4779.75,4805.0,4669.99,73159795.0,190885285888.0,2.87,4779.75,sh000903
2021-08-10 00:00:00,4774.08,4858.14,4858.27,4725.86,62098767.0,188547883008.0,2.77,4858.14,sh000903
2021-08-11 00:00:00,4851.8,4826.03,4879.68,4820.86,71827354.0,168156553216.0,1.21,4826.03,sh000903
2021-08-12 00:00:00,4810.91,4776.09,4826.61,4771.85,57790487.0,156077195264.0,1.13,4776.09,sh000903
2021-08-13 00:00:00,4759.76,4762.26,4792.89,4735.66,53993800.0,139313393664.0,1.2,4762.26,sh000903
2021-08-16 00:00:00,4756.28,4772.41,4800.34,4747.78,58006561.0,143856771072.0,1.1,4772.41,sh000903
2021-08-17 00:00:00,4765.79,4669.78,4794.54,4658.7,70425027.0,170375028736.0,2.85,4669.78,sh000903
2021-08-18 00:00:00,4667.39,4726.65,4746.5,4641.11,79562130.0,184446504960.0,2.26,4726.65,sh000903
2021-08-19 00:00:00,4716.36,4663.64,4722.56,4641.66,78177910.0,176556011520.0,1.71,4663.64,sh000903
2021-08-20 00:00:00,4607.08,4556.65,4620.69,4515.78,68886016.0,186978746368.0,2.25,4556.65,sh000903
2021-08-23 00:00:00,4558.56,4594.73,4606.61,4548.14,58473464.0,163307687936.0,1.28,4594.73,sh000903
2021-08-24 00:00:00,4605.39,4649.51,4666.94,4603.66,68673610.0,181827907584.0,1.38,4649.51,sh000903
2021-08-25 00:00:00,4654.42,4656.84,4673.9,4633.15,67178586.0,165914083328.0,0.88,4656.84,sh000903
2021-08-26 00:00:00,4654.25,4551.79,4654.25,4550.6,66911660.0,152858087424.0,2.23,4551.79,sh000903
2021-08-27 00:00:00,4545.65,4581.99,4622.92,4544.82,65731366.0,155322462208.0,1.72,4581.99,sh000903
2021-08-30 00:00:00,4603.27,4552.31,4604.96,4523.18,87775060.0,213934518272.0,1.78,4552.31,sh000903
2021-08-31 00:00:00,4547.18,4543.54,4574.78,4485.86,99662963.0,210765791232.0,1.95,4543.54,sh000903
2021-09-01 00:00:00,4537.02,4647.37,4681.72,4504.17,138208220.0,274333233152.0,3.91,4647.37,sh000903
2021-09-02 00:00:00,4649.89,4643.94,4675.04,4615.02,104976973.0,210726400000.0,1.29,4643.94,sh000903
2021-09-03 00:00:00,4649.79,4644.11,4676.12,4594.04,106472100.0,210675269632.0,1.77,4644.11,sh000903
2021-09-06 00:00:00,4639.58,4721.73,4739.13,4635.92,100462285.0,224208396288.0,2.22,4721.73,sh000903
2021-09-07 00:00:00,4719.96,4766.86,4783.68,4693.37,103162926.0,190585761792.0,1.91,4766.86,sh000903
2021-09-08 00:00:00,4758.42,4733.97,4783.98,4719.7,102474345.0,185392078848.0,1.35,4733.97,sh000903
2021-09-09 00:00:00,4714.8,4730.15,4730.56,4698.02,105808996.0,168942399488.0,0.69,4730.15,sh000903
2021-09-10 00:00:00,4728.39,4786.55,4816.87,4725.02,121635494.0,211298422784.0,1.94,4786.55,sh000903
2021-09-13 00:00:00,4777.8,4771.53,4808.65,4743.52,102741714.0,189190512640.0,1.36,4771.53,sh000903
2021-09-14 00:00:00,4774.07,4693.48,4785.92,4685.43,108152212.0,192941625344.0,2.11,4693.48,sh000903
2021-09-15 00:00:00,4678.6,4632.37,4678.6,4608.22,80217080.0,160512176128.0,1.5,4632.37,sh000903
2021-09-16 00:00:00,4629.82,4608.18,4646.81,4590.2,91077466.0,173838409728.0,1.22,4608.18,sh000903
2021-09-17 00:00:00,4597.1,4661.19,4661.33,4590.11,80290191.0,161591836672.0,1.55,4661.19,sh000903
2021-09-22 00:00:00,4572.54,4606.72,4616.14,4566.64,85686098.0,144260907008.0,1.06,4606.72,sh000903
2021-09-23 00:00:00,4627.02,4619.62,4661.03,4602.14,86207078.0,153701007360.0,1.28,4619.62,sh000903
2021-09-24 00:00:00,4609.51,4634.16,4677.22,4607.99,79107231.0,164969349120.0,1.5,4634.16,sh000903
2021-09-27 00:00:00,4661.28,4716.42,4750.32,4661.28,90112655.0,216338997248.0,1.92,4716.42,sh000903
2021-09-28 00:00:00,4711.14,4730.24,4747.99,4681.62,77160573.0,159878721536.0,1.41,4730.24,sh000903
2021-09-29 00:00:00,4697.47,4715.59,4745.72,4660.07,82400822.0,158143377408.0,1.81,4715.59,sh000903
2021-09-30 00:00:00,4719.9,4730.05,4745.08,4714.07,61091144.0,140091256832.0,0.66,4730.05,sh000903
2021-10-08 00:00:00,4780.8,4825.59,4838.49,4761.21,80840317.0,187827863552.0,1.63,4825.59,sh000903
2021-10-11 00:00:00,4840.15,4840.89,4903.09,4838.33,75926610.0,167155773440.0,1.34,4840.89,sh000903
2021-10-12 00:00:00,4824.33,4811.92,4844.5,4772.21,73674235.0,148302843904.0,1.49,4811.92,sh000903
2021-10-13 00:00:00,4806.1,4863.96,4884.38,4795.17,59103557.0,148205940736.0,1.85,4863.96,sh000903
2021-10-14 00:00:00,4860.68,4827.06,4879.68,4818.24,48502062.0,117984604160.0,1.26,4827.06,sh000903
2021-10-15 00:00:00,4807.79,4843.24,4851.13,4797.37,64173737.0,146561503232.0,1.11,4843.24,sh000903
2021-10-18 00:00:00,4830.97,4757.94,4830.97,4734.19,62523953.0,155267641344.0,2.0,4757.94,sh000903
2021-10-19 00:00:00,4750.06,4807.55,4818.12,4750.05,58388529.0,140148047872.0,1.43,4807.55,sh000903
2021-10-20 00:00:00,4821.2,4795.05,4841.46,4781.88,57042678.0,132021547008.0,1.24,4795.05,sh000903
2021-10-21 00:00:00,4798.85,4828.04,4842.71,4791.41,64972027.0,137652387840.0,1.07,4828.04,sh000903
2021-10-22 00:00:00,4840.99,4876.85,4903.97,4834.15,60743828.0,144195510272.0,1.45,4876.85,sh000903
2021-10-25 00:00:00,4852.57,4869.75,4873.15,4830.63,59106660.0,145960759296.0,0.87,4869.75,sh000903
2021-10-26 00:00:00,4867.01,4839.49,4887.79,4832.93,54179868.0,132423053312.0,1.13,4839.49,sh000903
2021-10-27 00:00:00,4821.35,4767.84,4821.35,4753.42,60593536.0,140238647296.0,1.4,4767.84,sh000903
2021-10-28 00:00:00,4750.52,4747.06,4769.68,4732.58,61272443.0,141082501120.0,0.78,4747.06,sh000903
2021-10-29 00:00:00,4748.5,4785.49,4785.49,4742.28,68190999.0,177066573824.0,0.91,4785.49,sh000903
2021-11-01 00:00:00,4742.17,4766.19,4780.64,4716.66,74671529.0,183484551168.0,1.34,4766.19,sh000903
2021-11-02 00:00:00,4758.58,4703.06,4783.78,4663.42,84504965.0,187905478656.0,2.53,4703.06,sh000903
2021-11-03 00:00:00,4696.87,4674.34,4718.07,4664.53,61018762.0,139028348928.0,1.14,4674.34,sh000903
2021-11-04 00:00:00,4695.2,4720.78,4730.44,4688.47,56726461.0,148405227520.0,0.9,4720.78,sh000903
2021-11-05 00:00:00,4708.41,4703.05,4743.74,4694.85,55430426.0,134082625536.0,1.04,4703.05,sh000903
2021-11-08 00:00:00,4699.64,4697.69,4719.89,4680.95,51224648.0,121367031808.0,0.83,4697.69,sh000903
2021-11-09 00:00:00,4706.29,4682.99,4719.62,4662.52,48321779.0,112945991680.0,1.22,4682.99,sh000903
2021-11-10 00:00:00,4670.07,4653.01,4671.73,4593.2,59496292.0,140755382272.0,1.68,4653.01,sh000903
2021-11-11 00:00:00,4649.48,4741.91,4742.09,4642.37,75154885.0,158209884160.0,2.14,4741.91,sh000903
2021-11-12 00:00:00,4750.15,4722.25,4753.97,4711.99,53462822.0,118932156416.0,0.89,4722.25,sh000903
2021-11-15 00:00:00,4732.94,4730.72,4747.64,4711.28,47408804.0,112986238976.0,0.77,4730.72,sh000903
2021-11-16 00:00:00,4733.39,4741.72,4767.75,4731.22,49382807.0,123049881600.0,0.77,4741.72,sh000903
2021-11-17 00:00:00,4738.48,4728.31,4749.52,4715.98,41670505.0,100820357120.0,0.71,4728.31,sh000903
2021-11-18 00:00:00,4713.59,4677.91,4713.59,4672.61,41719716.0,93831360512.0,0.87,4677.91,sh000903
2021-11-19 00:00:00,4670.83,4731.65,4738.44,4669.84,50984387.0,118429523968.0,1.47,4731.65,sh000903
2021-11-22 00:00:00,4737.39,4731.73,4752.74,4725.45,52491965.0,133990707200.0,0.58,4731.73,sh000903
2021-11-23 00:00:00,4723.58,4738.3,4756.62,4717.57,54576371.0,127727669248.0,0.83,4738.3,sh000903
2021-11-24 00:00:00,4743.76,4756.4,4774.8,4729.31,47626386.0,131089051648.0,0.96,4756.4,sh000903
2021-11-25 00:00:00,4759.2,4734.72,4764.04,4727.52,42109065.0,115360694272.0,0.77,4734.72,sh000903
2021-11-26 00:00:00,4726.58,4690.84,4726.63,4680.86,44049349.0,105644912640.0,0.97,4690.84,sh000903
2021-11-29 00:00:00,4657.24,4678.9,4687.49,4652.02,49060685.0,118513631232.0,0.76,4678.9,sh000903
2021-11-30 00:00:00,4679.68,4645.25,4692.93,4629.38,47525716.0,109178077184.0,1.36,4645.25,sh000903
2021-12-01 00:00:00,4649.07,4663.84,4665.1,4639.21,45702431.0,104950038528.0,0.56,4663.84,sh000903
2021-12-02 00:00:00,4656.84,4678.33,4688.41,4643.21,55691026.0,116010545152.0,0.97,4678.33,sh000903
2021-12-03 00:00:00,4678.95,4723.63,4723.63,4674.77,53640169.0,139685453824.0,1.04,4723.63,sh000903
2021-12-06 00:00:00,4735.61,4733.9,4778.25,4729.66,71683087.0,160780554240.0,1.03,4733.9,sh000903
2021-12-07 00:00:00,4770.95,4774.66,4784.4,4751.5,72170537.0,162336018432.0,0.69,4774.66,sh000903
2021-12-08 00:00:00,4786.06,4844.25,4845.45,4758.72,62352212.0,159952375808.0,1.82,4844.25,sh000903
2021-12-09 00:00:00,4851.09,4931.76,4975.3,4848.92,96332718.0,216112738304.0,2.61,4931.76,sh000903
2021-12-10 00:00:00,4899.62,4914.5,4917.77,4890.83,82222147.0,161932738560.0,0.55,4914.5,sh000903
2021-12-13 00:00:00,4955.52,4945.97,5016.28,4943.59,96722898.0,233692487680.0,1.48,4945.97,sh000903
2021-12-14 00:00:00,4929.02,4914.79,4940.63,4903.61,70174374.0,162198122496.0,0.75,4914.79,sh000903
2021-12-15 00:00:00,4900.93,4871.64,4928.79,4870.91,58639652.0,139843833856.0,1.18,4871.64,sh000903
2021-12-16 00:00:00,4871.38,4893.75,4893.75,4849.01,56618944.0,146099249152.0,0.92,4893.75,sh000903
2021-12-17 00:00:00,4877.69,4817.77,4880.74,4815.04,59420598.0,153972867072.0,1.34,4817.77,sh000903
2021-12-20 00:00:00,4801.45,4761.68,4837.77,4751.33,60047401.0,150664200192.0,1.79,4761.68,sh000903
2021-12-21 00:00:00,4756.45,4788.96,4796.23,4752.59,53944932.0,127885062144.0,0.92,4788.96,sh000903
2021-12-22 00:00:00,4800.14,4785.6,4813.76,4772.97,49505510.0,117887545344.0,0.85,4785.6,sh000903
2021-12-23 00:00:00,4796.25,4825.84,4825.84,4772.32,52920960.0,126850949120.0,1.12,4825.84,sh000903
2021-12-24 00:00:00,4829.91,4805.85,4843.84,4787.35,55382451.0,151552606208.0,1.17,4805.85,sh000903
2021-12-27 00:00:00,4801.13,4798.76,4819.23,4775.41,49440172.0,129310834688.0,0.91,4798.76,sh000903
2021-12-28 00:00:00,4802.73,4834.71,4839.65,4798.1,55382538.0,138393112576.0,0.87,4834.71,sh000903
2021-12-29 00:00:00,4839.83,4747.92,4839.83,4747.92,47192489.0,142302027776.0,1.9,4747.92,sh000903
2021-12-30 00:00:00,4747.58,4780.37,4801.1,4741.52,51270748.0,130901139456.0,1.25,4780.37,sh000903
2021-12-31 00:00:00,4797.01,4792.91,4808.63,4775.77,49029919.0,130361126912.0,0.69,4792.91,sh000903
2022-01-04 00:00:00,4812.64,4779.48,4816.78,4726.52,66256407.0,173892206592.0,1.88,4779.48,sh000903
2022-01-05 00:00:00,4767.91,4751.67,4799.21,4735.61,84478277.0,196830838784.0,1.33,4751.67,sh000903
2022-01-06 00:00:00,4728.14,4687.43,4741.61,4665.31,67779930.0,167156629504.0,1.61,4687.43,sh000903
2022-01-07 00:00:00,4696.8,4704.76,4731.96,4693.2,87466153.0,169115340800.0,0.83,4704.76,sh000903
2022-01-10 00:00:00,4692.19,4724.55,4727.87,4661.74,71371750.0,158287515648.0,1.41,4724.55,sh000903
2022-01-11 00:00:00,4719.53,4686.56,4737.55,4681.27,66890506.0,148435369984.0,1.19,4686.56,sh000903
2022-01-12 00:00:00,4708.74,4729.63,4737.95,4698.98,66058542.0,156191150080.0,0.83,4729.63,sh000903
2022-01-13 00:00:00,4740.77,4654.33,4743.0,4653.52,67619868.0,151159230464.0,1.89,4654.33,sh000903
2022-01-14 00:00:00,4632.81,4605.96,4648.66,4603.95,69271549.0,140333637632.0,0.96,4605.96,sh000903
2022-01-17 00:00:00,4610.58,4640.95,4649.88,4606.42,52459791.0,133878226944.0,0.94,4640.95,sh000903
2022-01-18 00:00:00,4641.11,4689.74,4701.37,4620.81,67638994.0,140464427008.0,1.74,4689.74,sh000903
2022-01-19 00:00:00,4699.2,4667.31,4711.34,4642.28,61365204.0,144560840704.0,1.47,4667.31,sh000903
2022-01-20 00:00:00,4662.58,4732.76,4755.3,4662.08,80303534.0,164883415040.0,2.0,4732.76,sh000903
2022-01-21 00:00:00,4718.09,4697.35,4730.24,4674.95,65316854.0,141737480192.0,1.17,4697.35,sh000903
2022-01-24 00:00:00,4671.68,4691.64,4708.51,4656.89,55073247.0,129464795136.0,1.1,4691.64,sh000903
2022-01-25 00:00:00,4663.05,4592.53,4680.39,4592.26,61969091.0,126577635328.0,1.88,4592.53,sh000903
2022-01-26 00:00:00,4613.06,4632.75,4633.55,4569.33,48895626.0,118301802496.0,1.4,4632.75,sh000903
2022-01-27 00:00:00,4628.3,4546.82,4629.15,4542.9,58127112.0,140090007552.0,1.86,4546.82,sh000903
2022-01-28 00:00:00,4570.01,4486.91,4588.47,4480.62,63158077.0,156560318464.0,2.37,4486.91,sh000903
2022-02-07 00:00:00,4563.63,4555.24,4591.47,4533.39,68600177.0,148457816064.0,1.29,4555.24,sh000903
2022-02-08 00:00:00,4546.31,4528.42,4546.31,4443.51,77484644.0,156055126016.0,2.26,4528.42,sh000903
2022-02-09 00:00:00,4529.25,4571.6,4581.03,4520.52,72593567.0,149880934400.0,1.34,4571.6,sh000903
2022-02-10 00:00:00,4578.01,4556.18,4578.01,4523.09,69306104.0,160054919168.0,1.2,4556.18,sh000903
2022-02-11 00:00:00,4533.89,4529.47,4583.15,4523.81,80120105.0,178113200128.0,1.3,4529.47,sh000903
2022-02-14 00:00:00,4509.81,4481.55,4522.13,4461.62,74681574.0,157512384512.0,1.34,4481.55,sh000903
2022-02-15 00:00:00,4482.33,4518.66,4522.28,4477.94,58195241.0,139322408960.0,0.99,4518.66,sh000903
2022-02-16 00:00:00,4538.05,4538.84,4562.32,4528.7,48495593.0,108753330176.0,0.74,4538.84,sh000903
2022-02-17 00:00:00,4539.63,4544.57,4566.85,4530.54,48554232.0,111889108992.0,0.8,4544.57,sh000903
2022-02-18 00:00:00,4521.13,4569.0,4569.02,4515.28,47584338.0,99169734656.0,1.18,4569.0,sh000903
2022-02-21 00:00:00,4559.25,4542.35,4559.25,4521.64,54964288.0,109163450368.0,0.82,4542.35,sh000903
2022-02-22 00:00:00,4506.77,4475.7,4506.98,4450.3,57702144.0,129791909888.0,1.25,4475.7,sh000903
2022-02-23 00:00:00,4486.54,4510.91,4513.55,4472.25,58809633.0,132216315904.0,0.92,4510.91,sh000903
2022-02-24 00:00:00,4478.65,4416.92,4490.78,4381.59,87184817.0,175229849600.0,2.42,4416.92,sh000903
2022-02-25 00:00:00,4451.56,4454.52,4494.65,4445.02,65164600.0,136898387968.0,1.12,4454.52,sh000903
2022-02-28 00:00:00,4441.78,4460.57,4460.57,4410.63,61931295.0,125801152512.0,1.12,4460.57,sh000903
2022-03-01 00:00:00,4478.81,4509.6,4513.67,4471.66,55719196.0,135807946752.0,0.94,4509.6,sh000903
2022-03-02 00:00:00,4482.06,4460.73,4482.18,4446.67,52487355.0,109902888960.0,0.79,4460.73,sh000903
2022-03-03 00:00:00,4477.68,4437.32,4482.22,4430.48,65902769.0,127768285184.0,1.16,4437.32,sh000903
2022-03-04 00:00:00,4395.37,4373.44,4410.94,4359.54,59647905.0,133322678272.0,1.16,4373.44,sh000903
2022-03-07 00:00:00,4331.79,4225.54,4331.79,4212.39,78688586.0,172182102016.0,2.73,4225.54,sh000903
2022-03-08 00:00:00,4239.69,4161.93,4262.53,4146.13,78031752.0,168525672448.0,2.75,4161.93,sh000903
2022-03-09 00:00:00,4177.98,4132.35,4204.51,3981.13,93729060.0,185519210496.0,5.37,4132.35,sh000903
2022-03-10 00:00:00,4231.02,4191.86,4235.9,4187.7,70511716.0,165614866432.0,1.17,4191.86,sh000903
2022-03-11 00:00:00,4133.72,4201.47,4212.29,4075.47,73791803.0,161056243712.0,3.26,4201.47,sh000903
2022-03-14 00:00:00,4136.93,4059.34,4165.91,4059.34,62701366.0,140376408064.0,2.54,4059.34,sh000903
2022-03-15 00:00:00,4008.72,3870.99,4042.56,3870.99,102932298.0,195915620352.0,4.23,3870.99,sh000903
2022-03-16 00:00:00,3938.23,4046.6,4060.32,3841.39,98846438.0,216444596224.0,5.66,4046.6,sh000903
2022-03-17 00:00:00,4135.59,4134.27,4195.86,4109.75,88015977.0,215314415616.0,2.13,4134.27,sh000903
2022-03-18 00:00:00,4116.32,4165.33,4186.14,4089.29,79112069.0,154412318720.0,2.34,4165.33,sh000903
2022-03-21 00:00:00,4183.01,4142.03,4183.01,4113.23,61949793.0,133408952320.0,1.68,4142.03,sh000903
2022-03-22 00:00:00,4139.58,4145.91,4172.99,4123.75,60034130.0,110157488128.0,1.19,4145.91,sh000903
2022-03-23 00:00:00,4162.08,4168.98,4182.26,4133.07,54469975.0,116028747776.0,1.19,4168.98,sh000903
2022-03-24 00:00:00,4142.76,4145.97,4167.26,4113.5,50334938.0,114239094784.0,1.29,4145.97,sh000903
2022-03-25 00:00:00,4141.54,4068.35,4150.51,4067.22,51224302.0,112640610304.0,2.01,4068.35,sh000903
2022-03-28 00:00:00,4021.49,4044.32,4067.41,3983.39,59080404.0,118606553088.0,2.07,4044.32,sh000903
2022-03-29 00:00:00,4048.74,4028.3,4073.8,4018.98,46933888.0,96896557056.0,1.36,4028.3,sh000903
2022-03-30 00:00:00,4058.64,4153.82,4153.82,4058.52,69382799.0,146681544704.0,2.37,4153.82,sh000903
2022-03-31 00:00:00,4132.56,4131.76,4148.62,4114.09,66150415.0,121937809408.0,0.83,4131.76,sh000903
2022-04-01 00:00:00,4112.07,4196.46,4210.1,4101.79,69354883.0,136691634176.0,2.62,4196.46,sh000903
2022-04-06 00:00:00,4172.32,4185.7,4198.98,4159.97,81998351.0,138621796352.0,0.93,4185.7,sh000903
2022-04-07 00:00:00,4161.84,4138.19,4200.51,4130.22,66985098.0,114101891072.0,1.68,4138.19,sh000903
2022-04-08 00:00:00,4141.19,4163.04,4170.3,4114.92,66676790.0,118497980416.0,1.34,4163.04,sh000903
2022-04-11 00:00:00,4134.14,4046.47,4134.14,4036.4,70155973.0,143065382912.0,2.35,4046.47,sh000903
2022-04-12 00:00:00,4055.29,4128.97,4128.97,4028.7,68782989.0,136455761920.0,2.48,4128.97,sh000903
2022-04-13 00:00:00,4105.78,4102.75,4155.05,4091.91,59057782.0,116678189056.0,1.53,4102.75,sh000903
2022-04-14 00:00:00,4137.34,4153.46,4181.54,4121.36,59815229.0,137899200512.0,1.47,4153.46,sh000903
2022-04-15 00:00:00,4123.29,4148.16,4168.18,4113.92,56777810.0,117295013888.0,1.31,4148.16,sh000903
2022-04-18 00:00:00,4112.19,4106.9,4117.33,4076.4,55656881.0,114176958464.0,0.99,4106.9,sh000903
2022-04-19 00:00:00,4103.69,4076.21,4131.36,4054.77,54193528.0,119752630272.0,1.86,4076.21,sh000903
2022-04-20 00:00:00,4069.26,4014.79,4074.67,4005.12,56381371.0,126816673792.0,1.71,4014.79,sh000903
2022-04-21 00:00:00,3994.63,3956.89,4031.31,3937.18,65869235.0,127009509376.0,2.34,3956.89,sh000903
2022-04-22 00:00:00,3927.93,3989.57,4009.03,3920.19,63351660.0,116418981888.0,2.25,3989.57,sh000903
2022-04-25 00:00:00,3903.9,3805.47,3934.98,3805.0,85924165.0,157959868416.0,3.26,3805.47,sh000903
2022-04-26 00:00:00,3810.08,3794.12,3872.32,3782.4,76628221.0,145988734976.0,2.36,3794.12,sh000903
2022-04-27 00:00:00,3775.45,3891.87,3891.87,3775.08,83474350.0,165924290560.0,3.08,3891.87,sh000903
2022-04-28 00:00:00,3881.79,3921.87,3937.87,3873.96,75396618.0,147382677504.0,1.64,3921.87,sh000903
2022-04-29 00:00:00,3937.24,3995.52,4004.58,3886.27,90463048.0,182501670912.0,3.02,3995.52,sh000903
2022-05-05 00:00:00,3971.35,3976.81,4006.26,3963.07,77806313.0,164997943296.0,1.08,3976.81,sh000903
2022-05-06 00:00:00,3901.54,3873.32,3915.18,3867.34,59521887.0,118611054592.0,1.2,3873.32,sh000903
2022-05-09 00:00:00,3847.63,3833.84,3872.36,3810.15,43164388.0,93298900992.0,1.61,3833.84,sh000903
2022-05-10 00:00:00,3776.18,3870.49,3886.04,3760.27,67009528.0,130402516992.0,3.28,3870.49,sh000903
2022-05-11 00:00:00,3867.17,3922.13,3969.7,3865.36,77398930.0,163954819072.0,2.7,3922.13,sh000903
2022-05-12 00:00:00,3896.4,3899.04,3926.68,3880.66,51313009.0,106060550144.0,1.17,3899.04,sh000903
2022-05-13 00:00:00,3927.66,3932.18,3948.1,3901.44,52645578.0,110467563520.0,1.2,3932.18,sh000903
2022-05-16 00:00:00,3958.9,3899.52,3961.66,3888.31,53805020.0,110899335168.0,1.87,3899.52,sh000903
2022-05-17 00:00:00,3909.74,3951.69,3951.69,3903.88,51788879.0,110328037376.0,1.23,3951.69,sh000903
2022-05-18 00:00:00,3961.07,3932.19,3961.07,3899.49,49104778.0,107043721216.0,1.56,3932.19,sh000903
2022-05-19 00:00:00,3880.79,3928.77,3932.11,3877.26,52004037.0,108552065024.0,1.39,3928.77,sh000903
2022-05-20 00:00:00,3952.72,4014.77,4015.31,3952.67,69838254.0,149488824320.0,1.59,4014.77,sh000903
2022-05-23 00:00:00,4017.69,3974.48,4017.69,3955.51,55554020.0,118708633600.0,1.55,3974.48,sh000903
2022-05-24 00:00:00,3972.63,3890.53,3972.63,3890.46,60971666.0,122821079040.0,2.07,3890.53,sh000903
2022-05-25 00:00:00,3894.98,3906.75,3910.48,3877.93,45082271.0,96452812800.0,0.84,3906.75,sh000903
2022-05-26 00:00:00,3911.88,3911.59,3935.75,3864.91,56926820.0,116174049280.0,1.81,3911.59,sh000903
2022-05-27 00:00:00,3946.13,3929.49,3978.26,3913.97,55241649.0,116413595648.0,1.64,3929.49,sh000903
2022-05-30 00:00:00,3950.49,3956.21,3972.17,3938.58,54955159.0,119218044928.0,0.85,3956.21,sh000903
2022-05-31 00:00:00,3959.79,4017.17,4022.61,3947.87,66258519.0,148638384128.0,1.89,4017.17,sh000903
2022-06-01 00:00:00,4014.5,4008.64,4019.18,3987.26,52834404.0,116597141504.0,0.79,4008.64,sh000903
2022-06-02 00:00:00,3988.38,4001.99,4005.85,3983.82,48844915.0,110851649536.0,0.55,4001.99,sh000903
2022-06-06 00:00:00,4006.29,4072.25,4073.09,3974.73,81230935.0,173755330560.0,2.46,4072.25,sh000903
2022-06-07 00:00:00,4071.8,4092.74,4110.37,4061.92,67764206.0,153859674112.0,1.19,4092.74,sh000903
2022-06-08 00:00:00,4104.16,4138.21,4138.75,4078.45,68702080.0,174608265216.0,1.47,4138.21,sh000903
2022-06-09 00:00:00,4130.83,4101.28,4148.7,4088.76,74750380.0,150291791872.0,1.45,4101.28,sh000903
2022-06-10 00:00:00,4070.71,4157.67,4160.95,4064.59,80908014.0,166122954752.0,2.35,4157.67,sh000903
2022-06-13 00:00:00,4109.69,4105.28,4133.9,4072.85,80534999.0,189785149440.0,1.47,4105.28,sh000903
2022-06-14 00:00:00,4058.69,4124.24,4125.46,4015.57,80054904.0,183942991872.0,2.68,4124.24,sh000903
2022-06-15 00:00:00,4129.19,4178.12,4246.38,4128.99,115602803.0,244864389120.0,2.85,4178.12,sh000903
2022-06-16 00:00:00,4187.41,4156.07,4211.32,4146.28,83712561.0,174117810176.0,1.56,4156.07,sh000903
2022-06-17 00:00:00,4125.86,4228.66,4239.43,4124.22,74583478.0,194589790208.0,2.77,4228.66,sh000903
2022-06-20 00:00:00,4244.01,4247.41,4286.47,4216.94,83193349.0,205103710208.0,1.64,4247.41,sh000903
2022-06-21 00:00:00,4246.57,4242.4,4273.53,4203.29,84402980.0,176269668352.0,1.65,4242.4,sh000903
2022-06-22 00:00:00,4252.53,4186.02,4253.18,4184.25,90637281.0,172263653376.0,1.62,4186.02,sh000903
2022-06-23 00:00:00,4194.33,4255.17,4255.17,4171.31,94109624.0,183260348416.0,2.0,4255.17,sh000903
2022-06-24 00:00:00,4270.88,4324.27,4327.73,4261.77,91332966.0,203867316224.0,1.55,4324.27,sh000903
2022-06-27 00:00:00,4344.96,4362.57,4395.26,4340.01,93297111.0,214169452544.0,1.28,4362.57,sh000903
2022-06-28 00:00:00,4361.8,4409.14,4416.62,4320.5,93231872.0,201308221440.0,2.2,4409.14,sh000903
2022-06-29 00:00:00,4392.5,4339.74,4425.71,4331.71,91283415.0,215957680128.0,2.13,4339.74,sh000903
2022-06-30 00:00:00,4334.11,4406.01,4438.75,4334.11,74208435.0,189896216576.0,2.41,4406.01,sh000903
2022-07-01 00:00:00,4414.92,4391.85,4428.28,4372.24,71116362.0,171250548736.0,1.27,4391.85,sh000903
2022-07-04 00:00:00,4365.19,4421.75,4421.78,4349.9,69242360.0,200047058944.0,1.64,4421.75,sh000903
2022-07-05 00:00:00,4434.25,4422.66,4461.85,4369.34,80160215.0,210064982016.0,2.09,4422.66,sh000903
2022-07-06 00:00:00,4408.07,4348.3,4414.65,4317.12,77112151.0,200271159296.0,2.21,4348.3,sh000903
2022-07-07 00:00:00,4354.31,4375.2,4391.59,4321.44,69108682.0,191646425088.0,1.61,4375.2,sh000903
2022-07-08 00:00:00,4404.36,4357.54,4417.67,4355.3,62747891.0,175116185600.0,1.43,4357.54,sh000903
2022-07-11 00:00:00,4335.25,4275.92,4335.25,4250.62,69051817.0,175605391360.0,1.94,4275.92,sh000903
2022-07-12 00:00:00,4276.66,4233.94,4292.61,4214.58,57762953.0,164857841435.8,1.82,4233.94,sh000903
2022-07-13 00:00:00,4233.93,4251.64,4270.51,4206.54,58705807.0,161583567395.3,1.51,4251.64,sh000903
2022-07-14 00:00:00,4242.36,4257.89,4290.84,4227.43,64767950.0,169432887695.3,1.49,4257.89,sh000903
2022-07-15 00:00:00,4233.68,4180.95,4280.49,4180.95,71194079.0,175977238463.1,2.34,4180.95,sh000903
2022-07-18 00:00:00,4199.83,4231.73,4239.99,4148.55,62422555.0,157361125318.1,2.19,4231.73,sh000903
2022-07-19 00:00:00,4228.14,4193.8,4228.14,4165.05,51715609.0,129225937207.1,1.49,4193.8,sh000903
2022-07-20 00:00:00,4219.44,4202.1,4228.28,4189.4,43759983.0,111881859480.6,0.93,4202.1,sh000903
2022-07-21 00:00:00,4186.25,4154.04,4198.58,4153.87,58700072.0,131938197050.1,1.06,4154.04,sh000903
2022-07-22 00:00:00,4172.71,4158.78,4198.63,4126.94,51552274.0,125034263321.3,1.73,4158.78,sh000903
2022-07-25 00:00:00,4154.27,4131.47,4158.9,4120.69,40802442.0,101856976486.2,0.92,4131.47,sh000903
2022-07-26 00:00:00,4138.55,4160.39,4175.82,4130.03,40988370.0,103307363527.9,1.11,4160.39,sh000903
2022-07-27 00:00:00,4150.28,4133.95,4152.46,4124.42,38378912.0,106115929809.9,0.67,4133.95,sh000903
2022-07-28 00:00:00,4153.14,4132.58,4181.39,4130.48,52937618.0,137188784055.7,1.23,4132.58,sh000903
2022-07-29 00:00:00,4137.22,4082.16,4160.96,4073.44,55260396.0,132727617707.4,2.12,4082.16,sh000903
2022-08-01 00:00:00,4072.78,4103.41,4112.32,4039.25,50731982.0,130250593910.8,1.79,4103.41,sh000903
2022-08-02 00:00:00,4057.47,4021.81,4057.47,3986.0,68010067.0,146259979906.2,1.74,4021.81,sh000903
2022-08-03 00:00:00,4029.74,3977.27,4067.31,3966.05,55622658.0,146338953736.6,2.52,3977.27,sh000903
2022-08-04 00:00:00,4000.16,4014.16,4022.91,3978.23,41926535.0,119663830715.0,1.12,4014.16,sh000903
2022-08-05 00:00:00,4021.46,4067.45,4071.11,4007.53,49877341.0,133712750292.1,1.58,4067.45,sh000903
2022-08-08 00:00:00,4049.29,4054.71,4060.93,4038.83,42683401.0,118526806565.1,0.54,4054.71,sh000903
2022-08-09 00:00:00,4051.21,4072.47,4079.16,4037.32,41397994.0,117890294493.4,1.03,4072.47,sh000903
2022-08-10 00:00:00,4065.88,4024.29,4074.16,4005.47,43590402.0,119185496334.5,1.69,4024.29,sh000903
2022-08-11 00:00:00,4046.24,4108.35,4109.15,4029.85,56196784.0,143948718273.4,1.97,4108.35,sh000903
2022-08-12 00:00:00,4100.9,4107.4,4117.75,4089.99,47954939.0,115144393656.2,0.68,4107.4,sh000903
2022-08-15 00:00:00,4099.19,4115.99,4148.31,4095.12,52310397.0,137477197142.9,1.29,4115.99,sh000903
2022-08-16 00:00:00,4121.51,4105.47,4140.12,4098.24,46567185.0,132366694367.9,1.02,4105.47,sh000903
2022-08-17 00:00:00,4111.01,4146.8,4153.68,4082.26,53094298.0,137796378379.9,1.74,4146.8,sh000903
2022-08-18 00:00:00,4136.64,4108.9,4143.56,4104.1,45985459.0,123345159806.0,0.95,4108.9,sh000903
2022-08-19 00:00:00,4106.93,4079.62,4110.41,4079.15,55298111.0,142386524337.7,0.76,4079.62,sh000903
2022-08-22 00:00:00,4066.0,4113.16,4116.62,4061.42,52515670.0,143318896146.6,1.35,4113.16,sh000903
2022-08-23 00:00:00,4107.14,4093.34,4121.07,4079.17,44861555.0,127589390356.9,1.02,4093.34,sh000903
2022-08-24 00:00:00,4106.2,4008.99,4109.86,4004.46,55745254.0,146884306830.7,2.57,4008.99,sh000903
2022-08-25 00:00:00,4019.48,4037.39,4040.79,3976.01,54125178.0,133055287602.0,1.62,4037.39,sh000903
2022-08-26 00:00:00,4050.59,4023.96,4054.43,4019.39,46467168.0,119042300604.4,0.87,4023.96,sh000903
2022-08-29 00:00:00,3978.89,4007.99,4010.9,3974.17,42868139.0,102939281967.5,0.91,4007.99,sh000903
2022-08-30 00:00:00,4006.12,3987.17,4009.51,3959.46,44517296.0,103813492466.2,1.25,3987.17,sh000903
2022-08-31 00:00:00,3964.45,3990.65,4022.59,3954.99,64022283.0,166031843266.5,1.7,3990.65,sh000903
2022-09-01 00:00:00,3977.76,3952.53,4004.53,3949.88,46560336.0,114854929202.3,1.37,3952.53,sh000903
2022-09-02 00:00:00,3965.85,3932.13,3966.83,3912.69,38464015.0,96896735459.8,1.37,3932.13,sh000903
2022-09-05 00:00:00,3916.46,3921.13,3925.08,3889.31,44019591.0,110718151991.7,0.91,3921.13,sh000903
2022-09-06 00:00:00,3929.54,3951.33,3953.32,3907.45,50756147.0,130172288648.3,1.17,3951.33,sh000903
2022-09-07 00:00:00,3929.12,3956.88,3968.88,3925.33,49997850.0,119881530878.1,1.1,3956.88,sh000903
2022-09-08 00:00:00,3960.8,3932.75,3968.34,3931.06,43757452.0,99194829993.1,0.94,3932.75,sh000903
2022-09-09 00:00:00,3948.97,3995.32,4000.42,3939.41,53539453.0,121377642822.1,1.55,3995.32,sh000903
2022-09-13 00:00:00,4015.97,4012.61,4028.33,3997.16,48636217.0,115768111011.3,0.78,4012.61,sh000903
2022-09-14 00:00:00,3959.81,3962.92,3988.75,3945.0,42348298.0,103100127674.3,1.09,3962.92,sh000903
2022-09-15 00:00:00,3975.85,3923.76,3984.68,3895.92,57528664.0,139586897710.5,2.24,3923.76,sh000903
2022-09-16 00:00:00,3909.72,3835.2,3916.1,3835.05,65510530.0,134160220842.1,2.07,3835.2,sh000903
2022-09-19 00:00:00,3829.93,3832.64,3859.99,3815.16,46998745.0,100442632169.1,1.17,3832.64,sh000903
2022-09-20 00:00:00,3849.5,3835.13,3861.42,3823.79,40851555.0,99930551795.1,0.98,3835.13,sh000903
2022-09-21 00:00:00,3822.88,3797.65,3823.55,3782.62,42418140.0,96388891578.9,1.07,3797.65,sh000903
2022-09-22 00:00:00,3766.66,3757.8,3789.96,3748.26,41024647.0,92591880720.1,1.1,3757.8,sh000903
2022-09-23 00:00:00,3754.55,3745.7,3777.34,3720.23,46230307.0,94742429665.1,1.52,3745.7,sh000903
2022-09-26 00:00:00,3717.26,3731.97,3787.03,3715.84,52780223.0,108337631413.5,1.9,3731.97,sh000903
2022-09-27 00:00:00,3739.39,3784.04,3785.23,3720.77,44375341.0,99236325891.4,1.73,3784.04,sh000903
2022-09-28 00:00:00,3771.09,3713.46,3771.09,3712.16,42606926.0,93687333910.4,1.56,3713.46,sh000903
2022-09-29 00:00:00,3751.97,3720.9,3760.83,3702.99,42544192.0,97634437611.6,1.56,3720.9,sh000903
2022-09-30 00:00:00,3729.89,3697.86,3742.02,3692.14,39741936.0,91934002970.8,1.34,3697.86,sh000903
2022-10-10 00:00:00,3708.04,3618.59,3708.12,3613.08,48672552.0,105653961019.6,2.57,3618.59,sh000903
2022-10-11 00:00:00,3632.38,3632.03,3641.84,3611.32,39719952.0,92354174101.5,0.84,3632.03,sh000903
2022-10-12 00:00:00,3625.66,3686.58,3686.64,3560.66,58548740.0,122387681403.0,3.47,3686.58,sh000903
2022-10-13 00:00:00,3654.82,3644.12,3676.5,3639.3,51314847.0,112485180532.1,1.01,3644.12,sh000903
2022-10-14 00:00:00,3679.09,3743.41,3765.69,3674.36,60437489.0,149722986193.5,2.51,3743.41,sh000903
2022-10-17 00:00:00,3720.89,3747.89,3751.27,3706.72,54712678.0,124273853055.5,1.19,3747.89,sh000903
2022-10-18 00:00:00,3769.96,3738.58,3772.41,3731.9,42208039.0,103251944081.2,1.08,3738.58,sh000903
2022-10-19 00:00:00,3728.68,3676.01,3744.21,3676.01,40620210.0,105245204786.1,1.82,3676.01,sh000903
2022-10-20 00:00:00,3640.82,3646.72,3696.9,3617.26,41747192.0,110456418756.5,2.17,3646.72,sh000903
2022-10-21 00:00:00,3640.72,3631.41,3657.62,3611.1,41409192.0,94419916239.0,1.28,3631.41,sh000903
2022-10-24 00:00:00,3609.88,3517.33,3646.53,3502.9,59945276.0,145288374481.1,3.96,3517.33,sh000903
2022-10-25 00:00:00,3506.19,3507.46,3553.47,3476.36,51007708.0,121980659551.7,2.19,3507.46,sh000903
2022-10-26 00:00:00,3514.66,3533.72,3581.65,3512.82,58538212.0,132594869479.8,1.96,3533.72,sh000903
2022-10-27 00:00:00,3548.84,3509.07,3567.53,3506.81,55604666.0,140708147930.2,1.72,3509.07,sh000903
2022-10-28 00:00:00,3481.88,3406.49,3492.14,3398.54,55982614.0,137071932135.3,2.67,3406.49,sh000903
2022-10-31 00:00:00,3366.98,3374.87,3422.42,3362.74,68583084.0,142703181858.0,1.75,3374.87,sh000903
2022-11-01 00:00:00,3387.41,3506.67,3506.67,3381.9,72739737.0,166138471815.1,3.7,3506.67,sh000903
2022-11-02 00:00:00,3495.25,3549.45,3573.6,3483.15,69177567.0,157324659254.6,2.58,3549.45,sh000903
2022-11-03 00:00:00,3517.48,3515.02,3543.58,3495.51,58766347.0,118475274493.4,1.35,3515.02,sh000903
2022-11-04 00:00:00,3514.67,3638.34,3653.36,3514.67,75298188.0,172663692013.9,3.95,3638.34,sh000903
2022-11-07 00:00:00,3628.09,3651.15,3671.42,3622.29,69986541.0,142298384110.6,1.35,3651.15,sh000903
2022-11-08 00:00:00,3651.19,3627.88,3660.05,3599.87,51511184.0,109484798768.4,1.65,3627.88,sh000903
2022-11-09 00:00:00,3629.28,3587.58,3638.66,3583.93,45838339.0,95295440026.3,1.51,3587.58,sh000903
2022-11-10 00:00:00,3554.81,3548.63,3565.99,3527.41,56775182.0,101435336795.0,1.08,3548.63,sh000903
2022-11-11 00:00:00,3657.45,3660.15,3699.91,3616.77,100684751.0,195929301876.2,2.34,3660.15,sh000903
2022-11-14 00:00:00,3697.68,3667.92,3726.9,3655.26,83753615.0,176570994083.9,1.96,3667.92,sh000903
2022-11-15 00:00:00,3664.8,3743.18,3746.8,3646.69,73907454.0,158713763875.9,2.73,3743.18,sh000903
2022-11-16 00:00:00,3740.05,3712.8,3753.56,3707.79,59835191.0,128967092937.2,1.22,3712.8,sh000903
2022-11-17 00:00:00,3701.9,3689.95,3701.9,3648.49,53989474.0,122263937736.5,1.44,3689.95,sh000903
2022-11-18 00:00:00,3697.2,3678.47,3717.05,3678.43,56326282.0,121044406348.2,1.05,3678.47,sh000903
2022-11-21 00:00:00,3645.83,3646.22,3647.91,3610.5,47003476.0,101916538941.1,1.02,3646.22,sh000903
2022-11-22 00:00:00,3643.14,3641.45,3683.67,3624.96,63018219.0,104755365597.1,1.61,3641.45,sh000903
2022-11-23 00:00:00,3629.09,3643.46,3663.11,3622.21,61757074.0,104391613733.0,1.12,3643.46,sh000903
2022-11-24 00:00:00,3664.14,3627.13,3677.27,3621.53,43771849.0,83586000573.4,1.53,3627.13,sh000903
2022-11-25 00:00:00,3621.59,3645.08,3660.85,3613.44,67101398.0,103831671863.9,1.31,3645.08,sh000903
2022-11-28 00:00:00,3567.93,3596.58,3600.75,3535.03,58757866.0,105161390875.6,1.8,3596.58,sh000903
2022-11-29 00:00:00,3636.46,3713.57,3721.41,3634.26,75352963.0,147924940754.5,2.42,3713.57,sh000903
2022-11-30 00:00:00,3700.68,3718.28,3729.55,3697.53,71103390.0,128403621591.9,0.86,3718.28,sh000903
2022-12-01 00:00:00,3789.19,3765.51,3811.83,3764.41,83069663.0,162846713136.8,1.28,3765.51,sh000903
2022-12-02 00:00:00,3756.96,3740.76,3769.39,3737.26,55753010.0,105335247215.3,0.85,3740.76,sh000903
2022-12-05 00:00:00,3773.71,3808.11,3809.07,3763.79,98734319.0,159318827840.0,1.21,3808.11,sh000903
2022-12-06 00:00:00,3790.66,3829.92,3845.95,3784.85,72749376.0,142100923842.7,1.6,3829.92,sh000903
2022-12-07 00:00:00,3818.24,3826.32,3866.96,3812.73,67522481.0,137509374245.3,1.42,3826.32,sh000903
2022-12-08 00:00:00,3820.97,3826.49,3839.82,3808.11,51718427.0,102189607506.8,0.83,3826.49,sh000903
2022-12-09 00:00:00,3831.09,3871.54,3876.24,3817.59,72891573.0,140096867584.6,1.53,3871.54,sh000903
2022-12-12 00:00:00,3847.59,3832.71,3862.93,3829.54,58859115.0,120194906987.1,0.86,3832.71,sh000903
2022-12-13 00:00:00,3833.59,3817.48,3838.18,3812.81,47605699.0,96878984888.3,0.66,3817.48,sh000903
2022-12-14 00:00:00,3823.67,3820.72,3838.15,3804.46,49162925.0,105794562251.9,0.88,3820.72,sh000903
2022-12-15 00:00:00,3822.13,3827.64,3833.74,3795.94,43905646.0,100556875011.2,0.99,3827.64,sh000903
2022-12-16 00:00:00,3806.16,3825.82,3831.69,3800.97,42618780.0,90129347697.9,0.8,3825.82,sh000903
2022-12-19 00:00:00,3824.74,3773.02,3840.49,3757.27,51222586.0,99067600401.0,2.18,3773.02,sh000903
2022-12-20 00:00:00,3759.05,3706.91,3759.05,3688.42,38896960.0,89182450488.6,1.87,3706.91,sh000903
2022-12-21 00:00:00,3715.02,3708.8,3731.22,3700.11,31295391.0,66357787168.6,0.84,3708.8,sh000903
2022-12-22 00:00:00,3740.11,3712.53,3757.06,3698.13,41484282.0,89321528643.5,1.59,3712.53,sh000903
2022-12-23 00:00:00,3688.32,3706.02,3725.92,3679.33,32962627.0,70726134149.1,1.25,3706.02,sh000903
2022-12-26 00:00:00,3707.84,3720.57,3734.03,3705.62,34562353.0,82789294452.4,0.77,3720.57,sh000903
2022-12-27 00:00:00,3735.66,3757.82,3762.11,3729.81,35171630.0,80859988197.3,0.87,3757.82,sh000903
2022-12-28 00:00:00,3743.92,3740.21,3751.45,3718.76,38712987.0,86700439636.0,0.87,3740.21,sh000903
2022-12-29 00:00:00,3721.41,3726.38,3738.31,3707.11,38450248.0,81089714553.1,0.83,3726.38,sh000903
2022-12-30 00:00:00,3744.87,3735.1,3760.0,3735.1,35468537.0,80608063457.6,0.67,3735.1,sh000903
2023-01-03 00:00:00,3728.94,3759.04,3766.56,3697.21,53654517.0,106667904434.6,1.86,3759.04,sh000903
2023-01-04 00:00:00,3757.81,3760.33,3775.96,3740.24,52710263.0,112236685534.2,0.95,3760.33,sh000903
2023-01-05 00:00:00,3783.12,3844.84,3849.82,3782.02,58905212.0,148467307317.5,1.8,3844.84,sh000903
2023-01-06 00:00:00,3845.2,3859.63,3883.13,3844.01,58084669.0,135121531467.4,1.02,3859.63,sh000903
2023-01-09 00:00:00,3879.27,3890.1,3901.73,3870.85,56724350.0,124576223792.0,0.8,3890.1,sh000903
2023-01-10 00:00:00,3891.8,3898.05,3911.89,3879.53,44968014.0,117471349580.6,0.83,3898.05,sh000903
2023-01-11 00:00:00,3903.07,3894.52,3929.73,3892.64,48671209.0,111188623071.1,0.95,3894.52,sh000903
2023-01-12 00:00:00,3908.56,3904.64,3924.2,3892.97,45590122.0,105096885622.6,0.8,3904.64,sh000903
2023-01-13 00:00:00,3924.52,3959.89,3959.89,3917.85,44250076.0,114465782283.5,1.08,3959.89,sh000903
2023-01-16 00:00:00,3960.46,4024.63,4062.67,3958.69,65392820.0,167203718505.8,2.63,4024.63,sh000903
2023-01-17 00:00:00,4024.9,4024.7,4036.71,4007.56,44782224.0,109751148755.8,0.72,4024.7,sh000903
2023-01-18 00:00:00,4029.37,4018.32,4038.43,4012.76,40607128.0,89849827946.8,0.64,4018.32,sh000903
2023-01-19 00:00:00,4013.94,4046.89,4046.89,3994.27,48775126.0,108542512242.5,1.31,4046.89,sh000903
2023-01-20 00:00:00,4059.52,4079.36,4089.91,4056.55,70199111.0,129979371768.5,0.82,4079.36,sh000903
2023-01-30 00:00:00,4175.02,4100.82,4175.02,4096.39,87226803.0,190386531130.2,1.93,4100.82,sh000903
2023-01-31 00:00:00,4101.09,4062.44,4114.77,4057.74,64473174.0,141594166860.5,1.39,4062.44,sh000903
2023-02-01 00:00:00,4079.18,4102.91,4102.91,4047.45,72066003.0,149058213884.7,1.37,4102.91,sh000903
2023-02-02 00:00:00,4112.21,4087.77,4112.38,4077.3,62714822.0,142590988031.1,0.86,4087.77,sh000903
2023-02-03 00:00:00,4067.09,4044.15,4067.09,4004.44,58862677.0,130377650371.2,1.53,4044.15,sh000903
2023-02-06 00:00:00,4003.51,3987.9,4004.46,3960.44,58691068.0,130147699190.1,1.09,3987.9,sh000903
2023-02-07 00:00:00,3998.94,3991.26,4006.95,3975.6,44175216.0,96798096175.7,0.79,3991.26,sh000903
2023-02-08 00:00:00,3997.47,3976.06,4011.43,3971.46,43024679.0,94433028753.1,1.0,3976.06,sh000903
2023-02-09 00:00:00,3964.61,4025.42,4025.42,3961.04,46751972.0,108501087565.9,1.62,4025.42,sh000903
2023-02-10 00:00:00,4017.21,3995.78,4019.32,3982.4,42169782.0,99115582430.6,0.92,3995.78,sh000903
2023-02-13 00:00:00,3988.74,4034.05,4036.53,3982.38,54600928.0,125572642246.6,1.36,4034.05,sh000903
2023-02-14 00:00:00,4044.03,4033.77,4045.15,4012.44,46131026.0,103531046863.8,0.81,4033.77,sh000903
2023-02-15 00:00:00,4035.04,4010.71,4044.48,4003.05,65480464.0,118612770130.3,1.03,4010.71,sh000903
2023-02-16 00:00:00,4013.95,3985.73,4057.62,3959.52,80002992.0,147275846872.1,2.45,3985.73,sh000903
2023-02-17 00:00:00,3978.31,3919.84,3994.06,3918.19,57885053.0,122252506751.2,1.9,3919.84,sh000903
2023-02-20 00:00:00,3921.11,4020.97,4022.41,3918.1,83200910.0,157618281264.7,2.66,4020.97,sh000903
2023-02-21 00:00:00,4018.19,4035.85,4045.61,4006.7,77037221.0,138216839584.7,0.97,4035.85,sh000903
2023-02-22 00:00:00,4007.25,3989.2,4018.53,3984.13,54761750.0,106394869260.9,0.85,3989.2,sh000903
2023-02-23 00:00:00,3989.04,3986.2,4014.68,3970.3,51500447.0,105585881884.6,1.11,3986.2,sh000903
2023-02-24 00:00:00,3981.45,3939.09,3983.66,3926.65,50753785.0,99249388911.4,1.43,3939.09,sh000903
2023-02-27 00:00:00,3915.83,3915.94,3940.77,3908.45,46326710.0,99081666936.9,0.82,3915.94,sh000903
2023-02-28 00:00:00,3931.9,3943.69,3949.39,3898.76,58229208.0,111422189430.2,1.29,3943.69,sh000903
2023-03-01 00:00:00,3942.54,4005.8,4017.32,3936.05,78188561.0,138368381027.4,2.06,4005.8,sh000903
2023-03-02 00:00:00,3997.66,3994.06,4016.88,3989.33,73462086.0,127574233375.2,0.69,3994.06,sh000903
2023-03-03 00:00:00,4003.23,4003.18,4011.38,3975.56,74093006.0,116093723605.3,0.9,4003.18,sh000903
2023-03-06 00:00:00,4004.08,3983.1,4005.87,3954.08,75695331.0,147081529227.0,1.29,3983.1,sh000903
2023-03-07 00:00:00,3976.1,3922.5,3998.92,3919.38,92502822.0,139728130530.7,2.0,3922.5,sh000903
2023-03-08 00:00:00,3902.45,3903.37,3910.32,3880.19,56543153.0,98975872432.3,0.77,3903.37,sh000903
2023-03-09 00:00:00,3904.46,3893.79,3915.25,3871.85,58318785.0,108409502399.2,1.11,3893.79,sh000903
2023-03-10 00:00:00,3865.25,3846.18,3880.11,3845.16,60637831.0,116563789037.1,0.9,3846.18,sh000903
2023-03-13 00:00:00,3840.9,3885.94,3887.51,3840.9,74590451.0,133117476325.9,1.21,3885.94,sh000903
2023-03-14 00:00:00,3877.33,3864.4,3882.35,3824.74,75712443.0,147147623101.4,1.48,3864.4,sh000903
2023-03-15 00:00:00,3892.44,3866.77,3901.11,3866.54,67182794.0,124071238980.1,0.89,3866.77,sh000903
2023-03-16 00:00:00,3833.23,3810.97,3854.11,3808.02,69537082.0,128565530818.9,1.19,3810.97,sh000903
2023-03-17 00:00:00,3845.89,3832.12,3878.62,3817.62,85832287.0,170322582908.1,1.6,3832.12,sh000903
2023-03-20 00:00:00,3835.46,3809.46,3852.0,3804.56,93210422.0,165625079115.9,1.24,3809.46,sh000903
2023-03-21 00:00:00,3818.06,3858.4,3858.8,3817.41,64539917.0,128972714505.9,1.09,3858.4,sh000903
2023-03-22 00:00:00,3871.8,3877.01,3893.62,3862.48,73271475.0,141313300956.3,0.81,3877.01,sh000903
2023-03-23 00:00:00,3862.23,3909.31,3909.31,3859.73,77366934.0,152061134209.7,1.28,3909.31,sh000903
2023-03-24 00:00:00,3906.05,3895.14,3906.05,3884.6,77723320.0,156448764193.4,0.55,3895.14,sh000903
2023-03-27 00:00:00,3890.53,3883.28,3890.53,3858.49,81133707.0,165352469360.5,0.82,3883.28,sh000903
2023-03-28 00:00:00,3887.28,3864.11,3893.83,3859.36,64342963.0,123590288058.9,0.89,3864.11,sh000903
2023-03-29 00:00:00,3880.47,3871.62,3885.7,3862.71,60533017.0,131600954953.8,0.59,3871.62,sh000903
2023-03-30 00:00:00,3874.31,3904.62,3905.85,3851.19,71869833.0,149879854236.6,1.41,3904.62,sh000903
2023-03-31 00:00:00,3914.93,3917.21,3929.61,3906.33,65344162.0,149853739941.6,0.6,3917.21,sh000903
2023-04-03 00:00:00,3926.91,3950.52,3954.47,3918.03,89505385.0,209807608298.0,0.93,3950.52,sh000903
2023-04-04 00:00:00,3949.58,3951.03,3952.0,3928.02,95756990.0,209069361293.9,0.61,3951.03,sh000903
2023-04-06 00:00:00,3928.32,3945.89,3947.73,3922.08,73665327.0,170886043827.3,0.65,3945.89,sh000903
2023-04-07 00:00:00,3948.57,3982.61,3990.9,3947.59,62332132.0,153927642307.9,1.1,3982.61,sh000903
2023-04-10 00:00:00,3993.57,3975.47,3994.64,3965.53,74054461.0,180161512599.5,0.73,3975.47,sh000903
2023-04-11 00:00:00,3979.15,3972.8,3988.69,3956.3,73160109.0,167167493965.8,0.81,3972.8,sh000903
2023-04-12 00:00:00,3974.72,3972.82,3983.42,3964.79,82703485.0,171238086701.2,0.47,3972.82,sh000903
2023-04-13 00:00:00,3955.43,3939.53,3959.19,3929.51,70406633.0,152680096124.6,0.75,3939.53,sh000903
2023-04-14 00:00:00,3949.85,3967.22,3976.42,3948.06,67951941.0,164365332555.3,0.72,3967.22,sh000903
2023-04-17 00:00:00,3963.18,4020.34,4020.34,3960.15,82413577.0,178826218692.5,1.52,4020.34,sh000903
2023-04-18 00:00:00,4008.19,4029.11,4041.16,4007.14,74868542.0,170516166180.9,0.85,4029.11,sh000903
2023-04-19 00:00:00,4028.59,3991.92,4028.59,3986.43,77361252.0,161038974672.5,1.05,3991.92,sh000903
2023-04-20 00:00:00,3989.12,3969.97,3989.88,3951.67,76041516.0,176039076853.2,0.96,3969.97,sh000903
2023-04-21 00:00:00,3973.98,3893.29,3973.98,3891.57,81492286.0,182998896355.1,2.08,3893.29,sh000903
2023-04-24 00:00:00,3891.71,3842.19,3893.99,3827.05,77540732.0,172492665655.6,1.72,3842.19,sh000903
2023-04-25 00:00:00,3843.76,3808.31,3847.21,3775.41,74868858.0,168312099068.1,1.87,3808.31,sh000903
2023-04-26 00:00:00,3795.53,3818.71,3834.2,3785.32,68799787.0,166699574518.7,1.28,3818.71,sh000903
2023-04-27 00:00:00,3807.97,3850.99,3862.1,3803.35,63598512.0,155128965890.1,1.54,3850.99,sh000903
2023-04-28 00:00:00,3857.31,3886.03,3886.58,3857.31,68714436.0,156382971514.4,0.76,3886.03,sh000903
2023-05-04 00:00:00,3869.31,3872.06,3882.19,3852.78,87963922.0,163779765714.0,0.76,3872.06,sh000903
2023-05-05 00:00:00,3874.41,3849.67,3876.53,3826.5,77685001.0,143334937190.4,1.29,3849.67,sh000903
2023-05-08 00:00:00,3863.33,3880.58,3884.79,3845.57,91295528.0,167686895037.9,1.02,3880.58,sh000903
2023-05-09 00:00:00,3878.42,3841.34,3898.22,3839.7,95980345.0,171779362973.2,1.51,3841.34,sh000903
2023-05-10 00:00:00,3833.6,3834.19,3849.69,3818.93,72136197.0,143603766646.5,0.8,3834.19,sh000903
2023-05-11 00:00:00,3841.12,3830.72,3849.33,3829.41,53856080.0,118438496016.8,0.52,3830.72,sh000903
2023-05-12 00:00:00,3829.69,3776.55,3838.56,3776.48,60997744.0,119004291449.7,1.62,3776.55,sh000903
2023-05-15 00:00:00,3778.71,3836.51,3836.51,3767.33,68372945.0,139775493781.6,1.83,3836.51,sh000903
2023-05-16 00:00:00,3841.66,3818.48,3841.66,3806.75,50291352.0,114380583686.4,0.91,3818.48,sh000903
2023-05-17 00:00:00,3812.9,3799.5,3821.1,3786.88,48362870.0,99577289843.6,0.9,3799.5,sh000903
2023-05-18 00:00:00,3805.99,3784.59,3814.16,3769.7,51314679.0,107129132423.4,1.17,3784.59,sh000903
2023-05-19 00:00:00,3772.22,3776.05,3797.74,3756.48,45892937.0,96722478482.3,1.09,3776.05,sh000903
2023-05-22 00:00:00,3774.03,3805.23,3818.76,3770.33,42563797.0,93100305127.0,1.28,3805.23,sh000903
2023-05-23 00:00:00,3806.32,3754.71,3810.12,3754.71,48690149.0,90974275110.5,1.46,3754.71,sh000903
2023-05-24 00:00:00,3747.81,3706.09,3748.37,3706.09,55097206.0,102973004087.9,1.13,3706.09,sh000903
2023-05-25 00:00:00,3696.63,3689.27,3706.57,3659.85,54459286.0,104921058611.8,1.26,3689.27,sh000903
2023-05-26 00:00:00,3686.55,3678.06,3686.55,3645.48,41079248.0,92612476219.9,1.11,3678.06,sh000903
2023-05-29 00:00:00,3691.52,3656.39,3694.98,3642.08,56505421.0,109691339595.7,1.44,3656.39,sh000903
2023-05-30 00:00:00,3651.1,3665.87,3671.77,3615.87,62389785.0,122379341968.0,1.53,3665.87,sh000903
2023-05-31 00:00:00,3653.34,3617.3,3653.54,3602.66,56456932.0,117168415081.1,1.39,3617.3,sh000903
2023-06-01 00:00:00,3607.96,3634.33,3659.93,3607.24,56267816.0,116845454451.1,1.46,3634.33,sh000903
2023-06-02 00:00:00,3651.4,3700.65,3704.0,3651.4,54643187.0,120467308715.1,1.45,3700.65,sh000903
2023-06-05 00:00:00,3697.95,3679.96,3697.99,3669.16,46288335.0,105480081656.7,0.78,3679.96,sh000903
2023-06-06 00:00:00,3676.19,3649.31,3703.2,3644.71,54085097.0,112588657844.9,1.59,3649.31,sh000903
2023-06-07 00:00:00,3659.31,3626.07,3665.94,3618.3,42185940.0,99519741433.5,1.31,3626.07,sh000903
2023-06-08 00:00:00,3630.71,3654.96,3670.12,3617.64,48898115.0,98892948850.9,1.45,3654.96,sh000903
2023-06-09 00:00:00,3657.74,3667.93,3668.18,3642.27,62547054.0,124877093172.0,0.71,3667.93,sh000903
2023-06-12 00:00:00,3657.24,3673.86,3689.2,3645.07,55151031.0,119964559984.4,1.2,3673.86,sh000903
2023-06-13 00:00:00,3667.21,3694.15,3697.71,3660.37,49160841.0,110640143105.4,1.02,3694.15,sh000903
2023-06-14 00:00:00,3704.49,3693.72,3719.63,3691.22,53323160.0,119070543525.5,0.77,3693.72,sh000903
2023-06-15 00:00:00,3702.35,3766.04,3766.04,3702.09,56778348.0,153631955062.3,1.73,3766.04,sh000903
2023-06-16 00:00:00,3772.79,3805.52,3810.09,3769.6,59783535.0,144446961879.5,1.08,3805.52,sh000903
2023-06-19 00:00:00,3800.72,3766.25,3800.72,3759.1,57604219.0,130132279611.2,1.09,3766.25,sh000903
2023-06-20 00:00:00,3762.85,3765.98,3779.09,3759.86,52092715.0,132492751206.6,0.51,3765.98,sh000903
2023-06-21 00:00:00,3752.58,3709.22,3765.62,3709.22,53296061.0,124841858982.9,1.5,3709.22,sh000903
2023-06-26 00:00:00,3679.2,3667.43,3696.85,3655.54,58400978.0,118269062731.6,1.11,3667.43,sh000903
2023-06-27 00:00:00,3669.7,3701.67,3710.13,3665.56,53644754.0,105977290284.7,1.22,3701.67,sh000903
2023-06-28 00:00:00,3693.14,3696.92,3702.78,3664.76,48298309.0,107466446669.0,1.03,3696.92,sh000903
2023-06-29 00:00:00,3694.8,3675.46,3699.39,3670.17,44632024.0,101725031133.2,0.79,3675.46,sh000903
2023-06-30 00:00:00,3667.1,3688.14,3708.07,3661.73,46863770.0,106360079907.0,1.26,3688.14,sh000903
2023-07-03 00:00:00,3702.25,3731.95,3739.49,3701.08,60982861.0,130894381540.7,1.04,3731.95,sh000903
2023-07-04 00:00:00,3728.35,3736.68,3738.46,3719.27,49225448.0,107644049905.1,0.51,3736.68,sh000903
2023-07-05 00:00:00,3732.87,3712.29,3739.71,3707.38,48302014.0,96173325352.7,0.87,3712.29,sh000903
2023-07-06 00:00:00,3700.97,3683.27,3719.47,3677.55,49508336.0,95594702218.6,1.13,3683.27,sh000903
2023-07-07 00:00:00,3671.51,3660.65,3679.44,3654.36,51909750.0,90661258312.3,0.68,3660.65,sh000903
2023-07-10 00:00:00,3677.36,3686.1,3707.81,3674.71,47059451.0,101529986654.3,0.9,3686.1,sh000903
2023-07-11 00:00:00,3697.25,3710.27,3712.42,3686.44,40848094.0,91735852740.0,0.7,3710.27,sh000903
2023-07-12 00:00:00,3707.3,3691.81,3720.25,3686.08,52089612.0,108282603903.3,0.92,3691.81,sh000903
2023-07-13 00:00:00,3702.77,3739.31,3741.36,3702.77,56110150.0,121533179143.8,1.05,3739.31,sh000903
2023-07-14 00:00:00,3748.36,3742.27,3753.82,3736.49,61307704.0,113223761279.5,0.46,3742.27,sh000903
2023-07-17 00:00:00,3726.36,3709.61,3726.36,3695.13,48406830.0,85517933694.3,0.83,3709.61,sh000903
2023-07-18 00:00:00,3715.44,3697.34,3715.44,3686.28,39902164.0,80761965261.5,0.79,3697.34,sh000903
2023-07-19 00:00:00,3691.86,3694.75,3704.41,3675.62,36182018.0,77885251474.1,0.78,3694.75,sh000903
2023-07-20 00:00:00,3702.13,3673.55,3723.72,3668.74,43079101.0,90738120851.7,1.49,3673.55,sh000903
2023-07-21 00:00:00,3666.61,3669.03,3696.75,3655.82,39243794.0,83231085360.9,1.11,3669.03,sh000903
2023-07-24 00:00:00,3647.66,3647.18,3672.45,3641.51,33984922.0,77095901265.6,0.84,3647.18,sh000903
2023-07-25 00:00:00,3706.18,3755.99,3755.99,3706.18,70799987.0,146772987064.7,1.37,3755.99,sh000903
2023-07-26 00:00:00,3748.91,3749.01,3752.71,3735.61,47422572.0,93275789022.6,0.46,3749.01,sh000903
2023-07-27 00:00:00,3756.58,3741.81,3772.03,3734.44,46781148.0,92387008707.4,1.0,3741.81,sh000903
2023-07-28 00:00:00,3730.03,3824.68,3832.62,3727.09,71789355.0,140279680845.3,2.82,3824.68,sh000903
2023-07-31 00:00:00,3852.09,3843.6,3891.11,3831.51,78200090.0,172605022103.1,1.56,3843.6,sh000903
2023-08-01 00:00:00,3840.07,3829.38,3859.62,3815.45,59745416.0,122633300320.2,1.15,3829.38,sh000903
2023-08-02 00:00:00,3818.91,3803.13,3838.23,3792.1,50120376.0,96738393165.0,1.2,3803.13,sh000903
2023-08-03 00:00:00,3793.02,3833.04,3833.39,3792.88,50073774.0,105063657118.1,1.07,3833.04,sh000903
2023-08-04 00:00:00,3861.27,3846.54,3881.39,3837.91,71319235.0,146180770114.0,1.13,3846.54,sh000903
2023-08-07 00:00:00,3831.02,3816.26,3831.02,3803.29,51962038.0,112605171200.9,0.72,3816.26,sh000903
2023-08-08 00:00:00,3809.49,3808.11,3829.49,3792.48,42710803.0,93826501781.0,0.97,3808.11,sh000903
2023-08-09 00:00:00,3796.96,3799.3,3813.86,3794.15,38396581.0,81316336740.4,0.52,3799.3,sh000903
2023-08-10 00:00:00,3794.51,3802.85,3806.62,3773.74,38072881.0,80151878530.6,0.87,3802.85,sh000903
2023-08-11 00:00:00,3807.18,3715.5,3807.18,3715.5,53509387.0,97929402147.3,2.41,3715.5,sh000903
2023-08-14 00:00:00,3673.13,3687.75,3690.86,3646.99,50420343.0,99183654787.2,1.18,3687.75,sh000903
2023-08-15 00:00:00,3689.04,3673.52,3695.12,3640.94,42366885.0,86915238403.2,1.47,3673.52,sh000903
2023-08-16 00:00:00,3658.34,3642.67,3673.55,3642.03,40076902.0,86853274229.7,0.86,3642.67,sh000903
2023-08-17 00:00:00,3626.68,3657.07,3662.15,3606.28,38127108.0,82047638390.9,1.53,3657.07,sh000903
2023-08-18 00:00:00,3655.98,3608.53,3664.45,3608.53,38249920.0,80091929530.2,1.53,3608.53,sh000903
2023-08-21 00:00:00,3595.88,3561.97,3611.78,3561.97,40660721.0,85180494297.3,1.38,3561.97,sh000903
2023-08-22 00:00:00,3580.04,3584.39,3598.48,3535.24,58776237.0,106290495149.7,1.78,3584.39,sh000903
2023-08-23 00:00:00,3578.92,3522.38,3582.75,3520.74,44884393.0,83026795106.3,1.73,3522.38,sh000903
2023-08-24 00:00:00,3538.09,3554.94,3579.14,3531.56,52988258.0,97498641310.3,1.35,3554.94,sh000903
2023-08-25 00:00:00,3537.21,3543.78,3568.99,3529.8,47460434.0,87963324799.5,1.1,3543.78,sh000903
2023-08-28 00:00:00,3737.15,3594.87,3737.15,3582.39,81991888.0,161761192569.9,4.37,3594.87,sh000903
2023-08-29 00:00:00,3587.65,3636.08,3658.25,3586.99,63154387.0,129139827528.3,1.98,3636.08,sh000903
2023-08-30 00:00:00,3653.15,3644.19,3666.71,3634.41,58151053.0,110758236684.0,0.89,3644.19,sh000903
2023-08-31 00:00:00,3644.96,3625.64,3651.13,3620.7,47990392.0,91513426558.8,0.84,3625.64,sh000903
2023-09-01 00:00:00,3639.01,3649.71,3667.99,3637.51,45344818.0,83733676051.7,0.84,3649.71,sh000903
2023-09-04 00:00:00,3675.06,3707.81,3713.92,3664.73,64509488.0,118491226932.4,1.35,3707.81,sh000903
2023-09-05 00:00:00,3699.02,3683.2,3699.54,3677.5,44151472.0,91029300170.0,0.59,3683.2,sh000903
2023-09-06 00:00:00,3671.93,3672.11,3678.36,3651.98,40351320.0,83755338429.5,0.72,3672.11,sh000903
2023-09-07 00:00:00,3661.91,3615.8,3661.91,3614.59,41818342.0,85404940480.7,1.29,3615.8,sh000903
2023-09-08 00:00:00,3605.09,3588.6,3610.38,3575.95,30628649.0,64883425377.9,0.95,3588.6,sh000903
2023-09-11 00:00:00,3589.19,3610.27,3632.26,3583.27,42520491.0,90714216893.4,1.37,3610.27,sh000903
2023-09-12 00:00:00,3607.64,3604.95,3617.62,3597.03,34623665.0,69630590980.8,0.57,3604.95,sh000903
2023-09-13 00:00:00,3603.53,3581.95,3613.95,3564.76,37809075.0,71578082826.6,1.36,3581.95,sh000903
2023-09-14 00:00:00,3581.93,3576.89,3594.12,3561.46,41968158.0,77042538839.9,0.91,3576.89,sh000903
2023-09-15 00:00:00,3583.67,3551.4,3591.79,3542.11,48943125.0,96631630257.7,1.39,3551.4,sh000903
2023-09-18 00:00:00,3541.77,3574.56,3586.22,3536.37,38845471.0,84342833212.9,1.4,3574.56,sh000903
2023-09-19 00:00:00,3570.25,3565.76,3570.25,3547.58,34081303.0,67769423763.0,0.63,3565.76,sh000903
2023-09-20 00:00:00,3561.17,3549.48,3562.34,3547.61,31807261.0,59449261949.3,0.41,3549.48,sh000903
2023-09-21 00:00:00,3540.82,3514.55,3551.12,3514.55,36145722.0,67920879704.3,1.03,3514.55,sh000903
2023-09-22 00:00:00,3516.52,3587.69,3588.34,3506.64,49903674.0,100515897243.7,2.32,3587.69,sh000903
2023-09-25 00:00:00,3588.02,3560.99,3588.02,3557.2,37924101.0,76542715201.9,0.86,3560.99,sh000903
2023-09-26 00:00:00,3555.55,3532.88,3567.51,3532.06,35013001.0,70893589029.2,1.0,3532.88,sh000903
2023-09-27 00:00:00,3534.25,3543.32,3573.65,3533.46,39737070.0,86755991562.4,1.14,3543.32,sh000903
2023-09-28 00:00:00,3555.17,3527.9,3558.79,3523.71,37679479.0,79358903544.9,0.99,3527.9,sh000903
2023-10-09 00:00:00,3517.09,3523.68,3532.55,3480.68,45127053.0,96849225239.3,1.47,3523.68,sh000903
2023-10-10 00:00:00,3534.97,3498.61,3540.2,3497.86,43321988.0,84366304954.9,1.2,3498.61,sh000903
2023-10-11 00:00:00,3518.01,3514.66,3536.36,3505.22,44357021.0,101808352075.2,0.89,3514.66,sh000903
2023-10-12 00:00:00,3544.33,3547.94,3558.84,3529.02,46374685.0,99629958812.1,0.85,3547.94,sh000903
2023-10-13 00:00:00,3522.39,3506.6,3522.39,3494.96,40327992.0,86631130471.1,0.77,3506.6,sh000903
2023-10-16 00:00:00,3507.77,3465.8,3507.77,3455.24,41280097.0,82933590769.8,1.5,3465.8,sh000903
2023-10-17 00:00:00,3476.58,3476.25,3482.58,3459.32,39108273.0,73824912880.3,0.67,3476.25,sh000903
2023-10-18 00:00:00,3471.12,3452.58,3471.12,3450.53,40868653.0,82525152841.7,0.59,3452.58,sh000903
2023-10-19 00:00:00,3429.55,3373.14,3430.02,3371.47,46663949.0,99493643216.2,1.7,3373.14,sh000903
2023-10-20 00:00:00,3357.28,3351.49,3376.12,3341.69,44825106.0,94298170479.9,1.02,3351.49,sh000903
2023-10-23 00:00:00,3344.49,3319.51,3347.84,3294.69,43915245.0,81359639469.5,1.59,3319.51,sh000903
2023-10-24 00:00:00,3328.18,3325.59,3336.83,3295.19,50947544.0,99439285812.1,1.25,3325.59,sh000903
2023-10-25 00:00:00,3362.22,3337.23,3369.9,3334.96,61843775.0,109113589268.5,1.05,3337.23,sh000903
2023-10-26 00:00:00,3318.48,3343.3,3344.78,3307.81,47682877.0,95457046796.2,1.11,3343.3,sh000903
2023-10-27 00:00:00,3329.79,3394.1,3409.01,3324.16,53515111.0,123370095870.6,2.54,3394.1,sh000903
2023-10-30 00:00:00,3386.49,3425.29,3434.38,3385.96,65943121.0,131697224098.7,1.43,3425.29,sh000903
2023-10-31 00:00:00,3418.6,3407.3,3418.6,3390.28,50322968.0,101924643733.5,0.83,3407.3,sh000903
2023-11-01 00:00:00,3443.31,3406.12,3444.28,3398.89,46178512.0,99501013839.4,1.33,3406.12,sh000903
2023-11-02 00:00:00,3417.65,3392.14,3435.01,3391.85,41178621.0,80429924059.1,1.27,3392.14,sh000903
2023-11-03 00:00:00,3397.09,3423.78,3433.34,3396.47,45704056.0,88623986482.2,1.09,3423.78,sh000903
2023-11-06 00:00:00,3444.36,3473.81,3477.71,3443.78,73352296.0,136437038616.5,0.99,3473.81,sh000903
2023-11-07 00:00:00,3465.46,3453.96,3465.46,3441.91,48660935.0,97753207742.5,0.68,3453.96,sh000903
2023-11-08 00:00:00,3444.06,3448.8,3463.94,3430.97,48621574.0,99811978865.0,0.95,3448.8,sh000903
2023-11-09 00:00:00,3438.83,3445.56,3459.81,3436.47,46725243.0,93222864071.0,0.68,3445.56,sh000903
2023-11-10 00:00:00,3427.21,3418.5,3430.12,3409.09,39659939.0,78333240913.7,0.61,3418.5,sh000903
2023-11-13 00:00:00,3426.17,3410.03,3433.18,3394.28,42195969.0,83805525558.6,1.14,3410.03,sh000903
2023-11-14 00:00:00,3412.27,3405.52,3428.0,3393.4,39669720.0,76372556778.9,1.01,3405.52,sh000903
2023-11-15 00:00:00,3442.02,3433.67,3445.33,3422.72,45089590.0,93705881610.0,0.66,3433.67,sh000903
2023-11-16 00:00:00,3427.77,3396.81,3429.64,3395.21,36925906.0,72500980594.4,1.0,3396.81,sh000903
2023-11-17 00:00:00,3384.22,3388.53,3394.85,3367.35,37015566.0,67390404199.6,0.81,3388.53,sh000903
2023-11-20 00:00:00,3390.29,3395.28,3407.83,3365.97,38256798.0,75690219304.8,1.24,3395.28,sh000903
2023-11-21 00:00:00,3409.11,3402.57,3434.83,3397.64,46185959.0,86111537695.4,1.1,3402.57,sh000903
2023-11-22 00:00:00,3391.03,3364.24,3395.21,3364.24,38473724.0,69650368844.2,0.91,3364.24,sh000903
2023-11-23 00:00:00,3360.76,3381.17,3381.99,3347.63,33542277.0,63082204891.4,1.02,3381.17,sh000903
2023-11-24 00:00:00,3381.41,3355.88,3381.41,3352.26,34006699.0,68323814844.4,0.86,3355.88,sh000903
2023-11-27 00:00:00,3350.62,3326.22,3350.62,3308.65,41372744.0,77458263643.1,1.25,3326.22,sh000903
2023-11-28 00:00:00,3323.86,3334.76,3335.8,3315.16,34672848.0,65159298888.0,0.62,3334.76,sh000903
2023-11-29 00:00:00,3335.53,3306.3,3337.12,3300.41,39248428.0,72694181700.3,1.1,3306.3,sh000903
2023-11-30 00:00:00,3302.5,3311.36,3322.39,3298.4,39868278.0,72260423034.6,0.73,3311.36,sh000903
2023-12-01 00:00:00,3309.48,3294.34,3309.48,3261.96,46935811.0,90260948783.8,1.44,3294.34,sh000903
2023-12-04 00:00:00,3291.85,3269.39,3296.49,3268.38,42765033.0,80690042207.3,0.85,3269.39,sh000903
2023-12-05 00:00:00,3258.67,3203.72,3258.67,3203.27,44220405.0,84889158866.5,1.69,3203.72,sh000903
2023-12-06 00:00:00,3197.1,3213.23,3234.13,3193.04,48113661.0,93159416926.6,1.28,3213.23,sh000903
2023-12-07 00:00:00,3206.65,3202.4,3217.08,3181.64,41467631.0,82906873919.2,1.1,3202.4,sh000903
2023-12-08 00:00:00,3203.91,3213.02,3221.64,3194.99,54303909.0,96579971828.0,0.83,3213.02,sh000903
2023-12-11 00:00:00,3191.33,3234.69,3242.55,3165.4,60935279.0,104817292987.0,2.4,3234.69,sh000903
2023-12-12 00:00:00,3225.72,3240.41,3241.41,3221.69,45868018.0,79020276299.3,0.61,3240.41,sh000903
2023-12-13 00:00:00,3231.12,3183.78,3231.12,3183.57,41419121.0,78942050202.9,1.47,3183.78,sh000903
2023-12-14 00:00:00,3203.82,3168.9,3215.48,3167.24,37377402.0,76763777610.1,1.52,3168.9,sh000903
2023-12-15 00:00:00,3185.32,3161.26,3208.31,3159.13,45766120.0,89880019719.1,1.55,3161.26,sh000903
2023-12-18 00:00:00,3147.71,3148.19,3170.21,3133.62,39088149.0,74560497677.6,1.16,3148.19,sh000903
2023-12-19 00:00:00,3143.98,3157.55,3167.96,3132.95,35549956.0,68404005965.7,1.11,3157.55,sh000903
2023-12-20 00:00:00,3155.74,3125.42,3160.41,3125.1,40388203.0,73129918491.7,1.12,3125.42,sh000903
2023-12-21 00:00:00,3113.47,3162.97,3171.57,3112.43,47385848.0,93726212514.7,1.89,3162.97,sh000903
2023-12-22 00:00:00,3160.59,3171.5,3192.91,3147.98,50238578.0,89224688812.5,1.42,3171.5,sh000903
2023-12-25 00:00:00,3164.66,3177.09,3182.33,3161.7,33614843.0,60503711852.3,0.65,3177.09,sh000903
2023-12-26 00:00:00,3175.22,3157.91,3175.22,3148.9,32441422.0,59439973948.2,0.83,3157.91,sh000903
2023-12-27 00:00:00,3161.08,3170.45,3176.52,3145.65,44369971.0,72979199617.6,0.98,3170.45,sh000903
2023-12-28 00:00:00,3169.93,3250.63,3258.13,3165.77,67560750.0,131285825303.8,2.91,3250.63,sh000903
2023-12-29 00:00:00,3248.01,3263.05,3268.97,3246.54,56271215.0,103671285554.8,0.69,3263.05,sh000903
2024-01-02 00:00:00,3260.23,3218.49,3260.23,3218.49,52673533.0,95311989609.0,1.28,3218.49,sh000903
2024-01-03 00:00:00,3211.59,3208.99,3224.25,3193.47,46921205.0,85158826498.7,0.96,3208.99,sh000903
2024-01-04 00:00:00,3205.75,3178.25,3206.36,3154.6,48790990.0,86827126502.8,1.61,3178.25,sh000903
2024-01-05 00:00:00,3172.41,3162.03,3202.66,3145.81,54687807.0,95299202754.6,1.79,3162.03,sh000903
2024-01-08 00:00:00,3157.21,3123.37,3171.1,3119.6,55401939.0,88182022707.3,1.63,3123.37,sh000903
2024-01-09 00:00:00,3124.45,3129.95,3142.57,3112.25,50011586.0,90522518641.8,0.97,3129.95,sh000903
2024-01-10 00:00:00,3118.32,3111.37,3149.09,3105.81,44001200.0,83552356111.8,1.38,3111.37,sh000903
2024-01-11 00:00:00,3110.59,3131.49,3146.43,3102.57,49707584.0,98351627702.6,1.41,3131.49,sh000903
2024-01-12 00:00:00,3119.07,3119.39,3143.71,3112.34,44081801.0,83524301018.0,1.0,3119.39,sh000903
2024-01-15 00:00:00,3104.23,3115.94,3140.94,3096.11,39887365.0,74309565699.8,1.44,3115.94,sh000903
2024-01-16 00:00:00,3107.51,3133.77,3133.77,3095.35,47869348.0,89289371422.6,1.23,3133.77,sh000903
2024-01-17 00:00:00,3124.06,3060.48,3124.06,3060.48,46503170.0,90793348430.0,2.03,3060.48,sh000903
2024-01-18 00:00:00,3046.18,3111.3,3116.05,3012.45,76980323.0,136521027686.2,3.39,3111.3,sh000903
2024-01-19 00:00:00,3098.63,3112.17,3127.96,3091.28,55325262.0,106190418785.3,1.18,3112.17,sh000903
2024-01-22 00:00:00,3105.06,3072.15,3128.05,3046.33,65855311.0,122027544152.7,2.63,3072.15,sh000903
2024-01-23 00:00:00,3062.19,3081.17,3098.39,3045.27,55014870.0,105290980682.1,1.73,3081.17,sh000903
2024-01-24 00:00:00,3096.44,3118.13,3121.9,3039.07,65597954.0,112054791678.7,2.69,3118.13,sh000903
2024-01-25 00:00:00,3116.09,3179.03,3180.36,3109.33,87305165.0,131960966054.6,2.28,3179.03,sh000903
2024-01-26 00:00:00,3162.41,3163.53,3181.15,3148.2,81490113.0,122779820470.0,1.04,3163.53,sh000903
2024-01-29 00:00:00,3164.26,3127.24,3176.89,3127.24,78906794.0,126620715925.3,1.57,3127.24,sh000903
2024-01-30 00:00:00,3109.38,3071.6,3121.82,3071.56,62078465.0,104430341840.2,1.61,3071.6,sh000903
2024-01-31 00:00:00,3062.1,3049.43,3082.25,3036.38,64640683.0,114733283201.6,1.49,3049.43,sh000903
2024-02-01 00:00:00,3038.2,3051.96,3085.97,3028.84,61431774.0,104445003695.5,1.87,3051.96,sh000903
2024-02-02 00:00:00,3053.4,3011.6,3063.83,2947.49,73621843.0,120492796091.0,3.81,3011.6,sh000903
2024-02-05 00:00:00,2995.52,3042.52,3072.74,2956.95,87502535.0,148217505239.8,3.84,3042.52,sh000903
2024-02-06 00:00:00,3028.21,3147.3,3148.48,3026.29,86660075.0,148752448906.4,4.02,3147.3,sh000903
2024-02-07 00:00:00,3150.16,3183.12,3183.12,3126.75,93673893.0,155522352734.6,1.79,3183.12,sh000903
2024-02-08 00:00:00,3189.97,3207.2,3214.82,3183.24,80266241.0,137746320708.8,0.99,3207.2,sh000903
2024-02-19 00:00:00,3235.77,3234.86,3235.77,3204.95,79755603.0,136812861975.7,0.96,3234.86,sh000903
2024-02-20 00:00:00,3228.74,3238.31,3242.91,3210.96,58694347.0,108815727521.3,0.99,3238.31,sh000903
2024-02-21 00:00:00,3219.52,3277.71,3318.18,3212.97,78052790.0,141918369029.2,3.25,3277.71,sh000903
2024-02-22 00:00:00,3272.26,3302.14,3302.39,3271.11,59133807.0,106620701457.7,0.95,3302.14,sh000903
2024-02-23 00:00:00,3305.64,3298.23,3314.77,3281.51,60803498.0,112592932175.6,1.01,3298.23,sh000903
2024-02-26 00:00:00,3295.01,3265.65,3301.6,3258.12,63634045.0,117096164845.4,1.32,3265.65,sh000903
2024-02-27 00:00:00,3253.16,3305.22,3305.22,3250.41,59402431.0,121509935498.2,1.68,3305.22,sh000903
2024-02-28 00:00:00,3311.28,3263.6,3331.33,3263.6,80138347.0,162615021696.9,2.05,3263.6,sh000903
2024-02-29 00:00:00,3252.91,3326.71,3327.37,3252.91,68659714.0,145773768195.2,2.28,3326.71,sh000903
2024-03-01 00:00:00,3326.26,3348.79,3354.43,3314.13,73307463.0,148275259831.6,1.21,3348.79,sh000903
2024-03-04 00:00:00,3351.42,3352.89,3364.19,3335.97,73450072.0,153415637987.6,0.84,3352.89,sh000903
2024-03-05 00:00:00,3336.92,3377.1,3381.92,3331.15,75674368.0,154577788346.8,1.51,3377.1,sh000903
2024-03-06 00:00:00,3367.49,3366.19,3392.06,3358.04,63508086.0,123752961924.4,1.01,3366.19,sh000903
2024-03-07 00:00:00,3362.59,3349.3,3384.49,3340.52,70345976.0,130532767357.5,1.31,3349.3,sh000903
2024-03-08 00:00:00,3347.83,3358.9,3363.19,3328.34,59308020.0,117620605706.8,1.04,3358.9,sh000903
2024-03-11 00:00:00,3363.19,3410.79,3410.79,3362.17,68924612.0,154899545186.9,1.45,3410.79,sh000903
2024-03-12 00:00:00,3415.46,3419.56,3427.49,3394.34,84106392.0,180467323885.4,0.97,3419.56,sh000903
2024-03-13 00:00:00,3417.72,3395.11,3417.72,3384.74,63072381.0,130231662697.5,0.96,3395.11,sh000903
2024-03-14 00:00:00,3400.78,3387.24,3425.03,3372.5,65194941.0,137751230196.7,1.55,3387.24,sh000903
2024-03-15 00:00:00,3378.83,3387.08,3390.96,3350.7,62264907.0,126145283854.6,1.19,3387.08,sh000903
2024-03-18 00:00:00,3396.4,3414.49,3415.22,3387.14,67996466.0,145014270586.4,0.83,3414.49,sh000903
2024-03-19 00:00:00,3404.14,3388.58,3422.33,3388.32,70816593.0,131748225274.1,1.0,3388.58,sh000903
2024-03-20 00:00:00,3378.43,3399.0,3403.39,3378.43,62236238.0,114162664823.7,0.74,3399.0,sh000903
2024-03-21 00:00:00,3408.58,3395.11,3419.06,3392.13,58477376.0,116493328381.7,0.79,3395.11,sh000903
2024-03-22 00:00:00,3385.04,3366.44,3391.41,3342.78,64786866.0,129420037394.8,1.43,3366.44,sh000903
2024-03-25 00:00:00,3359.49,3353.15,3390.01,3351.51,61965543.0,117610566020.6,1.14,3353.15,sh000903
2024-03-26 00:00:00,3354.26,3368.98,3374.04,3347.88,55244066.0,118033637480.3,0.78,3368.98,sh000903
2024-03-27 00:00:00,3364.06,3332.42,3369.65,3332.42,56540021.0,109838145918.9,1.11,3332.42,sh000903
2024-03-28 00:00:00,3329.71,3354.27,3384.04,3322.01,60829884.0,117135435315.8,1.86,3354.27,sh000903
2024-03-29 00:00:00,3353.96,3373.86,3377.18,3353.96,54343376.0,98089615484.6,0.69,3373.86,sh000903
2024-04-01 00:00:00,3389.46,3433.67,3440.1,3389.46,81480288.0,132813467059.3,1.5,3433.67,sh000903
2024-04-02 00:00:00,3431.52,3422.8,3434.06,3411.0,68402168.0,116192944649.8,0.67,3422.8,sh000903
2024-04-03 00:00:00,3423.13,3416.82,3426.59,3407.5,70330875.0,116490605452.9,0.56,3416.82,sh000903
2024-04-08 00:00:00,3405.3,3389.7,3421.44,3389.15,76483938.0,132000643451.9,0.95,3389.7,sh000903
2024-04-09 00:00:00,3385.47,3383.71,3396.8,3370.2,65439586.0,107678461479.8,0.78,3383.71,sh000903
2024-04-10 00:00:00,3379.34,3356.53,3379.86,3342.33,61345452.0,105887982878.7,1.11,3356.53,sh000903
2024-04-11 00:00:00,3334.76,3352.77,3368.2,3334.74,57562279.0,104904361660.2,1.0,3352.77,sh000903
2024-04-12 00:00:00,3353.95,3326.28,3362.51,3320.15,59690035.0,109114047271.7,1.26,3326.28,sh000903
2024-04-15 00:00:00,3323.57,3397.2,3399.23,3323.57,83840204.0,139926367259.5,2.27,3397.2,sh000903
2024-04-16 00:00:00,3382.25,3368.28,3398.57,3357.16,79656599.0,130756431546.8,1.22,3368.28,sh000903
2024-04-17 00:00:00,3363.86,3414.67,3415.63,3355.12,75913191.0,127211099285.0,1.8,3414.67,sh000903
2024-04-18 00:00:00,3399.48,3412.88,3444.61,3396.14,75212193.0,129829148586.9,1.42,3412.88,sh000903
2024-04-19 00:00:00,3395.48,3386.94,3407.98,3372.34,68378483.0,119494390980.4,1.04,3386.94,sh000903
2024-04-22 00:00:00,3383.54,3378.23,3404.5,3375.4,69304238.0,120863664079.2,0.86,3378.23,sh000903
2024-04-23 00:00:00,3371.24,3348.6,3377.68,3342.26,70272033.0,117918936028.0,1.05,3348.6,sh000903
2024-04-24 00:00:00,3354.48,3357.97,3362.04,3334.99,56110735.0,102232101640.5,0.81,3357.97,sh000903
2024-04-25 00:00:00,3346.33,3368.01,3382.59,3342.78,54073266.0,98853572511.3,1.19,3368.01,sh000903
2024-04-26 00:00:00,3365.87,3421.49,3425.88,3365.68,81020790.0,150561962787.1,1.79,3421.49,sh000903
2024-04-29 00:00:00,3419.8,3460.45,3484.26,3416.1,94344748.0,175521536806.6,1.99,3460.45,sh000903
2024-04-30 00:00:00,3452.42,3435.19,3464.44,3435.19,86799967.0,139963851719.8,0.85,3435.19,sh000903
2024-05-06 00:00:00,3488.71,3497.66,3501.62,3479.55,100739858.0,177601634634.3,0.64,3497.66,sh000903
2024-05-07 00:00:00,3497.71,3500.07,3508.43,3491.71,75852855.0,121940616269.0,0.48,3500.07,sh000903
2024-05-08 00:00:00,3491.76,3469.81,3491.91,3468.52,59050960.0,100423741329.2,0.67,3469.81,sh000903
2024-05-09 00:00:00,3471.12,3505.54,3512.08,3471.12,67114764.0,120438973514.7,1.18,3505.54,sh000903
2024-05-10 00:00:00,3512.14,3504.45,3517.06,3482.62,69130899.0,122046283525.8,0.98,3504.45,sh000903
2024-05-13 00:00:00,3482.95,3499.47,3508.57,3472.96,71299603.0,130360939678.6,1.02,3499.47,sh000903
2024-05-14 00:00:00,3504.13,3485.47,3509.9,3477.44,60606535.0,110928886890.1,0.93,3485.47,sh000903
2024-05-15 00:00:00,3479.27,3457.72,3486.24,3455.41,57328529.0,98502284657.1,0.88,3457.72,sh000903
2024-05-16 00:00:00,3468.96,3468.09,3485.18,3455.46,73778757.0,127691328680.9,0.86,3468.09,sh000903
2024-05-17 00:00:00,3469.16,3507.45,3507.45,3455.3,81910306.0,138688415395.7,1.5,3507.45,sh000903
2024-05-20 00:00:00,3513.31,3515.86,3527.98,3501.59,89980680.0,150700384914.0,0.75,3515.86,sh000903
2024-05-21 00:00:00,3507.83,3495.89,3511.02,3485.74,61516495.0,102288817095.9,0.72,3495.89,sh000903
2024-05-22 00:00:00,3495.82,3504.34,3512.61,3486.28,72458364.0,125633972433.5,0.75,3504.34,sh000903
2024-05-23 00:00:00,3490.31,3463.13,3491.12,3454.1,67922304.0,114383376218.3,1.06,3463.13,sh000903
2024-05-24 00:00:00,3451.48,3424.63,3469.27,3422.82,55566873.0,99552099307.0,1.34,3424.63,sh000903
2024-05-27 00:00:00,3429.06,3453.86,3456.58,3425.84,59670781.0,108134646159.7,0.9,3453.86,sh000903
2024-05-28 00:00:00,3452.81,3429.47,3458.73,3425.54,61665812.0,99283563903.5,0.96,3429.47,sh000903
2024-05-29 00:00:00,3430.33,3440.84,3457.62,3430.33,54222649.0,96605634951.3,0.8,3440.84,sh000903
2024-05-30 00:00:00,3437.17,3421.53,3451.06,3414.47,57518343.0,104221047266.7,1.06,3421.53,sh000903
2024-05-31 00:00:00,3427.07,3400.58,3439.63,3400.58,51191560.0,94240615427.2,1.14,3400.58,sh000903
2024-06-03 00:00:00,3399.89,3420.93,3432.02,3393.49,61346473.0,117377887072.4,1.13,3420.93,sh000903
2024-06-04 00:00:00,3416.96,3450.91,3457.72,3411.88,60388749.0,107321876306.1,1.34,3450.91,sh000903
2024-06-05 00:00:00,3445.12,3430.99,3460.37,3430.76,51093145.0,97162745789.5,0.86,3430.99,sh000903
2024-06-06 00:00:00,3439.09,3435.35,3468.55,3426.64,64751573.0,121524827265.9,1.22,3435.35,sh000903
2024-06-07 00:00:00,3435.84,3411.14,3442.73,3390.29,59724479.0,115940476191.2,1.53,3411.14,sh000903
2024-06-11 00:00:00,3387.23,3379.68,3399.59,3361.4,60257008.0,120204393347.7,1.12,3379.68,sh000903
2024-06-12 00:00:00,3375.7,3378.43,3386.41,3368.33,56344566.0,109774396458.4,0.53,3378.43,sh000903
2024-06-13 00:00:00,3384.38,3356.16,3384.41,3350.29,53356211.0,111809039665.6,1.01,3356.16,sh000903
2024-06-14 00:00:00,3347.77,3373.87,3379.45,3335.49,66805341.0,145844034434.7,1.31,3373.87,sh000903
2024-06-17 00:00:00,3353.38,3369.97,3377.28,3353.38,59201009.0,119760672411.1,0.71,3369.97,sh000903
2024-06-18 00:00:00,3366.24,3378.14,3384.16,3366.05,54834241.0,107784194613.0,0.54,3378.14,sh000903
2024-06-19 00:00:00,3374.55,3361.55,3374.55,3354.72,47185326.0,93969787535.4,0.59,3361.55,sh000903
2024-06-20 00:00:00,3359.15,3340.24,3369.42,3336.64,53166273.0,98334062416.7,0.98,3340.24,sh000903
2024-06-21 00:00:00,3335.63,3330.05,3342.2,3308.83,50952171.0,98294119887.6,1.0,3330.05,sh000903
2024-06-24 00:00:00,3307.82,3320.83,3346.31,3303.5,53728438.0,104787377121.8,1.29,3320.83,sh000903
2024-06-25 00:00:00,3317.95,3305.3,3327.74,3289.18,54069518.0,102717899050.0,1.16,3305.3,sh000903
2024-06-26 00:00:00,3298.43,3324.23,3332.01,3289.99,47326912.0,89183661887.6,1.27,3324.23,sh000903
2024-06-27 00:00:00,3311.87,3300.26,3314.24,3297.56,53110429.0,92738128365.7,0.5,3300.26,sh000903
2024-06-28 00:00:00,3288.71,3309.99,3330.3,3288.71,62996534.0,108261121957.6,1.26,3309.99,sh000903
2024-07-01 00:00:00,3308.24,3318.49,3321.84,3288.67,57241101.0,100795449358.9,1.0,3318.49,sh000903
2024-07-02 00:00:00,3311.1,3312.23,3327.42,3305.23,55102011.0,98862190591.4,0.67,3312.23,sh000903
2024-07-03 00:00:00,3312.75,3312.77,3319.95,3297.79,46848010.0,87035564617.7,0.67,3312.77,sh000903
2024-07-04 00:00:00,3318.54,3299.68,3337.09,3299.48,47844285.0,83908320571.8,1.14,3299.68,sh000903
2024-07-05 00:00:00,3297.52,3287.27,3306.17,3254.65,51771527.0,95096876981.0,1.56,3287.27,sh000903
2024-07-08 00:00:00,3276.08,3258.36,3283.38,3253.0,53018502.0,96414058944.5,0.92,3258.36,sh000903
2024-07-09 00:00:00,3255.64,3293.87,3304.62,3244.12,60291544.0,113297465068.4,1.86,3293.87,sh000903
2024-07-10 00:00:00,3284.43,3285.53,3307.49,3280.15,58703661.0,103158855036.6,0.83,3285.53,sh000903
2024-07-11 00:00:00,3302.94,3323.86,3329.21,3290.14,67048057.0,122107016764.6,1.19,3323.86,sh000903
2024-07-12 00:00:00,3321.81,3338.34,3345.13,3320.13,62766367.0,112047570574.6,0.75,3338.34,sh000903
2024-07-15 00:00:00,3326.79,3333.59,3343.07,3323.86,59349291.0,91067456900.5,0.58,3333.59,sh000903
2024-07-16 00:00:00,3322.74,3353.79,3355.83,3317.98,57173267.0,105689453424.8,1.14,3353.79,sh000903
2024-07-17 00:00:00,3350.92,3355.22,3367.0,3340.45,62076202.0,118628674516.8,0.79,3355.22,sh000903
2024-07-18 00:00:00,3337.48,3379.18,3381.04,3335.0,58488610.0,117166657749.2,1.37,3379.18,sh000903
2024-07-19 00:00:00,3355.16,3394.26,3400.05,3346.03,62264118.0,121699679233.8,1.6,3394.26,sh000903
2024-07-22 00:00:00,3392.86,3371.39,3395.45,3351.05,60529242.0,112846444640.4,1.31,3371.39,sh000903
2024-07-23 00:00:00,3366.4,3294.59,3366.4,3294.59,59697984.0,106714770026.8,2.13,3294.59,sh000903
2024-07-24 00:00:00,3288.04,3272.11,3307.64,3261.61,60864932.0,96965198889.5,1.4,3272.11,sh000903
2024-07-25 00:00:00,3258.32,3252.89,3271.63,3238.15,61495078.0,101339542004.3,1.02,3252.89,sh000903
2024-07-26 00:00:00,3260.2,3267.44,3276.85,3243.66,58534310.0,104502685523.0,1.02,3267.44,sh000903
2024-07-29 00:00:00,3261.52,3239.15,3261.52,3239.15,47796535.0,87674706649.2,0.68,3239.15,sh000903
2024-07-30 00:00:00,3227.36,3215.07,3227.69,3197.87,47774689.0,87355152044.5,0.92,3215.07,sh000903
2024-07-31 00:00:00,3207.75,3286.34,3289.3,3207.75,75312838.0,129808130923.8,2.54,3286.34,sh000903
2024-08-01 00:00:00,3287.93,3260.85,3293.6,3259.7,57835077.0,101189982662.0,1.03,3260.85,sh000903
2024-08-02 00:00:00,3234.35,3225.81,3261.21,3222.74,50855111.0,90736433256.0,1.18,3225.81,sh000903
2024-08-05 00:00:00,3202.25,3188.0,3251.79,3188.0,64304847.0,114767485063.9,1.98,3188.0,sh000903
2024-08-06 00:00:00,3211.62,3184.05,3220.8,3161.89,52601998.0,95163917847.5,1.85,3184.05,sh000903
2024-08-07 00:00:00,3180.09,3180.19,3201.45,3170.84,39964383.0,70900612592.8,0.96,3180.19,sh000903
2024-08-08 00:00:00,3171.07,3182.32,3201.26,3158.91,40966399.0,73101741702.6,1.33,3182.32,sh000903
2024-08-09 00:00:00,3199.25,3174.6,3210.14,3174.6,43974894.0,75432999972.6,1.12,3174.6,sh000903
2024-08-12 00:00:00,3171.36,3169.15,3181.91,3163.45,35452277.0,59151481181.8,0.58,3169.15,sh000903
2024-08-13 00:00:00,3170.56,3176.63,3177.77,3153.73,35867779.0,62994987116.4,0.76,3176.63,sh000903
2024-08-14 00:00:00,3175.33,3149.7,3175.33,3149.52,31590991.0,56617918200.8,0.81,3149.7,sh000903
2024-08-15 00:00:00,3141.95,3183.79,3197.91,3138.12,45879514.0,75208218765.0,1.9,3183.79,sh000903
2024-08-16 00:00:00,3184.66,3188.79,3199.21,3178.22,41920818.0,67478123616.4,0.66,3188.79,sh000903
2024-08-19 00:00:00,3189.11,3195.55,3221.75,3188.73,43071591.0,70294611693.3,1.04,3195.55,sh000903
2024-08-20 00:00:00,3201.73,3178.84,3202.47,3168.19,41639698.0,67828565338.7,1.07,3178.84,sh000903
2024-08-21 00:00:00,3169.91,3172.46,3188.74,3154.94,38951445.0,66653410645.8,1.06,3172.46,sh000903
2024-08-22 00:00:00,3174.06,3170.38,3179.34,3158.23,42602474.0,75860505472.2,0.67,3170.38,sh000903
2024-08-23 00:00:00,3162.12,3185.86,3194.39,3161.35,38845460.0,70963323182.7,1.04,3185.86,sh000903
2024-08-26 00:00:00,3190.3,3183.64,3195.95,3169.65,44642871.0,75727314068.5,0.83,3183.64,sh000903
2024-08-27 00:00:00,3174.6,3167.34,3181.41,3162.33,44167381.0,67537921847.8,0.6,3167.34,sh000903
2024-08-28 00:00:00,3161.78,3148.34,3168.53,3135.57,41506147.0,70572985225.9,1.04,3148.34,sh000903
2024-08-29 00:00:00,3134.53,3144.96,3157.63,3133.64,56154219.0,89309173084.4,0.76,3144.96,sh000903
2024-08-30 00:00:00,3143.2,3195.94,3224.97,3142.39,80602618.0,136043851331.3,2.63,3195.94,sh000903
2024-09-02 00:00:00,3179.97,3139.09,3182.73,3138.31,58087186.0,91780107794.0,1.39,3139.09,sh000903
2024-09-03 00:00:00,3135.32,3153.6,3162.58,3135.32,52625249.0,78361875229.7,0.87,3153.6,sh000903
2024-09-04 00:00:00,3133.43,3131.14,3152.59,3128.68,47594337.0,75241698582.3,0.76,3131.14,sh000903
2024-09-05 00:00:00,3131.43,3132.82,3144.98,3123.65,43048247.0,69699391889.0,0.68,3132.82,sh000903
2024-09-06 00:00:00,3135.0,3103.78,3144.43,3103.65,33631653.0,55584988997.7,1.3,3103.78,sh000903
2024-09-09 00:00:00,3086.53,3066.51,3097.17,3054.06,48296116.0,77968336724.7,1.39,3066.51,sh000903
2024-09-10 00:00:00,3065.59,3065.66,3075.98,3047.05,42052091.0,70101170840.3,0.94,3065.66,sh000903
2024-09-11 00:00:00,3058.65,3067.45,3076.39,3047.63,45911161.0,78806958358.0,0.94,3067.45,sh000903
2024-09-12 00:00:00,3071.5,3054.25,3085.52,3053.25,42293009.0,75319418020.8,1.05,3054.25,sh000903
2024-09-13 00:00:00,3055.17,3043.92,3071.86,3043.92,40240045.0,75215224256.4,0.91,3043.92,sh000903
2024-09-18 00:00:00,3044.6,3058.44,3068.91,3036.61,39685649.0,67343412708.4,1.06,3058.44,sh000903
2024-09-19 00:00:00,3061.12,3077.61,3095.96,3034.71,56166979.0,94679373359.9,2.0,3077.61,sh000903
2024-09-20 00:00:00,3075.89,3083.55,3090.43,3056.14,53613790.0,89122970991.3,1.11,3083.55,sh000903
2024-09-23 00:00:00,3084.28,3089.96,3108.99,3080.85,40361651.0,75770339683.2,0.91,3089.96,sh000903
2024-09-24 00:00:00,3124.35,3223.26,3223.35,3097.22,88277174.0,160990084992.1,4.08,3223.26,sh000903
2024-09-25 00:00:00,3276.83,3272.66,3337.8,3267.63,103653150.0,184213289956.8,2.18,3272.66,sh000903
2024-09-26 00:00:00,3273.3,3406.7,3407.2,3263.7,102770860.0,188405533815.8,4.38,3406.7,sh000903
2024-09-27 00:00:00,3480.19,3562.61,3571.57,3463.55,116269630.0,243456705769.1,3.17,3562.61,sh000903
2024-09-30 00:00:00,3692.92,3861.49,3883.9,3647.48,223144067.0,452392876102.8,6.64,3861.49,sh000903
2024-10-08 00:00:00,4284.12,4094.76,4284.12,3934.07,275043248.0,615858492734.8,9.07,4094.76,sh000903
2024-10-09 00:00:00,4007.15,3792.28,4022.2,3777.3,199741178.0,510271960511.8,5.98,3792.28,sh000903
2024-10-10 00:00:00,3814.0,3844.35,3938.38,3764.56,160213904.0,352904399029.2,4.58,3844.35,sh000903
2024-10-11 00:00:00,3814.98,3725.7,3814.98,3686.78,109456895.0,234843519397.7,3.33,3725.7,sh000903
2024-10-14 00:00:00,3750.54,3795.24,3813.25,3715.13,112586745.0,241441494099.3,2.63,3795.24,sh000903
2024-10-15 00:00:00,3781.89,3699.12,3805.72,3699.12,92313570.0,204017580803.5,2.81,3699.12,sh000903
2024-10-16 00:00:00,3651.15,3662.38,3705.25,3642.19,87088351.0,179809804279.9,1.7,3662.38,sh000903
2024-10-17 00:00:00,3681.76,3611.21,3703.45,3610.61,81934786.0,165151666505.1,2.53,3611.21,sh000903
2024-10-18 00:00:00,3602.65,3742.87,3811.23,3595.19,118323513.0,287170970340.7,5.98,3742.87,sh000903
2024-10-21 00:00:00,3775.72,3764.01,3805.25,3727.36,122129398.0,296876763997.3,2.08,3764.01,sh000903
2024-10-22 00:00:00,3754.03,3783.59,3789.8,3746.05,93616997.0,212578432060.6,1.16,3783.59,sh000903
2024-10-23 00:00:00,3777.39,3799.58,3835.33,3764.12,110253482.0,230466771392.3,1.88,3799.58,sh000903
2024-10-24 00:00:00,3779.67,3752.16,3783.96,3738.5,78184283.0,173580435735.2,1.2,3752.16,sh000903
2024-10-25 00:00:00,3755.12,3784.02,3822.18,3747.1,96251026.0,216853586973.8,2.0,3784.02,sh000903
2024-10-28 00:00:00,3780.7,3787.1,3787.7,3743.93,100930565.0,197865178268.5,1.16,3787.1,sh000903
2024-10-29 00:00:00,3793.03,3746.81,3809.66,3744.51,95717528.0,213402728982.8,1.72,3746.81,sh000903
2024-10-30 00:00:00,3727.58,3715.74,3749.85,3692.37,112618689.0,201893092479.2,1.53,3715.74,sh000903
2024-10-31 00:00:00,3715.97,3709.31,3739.92,3679.02,141682771.0,241441397633.9,1.64,3709.31,sh000903
2024-11-01 00:00:00,3703.87,3716.35,3754.31,3700.08,156830950.0,232301071959.9,1.46,3716.35,sh000903
2024-11-04 00:00:00,3724.79,3763.56,3763.56,3716.4,108492110.0,178044550344.7,1.27,3763.56,sh000903
2024-11-05 00:00:00,3754.74,3851.27,3851.88,3745.56,147365169.0,272837842625.3,2.82,3851.27,sh000903
2024-11-06 00:00:00,3856.89,3827.29,3888.69,3804.44,159741981.0,305545716671.0,2.19,3827.29,sh000903
2024-11-07 00:00:00,3790.13,3922.28,3923.32,3785.75,152050842.0,302117444408.0,3.59,3922.28,sh000903
2024-11-08 00:00:00,3970.08,3890.19,3979.2,3881.18,152456382.0,329898481632.8,2.5,3890.19,sh000903
2024-11-11 00:00:00,3854.67,3916.38,3918.22,3833.79,135545563.0,308924314744.5,2.17,3916.38,sh000903
2024-11-12 00:00:00,3920.31,3874.43,3971.03,3853.59,137643237.0,334297824026.8,3.0,3874.43,sh000903
2024-11-13 00:00:00,3847.69,3901.93,3912.64,3847.69,116673956.0,260093671351.0,1.68,3901.93,sh000903
2024-11-14 00:00:00,3894.28,3830.99,3907.4,3825.66,108314147.0,227723964033.9,2.09,3830.99,sh000903
2024-11-15 00:00:00,3815.07,3764.93,3837.72,3764.93,115027600.0,226223965682.1,1.9,3764.93,sh000903
2024-11-18 00:00:00,3773.64,3738.15,3815.16,3720.17,130585652.0,218284400754.6,2.52,3738.15,sh000903
2024-11-19 00:00:00,3744.02,3761.37,3765.52,3688.56,102622761.0,185096020862.9,2.06,3761.37,sh000903
2024-11-20 00:00:00,3753.97,3768.81,3783.37,3743.24,77047465.0,162195370220.1,1.07,3768.81,sh000903
2024-11-21 00:00:00,3763.18,3764.89,3775.35,3744.12,67617355.0,140443848104.3,0.83,3764.89,sh000903
2024-11-22 00:00:00,3760.56,3653.29,3767.89,3653.29,90373454.0,181471604755.8,3.04,3653.29,sh000903
2024-11-25 00:00:00,3663.26,3630.08,3682.35,3601.96,80709051.0,161111097570.7,2.2,3630.08,sh000903
2024-11-26 00:00:00,3619.88,3622.33,3652.46,3617.06,60510336.0,119141050268.1,0.98,3622.33,sh000903
2024-11-27 00:00:00,3612.74,3678.43,3678.65,3600.21,71629829.0,143279612654.5,2.17,3678.43,sh000903
2024-11-28 00:00:00,3677.45,3644.89,3679.59,3636.29,60926226.0,124585396710.4,1.18,3644.89,sh000903
2024-11-29 00:00:00,3640.79,3682.05,3723.51,3640.79,74059169.0,163993033954.6,2.27,3682.05,sh000903
2024-12-02 00:00:00,3678.49,3711.95,3720.99,3670.53,83554440.0,166428888446.7,1.37,3711.95,sh000903
2024-12-03 00:00:00,3711.05,3710.89,3720.03,3684.52,72778536.0,142804330327.2,0.96,3710.89,sh000903
2024-12-04 00:00:00,3708.81,3694.29,3715.8,3683.03,76751706.0,143565040399.0,0.88,3694.29,sh000903
2024-12-05 00:00:00,3680.58,3679.17,3694.84,3669.64,57077970.0,114072644266.0,0.68,3679.17,sh000903
2024-12-06 00:00:00,3681.67,3733.23,3752.27,3681.67,79314351.0,158245377546.5,1.92,3733.23,sh000903
2024-12-09 00:00:00,3731.85,3729.75,3755.91,3712.9,79880064.0,145359040872.1,1.15,3729.75,sh000903
2024-12-10 00:00:00,3848.97,3757.28,3852.81,3750.67,115122553.0,228018767622.7,2.74,3757.28,sh000903
2024-12-11 00:00:00,3752.89,3751.78,3767.79,3741.74,82401660.0,143066105589.6,0.69,3751.78,sh000903
2024-12-12 00:00:00,3747.64,3787.19,3790.31,3741.42,79075512.0,152998709839.1,1.3,3787.19,sh000903
2024-12-13 00:00:00,3760.27,3694.41,3760.27,3692.99,106027142.0,199796365784.9,1.78,3694.41,sh000903
2024-12-16 00:00:00,3693.12,3680.33,3702.83,3671.74,78516857.0,159939860284.6,0.84,3680.33,sh000903
2024-12-17 00:00:00,3676.23,3697.87,3729.5,3676.23,73874518.0,161833273085.6,1.45,3697.87,sh000903
2024-12-18 00:00:00,3708.86,3721.0,3732.58,3706.98,71743382.0,151234066199.7,0.69,3721.0,sh000903
2024-12-19 00:00:00,3693.71,3729.63,3739.41,3681.04,76335221.0,175802489675.5,1.57,3729.63,sh000903
2024-12-20 00:00:00,3719.86,3706.83,3736.89,3702.58,72134074.0,183441511457.8,0.92,3706.83,sh000903
2024-12-23 00:00:00,3709.17,3718.63,3746.77,3709.17,90303064.0,194270779117.7,1.01,3718.63,sh000903
2024-12-24 00:00:00,3719.25,3765.71,3767.96,3719.25,73219986.0,162203850320.0,1.31,3765.71,sh000903
2024-12-25 00:00:00,3771.1,3769.05,3789.65,3754.74,73408282.0,157674521247.7,0.93,3769.05,sh000903
2024-12-26 00:00:00,3766.77,3770.3,3774.5,3749.99,65431839.0,163015143948.1,0.65,3770.3,sh000903
2024-12-27 00:00:00,3771.6,3761.46,3786.53,3753.96,73427151.0,179296344510.2,0.86,3761.46,sh000903
2024-12-30 00:00:00,3758.86,3779.48,3788.32,3758.86,74539861.0,171257911858.0,0.78,3779.48,sh000903
2024-12-31 00:00:00,3775.44,3724.97,3782.83,3724.97,80553938.0,180047750202.9,1.53,3724.97,sh000903
2025-01-02 00:00:00,3723.74,3624.45,3725.95,3602.37,94271652.0,197872406720.5,3.32,3624.45,sh000903
2025-01-03 00:00:00,3630.42,3589.44,3643.77,3580.62,78506557.0,155709238571.5,1.74,3589.44,sh000903
2025-01-06 00:00:00,3593.75,3583.49,3603.27,3559.03,66592161.0,136049379857.8,1.23,3583.49,sh000903
2025-01-07 00:00:00,3569.83,3605.55,3607.38,3558.22,73024698.0,147037679991.7,1.37,3605.55,sh000903
2025-01-08 00:00:00,3590.75,3598.9,3619.97,3546.71,78331775.0,163872816342.7,2.03,3598.9,sh000903
2025-01-09 00:00:00,3590.63,3593.18,3606.79,3579.22,57912870.0,136668715662.1,0.77,3593.18,sh000903
2025-01-10 00:00:00,3595.8,3554.0,3602.78,3554.0,62901256.0,151480565022.0,1.36,3554.0,sh000903
2025-01-13 00:00:00,3526.22,3545.89,3558.51,3525.52,60795223.0,133243391857.0,0.93,3545.89,sh000903
2025-01-14 00:00:00,3550.59,3630.47,3638.16,3540.94,72623260.0,173291648342.5,2.74,3630.47,sh000903
2025-01-15 00:00:00,3619.77,3607.3,3627.89,3601.91,60017428.0,141662639779.4,0.72,3607.3,sh000903
2025-01-16 00:00:00,3621.83,3602.13,3652.68,3583.33,65161605.0,163912822112.2,1.92,3602.13,sh000903
2025-01-17 00:00:00,3590.09,3613.48,3633.2,3578.78,57994533.0,140793889169.4,1.51,3613.48,sh000903
2025-01-20 00:00:00,3636.08,3637.7,3661.06,3630.82,63004531.0,154626270766.0,0.84,3637.7,sh000903
2025-01-21 00:00:00,3656.1,3639.14,3657.75,3628.72,71651478.0,152023952186.2,0.8,3639.14,sh000903
2025-01-22 00:00:00,3630.01,3600.4,3631.71,3587.59,62292941.0,152673307898.1,1.21,3600.4,sh000903
2025-01-23 00:00:00,3629.87,3601.04,3662.68,3599.07,76821374.0,168583968847.3,1.77,3601.04,sh000903
2025-01-24 00:00:00,3594.96,3628.49,3646.55,3594.02,64678690.0,151102018509.8,1.46,3628.49,sh000903
2025-01-27 00:00:00,3631.55,3615.24,3646.63,3615.12,61987398.0,141144081832.5,0.87,3615.24,sh000903
2025-02-05 00:00:00,3649.24,3604.47,3649.24,3594.56,69760209.0,183494806930.9,1.51,3604.47,sh000903
2025-02-06 00:00:00,3598.51,3653.43,3654.15,3597.0,76234399.0,197453897231.9,1.59,3653.43,sh000903
2025-02-07 00:00:00,3656.23,3704.02,3727.52,3643.61,99148366.0,249149602914.2,2.3,3704.02,sh000903
2025-02-10 00:00:00,3709.1,3715.0,3720.48,3690.17,89086978.0,195905353717.2,0.82,3715.0,sh000903
2025-02-11 00:00:00,3723.13,3695.6,3723.13,3687.9,74739823.0,167939549847.4,0.95,3695.6,sh000903
2025-02-12 00:00:00,3691.26,3737.32,3739.11,3680.98,74943796.0,186150287409.2,1.57,3737.32,sh000903
2025-02-13 00:00:00,3732.5,3722.68,3756.31,3721.91,80141666.0,196809607349.4,0.92,3722.68,sh000903
2025-02-14 00:00:00,3719.46,3762.63,3765.56,3719.46,88418747.0,195355214607.7,1.24,3762.63,sh000903
2025-02-17 00:00:00,3775.52,3764.03,3777.37,3741.12,102735164.0,220145920174.2,0.96,3764.03,sh000903
2025-02-18 00:00:00,3762.78,3736.25,3783.71,3725.29,98905316.0,206316130662.4,1.55,3736.25,sh000903
2025-02-19 00:00:00,3729.4,3763.2,3768.99,3729.4,89320099.0,195335855901.2,1.06,3763.2,sh000903
2025-02-20 00:00:00,3758.6,3749.82,3760.96,3735.17,83130223.0,177715512112.2,0.69,3749.82,sh000903
2025-02-21 00:00:00,3759.7,3812.38,3815.04,3758.3,111201264.0,280745453506.6,1.51,3812.38,sh000903
2025-02-24 00:00:00,3805.8,3802.47,3829.57,3781.68,105822240.0,245621596945.0,1.26,3802.47,sh000903
2025-02-25 00:00:00,3766.34,3760.57,3792.45,3750.73,84726544.0,207993196890.1,1.1,3760.57,sh000903
2025-02-26 00:00:00,3768.47,3788.95,3790.26,3757.3,89103081.0,200619472743.7,0.88,3788.95,sh000903
2025-02-27 00:00:00,3793.14,3799.44,3806.1,3767.17,93676072.0,220179544901.0,1.03,3799.44,sh000903
2025-02-28 00:00:00,3783.53,3727.84,3807.64,3725.01,88634438.0,222807015412.7,2.17,3727.84,sh000903
2025-03-03 00:00:00,3738.41,3728.44,3772.09,3712.34,82754438.0,194021378952.8,1.6,3728.44,sh000903
2025-03-04 00:00:00,3706.49,3720.06,3727.9,3692.84,73408857.0,166678999359.9,0.94,3720.06,sh000903
2025-03-05 00:00:00,3723.46,3735.54,3739.61,3713.67,71024916.0,154704175806.5,0.7,3735.54,sh000903
2025-03-06 00:00:00,3759.09,3795.38,3803.29,3756.99,86714518.0,205691938285.1,1.24,3795.38,sh000903
2025-03-07 00:00:00,3783.19,3782.77,3805.71,3774.76,72567541.0,168406584129.1,0.82,3782.77,sh000903
2025-03-10 00:00:00,3786.15,3770.14,3791.98,3745.51,71688410.0,158437247676.3,1.23,3770.14,sh000903
2025-03-11 00:00:00,3731.83,3779.99,3779.99,3730.98,67281737.0,151610594673.5,1.3,3779.99,sh000903
2025-03-12 00:00:00,3785.85,3763.39,3788.18,3756.94,68994706.0,154808448651.1,0.83,3763.39,sh000903
2025-03-13 00:00:00,3763.51,3748.91,3776.85,3735.55,68575650.0,150399889511.7,1.1,3748.91,sh000903
2025-03-14 00:00:00,3757.6,3841.43,3847.85,3757.13,89390886.0,214792695542.0,2.42,3841.43,sh000903
2025-03-17 00:00:00,3859.52,3829.78,3859.84,3824.69,65406086.0,153406774274.5,0.92,3829.78,sh000903
2025-03-18 00:00:00,3847.05,3845.82,3856.63,3835.12,62223627.0,153619173349.9,0.56,3845.82,sh000903
2025-03-19 00:00:00,3846.16,3859.58,3872.37,3831.3,64687697.0,152326235841.2,1.07,3859.58,sh000903
2025-03-20 00:00:00,3860.28,3819.67,3861.37,3814.57,57923972.0,135671294509.6,1.21,3819.67,sh000903
2025-03-21 00:00:00,3810.58,3755.97,3825.61,3745.13,71766079.0,164677698801.1,2.11,3755.97,sh000903
2025-03-24 00:00:00,3758.6,3776.48,3780.74,3753.4,63833473.0,136471092297.0,0.73,3776.48,sh000903
2025-03-25 00:00:00,3780.36,3773.13,3788.52,3762.25,55963595.0,121406571595.4,0.7,3773.13,sh000903
2025-03-26 00:00:00,3772.08,3757.7,3781.71,3755.35,56148418.0,117156928579.0,0.7,3757.7,sh000903
2025-03-27 00:00:00,3750.98,3771.11,3792.68,3743.65,52130371.0,117484964047.2,1.3,3771.11,sh000903
2025-03-28 00:00:00,3768.42,3756.09,3772.58,3746.58,50840000.0,107909883155.4,0.69,3756.09,sh000903
2025-03-31 00:00:00,3747.38,3728.92,3770.35,3714.5,63774355.0,132648179158.3,1.49,3728.92,sh000903
2025-04-01 00:00:00,3734.84,3725.52,3742.79,3719.12,53874343.0,126555024851.1,0.63,3725.52,sh000903
2025-04-02 00:00:00,3722.08,3715.68,3734.23,3709.06,44921590.0,104132294336.8,0.68,3715.68,sh000903
2025-04-03 00:00:00,3673.53,3690.89,3714.52,3673.53,61794993.0,143871301715.0,1.1,3690.89,sh000903
2025-04-07 00:00:00,3507.36,3437.94,3540.03,3362.07,135790569.0,284812194948.5,4.82,3437.94,sh000903
2025-04-08 00:00:00,3447.2,3500.92,3500.92,3434.64,128759751.0,255791126109.2,1.93,3500.92,sh000903
2025-04-09 00:00:00,3456.56,3529.04,3529.91,3441.09,120014715.0,251485686617.9,2.54,3529.04,sh000903
2025-04-10 00:00:00,3590.39,3576.84,3595.82,3549.68,104407511.0,219265422992.1,1.31,3576.84,sh000903
2025-04-11 00:00:00,3574.33,3598.27,3609.12,3551.68,76881792.0,178713878485.5,1.61,3598.27,sh000903
2025-04-14 00:00:00,3618.19,3601.59,3619.39,3596.09,72415448.0,156740569481.6,0.65,3601.59,sh000903
2025-04-15 00:00:00,3598.96,3600.68,3604.49,3580.11,57651694.0,122823953508.2,0.68,3600.68,sh000903
2025-04-16 00:00:00,3597.63,3611.99,3616.23,3561.72,68072933.0,139303758930.0,1.51,3611.99,sh000903
2025-04-17 00:00:00,3595.99,3611.77,3618.59,3591.04,55499799.0,110968550029.9,0.76,3611.77,sh000903
2025-04-18 00:00:00,3599.77,3611.88,3622.11,3593.61,43239861.0,89827923998.1,0.79,3611.88,sh000903
2025-04-21 00:00:00,3609.01,3625.69,3631.49,3602.89,48797618.0,105337739773.7,0.79,3625.69,sh000903
2025-04-22 00:00:00,3620.67,3622.0,3637.48,3617.94,53353598.0,109246390484.7,0.54,3622.0,sh000903
2025-04-23 00:00:00,3642.65,3625.52,3646.93,3619.9,54823557.0,127076903431.4,0.75,3625.52,sh000903
2025-04-24 00:00:00,3628.09,3624.14,3646.17,3613.75,44524030.0,100201476770.4,0.89,3624.14,sh000903
2025-04-25 00:00:00,3632.74,3628.53,3643.96,3623.19,53808417.0,111777943601.3,0.57,3628.53,sh000903
2025-04-28 00:00:00,3628.39,3624.51,3634.36,3614.23,50473448.0,108102853618.5,0.55,3624.51,sh000903
2025-04-29 00:00:00,3620.82,3621.39,3628.46,3612.4,46019421.0,102684268659.3,0.44,3621.39,sh000903
2025-04-30 00:00:00,3622.21,3617.51,3633.15,3613.54,54833235.0,120553372008.9,0.54,3617.51,sh000903
2025-05-06 00:00:00,3643.33,3653.14,3654.6,3630.46,65811388.0,132226107792.6,0.67,3653.14,sh000903
2025-05-07 00:00:00,3702.94,3675.94,3703.8,3660.26,67153787.0,144007737648.8,1.19,3675.94,sh000903
2025-05-08 00:00:00,3665.67,3697.15,3715.6,3661.11,52072498.0,128073245455.7,1.48,3697.15,sh000903
2025-05-09 00:00:00,3693.11,3694.6,3700.67,3685.06,47677324.0,113522491922.3,0.42,3694.6,sh000903
2025-05-12 00:00:00,3715.05,3737.34,3740.8,3708.03,63445375.0,156903945305.7,0.89,3737.34,sh000903
2025-05-13 00:00:00,3764.26,3740.93,3764.26,3733.4,61972305.0,140073857812.7,0.83,3740.93,sh000903
2025-05-14 00:00:00,3740.28,3783.87,3799.36,3736.12,66008919.0,150561650898.6,1.69,3783.87,sh000903
2025-05-15 00:00:00,3776.61,3753.74,3777.32,3749.69,55606988.0,121096110836.7,0.73,3753.74,sh000903
2025-05-16 00:00:00,3744.48,3736.11,3749.71,3723.06,48885859.0,108358578860.4,0.71,3736.11,sh000903
2025-05-19 00:00:00,3730.09,3725.5,3732.78,3712.78,39329980.0,95408571796.7,0.54,3725.5,sh000903
2025-05-20 00:00:00,3732.46,3749.09,3763.02,3729.58,43079538.0,108003926063.9,0.9,3749.09,sh000903
2025-05-21 00:00:00,3750.96,3768.34,3782.83,3750.96,45063650.0,118775574362.8,0.85,3768.34,sh000903
2025-05-22 00:00:00,3766.14,3762.37,3772.03,3752.11,41690364.0,96082326850.4,0.53,3762.37,sh000903
2025-05-23 00:00:00,3758.7,3731.44,3779.09,3731.44,46400114.0,113666143795.6,1.27,3731.44,sh000903
2025-05-26 00:00:00,3723.54,3704.32,3730.2,3692.84,42959121.0,105966643203.3,1.0,3704.32,sh000903
2025-05-27 00:00:00,3700.94,3679.83,3708.81,3676.67,38782345.0,88773895680.4,0.87,3679.83,sh000903
2025-05-28 00:00:00,3684.2,3675.06,3692.11,3673.46,35598100.0,77644529610.1,0.51,3675.06,sh000903
2025-05-29 00:00:00,3675.89,3692.16,3706.69,3666.02,42182832.0,99932979494.6,1.11,3692.16,sh000903
2025-05-30 00:00:00,3684.51,3668.4,3691.43,3657.48,44018920.0,98855966637.5,0.92,3668.4,sh000903
2025-06-03 00:00:00,3666.62,3677.14,3690.74,3666.39,48391976.0,110946279107.9,0.66,3677.14,sh000903
2025-06-04 00:00:00,3680.98,3690.74,3698.27,3680.98,47859060.0,100979722401.5,0.47,3690.74,sh000903
2025-06-05 00:00:00,3693.8,3698.59,3703.89,3682.22,48772722.0,109018800317.2,0.59,3698.59,sh000903
2025-06-06 00:00:00,3701.45,3697.56,3711.59,3692.97,44385764.0,97473532715.5,0.5,3697.56,sh000903
2025-06-09 00:00:00,3699.48,3700.3,3717.2,3693.44,54309560.0,129888980264.7,0.64,3700.3,sh000903
2025-06-10 00:00:00,3702.9,3678.67,3709.83,3667.14,56172114.0,132670198035.0,1.15,3678.67,sh000903
2025-06-11 00:00:00,3683.11,3707.94,3724.83,3683.11,57940422.0,123810202019.5,1.13,3707.94,sh000903
2025-06-12 00:00:00,3699.87,3703.24,3712.64,3683.63,54398443.0,126002318269.9,0.78,3703.24,sh000903
2025-06-13 00:00:00,3691.57,3681.38,3701.04,3669.34,66144585.0,150645249248.0,0.86,3681.38,sh000903
2021-01-04 00:00:00,5349.75,5389.63,5410.05,5324.43,100438700.0,248041914368.0,1.6,5389.63,sh000903
2021-01-05 00:00:00,5368.86,5494.64,5494.64,5357.82,107118124.0,264864169984.0,2.54,5494.64,sh000903
2021-01-06 00:00:00,5515.31,5575.13,5582.71,5486.97,97337526.0,247636070400.0,1.74,5575.13,sh000903
2021-01-07 00:00:00,5591.29,5683.97,5683.97,5569.86,97968492.0,246767235072.0,2.05,5683.97,sh000903
2021-01-08 00:00:00,5699.88,5652.08,5724.26,5595.61,95270484.0,256628396032.0,2.26,5652.08,sh000903
2021-01-11 00:00:00,5656.84,5599.31,5710.52,5572.0,107119508.0,268059942912.0,2.45,5599.31,sh000903
2021-01-12 00:00:00,5575.79,5772.24,5772.24,5575.46,109026555.0,262568370176.0,3.51,5772.24,sh000903
2021-01-13 00:00:00,5782.95,5745.52,5812.64,5700.26,126297620.0,280347484160.0,1.95,5745.52,sh000903
2021-01-14 00:00:00,5724.88,5632.09,5733.81,5618.72,122910866.0,263571611648.0,2.0,5632.09,sh000903
2021-01-15 00:00:00,5641.05,5625.71,5683.52,5566.71,133288161.0,271215534080.0,2.07,5625.71,sh000903
2021-01-18 00:00:00,5605.78,5673.28,5703.5,5580.13,106641792.0,229812363264.0,2.19,5673.28,sh000903
2021-01-19 00:00:00,5683.12,5597.02,5690.04,5574.36,103273441.0,233606852608.0,2.04,5597.02,sh000903
2021-01-20 00:00:00,5600.84,5619.18,5646.72,5582.15,82582295.0,204720087040.0,1.15,5619.18,sh000903
2021-01-21 00:00:00,5637.66,5705.34,5734.51,5632.01,91841050.0,237530726400.0,1.82,5705.34,sh000903
2021-01-22 00:00:00,5701.74,5699.63,5711.45,5653.24,84481375.0,221313597440.0,1.02,5699.63,sh000903
2021-01-25 00:00:00,5696.36,5797.22,5808.53,5678.21,86784732.0,262319751168.0,2.29,5797.22,sh000903
2021-01-26 00:00:00,5769.67,5673.78,5769.67,5668.77,77130452.0,213394055168.0,1.74,5673.78,sh000903
2021-01-27 00:00:00,5669.21,5687.83,5694.53,5620.13,71561590.0,195816669184.0,1.31,5687.83,sh000903
2021-01-28 00:00:00,5611.92,5543.81,5615.45,5523.42,78186998.0,194852859904.0,1.62,5543.81,sh000903
2021-01-29 00:00:00,5579.28,5522.78,5598.79,5464.22,83904901.0,205684760576.0,2.43,5522.78,sh000903
2021-02-01 00:00:00,5530.12,5585.41,5591.93,5514.83,72892209.0,175959928832.0,1.4,5585.41,sh000903
2021-02-02 00:00:00,5591.94,5652.83,5655.47,5575.35,72663905.0,200157728768.0,1.43,5652.83,sh000903
2021-02-03 00:00:00,5650.0,5651.45,5684.56,5623.49,75993907.0,213248372736.0,1.08,5651.45,sh000903
2021-02-04 00:00:00,5620.79,5662.89,5699.43,5606.92,79425167.0,217949032448.0,1.64,5662.89,sh000903
2021-02-05 00:00:00,5685.54,5716.01,5777.06,5680.9,87583278.0,215367278592.0,1.7,5716.01,sh000903
2021-02-08 00:00:00,5742.14,5784.37,5795.62,5704.76,72939067.0,198148259840.0,1.59,5784.37,sh000903
2021-02-09 00:00:00,5800.16,5894.43,5894.43,5763.65,74123525.0,202413043712.0,2.26,5894.43,sh000903
2021-02-10 00:00:00,5920.75,6030.54,6046.6,5920.62,80593953.0,230034112512.0,2.14,6030.54,sh000903
2021-02-18 00:00:00,6142.69,5972.14,6154.55,5948.77,100490734.0,279022383104.0,3.41,5972.14,sh000903
2021-02-19 00:00:00,5938.95,5993.8,6005.13,5879.48,100483909.0,248601075712.0,2.1,5993.8,sh000903
2021-02-22 00:00:00,5999.07,5772.14,5999.07,5772.14,132203950.0,304275439616.0,3.79,5772.14,sh000903
2021-02-23 00:00:00,5719.21,5764.09,5830.17,5719.21,99773412.0,223378935808.0,1.92,5764.09,sh000903
2021-02-24 00:00:00,5780.97,5621.4,5790.14,5557.48,94514880.0,254279057408.0,4.04,5621.4,sh000903
2021-02-25 00:00:00,5680.6,5676.26,5730.36,5637.34,102825948.0,227492151296.0,1.65,5676.26,sh000903
2021-02-26 00:00:00,5548.47,5531.53,5621.87,5519.5,94903396.0,227816390656.0,1.8,5531.53,sh000903
2021-03-01 00:00:00,5586.24,5597.68,5606.34,5534.71,75738181.0,191878406144.0,1.29,5597.68,sh000903
2021-03-02 00:00:00,5636.65,5515.21,5640.96,5468.54,80064625.0,202257371136.0,3.08,5515.21,sh000903
2021-03-03 00:00:00,5497.72,5642.67,5642.9,5489.83,85361638.0,180578054144.0,2.78,5642.67,sh000903
2021-03-04 00:00:00,5573.91,5469.99,5578.98,5440.49,87140106.0,204779819008.0,2.45,5469.99,sh000903
2021-03-05 00:00:00,5379.05,5441.14,5489.25,5348.51,86651725.0,189027434496.0,2.57,5441.14,sh000903
2021-03-08 00:00:00,5477.72,5254.46,5505.35,5254.15,96014838.0,218285076480.0,4.62,5254.46,sh000903
2021-03-09 00:00:00,5243.54,5152.0,5275.15,5104.93,101295450.0,230895992832.0,3.24,5152.0,sh000903
2021-03-10 00:00:00,5231.6,5192.27,5245.82,5174.24,70269829.0,167142920192.0,1.39,5192.27,sh000903
2021-03-11 00:00:00,5218.43,5322.45,5337.56,5214.95,81191191.0,182156013568.0,2.36,5322.45,sh000903
2021-03-12 00:00:00,5353.81,5346.92,5353.81,5289.05,87542666.0,171909230592.0,1.22,5346.92,sh000903
2021-03-15 00:00:00,5319.03,5230.46,5325.76,5183.73,86190932.0,183099633664.0,2.66,5230.46,sh000903
2021-03-16 00:00:00,5252.04,5289.43,5289.69,5217.65,64602094.0,142915899392.0,1.38,5289.43,sh000903
2021-03-17 00:00:00,5272.91,5294.93,5327.97,5225.09,64624312.0,143439347712.0,1.95,5294.93,sh000903
2021-03-18 00:00:00,5311.8,5336.51,5355.73,5308.12,57776543.0,135448276992.0,0.9,5336.51,sh000903
2021-03-19 00:00:00,5264.88,5183.7,5279.21,5155.3,73230003.0,154163089408.0,2.32,5183.7,sh000903
2021-03-22 00:00:00,5184.08,5222.14,5240.73,5168.35,69285693.0,138576330752.0,1.4,5222.14,sh000903
2021-03-23 00:00:00,5228.25,5186.82,5232.68,5139.33,63295311.0,127048040448.0,1.79,5186.82,sh000903
2021-03-24 00:00:00,5168.29,5114.28,5208.55,5103.12,63752520.0,134491123712.0,2.03,5114.28,sh000903
2021-03-25 00:00:00,5092.44,5105.14,5127.77,5065.16,57049265.0,117666619392.0,1.22,5105.14,sh000903
2021-03-26 00:00:00,5135.06,5210.2,5224.32,5132.09,63693166.0,148388794368.0,1.81,5210.2,sh000903
2021-03-29 00:00:00,5224.32,5223.48,5264.7,5181.47,68466916.0,148159946752.0,1.6,5223.48,sh000903
2021-03-30 00:00:00,5222.44,5274.59,5287.4,5206.87,60369385.0,136846983168.0,1.54,5274.59,sh000903
2021-03-31 00:00:00,5265.81,5218.57,5265.81,5184.7,65155904.0,132322308096.0,1.54,5218.57,sh000903
2021-04-01 00:00:00,5232.55,5286.64,5291.46,5227.97,49977467.0,109263994880.0,1.22,5286.64,sh000903
2021-04-02 00:00:00,5306.93,5338.86,5346.0,5289.5,57199969.0,135779799040.0,1.07,5338.86,sh000903
2021-04-06 00:00:00,5353.66,5305.26,5353.66,5287.38,47572180.0,112644743168.0,1.24,5305.26,sh000903
2021-04-07 00:00:00,5306.1,5249.84,5306.1,5216.75,63225649.0,131619794944.0,1.68,5249.84,sh000903
2021-04-08 00:00:00,5220.52,5265.06,5279.36,5205.3,51591767.0,107696533504.0,1.41,5265.06,sh000903
2021-04-09 00:00:00,5249.56,5178.59,5249.56,5165.54,52363640.0,109411450880.0,1.6,5178.59,sh000903
2021-04-12 00:00:00,5171.65,5105.1,5189.28,5088.77,65236099.0,137668898816.0,1.94,5105.1,sh000903
2021-04-13 00:00:00,5110.32,5092.64,5152.93,5076.24,61859937.0,121037799424.0,1.5,5092.64,sh000903
2021-04-14 00:00:00,5101.42,5121.85,5131.72,5083.12,59533443.0,121849085952.0,0.95,5121.85,sh000903
2021-04-15 00:00:00,5109.89,5078.32,5109.89,5028.16,52680745.0,123478745088.0,1.6,5078.32,sh000903
2021-04-16 00:00:00,5098.08,5098.58,5113.55,5048.63,48928023.0,110340165632.0,1.28,5098.58,sh000903
2021-04-19 00:00:00,5099.81,5208.88,5211.5,5069.16,67545679.0,158350221312.0,2.79,5208.88,sh000903
2021-04-20 00:00:00,5186.22,5207.69,5242.94,5177.33,52455951.0,134626177024.0,1.26,5207.69,sh000903
2021-04-21 00:00:00,5179.03,5225.17,5237.56,5176.38,51405030.0,120603189248.0,1.17,5225.17,sh000903
2021-04-22 00:00:00,5239.87,5203.7,5245.04,5183.67,52637240.0,117718786048.0,1.17,5203.7,sh000903
2021-04-23 00:00:00,5207.2,5267.63,5279.76,5204.54,55856911.0,141695623168.0,1.45,5267.63,sh000903
2021-04-26 00:00:00,5292.29,5193.71,5305.89,5188.51,69223793.0,166972522496.0,2.23,5193.71,sh000903
2021-04-27 00:00:00,5193.16,5211.3,5216.2,5162.45,53581847.0,128927088640.0,1.03,5211.3,sh000903
2021-04-28 00:00:00,5186.46,5229.93,5230.32,5175.36,52083991.0,137884893184.0,1.05,5229.93,sh000903
2021-04-29 00:00:00,5244.46,5287.43,5292.58,5228.91,62758863.0,153239101440.0,1.22,5287.43,sh000903
2021-04-30 00:00:00,5287.14,5238.64,5289.71,5210.98,74796209.0,157348737024.0,1.49,5238.64,sh000903
2021-05-06 00:00:00,5209.99,5164.69,5253.01,5150.35,71152340.0,162926665728.0,1.96,5164.69,sh000903
2021-05-07 00:00:00,5181.45,5101.72,5198.39,5099.26,74823795.0,151243345920.0,1.92,5101.72,sh000903
2021-05-10 00:00:00,5103.61,5090.12,5121.6,5050.65,66957187.0,138701619200.0,1.39,5090.12,sh000903
2021-05-11 00:00:00,5054.19,5135.22,5142.95,5037.13,57456829.0,124604682240.0,2.08,5135.22,sh000903
2021-05-12 00:00:00,5117.44,5150.61,5159.36,5109.64,52053565.0,110535630848.0,0.97,5150.61,sh000903
2021-05-13 00:00:00,5100.95,5093.66,5127.34,5070.82,54359342.0,110444519424.0,1.1,5093.66,sh000903
2021-05-14 00:00:00,5109.45,5211.87,5214.85,5079.11,71832855.0,164203491328.0,2.66,5211.87,sh000903
2021-05-17 00:00:00,5213.45,5279.72,5302.57,5213.45,66273987.0,166529736704.0,1.71,5279.72,sh000903
2021-05-18 00:00:00,5289.55,5281.94,5299.21,5251.64,50315113.0,106814459904.0,0.9,5281.94,sh000903
2021-05-19 00:00:00,5268.59,5254.08,5279.98,5239.99,50179031.0,117529223168.0,0.76,5254.08,sh000903
2021-05-20 00:00:00,5255.7,5279.0,5288.93,5238.29,56067279.0,130688745472.0,0.96,5279.0,sh000903
2021-05-21 00:00:00,5290.54,5219.86,5308.75,5210.13,50695613.0,132484136960.0,1.87,5219.86,sh000903
2021-05-24 00:00:00,5224.07,5237.28,5237.32,5174.51,54132416.0,138478047232.0,1.2,5237.28,sh000903
2021-05-25 00:00:00,5248.39,5422.71,5429.04,5247.36,88721229.0,228507426816.0,3.47,5422.71,sh000903
2021-05-26 00:00:00,5434.26,5426.55,5454.32,5411.51,69756890.0,173180657664.0,0.79,5426.55,sh000903
2021-05-27 00:00:00,5420.44,5437.36,5492.41,5387.28,60871229.0,153916379136.0,1.94,5437.36,sh000903
2021-05-28 00:00:00,5437.74,5419.15,5457.73,5382.58,68568184.0,155468881920.0,1.38,5419.15,sh000903
2021-05-31 00:00:00,5408.48,5405.03,5408.48,5351.37,57808873.0,148271271936.0,1.05,5405.03,sh000903
2021-06-01 00:00:00,5395.91,5416.53,5418.56,5345.25,59102369.0,157120184320.0,1.36,5416.53,sh000903
2021-06-02 00:00:00,5424.09,5372.1,5428.81,5347.55,59247846.0,144439279616.0,1.5,5372.1,sh000903
2021-06-03 00:00:00,5368.82,5344.49,5402.15,5341.64,60294024.0,141472530432.0,1.13,5344.49,sh000903
2021-06-04 00:00:00,5317.37,5372.73,5426.98,5311.89,64463731.0,145542942720.0,2.15,5372.73,sh000903
2021-06-07 00:00:00,5370.95,5355.82,5372.55,5321.9,55322025.0,135387377664.0,0.94,5355.82,sh000903
2021-06-08 00:00:00,5353.86,5309.25,5396.23,5278.04,56666150.0,155183104000.0,2.21,5309.25,sh000903
2021-06-09 00:00:00,5301.98,5316.57,5336.14,5294.86,53904530.0,124414504960.0,0.78,5316.57,sh000903
2021-06-10 00:00:00,5317.26,5344.73,5378.48,5307.06,64884362.0,153804894208.0,1.34,5344.73,sh000903
2021-06-11 00:00:00,5345.91,5296.73,5347.13,5282.18,85592092.0,188874469376.0,1.22,5296.73,sh000903
2021-06-15 00:00:00,5291.29,5230.95,5298.81,5197.51,69039985.0,174657212416.0,1.91,5230.95,sh000903
2021-06-16 00:00:00,5227.63,5161.49,5233.1,5156.01,60830973.0,155421044736.0,1.47,5161.49,sh000903
2021-06-17 00:00:00,5152.2,5154.58,5191.51,5136.14,55768919.0,136764710912.0,1.07,5154.58,sh000903
2021-06-18 00:00:00,5151.47,5126.9,5170.03,5091.72,72711798.0,183752425472.0,1.52,5126.9,sh000903
2021-06-21 00:00:00,5109.18,5095.7,5132.3,5070.4,63536241.0,168136503296.0,1.21,5095.7,sh000903
2021-06-22 00:00:00,5113.57,5129.65,5139.96,5094.52,63543562.0,162239496192.0,0.89,5129.65,sh000903
2021-06-23 00:00:00,5134.03,5145.15,5170.72,5117.06,58206838.0,168262377472.0,1.05,5145.15,sh000903
2021-06-24 00:00:00,5155.11,5168.38,5171.75,5119.42,54493207.0,150780776448.0,1.02,5168.38,sh000903
2021-06-25 00:00:00,5170.32,5252.36,5264.68,5166.99,67946276.0,187196674048.0,1.89,5252.36,sh000903
2021-06-28 00:00:00,5268.03,5251.24,5271.99,5226.35,58889777.0,163238612992.0,0.87,5251.24,sh000903
2021-06-29 00:00:00,5247.13,5184.54,5247.33,5175.77,56881720.0,154473279488.0,1.36,5184.54,sh000903
2021-06-30 00:00:00,5177.59,5205.36,5214.47,5174.91,45340055.0,129577689088.0,0.76,5205.36,sh000903
2021-07-01 00:00:00,5225.34,5241.25,5241.36,5172.44,57497482.0,162290511872.0,1.32,5241.25,sh000903
2021-07-02 00:00:00,5189.31,5070.22,5189.31,5063.57,64122760.0,177876328448.0,2.4,5070.22,sh000903
2021-07-05 00:00:00,5058.21,5056.54,5071.08,5021.33,58141647.0,158302908416.0,0.98,5056.54,sh000903
2021-07-06 00:00:00,5056.31,5061.16,5064.59,5006.14,59112179.0,170724331520.0,1.16,5061.16,sh000903
2021-07-07 00:00:00,5036.88,5092.37,5106.54,5031.95,53262131.0,149674442752.0,1.47,5092.37,sh000903
2021-07-08 00:00:00,5101.68,5019.89,5104.56,5007.36,67667625.0,181782425600.0,1.91,5019.89,sh000903
2021-07-09 00:00:00,4996.14,4993.44,5012.3,4948.31,59679050.0,154012667904.0,1.27,4993.44,sh000903
2021-07-12 00:00:00,5028.96,5038.34,5070.33,4983.57,77509356.0,199503085568.0,1.74,5038.34,sh000903
2021-07-13 00:00:00,5036.56,5052.57,5068.32,5025.47,63230039.0,161222766592.0,0.85,5052.57,sh000903
2021-07-14 00:00:00,5045.28,4999.17,5045.28,4986.01,76823104.0,180055531520.0,1.17,4999.17,sh000903
2021-07-15 00:00:00,4991.77,5074.15,5078.19,4985.74,71339200.0,179191988224.0,1.85,5074.15,sh000903
2021-07-16 00:00:00,5063.42,5010.98,5065.79,5006.36,61888783.0,159097602048.0,1.17,5010.98,sh000903
2021-07-19 00:00:00,5000.27,5039.59,5047.45,4957.49,60484575.0,153456005120.0,1.8,5039.59,sh000903
2021-07-20 00:00:00,5006.0,5019.5,5032.48,4990.7,49052902.0,123014537216.0,0.83,5019.5,sh000903
2021-07-21 00:00:00,5030.33,5026.13,5065.43,5016.06,61391470.0,171975458816.0,0.98,5026.13,sh000903
2021-07-22 00:00:00,5028.7,5019.75,5055.15,5012.01,67007043.0,189304090624.0,0.86,5019.75,sh000903
2021-07-23 00:00:00,5011.48,4954.77,5011.48,4947.13,75802552.0,193480593408.0,1.28,4954.77,sh000903
2021-07-26 00:00:00,4926.47,4762.99,4926.47,4715.64,88492636.0,237445685248.0,4.26,4762.99,sh000903
2021-07-27 00:00:00,4760.03,4592.43,4768.32,4585.6,90653222.0,233162579968.0,3.84,4592.43,sh000903
2021-07-28 00:00:00,4562.82,4622.34,4640.56,4536.5,78647798.0,195556827136.0,2.27,4622.34,sh000903
2021-07-29 00:00:00,4698.48,4662.92,4702.1,4637.13,67272788.0,186291884032.0,1.41,4662.92,sh000903
2021-07-30 00:00:00,4634.28,4593.64,4634.28,4559.22,65521966.0,187468328960.0,1.61,4593.64,sh000903
2021-08-02 00:00:00,4566.32,4723.45,4729.54,4526.25,88902170.0,244569776128.0,4.43,4723.45,sh000903
2021-08-03 00:00:00,4701.26,4754.87,4760.6,4685.74,70472481.0,204038840320.0,1.58,4754.87,sh000903
2021-08-04 00:00:00,4749.17,4761.81,4768.91,4727.23,60727875.0,186164682752.0,0.88,4761.81,sh000903
2021-08-05 00:00:00,4726.55,4733.05,4792.13,4703.99,60411328.0,177455800320.0,1.85,4733.05,sh000903
2021-08-06 00:00:00,4717.67,4701.65,4717.81,4680.72,52923236.0,153276346368.0,0.78,4701.65,sh000903
2021-08-09 00:00:00,4673.15,4779.75,4805.0,4669.99,73159795.0,190885285888.0,2.87,4779.75,sh000903
2021-08-10 00:00:00,4774.08,4858.14,4858.27,4725.86,62098767.0,188547883008.0,2.77,4858.14,sh000903
2021-08-11 00:00:00,4851.8,4826.03,4879.68,4820.86,71827354.0,168156553216.0,1.21,4826.03,sh000903
2021-08-12 00:00:00,4810.91,4776.09,4826.61,4771.85,57790487.0,156077195264.0,1.13,4776.09,sh000903
2021-08-13 00:00:00,4759.76,4762.26,4792.89,4735.66,53993800.0,139313393664.0,1.2,4762.26,sh000903
2021-08-16 00:00:00,4756.28,4772.41,4800.34,4747.78,58006561.0,143856771072.0,1.1,4772.41,sh000903
2021-08-17 00:00:00,4765.79,4669.78,4794.54,4658.7,70425027.0,170375028736.0,2.85,4669.78,sh000903
2021-08-18 00:00:00,4667.39,4726.65,4746.5,4641.11,79562130.0,184446504960.0,2.26,4726.65,sh000903
2021-08-19 00:00:00,4716.36,4663.64,4722.56,4641.66,78177910.0,176556011520.0,1.71,4663.64,sh000903
2021-08-20 00:00:00,4607.08,4556.65,4620.69,4515.78,68886016.0,186978746368.0,2.25,4556.65,sh000903
2021-08-23 00:00:00,4558.56,4594.73,4606.61,4548.14,58473464.0,163307687936.0,1.28,4594.73,sh000903
2021-08-24 00:00:00,4605.39,4649.51,4666.94,4603.66,68673610.0,181827907584.0,1.38,4649.51,sh000903
2021-08-25 00:00:00,4654.42,4656.84,4673.9,4633.15,67178586.0,165914083328.0,0.88,4656.84,sh000903
2021-08-26 00:00:00,4654.25,4551.79,4654.25,4550.6,66911660.0,152858087424.0,2.23,4551.79,sh000903
2021-08-27 00:00:00,4545.65,4581.99,4622.92,4544.82,65731366.0,155322462208.0,1.72,4581.99,sh000903
2021-08-30 00:00:00,4603.27,4552.31,4604.96,4523.18,87775060.0,213934518272.0,1.78,4552.31,sh000903
2021-08-31 00:00:00,4547.18,4543.54,4574.78,4485.86,99662963.0,210765791232.0,1.95,4543.54,sh000903
2021-09-01 00:00:00,4537.02,4647.37,4681.72,4504.17,138208220.0,274333233152.0,3.91,4647.37,sh000903
2021-09-02 00:00:00,4649.89,4643.94,4675.04,4615.02,104976973.0,210726400000.0,1.29,4643.94,sh000903
2021-09-03 00:00:00,4649.79,4644.11,4676.12,4594.04,106472100.0,210675269632.0,1.77,4644.11,sh000903
2021-09-06 00:00:00,4639.58,4721.73,4739.13,4635.92,100462285.0,224208396288.0,2.22,4721.73,sh000903
2021-09-07 00:00:00,4719.96,4766.86,4783.68,4693.37,103162926.0,190585761792.0,1.91,4766.86,sh000903
2021-09-08 00:00:00,4758.42,4733.97,4783.98,4719.7,102474345.0,185392078848.0,1.35,4733.97,sh000903
2021-09-09 00:00:00,4714.8,4730.15,4730.56,4698.02,105808996.0,168942399488.0,0.69,4730.15,sh000903
2021-09-10 00:00:00,4728.39,4786.55,4816.87,4725.02,121635494.0,211298422784.0,1.94,4786.55,sh000903
2021-09-13 00:00:00,4777.8,4771.53,4808.65,4743.52,102741714.0,189190512640.0,1.36,4771.53,sh000903
2021-09-14 00:00:00,4774.07,4693.48,4785.92,4685.43,108152212.0,192941625344.0,2.11,4693.48,sh000903
2021-09-15 00:00:00,4678.6,4632.37,4678.6,4608.22,80217080.0,160512176128.0,1.5,4632.37,sh000903
2021-09-16 00:00:00,4629.82,4608.18,4646.81,4590.2,91077466.0,173838409728.0,1.22,4608.18,sh000903
2021-09-17 00:00:00,4597.1,4661.19,4661.33,4590.11,80290191.0,161591836672.0,1.55,4661.19,sh000903
2021-09-22 00:00:00,4572.54,4606.72,4616.14,4566.64,85686098.0,144260907008.0,1.06,4606.72,sh000903
2021-09-23 00:00:00,4627.02,4619.62,4661.03,4602.14,86207078.0,153701007360.0,1.28,4619.62,sh000903
2021-09-24 00:00:00,4609.51,4634.16,4677.22,4607.99,79107231.0,164969349120.0,1.5,4634.16,sh000903
2021-09-27 00:00:00,4661.28,4716.42,4750.32,4661.28,90112655.0,216338997248.0,1.92,4716.42,sh000903
2021-09-28 00:00:00,4711.14,4730.24,4747.99,4681.62,77160573.0,159878721536.0,1.41,4730.24,sh000903
2021-09-29 00:00:00,4697.47,4715.59,4745.72,4660.07,82400822.0,158143377408.0,1.81,4715.59,sh000903
2021-09-30 00:00:00,4719.9,4730.05,4745.08,4714.07,61091144.0,140091256832.0,0.66,4730.05,sh000903
2021-10-08 00:00:00,4780.8,4825.59,4838.49,4761.21,80840317.0,187827863552.0,1.63,4825.59,sh000903
2021-10-11 00:00:00,4840.15,4840.89,4903.09,4838.33,75926610.0,167155773440.0,1.34,4840.89,sh000903
2021-10-12 00:00:00,4824.33,4811.92,4844.5,4772.21,73674235.0,148302843904.0,1.49,4811.92,sh000903
2021-10-13 00:00:00,4806.1,4863.96,4884.38,4795.17,59103557.0,148205940736.0,1.85,4863.96,sh000903
2021-10-14 00:00:00,4860.68,4827.06,4879.68,4818.24,48502062.0,117984604160.0,1.26,4827.06,sh000903
2021-10-15 00:00:00,4807.79,4843.24,4851.13,4797.37,64173737.0,146561503232.0,1.11,4843.24,sh000903
2021-10-18 00:00:00,4830.97,4757.94,4830.97,4734.19,62523953.0,155267641344.0,2.0,4757.94,sh000903
2021-10-19 00:00:00,4750.06,4807.55,4818.12,4750.05,58388529.0,140148047872.0,1.43,4807.55,sh000903
2021-10-20 00:00:00,4821.2,4795.05,4841.46,4781.88,57042678.0,132021547008.0,1.24,4795.05,sh000903
2021-10-21 00:00:00,4798.85,4828.04,4842.71,4791.41,64972027.0,137652387840.0,1.07,4828.04,sh000903
2021-10-22 00:00:00,4840.99,4876.85,4903.97,4834.15,60743828.0,144195510272.0,1.45,4876.85,sh000903
2021-10-25 00:00:00,4852.57,4869.75,4873.15,4830.63,59106660.0,145960759296.0,0.87,4869.75,sh000903
2021-10-26 00:00:00,4867.01,4839.49,4887.79,4832.93,54179868.0,132423053312.0,1.13,4839.49,sh000903
2021-10-27 00:00:00,4821.35,4767.84,4821.35,4753.42,60593536.0,140238647296.0,1.4,4767.84,sh000903
2021-10-28 00:00:00,4750.52,4747.06,4769.68,4732.58,61272443.0,141082501120.0,0.78,4747.06,sh000903
2021-10-29 00:00:00,4748.5,4785.49,4785.49,4742.28,68190999.0,177066573824.0,0.91,4785.49,sh000903
2021-11-01 00:00:00,4742.17,4766.19,4780.64,4716.66,74671529.0,183484551168.0,1.34,4766.19,sh000903
2021-11-02 00:00:00,4758.58,4703.06,4783.78,4663.42,84504965.0,187905478656.0,2.53,4703.06,sh000903
2021-11-03 00:00:00,4696.87,4674.34,4718.07,4664.53,61018762.0,139028348928.0,1.14,4674.34,sh000903
2021-11-04 00:00:00,4695.2,4720.78,4730.44,4688.47,56726461.0,148405227520.0,0.9,4720.78,sh000903
2021-11-05 00:00:00,4708.41,4703.05,4743.74,4694.85,55430426.0,134082625536.0,1.04,4703.05,sh000903
2021-11-08 00:00:00,4699.64,4697.69,4719.89,4680.95,51224648.0,121367031808.0,0.83,4697.69,sh000903
2021-11-09 00:00:00,4706.29,4682.99,4719.62,4662.52,48321779.0,112945991680.0,1.22,4682.99,sh000903
2021-11-10 00:00:00,4670.07,4653.01,4671.73,4593.2,59496292.0,140755382272.0,1.68,4653.01,sh000903
2021-11-11 00:00:00,4649.48,4741.91,4742.09,4642.37,75154885.0,158209884160.0,2.14,4741.91,sh000903
2021-11-12 00:00:00,4750.15,4722.25,4753.97,4711.99,53462822.0,118932156416.0,0.89,4722.25,sh000903
2021-11-15 00:00:00,4732.94,4730.72,4747.64,4711.28,47408804.0,112986238976.0,0.77,4730.72,sh000903
2021-11-16 00:00:00,4733.39,4741.72,4767.75,4731.22,49382807.0,123049881600.0,0.77,4741.72,sh000903
2021-11-17 00:00:00,4738.48,4728.31,4749.52,4715.98,41670505.0,100820357120.0,0.71,4728.31,sh000903
2021-11-18 00:00:00,4713.59,4677.91,4713.59,4672.61,41719716.0,93831360512.0,0.87,4677.91,sh000903
2021-11-19 00:00:00,4670.83,4731.65,4738.44,4669.84,50984387.0,118429523968.0,1.47,4731.65,sh000903
2021-11-22 00:00:00,4737.39,4731.73,4752.74,4725.45,52491965.0,133990707200.0,0.58,4731.73,sh000903
2021-11-23 00:00:00,4723.58,4738.3,4756.62,4717.57,54576371.0,127727669248.0,0.83,4738.3,sh000903
2021-11-24 00:00:00,4743.76,4756.4,4774.8,4729.31,47626386.0,131089051648.0,0.96,4756.4,sh000903
2021-11-25 00:00:00,4759.2,4734.72,4764.04,4727.52,42109065.0,115360694272.0,0.77,4734.72,sh000903
2021-11-26 00:00:00,4726.58,4690.84,4726.63,4680.86,44049349.0,105644912640.0,0.97,4690.84,sh000903
2021-11-29 00:00:00,4657.24,4678.9,4687.49,4652.02,49060685.0,118513631232.0,0.76,4678.9,sh000903
2021-11-30 00:00:00,4679.68,4645.25,4692.93,4629.38,47525716.0,109178077184.0,1.36,4645.25,sh000903
2021-12-01 00:00:00,4649.07,4663.84,4665.1,4639.21,45702431.0,104950038528.0,0.56,4663.84,sh000903
2021-12-02 00:00:00,4656.84,4678.33,4688.41,4643.21,55691026.0,116010545152.0,0.97,4678.33,sh000903
2021-12-03 00:00:00,4678.95,4723.63,4723.63,4674.77,53640169.0,139685453824.0,1.04,4723.63,sh000903
2021-12-06 00:00:00,4735.61,4733.9,4778.25,4729.66,71683087.0,160780554240.0,1.03,4733.9,sh000903
2021-12-07 00:00:00,4770.95,4774.66,4784.4,4751.5,72170537.0,162336018432.0,0.69,4774.66,sh000903
2021-12-08 00:00:00,4786.06,4844.25,4845.45,4758.72,62352212.0,159952375808.0,1.82,4844.25,sh000903
2021-12-09 00:00:00,4851.09,4931.76,4975.3,4848.92,96332718.0,216112738304.0,2.61,4931.76,sh000903
2021-12-10 00:00:00,4899.62,4914.5,4917.77,4890.83,82222147.0,161932738560.0,0.55,4914.5,sh000903
2021-12-13 00:00:00,4955.52,4945.97,5016.28,4943.59,96722898.0,233692487680.0,1.48,4945.97,sh000903
2021-12-14 00:00:00,4929.02,4914.79,4940.63,4903.61,70174374.0,162198122496.0,0.75,4914.79,sh000903
2021-12-15 00:00:00,4900.93,4871.64,4928.79,4870.91,58639652.0,139843833856.0,1.18,4871.64,sh000903
2021-12-16 00:00:00,4871.38,4893.75,4893.75,4849.01,56618944.0,146099249152.0,0.92,4893.75,sh000903
2021-12-17 00:00:00,4877.69,4817.77,4880.74,4815.04,59420598.0,153972867072.0,1.34,4817.77,sh000903
2021-12-20 00:00:00,4801.45,4761.68,4837.77,4751.33,60047401.0,150664200192.0,1.79,4761.68,sh000903
2021-12-21 00:00:00,4756.45,4788.96,4796.23,4752.59,53944932.0,127885062144.0,0.92,4788.96,sh000903
2021-12-22 00:00:00,4800.14,4785.6,4813.76,4772.97,49505510.0,117887545344.0,0.85,4785.6,sh000903
2021-12-23 00:00:00,4796.25,4825.84,4825.84,4772.32,52920960.0,126850949120.0,1.12,4825.84,sh000903
2021-12-24 00:00:00,4829.91,4805.85,4843.84,4787.35,55382451.0,151552606208.0,1.17,4805.85,sh000903
2021-12-27 00:00:00,4801.13,4798.76,4819.23,4775.41,49440172.0,129310834688.0,0.91,4798.76,sh000903
2021-12-28 00:00:00,4802.73,4834.71,4839.65,4798.1,55382538.0,138393112576.0,0.87,4834.71,sh000903
2021-12-29 00:00:00,4839.83,4747.92,4839.83,4747.92,47192489.0,142302027776.0,1.9,4747.92,sh000903
2021-12-30 00:00:00,4747.58,4780.37,4801.1,4741.52,51270748.0,130901139456.0,1.25,4780.37,sh000903
2021-12-31 00:00:00,4797.01,4792.91,4808.63,4775.77,49029919.0,130361126912.0,0.69,4792.91,sh000903
2022-01-04 00:00:00,4812.64,4779.48,4816.78,4726.52,66256407.0,173892206592.0,1.88,4779.48,sh000903
2022-01-05 00:00:00,4767.91,4751.67,4799.21,4735.61,84478277.0,196830838784.0,1.33,4751.67,sh000903
2022-01-06 00:00:00,4728.14,4687.43,4741.61,4665.31,67779930.0,167156629504.0,1.61,4687.43,sh000903
2022-01-07 00:00:00,4696.8,4704.76,4731.96,4693.2,87466153.0,169115340800.0,0.83,4704.76,sh000903
2022-01-10 00:00:00,4692.19,4724.55,4727.87,4661.74,71371750.0,158287515648.0,1.41,4724.55,sh000903
2022-01-11 00:00:00,4719.53,4686.56,4737.55,4681.27,66890506.0,148435369984.0,1.19,4686.56,sh000903
2022-01-12 00:00:00,4708.74,4729.63,4737.95,4698.98,66058542.0,156191150080.0,0.83,4729.63,sh000903
2022-01-13 00:00:00,4740.77,4654.33,4743.0,4653.52,67619868.0,151159230464.0,1.89,4654.33,sh000903
2022-01-14 00:00:00,4632.81,4605.96,4648.66,4603.95,69271549.0,140333637632.0,0.96,4605.96,sh000903
2022-01-17 00:00:00,4610.58,4640.95,4649.88,4606.42,52459791.0,133878226944.0,0.94,4640.95,sh000903
2022-01-18 00:00:00,4641.11,4689.74,4701.37,4620.81,67638994.0,140464427008.0,1.74,4689.74,sh000903
2022-01-19 00:00:00,4699.2,4667.31,4711.34,4642.28,61365204.0,144560840704.0,1.47,4667.31,sh000903
2022-01-20 00:00:00,4662.58,4732.76,4755.3,4662.08,80303534.0,164883415040.0,2.0,4732.76,sh000903
2022-01-21 00:00:00,4718.09,4697.35,4730.24,4674.95,65316854.0,141737480192.0,1.17,4697.35,sh000903
2022-01-24 00:00:00,4671.68,4691.64,4708.51,4656.89,55073247.0,129464795136.0,1.1,4691.64,sh000903
2022-01-25 00:00:00,4663.05,4592.53,4680.39,4592.26,61969091.0,126577635328.0,1.88,4592.53,sh000903
2022-01-26 00:00:00,4613.06,4632.75,4633.55,4569.33,48895626.0,118301802496.0,1.4,4632.75,sh000903
2022-01-27 00:00:00,4628.3,4546.82,4629.15,4542.9,58127112.0,140090007552.0,1.86,4546.82,sh000903
2022-01-28 00:00:00,4570.01,4486.91,4588.47,4480.62,63158077.0,156560318464.0,2.37,4486.91,sh000903
2022-02-07 00:00:00,4563.63,4555.24,4591.47,4533.39,68600177.0,148457816064.0,1.29,4555.24,sh000903
2022-02-08 00:00:00,4546.31,4528.42,4546.31,4443.51,77484644.0,156055126016.0,2.26,4528.42,sh000903
2022-02-09 00:00:00,4529.25,4571.6,4581.03,4520.52,72593567.0,149880934400.0,1.34,4571.6,sh000903
2022-02-10 00:00:00,4578.01,4556.18,4578.01,4523.09,69306104.0,160054919168.0,1.2,4556.18,sh000903
2022-02-11 00:00:00,4533.89,4529.47,4583.15,4523.81,80120105.0,178113200128.0,1.3,4529.47,sh000903
2022-02-14 00:00:00,4509.81,4481.55,4522.13,4461.62,74681574.0,157512384512.0,1.34,4481.55,sh000903
2022-02-15 00:00:00,4482.33,4518.66,4522.28,4477.94,58195241.0,139322408960.0,0.99,4518.66,sh000903
2022-02-16 00:00:00,4538.05,4538.84,4562.32,4528.7,48495593.0,108753330176.0,0.74,4538.84,sh000903
2022-02-17 00:00:00,4539.63,4544.57,4566.85,4530.54,48554232.0,111889108992.0,0.8,4544.57,sh000903
2022-02-18 00:00:00,4521.13,4569.0,4569.02,4515.28,47584338.0,99169734656.0,1.18,4569.0,sh000903
2022-02-21 00:00:00,4559.25,4542.35,4559.25,4521.64,54964288.0,109163450368.0,0.82,4542.35,sh000903
2022-02-22 00:00:00,4506.77,4475.7,4506.98,4450.3,57702144.0,129791909888.0,1.25,4475.7,sh000903
2022-02-23 00:00:00,4486.54,4510.91,4513.55,4472.25,58809633.0,132216315904.0,0.92,4510.91,sh000903
2022-02-24 00:00:00,4478.65,4416.92,4490.78,4381.59,87184817.0,175229849600.0,2.42,4416.92,sh000903
2022-02-25 00:00:00,4451.56,4454.52,4494.65,4445.02,65164600.0,136898387968.0,1.12,4454.52,sh000903
2022-02-28 00:00:00,4441.78,4460.57,4460.57,4410.63,61931295.0,125801152512.0,1.12,4460.57,sh000903
2022-03-01 00:00:00,4478.81,4509.6,4513.67,4471.66,55719196.0,135807946752.0,0.94,4509.6,sh000903
2022-03-02 00:00:00,4482.06,4460.73,4482.18,4446.67,52487355.0,109902888960.0,0.79,4460.73,sh000903
2022-03-03 00:00:00,4477.68,4437.32,4482.22,4430.48,65902769.0,127768285184.0,1.16,4437.32,sh000903
2022-03-04 00:00:00,4395.37,4373.44,4410.94,4359.54,59647905.0,133322678272.0,1.16,4373.44,sh000903
2022-03-07 00:00:00,4331.79,4225.54,4331.79,4212.39,78688586.0,172182102016.0,2.73,4225.54,sh000903
2022-03-08 00:00:00,4239.69,4161.93,4262.53,4146.13,78031752.0,168525672448.0,2.75,4161.93,sh000903
2022-03-09 00:00:00,4177.98,4132.35,4204.51,3981.13,93729060.0,185519210496.0,5.37,4132.35,sh000903
2022-03-10 00:00:00,4231.02,4191.86,4235.9,4187.7,70511716.0,165614866432.0,1.17,4191.86,sh000903
2022-03-11 00:00:00,4133.72,4201.47,4212.29,4075.47,73791803.0,161056243712.0,3.26,4201.47,sh000903
2022-03-14 00:00:00,4136.93,4059.34,4165.91,4059.34,62701366.0,140376408064.0,2.54,4059.34,sh000903
2022-03-15 00:00:00,4008.72,3870.99,4042.56,3870.99,102932298.0,195915620352.0,4.23,3870.99,sh000903
2022-03-16 00:00:00,3938.23,4046.6,4060.32,3841.39,98846438.0,216444596224.0,5.66,4046.6,sh000903
2022-03-17 00:00:00,4135.59,4134.27,4195.86,4109.75,88015977.0,215314415616.0,2.13,4134.27,sh000903
2022-03-18 00:00:00,4116.32,4165.33,4186.14,4089.29,79112069.0,154412318720.0,2.34,4165.33,sh000903
2022-03-21 00:00:00,4183.01,4142.03,4183.01,4113.23,61949793.0,133408952320.0,1.68,4142.03,sh000903
2022-03-22 00:00:00,4139.58,4145.91,4172.99,4123.75,60034130.0,110157488128.0,1.19,4145.91,sh000903
2022-03-23 00:00:00,4162.08,4168.98,4182.26,4133.07,54469975.0,116028747776.0,1.19,4168.98,sh000903
2022-03-24 00:00:00,4142.76,4145.97,4167.26,4113.5,50334938.0,114239094784.0,1.29,4145.97,sh000903
2022-03-25 00:00:00,4141.54,4068.35,4150.51,4067.22,51224302.0,112640610304.0,2.01,4068.35,sh000903
2022-03-28 00:00:00,4021.49,4044.32,4067.41,3983.39,59080404.0,118606553088.0,2.07,4044.32,sh000903
2022-03-29 00:00:00,4048.74,4028.3,4073.8,4018.98,46933888.0,96896557056.0,1.36,4028.3,sh000903
2022-03-30 00:00:00,4058.64,4153.82,4153.82,4058.52,69382799.0,146681544704.0,2.37,4153.82,sh000903
2022-03-31 00:00:00,4132.56,4131.76,4148.62,4114.09,66150415.0,121937809408.0,0.83,4131.76,sh000903
2022-04-01 00:00:00,4112.07,4196.46,4210.1,4101.79,69354883.0,136691634176.0,2.62,4196.46,sh000903
2022-04-06 00:00:00,4172.32,4185.7,4198.98,4159.97,81998351.0,138621796352.0,0.93,4185.7,sh000903
2022-04-07 00:00:00,4161.84,4138.19,4200.51,4130.22,66985098.0,114101891072.0,1.68,4138.19,sh000903
2022-04-08 00:00:00,4141.19,4163.04,4170.3,4114.92,66676790.0,118497980416.0,1.34,4163.04,sh000903
2022-04-11 00:00:00,4134.14,4046.47,4134.14,4036.4,70155973.0,143065382912.0,2.35,4046.47,sh000903
2022-04-12 00:00:00,4055.29,4128.97,4128.97,4028.7,68782989.0,136455761920.0,2.48,4128.97,sh000903
2022-04-13 00:00:00,4105.78,4102.75,4155.05,4091.91,59057782.0,116678189056.0,1.53,4102.75,sh000903
2022-04-14 00:00:00,4137.34,4153.46,4181.54,4121.36,59815229.0,137899200512.0,1.47,4153.46,sh000903
2022-04-15 00:00:00,4123.29,4148.16,4168.18,4113.92,56777810.0,117295013888.0,1.31,4148.16,sh000903
2022-04-18 00:00:00,4112.19,4106.9,4117.33,4076.4,55656881.0,114176958464.0,0.99,4106.9,sh000903
2022-04-19 00:00:00,4103.69,4076.21,4131.36,4054.77,54193528.0,119752630272.0,1.86,4076.21,sh000903
2022-04-20 00:00:00,4069.26,4014.79,4074.67,4005.12,56381371.0,126816673792.0,1.71,4014.79,sh000903
2022-04-21 00:00:00,3994.63,3956.89,4031.31,3937.18,65869235.0,127009509376.0,2.34,3956.89,sh000903
2022-04-22 00:00:00,3927.93,3989.57,4009.03,3920.19,63351660.0,116418981888.0,2.25,3989.57,sh000903
2022-04-25 00:00:00,3903.9,3805.47,3934.98,3805.0,85924165.0,157959868416.0,3.26,3805.47,sh000903
2022-04-26 00:00:00,3810.08,3794.12,3872.32,3782.4,76628221.0,145988734976.0,2.36,3794.12,sh000903
2022-04-27 00:00:00,3775.45,3891.87,3891.87,3775.08,83474350.0,165924290560.0,3.08,3891.87,sh000903
2022-04-28 00:00:00,3881.79,3921.87,3937.87,3873.96,75396618.0,147382677504.0,1.64,3921.87,sh000903
2022-04-29 00:00:00,3937.24,3995.52,4004.58,3886.27,90463048.0,182501670912.0,3.02,3995.52,sh000903
2022-05-05 00:00:00,3971.35,3976.81,4006.26,3963.07,77806313.0,164997943296.0,1.08,3976.81,sh000903
2022-05-06 00:00:00,3901.54,3873.32,3915.18,3867.34,59521887.0,118611054592.0,1.2,3873.32,sh000903
2022-05-09 00:00:00,3847.63,3833.84,3872.36,3810.15,43164388.0,93298900992.0,1.61,3833.84,sh000903
2022-05-10 00:00:00,3776.18,3870.49,3886.04,3760.27,67009528.0,130402516992.0,3.28,3870.49,sh000903
2022-05-11 00:00:00,3867.17,3922.13,3969.7,3865.36,77398930.0,163954819072.0,2.7,3922.13,sh000903
2022-05-12 00:00:00,3896.4,3899.04,3926.68,3880.66,51313009.0,106060550144.0,1.17,3899.04,sh000903
2022-05-13 00:00:00,3927.66,3932.18,3948.1,3901.44,52645578.0,110467563520.0,1.2,3932.18,sh000903
2022-05-16 00:00:00,3958.9,3899.52,3961.66,3888.31,53805020.0,110899335168.0,1.87,3899.52,sh000903
2022-05-17 00:00:00,3909.74,3951.69,3951.69,3903.88,51788879.0,110328037376.0,1.23,3951.69,sh000903
2022-05-18 00:00:00,3961.07,3932.19,3961.07,3899.49,49104778.0,107043721216.0,1.56,3932.19,sh000903
2022-05-19 00:00:00,3880.79,3928.77,3932.11,3877.26,52004037.0,108552065024.0,1.39,3928.77,sh000903
2022-05-20 00:00:00,3952.72,4014.77,4015.31,3952.67,69838254.0,149488824320.0,1.59,4014.77,sh000903
2022-05-23 00:00:00,4017.69,3974.48,4017.69,3955.51,55554020.0,118708633600.0,1.55,3974.48,sh000903
2022-05-24 00:00:00,3972.63,3890.53,3972.63,3890.46,60971666.0,122821079040.0,2.07,3890.53,sh000903
2022-05-25 00:00:00,3894.98,3906.75,3910.48,3877.93,45082271.0,96452812800.0,0.84,3906.75,sh000903
2022-05-26 00:00:00,3911.88,3911.59,3935.75,3864.91,56926820.0,116174049280.0,1.81,3911.59,sh000903
2022-05-27 00:00:00,3946.13,3929.49,3978.26,3913.97,55241649.0,116413595648.0,1.64,3929.49,sh000903
2022-05-30 00:00:00,3950.49,3956.21,3972.17,3938.58,54955159.0,119218044928.0,0.85,3956.21,sh000903
2022-05-31 00:00:00,3959.79,4017.17,4022.61,3947.87,66258519.0,148638384128.0,1.89,4017.17,sh000903
2022-06-01 00:00:00,4014.5,4008.64,4019.18,3987.26,52834404.0,116597141504.0,0.79,4008.64,sh000903
2022-06-02 00:00:00,3988.38,4001.99,4005.85,3983.82,48844915.0,110851649536.0,0.55,4001.99,sh000903
2022-06-06 00:00:00,4006.29,4072.25,4073.09,3974.73,81230935.0,173755330560.0,2.46,4072.25,sh000903
2022-06-07 00:00:00,4071.8,4092.74,4110.37,4061.92,67764206.0,153859674112.0,1.19,4092.74,sh000903
2022-06-08 00:00:00,4104.16,4138.21,4138.75,4078.45,68702080.0,174608265216.0,1.47,4138.21,sh000903
2022-06-09 00:00:00,4130.83,4101.28,4148.7,4088.76,74750380.0,150291791872.0,1.45,4101.28,sh000903
2022-06-10 00:00:00,4070.71,4157.67,4160.95,4064.59,80908014.0,166122954752.0,2.35,4157.67,sh000903
2022-06-13 00:00:00,4109.69,4105.28,4133.9,4072.85,80534999.0,189785149440.0,1.47,4105.28,sh000903
2022-06-14 00:00:00,4058.69,4124.24,4125.46,4015.57,80054904.0,183942991872.0,2.68,4124.24,sh000903
2022-06-15 00:00:00,4129.19,4178.12,4246.38,4128.99,115602803.0,244864389120.0,2.85,4178.12,sh000903
2022-06-16 00:00:00,4187.41,4156.07,4211.32,4146.28,83712561.0,174117810176.0,1.56,4156.07,sh000903
2022-06-17 00:00:00,4125.86,4228.66,4239.43,4124.22,74583478.0,194589790208.0,2.77,4228.66,sh000903
2022-06-20 00:00:00,4244.01,4247.41,4286.47,4216.94,83193349.0,205103710208.0,1.64,4247.41,sh000903
2022-06-21 00:00:00,4246.57,4242.4,4273.53,4203.29,84402980.0,176269668352.0,1.65,4242.4,sh000903
2022-06-22 00:00:00,4252.53,4186.02,4253.18,4184.25,90637281.0,172263653376.0,1.62,4186.02,sh000903
2022-06-23 00:00:00,4194.33,4255.17,4255.17,4171.31,94109624.0,183260348416.0,2.0,4255.17,sh000903
2022-06-24 00:00:00,4270.88,4324.27,4327.73,4261.77,91332966.0,203867316224.0,1.55,4324.27,sh000903
2022-06-27 00:00:00,4344.96,4362.57,4395.26,4340.01,93297111.0,214169452544.0,1.28,4362.57,sh000903
2022-06-28 00:00:00,4361.8,4409.14,4416.62,4320.5,93231872.0,201308221440.0,2.2,4409.14,sh000903
2022-06-29 00:00:00,4392.5,4339.74,4425.71,4331.71,91283415.0,215957680128.0,2.13,4339.74,sh000903
2022-06-30 00:00:00,4334.11,4406.01,4438.75,4334.11,74208435.0,189896216576.0,2.41,4406.01,sh000903
2022-07-01 00:00:00,4414.92,4391.85,4428.28,4372.24,71116362.0,171250548736.0,1.27,4391.85,sh000903
2022-07-04 00:00:00,4365.19,4421.75,4421.78,4349.9,69242360.0,200047058944.0,1.64,4421.75,sh000903
2022-07-05 00:00:00,4434.25,4422.66,4461.85,4369.34,80160215.0,210064982016.0,2.09,4422.66,sh000903
2022-07-06 00:00:00,4408.07,4348.3,4414.65,4317.12,77112151.0,200271159296.0,2.21,4348.3,sh000903
2022-07-07 00:00:00,4354.31,4375.2,4391.59,4321.44,69108682.0,191646425088.0,1.61,4375.2,sh000903
2022-07-08 00:00:00,4404.36,4357.54,4417.67,4355.3,62747891.0,175116185600.0,1.43,4357.54,sh000903
2022-07-11 00:00:00,4335.25,4275.92,4335.25,4250.62,69051817.0,175605391360.0,1.94,4275.92,sh000903
2022-07-12 00:00:00,4276.66,4233.94,4292.61,4214.58,57762953.0,164857841435.8,1.82,4233.94,sh000903
2022-07-13 00:00:00,4233.93,4251.64,4270.51,4206.54,58705807.0,161583567395.3,1.51,4251.64,sh000903
2022-07-14 00:00:00,4242.36,4257.89,4290.84,4227.43,64767950.0,169432887695.3,1.49,4257.89,sh000903
2022-07-15 00:00:00,4233.68,4180.95,4280.49,4180.95,71194079.0,175977238463.1,2.34,4180.95,sh000903
2022-07-18 00:00:00,4199.83,4231.73,4239.99,4148.55,62422555.0,157361125318.1,2.19,4231.73,sh000903
2022-07-19 00:00:00,4228.14,4193.8,4228.14,4165.05,51715609.0,129225937207.1,1.49,4193.8,sh000903
2022-07-20 00:00:00,4219.44,4202.1,4228.28,4189.4,43759983.0,111881859480.6,0.93,4202.1,sh000903
2022-07-21 00:00:00,4186.25,4154.04,4198.58,4153.87,58700072.0,131938197050.1,1.06,4154.04,sh000903
2022-07-22 00:00:00,4172.71,4158.78,4198.63,4126.94,51552274.0,125034263321.3,1.73,4158.78,sh000903
2022-07-25 00:00:00,4154.27,4131.47,4158.9,4120.69,40802442.0,101856976486.2,0.92,4131.47,sh000903
2022-07-26 00:00:00,4138.55,4160.39,4175.82,4130.03,40988370.0,103307363527.9,1.11,4160.39,sh000903
2022-07-27 00:00:00,4150.28,4133.95,4152.46,4124.42,38378912.0,106115929809.9,0.67,4133.95,sh000903
2022-07-28 00:00:00,4153.14,4132.58,4181.39,4130.48,52937618.0,137188784055.7,1.23,4132.58,sh000903
2022-07-29 00:00:00,4137.22,4082.16,4160.96,4073.44,55260396.0,132727617707.4,2.12,4082.16,sh000903
2022-08-01 00:00:00,4072.78,4103.41,4112.32,4039.25,50731982.0,130250593910.8,1.79,4103.41,sh000903
2022-08-02 00:00:00,4057.47,4021.81,4057.47,3986.0,68010067.0,146259979906.2,1.74,4021.81,sh000903
2022-08-03 00:00:00,4029.74,3977.27,4067.31,3966.05,55622658.0,146338953736.6,2.52,3977.27,sh000903
2022-08-04 00:00:00,4000.16,4014.16,4022.91,3978.23,41926535.0,119663830715.0,1.12,4014.16,sh000903
2022-08-05 00:00:00,4021.46,4067.45,4071.11,4007.53,49877341.0,133712750292.1,1.58,4067.45,sh000903
2022-08-08 00:00:00,4049.29,4054.71,4060.93,4038.83,42683401.0,118526806565.1,0.54,4054.71,sh000903
2022-08-09 00:00:00,4051.21,4072.47,4079.16,4037.32,41397994.0,117890294493.4,1.03,4072.47,sh000903
2022-08-10 00:00:00,4065.88,4024.29,4074.16,4005.47,43590402.0,119185496334.5,1.69,4024.29,sh000903
2022-08-11 00:00:00,4046.24,4108.35,4109.15,4029.85,56196784.0,143948718273.4,1.97,4108.35,sh000903
2022-08-12 00:00:00,4100.9,4107.4,4117.75,4089.99,47954939.0,115144393656.2,0.68,4107.4,sh000903
2022-08-15 00:00:00,4099.19,4115.99,4148.31,4095.12,52310397.0,137477197142.9,1.29,4115.99,sh000903
2022-08-16 00:00:00,4121.51,4105.47,4140.12,4098.24,46567185.0,132366694367.9,1.02,4105.47,sh000903
2022-08-17 00:00:00,4111.01,4146.8,4153.68,4082.26,53094298.0,137796378379.9,1.74,4146.8,sh000903
2022-08-18 00:00:00,4136.64,4108.9,4143.56,4104.1,45985459.0,123345159806.0,0.95,4108.9,sh000903
2022-08-19 00:00:00,4106.93,4079.62,4110.41,4079.15,55298111.0,142386524337.7,0.76,4079.62,sh000903
2022-08-22 00:00:00,4066.0,4113.16,4116.62,4061.42,52515670.0,143318896146.6,1.35,4113.16,sh000903
2022-08-23 00:00:00,4107.14,4093.34,4121.07,4079.17,44861555.0,127589390356.9,1.02,4093.34,sh000903
2022-08-24 00:00:00,4106.2,4008.99,4109.86,4004.46,55745254.0,146884306830.7,2.57,4008.99,sh000903
2022-08-25 00:00:00,4019.48,4037.39,4040.79,3976.01,54125178.0,133055287602.0,1.62,4037.39,sh000903
2022-08-26 00:00:00,4050.59,4023.96,4054.43,4019.39,46467168.0,119042300604.4,0.87,4023.96,sh000903
2022-08-29 00:00:00,3978.89,4007.99,4010.9,3974.17,42868139.0,102939281967.5,0.91,4007.99,sh000903
2022-08-30 00:00:00,4006.12,3987.17,4009.51,3959.46,44517296.0,103813492466.2,1.25,3987.17,sh000903
2022-08-31 00:00:00,3964.45,3990.65,4022.59,3954.99,64022283.0,166031843266.5,1.7,3990.65,sh000903
2022-09-01 00:00:00,3977.76,3952.53,4004.53,3949.88,46560336.0,114854929202.3,1.37,3952.53,sh000903
2022-09-02 00:00:00,3965.85,3932.13,3966.83,3912.69,38464015.0,96896735459.8,1.37,3932.13,sh000903
2022-09-05 00:00:00,3916.46,3921.13,3925.08,3889.31,44019591.0,110718151991.7,0.91,3921.13,sh000903
2022-09-06 00:00:00,3929.54,3951.33,3953.32,3907.45,50756147.0,130172288648.3,1.17,3951.33,sh000903
2022-09-07 00:00:00,3929.12,3956.88,3968.88,3925.33,49997850.0,119881530878.1,1.1,3956.88,sh000903
2022-09-08 00:00:00,3960.8,3932.75,3968.34,3931.06,43757452.0,99194829993.1,0.94,3932.75,sh000903
2022-09-09 00:00:00,3948.97,3995.32,4000.42,3939.41,53539453.0,121377642822.1,1.55,3995.32,sh000903
2022-09-13 00:00:00,4015.97,4012.61,4028.33,3997.16,48636217.0,115768111011.3,0.78,4012.61,sh000903
2022-09-14 00:00:00,3959.81,3962.92,3988.75,3945.0,42348298.0,103100127674.3,1.09,3962.92,sh000903
2022-09-15 00:00:00,3975.85,3923.76,3984.68,3895.92,57528664.0,139586897710.5,2.24,3923.76,sh000903
2022-09-16 00:00:00,3909.72,3835.2,3916.1,3835.05,65510530.0,134160220842.1,2.07,3835.2,sh000903
2022-09-19 00:00:00,3829.93,3832.64,3859.99,3815.16,46998745.0,100442632169.1,1.17,3832.64,sh000903
2022-09-20 00:00:00,3849.5,3835.13,3861.42,3823.79,40851555.0,99930551795.1,0.98,3835.13,sh000903
2022-09-21 00:00:00,3822.88,3797.65,3823.55,3782.62,42418140.0,96388891578.9,1.07,3797.65,sh000903
2022-09-22 00:00:00,3766.66,3757.8,3789.96,3748.26,41024647.0,92591880720.1,1.1,3757.8,sh000903
2022-09-23 00:00:00,3754.55,3745.7,3777.34,3720.23,46230307.0,94742429665.1,1.52,3745.7,sh000903
2022-09-26 00:00:00,3717.26,3731.97,3787.03,3715.84,52780223.0,108337631413.5,1.9,3731.97,sh000903
2022-09-27 00:00:00,3739.39,3784.04,3785.23,3720.77,44375341.0,99236325891.4,1.73,3784.04,sh000903
2022-09-28 00:00:00,3771.09,3713.46,3771.09,3712.16,42606926.0,93687333910.4,1.56,3713.46,sh000903
2022-09-29 00:00:00,3751.97,3720.9,3760.83,3702.99,42544192.0,97634437611.6,1.56,3720.9,sh000903
2022-09-30 00:00:00,3729.89,3697.86,3742.02,3692.14,39741936.0,91934002970.8,1.34,3697.86,sh000903
2022-10-10 00:00:00,3708.04,3618.59,3708.12,3613.08,48672552.0,105653961019.6,2.57,3618.59,sh000903
2022-10-11 00:00:00,3632.38,3632.03,3641.84,3611.32,39719952.0,92354174101.5,0.84,3632.03,sh000903
2022-10-12 00:00:00,3625.66,3686.58,3686.64,3560.66,58548740.0,122387681403.0,3.47,3686.58,sh000903
2022-10-13 00:00:00,3654.82,3644.12,3676.5,3639.3,51314847.0,112485180532.1,1.01,3644.12,sh000903
2022-10-14 00:00:00,3679.09,3743.41,3765.69,3674.36,60437489.0,149722986193.5,2.51,3743.41,sh000903
2022-10-17 00:00:00,3720.89,3747.89,3751.27,3706.72,54712678.0,124273853055.5,1.19,3747.89,sh000903
2022-10-18 00:00:00,3769.96,3738.58,3772.41,3731.9,42208039.0,103251944081.2,1.08,3738.58,sh000903
2022-10-19 00:00:00,3728.68,3676.01,3744.21,3676.01,40620210.0,105245204786.1,1.82,3676.01,sh000903
2022-10-20 00:00:00,3640.82,3646.72,3696.9,3617.26,41747192.0,110456418756.5,2.17,3646.72,sh000903
2022-10-21 00:00:00,3640.72,3631.41,3657.62,3611.1,41409192.0,94419916239.0,1.28,3631.41,sh000903
2022-10-24 00:00:00,3609.88,3517.33,3646.53,3502.9,59945276.0,145288374481.1,3.96,3517.33,sh000903
2022-10-25 00:00:00,3506.19,3507.46,3553.47,3476.36,51007708.0,121980659551.7,2.19,3507.46,sh000903
2022-10-26 00:00:00,3514.66,3533.72,3581.65,3512.82,58538212.0,132594869479.8,1.96,3533.72,sh000903
2022-10-27 00:00:00,3548.84,3509.07,3567.53,3506.81,55604666.0,140708147930.2,1.72,3509.07,sh000903
2022-10-28 00:00:00,3481.88,3406.49,3492.14,3398.54,55982614.0,137071932135.3,2.67,3406.49,sh000903
2022-10-31 00:00:00,3366.98,3374.87,3422.42,3362.74,68583084.0,142703181858.0,1.75,3374.87,sh000903
2022-11-01 00:00:00,3387.41,3506.67,3506.67,3381.9,72739737.0,166138471815.1,3.7,3506.67,sh000903
2022-11-02 00:00:00,3495.25,3549.45,3573.6,3483.15,69177567.0,157324659254.6,2.58,3549.45,sh000903
2022-11-03 00:00:00,3517.48,3515.02,3543.58,3495.51,58766347.0,118475274493.4,1.35,3515.02,sh000903
2022-11-04 00:00:00,3514.67,3638.34,3653.36,3514.67,75298188.0,172663692013.9,3.95,3638.34,sh000903
2022-11-07 00:00:00,3628.09,3651.15,3671.42,3622.29,69986541.0,142298384110.6,1.35,3651.15,sh000903
2022-11-08 00:00:00,3651.19,3627.88,3660.05,3599.87,51511184.0,109484798768.4,1.65,3627.88,sh000903
2022-11-09 00:00:00,3629.28,3587.58,3638.66,3583.93,45838339.0,95295440026.3,1.51,3587.58,sh000903
2022-11-10 00:00:00,3554.81,3548.63,3565.99,3527.41,56775182.0,101435336795.0,1.08,3548.63,sh000903
2022-11-11 00:00:00,3657.45,3660.15,3699.91,3616.77,100684751.0,195929301876.2,2.34,3660.15,sh000903
2022-11-14 00:00:00,3697.68,3667.92,3726.9,3655.26,83753615.0,176570994083.9,1.96,3667.92,sh000903
2022-11-15 00:00:00,3664.8,3743.18,3746.8,3646.69,73907454.0,158713763875.9,2.73,3743.18,sh000903
2022-11-16 00:00:00,3740.05,3712.8,3753.56,3707.79,59835191.0,128967092937.2,1.22,3712.8,sh000903
2022-11-17 00:00:00,3701.9,3689.95,3701.9,3648.49,53989474.0,122263937736.5,1.44,3689.95,sh000903
2022-11-18 00:00:00,3697.2,3678.47,3717.05,3678.43,56326282.0,121044406348.2,1.05,3678.47,sh000903
2022-11-21 00:00:00,3645.83,3646.22,3647.91,3610.5,47003476.0,101916538941.1,1.02,3646.22,sh000903
2022-11-22 00:00:00,3643.14,3641.45,3683.67,3624.96,63018219.0,104755365597.1,1.61,3641.45,sh000903
2022-11-23 00:00:00,3629.09,3643.46,3663.11,3622.21,61757074.0,104391613733.0,1.12,3643.46,sh000903
2022-11-24 00:00:00,3664.14,3627.13,3677.27,3621.53,43771849.0,83586000573.4,1.53,3627.13,sh000903
2022-11-25 00:00:00,3621.59,3645.08,3660.85,3613.44,67101398.0,103831671863.9,1.31,3645.08,sh000903
2022-11-28 00:00:00,3567.93,3596.58,3600.75,3535.03,58757866.0,105161390875.6,1.8,3596.58,sh000903
2022-11-29 00:00:00,3636.46,3713.57,3721.41,3634.26,75352963.0,147924940754.5,2.42,3713.57,sh000903
2022-11-30 00:00:00,3700.68,3718.28,3729.55,3697.53,71103390.0,128403621591.9,0.86,3718.28,sh000903
2022-12-01 00:00:00,3789.19,3765.51,3811.83,3764.41,83069663.0,162846713136.8,1.28,3765.51,sh000903
2022-12-02 00:00:00,3756.96,3740.76,3769.39,3737.26,55753010.0,105335247215.3,0.85,3740.76,sh000903
2022-12-05 00:00:00,3773.71,3808.11,3809.07,3763.79,98734319.0,159318827840.0,1.21,3808.11,sh000903
2022-12-06 00:00:00,3790.66,3829.92,3845.95,3784.85,72749376.0,142100923842.7,1.6,3829.92,sh000903
2022-12-07 00:00:00,3818.24,3826.32,3866.96,3812.73,67522481.0,137509374245.3,1.42,3826.32,sh000903
2022-12-08 00:00:00,3820.97,3826.49,3839.82,3808.11,51718427.0,102189607506.8,0.83,3826.49,sh000903
2022-12-09 00:00:00,3831.09,3871.54,3876.24,3817.59,72891573.0,140096867584.6,1.53,3871.54,sh000903
2022-12-12 00:00:00,3847.59,3832.71,3862.93,3829.54,58859115.0,120194906987.1,0.86,3832.71,sh000903
2022-12-13 00:00:00,3833.59,3817.48,3838.18,3812.81,47605699.0,96878984888.3,0.66,3817.48,sh000903
2022-12-14 00:00:00,3823.67,3820.72,3838.15,3804.46,49162925.0,105794562251.9,0.88,3820.72,sh000903
2022-12-15 00:00:00,3822.13,3827.64,3833.74,3795.94,43905646.0,100556875011.2,0.99,3827.64,sh000903
2022-12-16 00:00:00,3806.16,3825.82,3831.69,3800.97,42618780.0,90129347697.9,0.8,3825.82,sh000903
2022-12-19 00:00:00,3824.74,3773.02,3840.49,3757.27,51222586.0,99067600401.0,2.18,3773.02,sh000903
2022-12-20 00:00:00,3759.05,3706.91,3759.05,3688.42,38896960.0,89182450488.6,1.87,3706.91,sh000903
2022-12-21 00:00:00,3715.02,3708.8,3731.22,3700.11,31295391.0,66357787168.6,0.84,3708.8,sh000903
2022-12-22 00:00:00,3740.11,3712.53,3757.06,3698.13,41484282.0,89321528643.5,1.59,3712.53,sh000903
2022-12-23 00:00:00,3688.32,3706.02,3725.92,3679.33,32962627.0,70726134149.1,1.25,3706.02,sh000903
2022-12-26 00:00:00,3707.84,3720.57,3734.03,3705.62,34562353.0,82789294452.4,0.77,3720.57,sh000903
2022-12-27 00:00:00,3735.66,3757.82,3762.11,3729.81,35171630.0,80859988197.3,0.87,3757.82,sh000903
2022-12-28 00:00:00,3743.92,3740.21,3751.45,3718.76,38712987.0,86700439636.0,0.87,3740.21,sh000903
2022-12-29 00:00:00,3721.41,3726.38,3738.31,3707.11,38450248.0,81089714553.1,0.83,3726.38,sh000903
2022-12-30 00:00:00,3744.87,3735.1,3760.0,3735.1,35468537.0,80608063457.6,0.67,3735.1,sh000903
2023-01-03 00:00:00,3728.94,3759.04,3766.56,3697.21,53654517.0,106667904434.6,1.86,3759.04,sh000903
2023-01-04 00:00:00,3757.81,3760.33,3775.96,3740.24,52710263.0,112236685534.2,0.95,3760.33,sh000903
2023-01-05 00:00:00,3783.12,3844.84,3849.82,3782.02,58905212.0,148467307317.5,1.8,3844.84,sh000903
2023-01-06 00:00:00,3845.2,3859.63,3883.13,3844.01,58084669.0,135121531467.4,1.02,3859.63,sh000903
2023-01-09 00:00:00,3879.27,3890.1,3901.73,3870.85,56724350.0,124576223792.0,0.8,3890.1,sh000903
2023-01-10 00:00:00,3891.8,3898.05,3911.89,3879.53,44968014.0,117471349580.6,0.83,3898.05,sh000903
2023-01-11 00:00:00,3903.07,3894.52,3929.73,3892.64,48671209.0,111188623071.1,0.95,3894.52,sh000903
2023-01-12 00:00:00,3908.56,3904.64,3924.2,3892.97,45590122.0,105096885622.6,0.8,3904.64,sh000903
2023-01-13 00:00:00,3924.52,3959.89,3959.89,3917.85,44250076.0,114465782283.5,1.08,3959.89,sh000903
2023-01-16 00:00:00,3960.46,4024.63,4062.67,3958.69,65392820.0,167203718505.8,2.63,4024.63,sh000903
2023-01-17 00:00:00,4024.9,4024.7,4036.71,4007.56,44782224.0,109751148755.8,0.72,4024.7,sh000903
2023-01-18 00:00:00,4029.37,4018.32,4038.43,4012.76,40607128.0,89849827946.8,0.64,4018.32,sh000903
2023-01-19 00:00:00,4013.94,4046.89,4046.89,3994.27,48775126.0,108542512242.5,1.31,4046.89,sh000903
2023-01-20 00:00:00,4059.52,4079.36,4089.91,4056.55,70199111.0,129979371768.5,0.82,4079.36,sh000903
2023-01-30 00:00:00,4175.02,4100.82,4175.02,4096.39,87226803.0,190386531130.2,1.93,4100.82,sh000903
2023-01-31 00:00:00,4101.09,4062.44,4114.77,4057.74,64473174.0,141594166860.5,1.39,4062.44,sh000903
2023-02-01 00:00:00,4079.18,4102.91,4102.91,4047.45,72066003.0,149058213884.7,1.37,4102.91,sh000903
2023-02-02 00:00:00,4112.21,4087.77,4112.38,4077.3,62714822.0,142590988031.1,0.86,4087.77,sh000903
2023-02-03 00:00:00,4067.09,4044.15,4067.09,4004.44,58862677.0,130377650371.2,1.53,4044.15,sh000903
2023-02-06 00:00:00,4003.51,3987.9,4004.46,3960.44,58691068.0,130147699190.1,1.09,3987.9,sh000903
2023-02-07 00:00:00,3998.94,3991.26,4006.95,3975.6,44175216.0,96798096175.7,0.79,3991.26,sh000903
2023-02-08 00:00:00,3997.47,3976.06,4011.43,3971.46,43024679.0,94433028753.1,1.0,3976.06,sh000903
2023-02-09 00:00:00,3964.61,4025.42,4025.42,3961.04,46751972.0,108501087565.9,1.62,4025.42,sh000903
2023-02-10 00:00:00,4017.21,3995.78,4019.32,3982.4,42169782.0,99115582430.6,0.92,3995.78,sh000903
2023-02-13 00:00:00,3988.74,4034.05,4036.53,3982.38,54600928.0,125572642246.6,1.36,4034.05,sh000903
2023-02-14 00:00:00,4044.03,4033.77,4045.15,4012.44,46131026.0,103531046863.8,0.81,4033.77,sh000903
2023-02-15 00:00:00,4035.04,4010.71,4044.48,4003.05,65480464.0,118612770130.3,1.03,4010.71,sh000903
2023-02-16 00:00:00,4013.95,3985.73,4057.62,3959.52,80002992.0,147275846872.1,2.45,3985.73,sh000903
2023-02-17 00:00:00,3978.31,3919.84,3994.06,3918.19,57885053.0,122252506751.2,1.9,3919.84,sh000903
2023-02-20 00:00:00,3921.11,4020.97,4022.41,3918.1,83200910.0,157618281264.7,2.66,4020.97,sh000903
2023-02-21 00:00:00,4018.19,4035.85,4045.61,4006.7,77037221.0,138216839584.7,0.97,4035.85,sh000903
2023-02-22 00:00:00,4007.25,3989.2,4018.53,3984.13,54761750.0,106394869260.9,0.85,3989.2,sh000903
2023-02-23 00:00:00,3989.04,3986.2,4014.68,3970.3,51500447.0,105585881884.6,1.11,3986.2,sh000903
2023-02-24 00:00:00,3981.45,3939.09,3983.66,3926.65,50753785.0,99249388911.4,1.43,3939.09,sh000903
2023-02-27 00:00:00,3915.83,3915.94,3940.77,3908.45,46326710.0,99081666936.9,0.82,3915.94,sh000903
2023-02-28 00:00:00,3931.9,3943.69,3949.39,3898.76,58229208.0,111422189430.2,1.29,3943.69,sh000903
2023-03-01 00:00:00,3942.54,4005.8,4017.32,3936.05,78188561.0,138368381027.4,2.06,4005.8,sh000903
2023-03-02 00:00:00,3997.66,3994.06,4016.88,3989.33,73462086.0,127574233375.2,0.69,3994.06,sh000903
2023-03-03 00:00:00,4003.23,4003.18,4011.38,3975.56,74093006.0,116093723605.3,0.9,4003.18,sh000903
2023-03-06 00:00:00,4004.08,3983.1,4005.87,3954.08,75695331.0,147081529227.0,1.29,3983.1,sh000903
2023-03-07 00:00:00,3976.1,3922.5,3998.92,3919.38,92502822.0,139728130530.7,2.0,3922.5,sh000903
2023-03-08 00:00:00,3902.45,3903.37,3910.32,3880.19,56543153.0,98975872432.3,0.77,3903.37,sh000903
2023-03-09 00:00:00,3904.46,3893.79,3915.25,3871.85,58318785.0,108409502399.2,1.11,3893.79,sh000903
2023-03-10 00:00:00,3865.25,3846.18,3880.11,3845.16,60637831.0,116563789037.1,0.9,3846.18,sh000903
2023-03-13 00:00:00,3840.9,3885.94,3887.51,3840.9,74590451.0,133117476325.9,1.21,3885.94,sh000903
2023-03-14 00:00:00,3877.33,3864.4,3882.35,3824.74,75712443.0,147147623101.4,1.48,3864.4,sh000903
2023-03-15 00:00:00,3892.44,3866.77,3901.11,3866.54,67182794.0,124071238980.1,0.89,3866.77,sh000903
2023-03-16 00:00:00,3833.23,3810.97,3854.11,3808.02,69537082.0,128565530818.9,1.19,3810.97,sh000903
2023-03-17 00:00:00,3845.89,3832.12,3878.62,3817.62,85832287.0,170322582908.1,1.6,3832.12,sh000903
2023-03-20 00:00:00,3835.46,3809.46,3852.0,3804.56,93210422.0,165625079115.9,1.24,3809.46,sh000903
2023-03-21 00:00:00,3818.06,3858.4,3858.8,3817.41,64539917.0,128972714505.9,1.09,3858.4,sh000903
2023-03-22 00:00:00,3871.8,3877.01,3893.62,3862.48,73271475.0,141313300956.3,0.81,3877.01,sh000903
2023-03-23 00:00:00,3862.23,3909.31,3909.31,3859.73,77366934.0,152061134209.7,1.28,3909.31,sh000903
2023-03-24 00:00:00,3906.05,3895.14,3906.05,3884.6,77723320.0,156448764193.4,0.55,3895.14,sh000903
2023-03-27 00:00:00,3890.53,3883.28,3890.53,3858.49,81133707.0,165352469360.5,0.82,3883.28,sh000903
2023-03-28 00:00:00,3887.28,3864.11,3893.83,3859.36,64342963.0,123590288058.9,0.89,3864.11,sh000903
2023-03-29 00:00:00,3880.47,3871.62,3885.7,3862.71,60533017.0,131600954953.8,0.59,3871.62,sh000903
2023-03-30 00:00:00,3874.31,3904.62,3905.85,3851.19,71869833.0,149879854236.6,1.41,3904.62,sh000903
2023-03-31 00:00:00,3914.93,3917.21,3929.61,3906.33,65344162.0,149853739941.6,0.6,3917.21,sh000903
2023-04-03 00:00:00,3926.91,3950.52,3954.47,3918.03,89505385.0,209807608298.0,0.93,3950.52,sh000903
2023-04-04 00:00:00,3949.58,3951.03,3952.0,3928.02,95756990.0,209069361293.9,0.61,3951.03,sh000903
2023-04-06 00:00:00,3928.32,3945.89,3947.73,3922.08,73665327.0,170886043827.3,0.65,3945.89,sh000903
2023-04-07 00:00:00,3948.57,3982.61,3990.9,3947.59,62332132.0,153927642307.9,1.1,3982.61,sh000903
2023-04-10 00:00:00,3993.57,3975.47,3994.64,3965.53,74054461.0,180161512599.5,0.73,3975.47,sh000903
2023-04-11 00:00:00,3979.15,3972.8,3988.69,3956.3,73160109.0,167167493965.8,0.81,3972.8,sh000903
2023-04-12 00:00:00,3974.72,3972.82,3983.42,3964.79,82703485.0,171238086701.2,0.47,3972.82,sh000903
2023-04-13 00:00:00,3955.43,3939.53,3959.19,3929.51,70406633.0,152680096124.6,0.75,3939.53,sh000903
2023-04-14 00:00:00,3949.85,3967.22,3976.42,3948.06,67951941.0,164365332555.3,0.72,3967.22,sh000903
2023-04-17 00:00:00,3963.18,4020.34,4020.34,3960.15,82413577.0,178826218692.5,1.52,4020.34,sh000903
2023-04-18 00:00:00,4008.19,4029.11,4041.16,4007.14,74868542.0,170516166180.9,0.85,4029.11,sh000903
2023-04-19 00:00:00,4028.59,3991.92,4028.59,3986.43,77361252.0,161038974672.5,1.05,3991.92,sh000903
2023-04-20 00:00:00,3989.12,3969.97,3989.88,3951.67,76041516.0,176039076853.2,0.96,3969.97,sh000903
2023-04-21 00:00:00,3973.98,3893.29,3973.98,3891.57,81492286.0,182998896355.1,2.08,3893.29,sh000903
2023-04-24 00:00:00,3891.71,3842.19,3893.99,3827.05,77540732.0,172492665655.6,1.72,3842.19,sh000903
2023-04-25 00:00:00,3843.76,3808.31,3847.21,3775.41,74868858.0,168312099068.1,1.87,3808.31,sh000903
2023-04-26 00:00:00,3795.53,3818.71,3834.2,3785.32,68799787.0,166699574518.7,1.28,3818.71,sh000903
2023-04-27 00:00:00,3807.97,3850.99,3862.1,3803.35,63598512.0,155128965890.1,1.54,3850.99,sh000903
2023-04-28 00:00:00,3857.31,3886.03,3886.58,3857.31,68714436.0,156382971514.4,0.76,3886.03,sh000903
2023-05-04 00:00:00,3869.31,3872.06,3882.19,3852.78,87963922.0,163779765714.0,0.76,3872.06,sh000903
2023-05-05 00:00:00,3874.41,3849.67,3876.53,3826.5,77685001.0,143334937190.4,1.29,3849.67,sh000903
2023-05-08 00:00:00,3863.33,3880.58,3884.79,3845.57,91295528.0,167686895037.9,1.02,3880.58,sh000903
2023-05-09 00:00:00,3878.42,3841.34,3898.22,3839.7,95980345.0,171779362973.2,1.51,3841.34,sh000903
2023-05-10 00:00:00,3833.6,3834.19,3849.69,3818.93,72136197.0,143603766646.5,0.8,3834.19,sh000903
2023-05-11 00:00:00,3841.12,3830.72,3849.33,3829.41,53856080.0,118438496016.8,0.52,3830.72,sh000903
2023-05-12 00:00:00,3829.69,3776.55,3838.56,3776.48,60997744.0,119004291449.7,1.62,3776.55,sh000903
2023-05-15 00:00:00,3778.71,3836.51,3836.51,3767.33,68372945.0,139775493781.6,1.83,3836.51,sh000903
2023-05-16 00:00:00,3841.66,3818.48,3841.66,3806.75,50291352.0,114380583686.4,0.91,3818.48,sh000903
2023-05-17 00:00:00,3812.9,3799.5,3821.1,3786.88,48362870.0,99577289843.6,0.9,3799.5,sh000903
2023-05-18 00:00:00,3805.99,3784.59,3814.16,3769.7,51314679.0,107129132423.4,1.17,3784.59,sh000903
2023-05-19 00:00:00,3772.22,3776.05,3797.74,3756.48,45892937.0,96722478482.3,1.09,3776.05,sh000903
2023-05-22 00:00:00,3774.03,3805.23,3818.76,3770.33,42563797.0,93100305127.0,1.28,3805.23,sh000903
2023-05-23 00:00:00,3806.32,3754.71,3810.12,3754.71,48690149.0,90974275110.5,1.46,3754.71,sh000903
2023-05-24 00:00:00,3747.81,3706.09,3748.37,3706.09,55097206.0,102973004087.9,1.13,3706.09,sh000903
2023-05-25 00:00:00,3696.63,3689.27,3706.57,3659.85,54459286.0,104921058611.8,1.26,3689.27,sh000903
2023-05-26 00:00:00,3686.55,3678.06,3686.55,3645.48,41079248.0,92612476219.9,1.11,3678.06,sh000903
2023-05-29 00:00:00,3691.52,3656.39,3694.98,3642.08,56505421.0,109691339595.7,1.44,3656.39,sh000903
2023-05-30 00:00:00,3651.1,3665.87,3671.77,3615.87,62389785.0,122379341968.0,1.53,3665.87,sh000903
2023-05-31 00:00:00,3653.34,3617.3,3653.54,3602.66,56456932.0,117168415081.1,1.39,3617.3,sh000903
2023-06-01 00:00:00,3607.96,3634.33,3659.93,3607.24,56267816.0,116845454451.1,1.46,3634.33,sh000903
2023-06-02 00:00:00,3651.4,3700.65,3704.0,3651.4,54643187.0,120467308715.1,1.45,3700.65,sh000903
2023-06-05 00:00:00,3697.95,3679.96,3697.99,3669.16,46288335.0,105480081656.7,0.78,3679.96,sh000903
2023-06-06 00:00:00,3676.19,3649.31,3703.2,3644.71,54085097.0,112588657844.9,1.59,3649.31,sh000903
2023-06-07 00:00:00,3659.31,3626.07,3665.94,3618.3,42185940.0,99519741433.5,1.31,3626.07,sh000903
2023-06-08 00:00:00,3630.71,3654.96,3670.12,3617.64,48898115.0,98892948850.9,1.45,3654.96,sh000903
2023-06-09 00:00:00,3657.74,3667.93,3668.18,3642.27,62547054.0,124877093172.0,0.71,3667.93,sh000903
2023-06-12 00:00:00,3657.24,3673.86,3689.2,3645.07,55151031.0,119964559984.4,1.2,3673.86,sh000903
2023-06-13 00:00:00,3667.21,3694.15,3697.71,3660.37,49160841.0,110640143105.4,1.02,3694.15,sh000903
2023-06-14 00:00:00,3704.49,3693.72,3719.63,3691.22,53323160.0,119070543525.5,0.77,3693.72,sh000903
2023-06-15 00:00:00,3702.35,3766.04,3766.04,3702.09,56778348.0,153631955062.3,1.73,3766.04,sh000903
2023-06-16 00:00:00,3772.79,3805.52,3810.09,3769.6,59783535.0,144446961879.5,1.08,3805.52,sh000903
2023-06-19 00:00:00,3800.72,3766.25,3800.72,3759.1,57604219.0,130132279611.2,1.09,3766.25,sh000903
2023-06-20 00:00:00,3762.85,3765.98,3779.09,3759.86,52092715.0,132492751206.6,0.51,3765.98,sh000903
2023-06-21 00:00:00,3752.58,3709.22,3765.62,3709.22,53296061.0,124841858982.9,1.5,3709.22,sh000903
2023-06-26 00:00:00,3679.2,3667.43,3696.85,3655.54,58400978.0,118269062731.6,1.11,3667.43,sh000903
2023-06-27 00:00:00,3669.7,3701.67,3710.13,3665.56,53644754.0,105977290284.7,1.22,3701.67,sh000903
2023-06-28 00:00:00,3693.14,3696.92,3702.78,3664.76,48298309.0,107466446669.0,1.03,3696.92,sh000903
2023-06-29 00:00:00,3694.8,3675.46,3699.39,3670.17,44632024.0,101725031133.2,0.79,3675.46,sh000903
2023-06-30 00:00:00,3667.1,3688.14,3708.07,3661.73,46863770.0,106360079907.0,1.26,3688.14,sh000903
2023-07-03 00:00:00,3702.25,3731.95,3739.49,3701.08,60982861.0,130894381540.7,1.04,3731.95,sh000903
2023-07-04 00:00:00,3728.35,3736.68,3738.46,3719.27,49225448.0,107644049905.1,0.51,3736.68,sh000903
2023-07-05 00:00:00,3732.87,3712.29,3739.71,3707.38,48302014.0,96173325352.7,0.87,3712.29,sh000903
2023-07-06 00:00:00,3700.97,3683.27,3719.47,3677.55,49508336.0,95594702218.6,1.13,3683.27,sh000903
2023-07-07 00:00:00,3671.51,3660.65,3679.44,3654.36,51909750.0,90661258312.3,0.68,3660.65,sh000903
2023-07-10 00:00:00,3677.36,3686.1,3707.81,3674.71,47059451.0,101529986654.3,0.9,3686.1,sh000903
2023-07-11 00:00:00,3697.25,3710.27,3712.42,3686.44,40848094.0,91735852740.0,0.7,3710.27,sh000903
2023-07-12 00:00:00,3707.3,3691.81,3720.25,3686.08,52089612.0,108282603903.3,0.92,3691.81,sh000903
2023-07-13 00:00:00,3702.77,3739.31,3741.36,3702.77,56110150.0,121533179143.8,1.05,3739.31,sh000903
2023-07-14 00:00:00,3748.36,3742.27,3753.82,3736.49,61307704.0,113223761279.5,0.46,3742.27,sh000903
2023-07-17 00:00:00,3726.36,3709.61,3726.36,3695.13,48406830.0,85517933694.3,0.83,3709.61,sh000903
2023-07-18 00:00:00,3715.44,3697.34,3715.44,3686.28,39902164.0,80761965261.5,0.79,3697.34,sh000903
2023-07-19 00:00:00,3691.86,3694.75,3704.41,3675.62,36182018.0,77885251474.1,0.78,3694.75,sh000903
2023-07-20 00:00:00,3702.13,3673.55,3723.72,3668.74,43079101.0,90738120851.7,1.49,3673.55,sh000903
2023-07-21 00:00:00,3666.61,3669.03,3696.75,3655.82,39243794.0,83231085360.9,1.11,3669.03,sh000903
2023-07-24 00:00:00,3647.66,3647.18,3672.45,3641.51,33984922.0,77095901265.6,0.84,3647.18,sh000903
2023-07-25 00:00:00,3706.18,3755.99,3755.99,3706.18,70799987.0,146772987064.7,1.37,3755.99,sh000903
2023-07-26 00:00:00,3748.91,3749.01,3752.71,3735.61,47422572.0,93275789022.6,0.46,3749.01,sh000903
2023-07-27 00:00:00,3756.58,3741.81,3772.03,3734.44,46781148.0,92387008707.4,1.0,3741.81,sh000903
2023-07-28 00:00:00,3730.03,3824.68,3832.62,3727.09,71789355.0,140279680845.3,2.82,3824.68,sh000903
2023-07-31 00:00:00,3852.09,3843.6,3891.11,3831.51,78200090.0,172605022103.1,1.56,3843.6,sh000903
2023-08-01 00:00:00,3840.07,3829.38,3859.62,3815.45,59745416.0,122633300320.2,1.15,3829.38,sh000903
2023-08-02 00:00:00,3818.91,3803.13,3838.23,3792.1,50120376.0,96738393165.0,1.2,3803.13,sh000903
2023-08-03 00:00:00,3793.02,3833.04,3833.39,3792.88,50073774.0,105063657118.1,1.07,3833.04,sh000903
2023-08-04 00:00:00,3861.27,3846.54,3881.39,3837.91,71319235.0,146180770114.0,1.13,3846.54,sh000903
2023-08-07 00:00:00,3831.02,3816.26,3831.02,3803.29,51962038.0,112605171200.9,0.72,3816.26,sh000903
2023-08-08 00:00:00,3809.49,3808.11,3829.49,3792.48,42710803.0,93826501781.0,0.97,3808.11,sh000903
2023-08-09 00:00:00,3796.96,3799.3,3813.86,3794.15,38396581.0,81316336740.4,0.52,3799.3,sh000903
2023-08-10 00:00:00,3794.51,3802.85,3806.62,3773.74,38072881.0,80151878530.6,0.87,3802.85,sh000903
2023-08-11 00:00:00,3807.18,3715.5,3807.18,3715.5,53509387.0,97929402147.3,2.41,3715.5,sh000903
2023-08-14 00:00:00,3673.13,3687.75,3690.86,3646.99,50420343.0,99183654787.2,1.18,3687.75,sh000903
2023-08-15 00:00:00,3689.04,3673.52,3695.12,3640.94,42366885.0,86915238403.2,1.47,3673.52,sh000903
2023-08-16 00:00:00,3658.34,3642.67,3673.55,3642.03,40076902.0,86853274229.7,0.86,3642.67,sh000903
2023-08-17 00:00:00,3626.68,3657.07,3662.15,3606.28,38127108.0,82047638390.9,1.53,3657.07,sh000903
2023-08-18 00:00:00,3655.98,3608.53,3664.45,3608.53,38249920.0,80091929530.2,1.53,3608.53,sh000903
2023-08-21 00:00:00,3595.88,3561.97,3611.78,3561.97,40660721.0,85180494297.3,1.38,3561.97,sh000903
2023-08-22 00:00:00,3580.04,3584.39,3598.48,3535.24,58776237.0,106290495149.7,1.78,3584.39,sh000903
2023-08-23 00:00:00,3578.92,3522.38,3582.75,3520.74,44884393.0,83026795106.3,1.73,3522.38,sh000903
2023-08-24 00:00:00,3538.09,3554.94,3579.14,3531.56,52988258.0,97498641310.3,1.35,3554.94,sh000903
2023-08-25 00:00:00,3537.21,3543.78,3568.99,3529.8,47460434.0,87963324799.5,1.1,3543.78,sh000903
2023-08-28 00:00:00,3737.15,3594.87,3737.15,3582.39,81991888.0,161761192569.9,4.37,3594.87,sh000903
2023-08-29 00:00:00,3587.65,3636.08,3658.25,3586.99,63154387.0,129139827528.3,1.98,3636.08,sh000903
2023-08-30 00:00:00,3653.15,3644.19,3666.71,3634.41,58151053.0,110758236684.0,0.89,3644.19,sh000903
2023-08-31 00:00:00,3644.96,3625.64,3651.13,3620.7,47990392.0,91513426558.8,0.84,3625.64,sh000903
2023-09-01 00:00:00,3639.01,3649.71,3667.99,3637.51,45344818.0,83733676051.7,0.84,3649.71,sh000903
2023-09-04 00:00:00,3675.06,3707.81,3713.92,3664.73,64509488.0,118491226932.4,1.35,3707.81,sh000903
2023-09-05 00:00:00,3699.02,3683.2,3699.54,3677.5,44151472.0,91029300170.0,0.59,3683.2,sh000903
2023-09-06 00:00:00,3671.93,3672.11,3678.36,3651.98,40351320.0,83755338429.5,0.72,3672.11,sh000903
2023-09-07 00:00:00,3661.91,3615.8,3661.91,3614.59,41818342.0,85404940480.7,1.29,3615.8,sh000903
2023-09-08 00:00:00,3605.09,3588.6,3610.38,3575.95,30628649.0,64883425377.9,0.95,3588.6,sh000903
2023-09-11 00:00:00,3589.19,3610.27,3632.26,3583.27,42520491.0,90714216893.4,1.37,3610.27,sh000903
2023-09-12 00:00:00,3607.64,3604.95,3617.62,3597.03,34623665.0,69630590980.8,0.57,3604.95,sh000903
2023-09-13 00:00:00,3603.53,3581.95,3613.95,3564.76,37809075.0,71578082826.6,1.36,3581.95,sh000903
2023-09-14 00:00:00,3581.93,3576.89,3594.12,3561.46,41968158.0,77042538839.9,0.91,3576.89,sh000903
2023-09-15 00:00:00,3583.67,3551.4,3591.79,3542.11,48943125.0,96631630257.7,1.39,3551.4,sh000903
2023-09-18 00:00:00,3541.77,3574.56,3586.22,3536.37,38845471.0,84342833212.9,1.4,3574.56,sh000903
2023-09-19 00:00:00,3570.25,3565.76,3570.25,3547.58,34081303.0,67769423763.0,0.63,3565.76,sh000903
2023-09-20 00:00:00,3561.17,3549.48,3562.34,3547.61,31807261.0,59449261949.3,0.41,3549.48,sh000903
2023-09-21 00:00:00,3540.82,3514.55,3551.12,3514.55,36145722.0,67920879704.3,1.03,3514.55,sh000903
2023-09-22 00:00:00,3516.52,3587.69,3588.34,3506.64,49903674.0,100515897243.7,2.32,3587.69,sh000903
2023-09-25 00:00:00,3588.02,3560.99,3588.02,3557.2,37924101.0,76542715201.9,0.86,3560.99,sh000903
2023-09-26 00:00:00,3555.55,3532.88,3567.51,3532.06,35013001.0,70893589029.2,1.0,3532.88,sh000903
2023-09-27 00:00:00,3534.25,3543.32,3573.65,3533.46,39737070.0,86755991562.4,1.14,3543.32,sh000903
2023-09-28 00:00:00,3555.17,3527.9,3558.79,3523.71,37679479.0,79358903544.9,0.99,3527.9,sh000903
2023-10-09 00:00:00,3517.09,3523.68,3532.55,3480.68,45127053.0,96849225239.3,1.47,3523.68,sh000903
2023-10-10 00:00:00,3534.97,3498.61,3540.2,3497.86,43321988.0,84366304954.9,1.2,3498.61,sh000903
2023-10-11 00:00:00,3518.01,3514.66,3536.36,3505.22,44357021.0,101808352075.2,0.89,3514.66,sh000903
2023-10-12 00:00:00,3544.33,3547.94,3558.84,3529.02,46374685.0,99629958812.1,0.85,3547.94,sh000903
2023-10-13 00:00:00,3522.39,3506.6,3522.39,3494.96,40327992.0,86631130471.1,0.77,3506.6,sh000903
2023-10-16 00:00:00,3507.77,3465.8,3507.77,3455.24,41280097.0,82933590769.8,1.5,3465.8,sh000903
2023-10-17 00:00:00,3476.58,3476.25,3482.58,3459.32,39108273.0,73824912880.3,0.67,3476.25,sh000903
2023-10-18 00:00:00,3471.12,3452.58,3471.12,3450.53,40868653.0,82525152841.7,0.59,3452.58,sh000903
2023-10-19 00:00:00,3429.55,3373.14,3430.02,3371.47,46663949.0,99493643216.2,1.7,3373.14,sh000903
2023-10-20 00:00:00,3357.28,3351.49,3376.12,3341.69,44825106.0,94298170479.9,1.02,3351.49,sh000903
2023-10-23 00:00:00,3344.49,3319.51,3347.84,3294.69,43915245.0,81359639469.5,1.59,3319.51,sh000903
2023-10-24 00:00:00,3328.18,3325.59,3336.83,3295.19,50947544.0,99439285812.1,1.25,3325.59,sh000903
2023-10-25 00:00:00,3362.22,3337.23,3369.9,3334.96,61843775.0,109113589268.5,1.05,3337.23,sh000903
2023-10-26 00:00:00,3318.48,3343.3,3344.78,3307.81,47682877.0,95457046796.2,1.11,3343.3,sh000903
2023-10-27 00:00:00,3329.79,3394.1,3409.01,3324.16,53515111.0,123370095870.6,2.54,3394.1,sh000903
2023-10-30 00:00:00,3386.49,3425.29,3434.38,3385.96,65943121.0,131697224098.7,1.43,3425.29,sh000903
2023-10-31 00:00:00,3418.6,3407.3,3418.6,3390.28,50322968.0,101924643733.5,0.83,3407.3,sh000903
2023-11-01 00:00:00,3443.31,3406.12,3444.28,3398.89,46178512.0,99501013839.4,1.33,3406.12,sh000903
2023-11-02 00:00:00,3417.65,3392.14,3435.01,3391.85,41178621.0,80429924059.1,1.27,3392.14,sh000903
2023-11-03 00:00:00,3397.09,3423.78,3433.34,3396.47,45704056.0,88623986482.2,1.09,3423.78,sh000903
2023-11-06 00:00:00,3444.36,3473.81,3477.71,3443.78,73352296.0,136437038616.5,0.99,3473.81,sh000903
2023-11-07 00:00:00,3465.46,3453.96,3465.46,3441.91,48660935.0,97753207742.5,0.68,3453.96,sh000903
2023-11-08 00:00:00,3444.06,3448.8,3463.94,3430.97,48621574.0,99811978865.0,0.95,3448.8,sh000903
2023-11-09 00:00:00,3438.83,3445.56,3459.81,3436.47,46725243.0,93222864071.0,0.68,3445.56,sh000903
2023-11-10 00:00:00,3427.21,3418.5,3430.12,3409.09,39659939.0,78333240913.7,0.61,3418.5,sh000903
2023-11-13 00:00:00,3426.17,3410.03,3433.18,3394.28,42195969.0,83805525558.6,1.14,3410.03,sh000903
2023-11-14 00:00:00,3412.27,3405.52,3428.0,3393.4,39669720.0,76372556778.9,1.01,3405.52,sh000903
2023-11-15 00:00:00,3442.02,3433.67,3445.33,3422.72,45089590.0,93705881610.0,0.66,3433.67,sh000903
2023-11-16 00:00:00,3427.77,3396.81,3429.64,3395.21,36925906.0,72500980594.4,1.0,3396.81,sh000903
2023-11-17 00:00:00,3384.22,3388.53,3394.85,3367.35,37015566.0,67390404199.6,0.81,3388.53,sh000903
2023-11-20 00:00:00,3390.29,3395.28,3407.83,3365.97,38256798.0,75690219304.8,1.24,3395.28,sh000903
2023-11-21 00:00:00,3409.11,3402.57,3434.83,3397.64,46185959.0,86111537695.4,1.1,3402.57,sh000903
2023-11-22 00:00:00,3391.03,3364.24,3395.21,3364.24,38473724.0,69650368844.2,0.91,3364.24,sh000903
2023-11-23 00:00:00,3360.76,3381.17,3381.99,3347.63,33542277.0,63082204891.4,1.02,3381.17,sh000903
2023-11-24 00:00:00,3381.41,3355.88,3381.41,3352.26,34006699.0,68323814844.4,0.86,3355.88,sh000903
2023-11-27 00:00:00,3350.62,3326.22,3350.62,3308.65,41372744.0,77458263643.1,1.25,3326.22,sh000903
2023-11-28 00:00:00,3323.86,3334.76,3335.8,3315.16,34672848.0,65159298888.0,0.62,3334.76,sh000903
2023-11-29 00:00:00,3335.53,3306.3,3337.12,3300.41,39248428.0,72694181700.3,1.1,3306.3,sh000903
2023-11-30 00:00:00,3302.5,3311.36,3322.39,3298.4,39868278.0,72260423034.6,0.73,3311.36,sh000903
2023-12-01 00:00:00,3309.48,3294.34,3309.48,3261.96,46935811.0,90260948783.8,1.44,3294.34,sh000903
2023-12-04 00:00:00,3291.85,3269.39,3296.49,3268.38,42765033.0,80690042207.3,0.85,3269.39,sh000903
2023-12-05 00:00:00,3258.67,3203.72,3258.67,3203.27,44220405.0,84889158866.5,1.69,3203.72,sh000903
2023-12-06 00:00:00,3197.1,3213.23,3234.13,3193.04,48113661.0,93159416926.6,1.28,3213.23,sh000903
2023-12-07 00:00:00,3206.65,3202.4,3217.08,3181.64,41467631.0,82906873919.2,1.1,3202.4,sh000903
2023-12-08 00:00:00,3203.91,3213.02,3221.64,3194.99,54303909.0,96579971828.0,0.83,3213.02,sh000903
2023-12-11 00:00:00,3191.33,3234.69,3242.55,3165.4,60935279.0,104817292987.0,2.4,3234.69,sh000903
2023-12-12 00:00:00,3225.72,3240.41,3241.41,3221.69,45868018.0,79020276299.3,0.61,3240.41,sh000903
2023-12-13 00:00:00,3231.12,3183.78,3231.12,3183.57,41419121.0,78942050202.9,1.47,3183.78,sh000903
2023-12-14 00:00:00,3203.82,3168.9,3215.48,3167.24,37377402.0,76763777610.1,1.52,3168.9,sh000903
2023-12-15 00:00:00,3185.32,3161.26,3208.31,3159.13,45766120.0,89880019719.1,1.55,3161.26,sh000903
2023-12-18 00:00:00,3147.71,3148.19,3170.21,3133.62,39088149.0,74560497677.6,1.16,3148.19,sh000903
2023-12-19 00:00:00,3143.98,3157.55,3167.96,3132.95,35549956.0,68404005965.7,1.11,3157.55,sh000903
2023-12-20 00:00:00,3155.74,3125.42,3160.41,3125.1,40388203.0,73129918491.7,1.12,3125.42,sh000903
2023-12-21 00:00:00,3113.47,3162.97,3171.57,3112.43,47385848.0,93726212514.7,1.89,3162.97,sh000903
2023-12-22 00:00:00,3160.59,3171.5,3192.91,3147.98,50238578.0,89224688812.5,1.42,3171.5,sh000903
2023-12-25 00:00:00,3164.66,3177.09,3182.33,3161.7,33614843.0,60503711852.3,0.65,3177.09,sh000903
2023-12-26 00:00:00,3175.22,3157.91,3175.22,3148.9,32441422.0,59439973948.2,0.83,3157.91,sh000903
2023-12-27 00:00:00,3161.08,3170.45,3176.52,3145.65,44369971.0,72979199617.6,0.98,3170.45,sh000903
2023-12-28 00:00:00,3169.93,3250.63,3258.13,3165.77,67560750.0,131285825303.8,2.91,3250.63,sh000903
2023-12-29 00:00:00,3248.01,3263.05,3268.97,3246.54,56271215.0,103671285554.8,0.69,3263.05,sh000903
2024-01-02 00:00:00,3260.23,3218.49,3260.23,3218.49,52673533.0,95311989609.0,1.28,3218.49,sh000903
2024-01-03 00:00:00,3211.59,3208.99,3224.25,3193.47,46921205.0,85158826498.7,0.96,3208.99,sh000903
2024-01-04 00:00:00,3205.75,3178.25,3206.36,3154.6,48790990.0,86827126502.8,1.61,3178.25,sh000903
2024-01-05 00:00:00,3172.41,3162.03,3202.66,3145.81,54687807.0,95299202754.6,1.79,3162.03,sh000903
2024-01-08 00:00:00,3157.21,3123.37,3171.1,3119.6,55401939.0,88182022707.3,1.63,3123.37,sh000903
2024-01-09 00:00:00,3124.45,3129.95,3142.57,3112.25,50011586.0,90522518641.8,0.97,3129.95,sh000903
2024-01-10 00:00:00,3118.32,3111.37,3149.09,3105.81,44001200.0,83552356111.8,1.38,3111.37,sh000903
2024-01-11 00:00:00,3110.59,3131.49,3146.43,3102.57,49707584.0,98351627702.6,1.41,3131.49,sh000903
2024-01-12 00:00:00,3119.07,3119.39,3143.71,3112.34,44081801.0,83524301018.0,1.0,3119.39,sh000903
2024-01-15 00:00:00,3104.23,3115.94,3140.94,3096.11,39887365.0,74309565699.8,1.44,3115.94,sh000903
2024-01-16 00:00:00,3107.51,3133.77,3133.77,3095.35,47869348.0,89289371422.6,1.23,3133.77,sh000903
2024-01-17 00:00:00,3124.06,3060.48,3124.06,3060.48,46503170.0,90793348430.0,2.03,3060.48,sh000903
2024-01-18 00:00:00,3046.18,3111.3,3116.05,3012.45,76980323.0,136521027686.2,3.39,3111.3,sh000903
2024-01-19 00:00:00,3098.63,3112.17,3127.96,3091.28,55325262.0,106190418785.3,1.18,3112.17,sh000903
2024-01-22 00:00:00,3105.06,3072.15,3128.05,3046.33,65855311.0,122027544152.7,2.63,3072.15,sh000903
2024-01-23 00:00:00,3062.19,3081.17,3098.39,3045.27,55014870.0,105290980682.1,1.73,3081.17,sh000903
2024-01-24 00:00:00,3096.44,3118.13,3121.9,3039.07,65597954.0,112054791678.7,2.69,3118.13,sh000903
2024-01-25 00:00:00,3116.09,3179.03,3180.36,3109.33,87305165.0,131960966054.6,2.28,3179.03,sh000903
2024-01-26 00:00:00,3162.41,3163.53,3181.15,3148.2,81490113.0,122779820470.0,1.04,3163.53,sh000903
2024-01-29 00:00:00,3164.26,3127.24,3176.89,3127.24,78906794.0,126620715925.3,1.57,3127.24,sh000903
2024-01-30 00:00:00,3109.38,3071.6,3121.82,3071.56,62078465.0,104430341840.2,1.61,3071.6,sh000903
2024-01-31 00:00:00,3062.1,3049.43,3082.25,3036.38,64640683.0,114733283201.6,1.49,3049.43,sh000903
2024-02-01 00:00:00,3038.2,3051.96,3085.97,3028.84,61431774.0,104445003695.5,1.87,3051.96,sh000903
2024-02-02 00:00:00,3053.4,3011.6,3063.83,2947.49,73621843.0,120492796091.0,3.81,3011.6,sh000903
2024-02-05 00:00:00,2995.52,3042.52,3072.74,2956.95,87502535.0,148217505239.8,3.84,3042.52,sh000903
2024-02-06 00:00:00,3028.21,3147.3,3148.48,3026.29,86660075.0,148752448906.4,4.02,3147.3,sh000903
2024-02-07 00:00:00,3150.16,3183.12,3183.12,3126.75,93673893.0,155522352734.6,1.79,3183.12,sh000903
2024-02-08 00:00:00,3189.97,3207.2,3214.82,3183.24,80266241.0,137746320708.8,0.99,3207.2,sh000903
2024-02-19 00:00:00,3235.77,3234.86,3235.77,3204.95,79755603.0,136812861975.7,0.96,3234.86,sh000903
2024-02-20 00:00:00,3228.74,3238.31,3242.91,3210.96,58694347.0,108815727521.3,0.99,3238.31,sh000903
2024-02-21 00:00:00,3219.52,3277.71,3318.18,3212.97,78052790.0,141918369029.2,3.25,3277.71,sh000903
2024-02-22 00:00:00,3272.26,3302.14,3302.39,3271.11,59133807.0,106620701457.7,0.95,3302.14,sh000903
2024-02-23 00:00:00,3305.64,3298.23,3314.77,3281.51,60803498.0,112592932175.6,1.01,3298.23,sh000903
2024-02-26 00:00:00,3295.01,3265.65,3301.6,3258.12,63634045.0,117096164845.4,1.32,3265.65,sh000903
2024-02-27 00:00:00,3253.16,3305.22,3305.22,3250.41,59402431.0,121509935498.2,1.68,3305.22,sh000903
2024-02-28 00:00:00,3311.28,3263.6,3331.33,3263.6,80138347.0,162615021696.9,2.05,3263.6,sh000903
2024-02-29 00:00:00,3252.91,3326.71,3327.37,3252.91,68659714.0,145773768195.2,2.28,3326.71,sh000903
2024-03-01 00:00:00,3326.26,3348.79,3354.43,3314.13,73307463.0,148275259831.6,1.21,3348.79,sh000903
2024-03-04 00:00:00,3351.42,3352.89,3364.19,3335.97,73450072.0,153415637987.6,0.84,3352.89,sh000903
2024-03-05 00:00:00,3336.92,3377.1,3381.92,3331.15,75674368.0,154577788346.8,1.51,3377.1,sh000903
2024-03-06 00:00:00,3367.49,3366.19,3392.06,3358.04,63508086.0,123752961924.4,1.01,3366.19,sh000903
2024-03-07 00:00:00,3362.59,3349.3,3384.49,3340.52,70345976.0,130532767357.5,1.31,3349.3,sh000903
2024-03-08 00:00:00,3347.83,3358.9,3363.19,3328.34,59308020.0,117620605706.8,1.04,3358.9,sh000903
2024-03-11 00:00:00,3363.19,3410.79,3410.79,3362.17,68924612.0,154899545186.9,1.45,3410.79,sh000903
2024-03-12 00:00:00,3415.46,3419.56,3427.49,3394.34,84106392.0,180467323885.4,0.97,3419.56,sh000903
2024-03-13 00:00:00,3417.72,3395.11,3417.72,3384.74,63072381.0,130231662697.5,0.96,3395.11,sh000903
2024-03-14 00:00:00,3400.78,3387.24,3425.03,3372.5,65194941.0,137751230196.7,1.55,3387.24,sh000903
2024-03-15 00:00:00,3378.83,3387.08,3390.96,3350.7,62264907.0,126145283854.6,1.19,3387.08,sh000903
2024-03-18 00:00:00,3396.4,3414.49,3415.22,3387.14,67996466.0,145014270586.4,0.83,3414.49,sh000903
2024-03-19 00:00:00,3404.14,3388.58,3422.33,3388.32,70816593.0,131748225274.1,1.0,3388.58,sh000903
2024-03-20 00:00:00,3378.43,3399.0,3403.39,3378.43,62236238.0,114162664823.7,0.74,3399.0,sh000903
2024-03-21 00:00:00,3408.58,3395.11,3419.06,3392.13,58477376.0,116493328381.7,0.79,3395.11,sh000903
2024-03-22 00:00:00,3385.04,3366.44,3391.41,3342.78,64786866.0,129420037394.8,1.43,3366.44,sh000903
2024-03-25 00:00:00,3359.49,3353.15,3390.01,3351.51,61965543.0,117610566020.6,1.14,3353.15,sh000903
2024-03-26 00:00:00,3354.26,3368.98,3374.04,3347.88,55244066.0,118033637480.3,0.78,3368.98,sh000903
2024-03-27 00:00:00,3364.06,3332.42,3369.65,3332.42,56540021.0,109838145918.9,1.11,3332.42,sh000903
2024-03-28 00:00:00,3329.71,3354.27,3384.04,3322.01,60829884.0,117135435315.8,1.86,3354.27,sh000903
2024-03-29 00:00:00,3353.96,3373.86,3377.18,3353.96,54343376.0,98089615484.6,0.69,3373.86,sh000903
2024-04-01 00:00:00,3389.46,3433.67,3440.1,3389.46,81480288.0,132813467059.3,1.5,3433.67,sh000903
2024-04-02 00:00:00,3431.52,3422.8,3434.06,3411.0,68402168.0,116192944649.8,0.67,3422.8,sh000903
2024-04-03 00:00:00,3423.13,3416.82,3426.59,3407.5,70330875.0,116490605452.9,0.56,3416.82,sh000903
2024-04-08 00:00:00,3405.3,3389.7,3421.44,3389.15,76483938.0,132000643451.9,0.95,3389.7,sh000903
2024-04-09 00:00:00,3385.47,3383.71,3396.8,3370.2,65439586.0,107678461479.8,0.78,3383.71,sh000903
2024-04-10 00:00:00,3379.34,3356.53,3379.86,3342.33,61345452.0,105887982878.7,1.11,3356.53,sh000903
2024-04-11 00:00:00,3334.76,3352.77,3368.2,3334.74,57562279.0,104904361660.2,1.0,3352.77,sh000903
2024-04-12 00:00:00,3353.95,3326.28,3362.51,3320.15,59690035.0,109114047271.7,1.26,3326.28,sh000903
2024-04-15 00:00:00,3323.57,3397.2,3399.23,3323.57,83840204.0,139926367259.5,2.27,3397.2,sh000903
2024-04-16 00:00:00,3382.25,3368.28,3398.57,3357.16,79656599.0,130756431546.8,1.22,3368.28,sh000903
2024-04-17 00:00:00,3363.86,3414.67,3415.63,3355.12,75913191.0,127211099285.0,1.8,3414.67,sh000903
2024-04-18 00:00:00,3399.48,3412.88,3444.61,3396.14,75212193.0,129829148586.9,1.42,3412.88,sh000903
2024-04-19 00:00:00,3395.48,3386.94,3407.98,3372.34,68378483.0,119494390980.4,1.04,3386.94,sh000903
2024-04-22 00:00:00,3383.54,3378.23,3404.5,3375.4,69304238.0,120863664079.2,0.86,3378.23,sh000903
2024-04-23 00:00:00,3371.24,3348.6,3377.68,3342.26,70272033.0,117918936028.0,1.05,3348.6,sh000903
2024-04-24 00:00:00,3354.48,3357.97,3362.04,3334.99,56110735.0,102232101640.5,0.81,3357.97,sh000903
2024-04-25 00:00:00,3346.33,3368.01,3382.59,3342.78,54073266.0,98853572511.3,1.19,3368.01,sh000903
2024-04-26 00:00:00,3365.87,3421.49,3425.88,3365.68,81020790.0,150561962787.1,1.79,3421.49,sh000903
2024-04-29 00:00:00,3419.8,3460.45,3484.26,3416.1,94344748.0,175521536806.6,1.99,3460.45,sh000903
2024-04-30 00:00:00,3452.42,3435.19,3464.44,3435.19,86799967.0,139963851719.8,0.85,3435.19,sh000903
2024-05-06 00:00:00,3488.71,3497.66,3501.62,3479.55,100739858.0,177601634634.3,0.64,3497.66,sh000903
2024-05-07 00:00:00,3497.71,3500.07,3508.43,3491.71,75852855.0,121940616269.0,0.48,3500.07,sh000903
2024-05-08 00:00:00,3491.76,3469.81,3491.91,3468.52,59050960.0,100423741329.2,0.67,3469.81,sh000903
2024-05-09 00:00:00,3471.12,3505.54,3512.08,3471.12,67114764.0,120438973514.7,1.18,3505.54,sh000903
2024-05-10 00:00:00,3512.14,3504.45,3517.06,3482.62,69130899.0,122046283525.8,0.98,3504.45,sh000903
2024-05-13 00:00:00,3482.95,3499.47,3508.57,3472.96,71299603.0,130360939678.6,1.02,3499.47,sh000903
2024-05-14 00:00:00,3504.13,3485.47,3509.9,3477.44,60606535.0,110928886890.1,0.93,3485.47,sh000903
2024-05-15 00:00:00,3479.27,3457.72,3486.24,3455.41,57328529.0,98502284657.1,0.88,3457.72,sh000903
2024-05-16 00:00:00,3468.96,3468.09,3485.18,3455.46,73778757.0,127691328680.9,0.86,3468.09,sh000903
2024-05-17 00:00:00,3469.16,3507.45,3507.45,3455.3,81910306.0,138688415395.7,1.5,3507.45,sh000903
2024-05-20 00:00:00,3513.31,3515.86,3527.98,3501.59,89980680.0,150700384914.0,0.75,3515.86,sh000903
2024-05-21 00:00:00,3507.83,3495.89,3511.02,3485.74,61516495.0,102288817095.9,0.72,3495.89,sh000903
2024-05-22 00:00:00,3495.82,3504.34,3512.61,3486.28,72458364.0,125633972433.5,0.75,3504.34,sh000903
2024-05-23 00:00:00,3490.31,3463.13,3491.12,3454.1,67922304.0,114383376218.3,1.06,3463.13,sh000903
2024-05-24 00:00:00,3451.48,3424.63,3469.27,3422.82,55566873.0,99552099307.0,1.34,3424.63,sh000903
2024-05-27 00:00:00,3429.06,3453.86,3456.58,3425.84,59670781.0,108134646159.7,0.9,3453.86,sh000903
2024-05-28 00:00:00,3452.81,3429.47,3458.73,3425.54,61665812.0,99283563903.5,0.96,3429.47,sh000903
2024-05-29 00:00:00,3430.33,3440.84,3457.62,3430.33,54222649.0,96605634951.3,0.8,3440.84,sh000903
2024-05-30 00:00:00,3437.17,3421.53,3451.06,3414.47,57518343.0,104221047266.7,1.06,3421.53,sh000903
2024-05-31 00:00:00,3427.07,3400.58,3439.63,3400.58,51191560.0,94240615427.2,1.14,3400.58,sh000903
2024-06-03 00:00:00,3399.89,3420.93,3432.02,3393.49,61346473.0,117377887072.4,1.13,3420.93,sh000903
2024-06-04 00:00:00,3416.96,3450.91,3457.72,3411.88,60388749.0,107321876306.1,1.34,3450.91,sh000903
2024-06-05 00:00:00,3445.12,3430.99,3460.37,3430.76,51093145.0,97162745789.5,0.86,3430.99,sh000903
2024-06-06 00:00:00,3439.09,3435.35,3468.55,3426.64,64751573.0,121524827265.9,1.22,3435.35,sh000903
2024-06-07 00:00:00,3435.84,3411.14,3442.73,3390.29,59724479.0,115940476191.2,1.53,3411.14,sh000903
2024-06-11 00:00:00,3387.23,3379.68,3399.59,3361.4,60257008.0,120204393347.7,1.12,3379.68,sh000903
2024-06-12 00:00:00,3375.7,3378.43,3386.41,3368.33,56344566.0,109774396458.4,0.53,3378.43,sh000903
2024-06-13 00:00:00,3384.38,3356.16,3384.41,3350.29,53356211.0,111809039665.6,1.01,3356.16,sh000903
2024-06-14 00:00:00,3347.77,3373.87,3379.45,3335.49,66805341.0,145844034434.7,1.31,3373.87,sh000903
2024-06-17 00:00:00,3353.38,3369.97,3377.28,3353.38,59201009.0,119760672411.1,0.71,3369.97,sh000903
2024-06-18 00:00:00,3366.24,3378.14,3384.16,3366.05,54834241.0,107784194613.0,0.54,3378.14,sh000903
2024-06-19 00:00:00,3374.55,3361.55,3374.55,3354.72,47185326.0,93969787535.4,0.59,3361.55,sh000903
2024-06-20 00:00:00,3359.15,3340.24,3369.42,3336.64,53166273.0,98334062416.7,0.98,3340.24,sh000903
2024-06-21 00:00:00,3335.63,3330.05,3342.2,3308.83,50952171.0,98294119887.6,1.0,3330.05,sh000903
2024-06-24 00:00:00,3307.82,3320.83,3346.31,3303.5,53728438.0,104787377121.8,1.29,3320.83,sh000903
2024-06-25 00:00:00,3317.95,3305.3,3327.74,3289.18,54069518.0,102717899050.0,1.16,3305.3,sh000903
2024-06-26 00:00:00,3298.43,3324.23,3332.01,3289.99,47326912.0,89183661887.6,1.27,3324.23,sh000903
2024-06-27 00:00:00,3311.87,3300.26,3314.24,3297.56,53110429.0,92738128365.7,0.5,3300.26,sh000903
2024-06-28 00:00:00,3288.71,3309.99,3330.3,3288.71,62996534.0,108261121957.6,1.26,3309.99,sh000903
2024-07-01 00:00:00,3308.24,3318.49,3321.84,3288.67,57241101.0,100795449358.9,1.0,3318.49,sh000903
2024-07-02 00:00:00,3311.1,3312.23,3327.42,3305.23,55102011.0,98862190591.4,0.67,3312.23,sh000903
2024-07-03 00:00:00,3312.75,3312.77,3319.95,3297.79,46848010.0,87035564617.7,0.67,3312.77,sh000903
2024-07-04 00:00:00,3318.54,3299.68,3337.09,3299.48,47844285.0,83908320571.8,1.14,3299.68,sh000903
2024-07-05 00:00:00,3297.52,3287.27,3306.17,3254.65,51771527.0,95096876981.0,1.56,3287.27,sh000903
2024-07-08 00:00:00,3276.08,3258.36,3283.38,3253.0,53018502.0,96414058944.5,0.92,3258.36,sh000903
2024-07-09 00:00:00,3255.64,3293.87,3304.62,3244.12,60291544.0,113297465068.4,1.86,3293.87,sh000903
2024-07-10 00:00:00,3284.43,3285.53,3307.49,3280.15,58703661.0,103158855036.6,0.83,3285.53,sh000903
2024-07-11 00:00:00,3302.94,3323.86,3329.21,3290.14,67048057.0,122107016764.6,1.19,3323.86,sh000903
2024-07-12 00:00:00,3321.81,3338.34,3345.13,3320.13,62766367.0,112047570574.6,0.75,3338.34,sh000903
2024-07-15 00:00:00,3326.79,3333.59,3343.07,3323.86,59349291.0,91067456900.5,0.58,3333.59,sh000903
2024-07-16 00:00:00,3322.74,3353.79,3355.83,3317.98,57173267.0,105689453424.8,1.14,3353.79,sh000903
2024-07-17 00:00:00,3350.92,3355.22,3367.0,3340.45,62076202.0,118628674516.8,0.79,3355.22,sh000903
2024-07-18 00:00:00,3337.48,3379.18,3381.04,3335.0,58488610.0,117166657749.2,1.37,3379.18,sh000903
2024-07-19 00:00:00,3355.16,3394.26,3400.05,3346.03,62264118.0,121699679233.8,1.6,3394.26,sh000903
2024-07-22 00:00:00,3392.86,3371.39,3395.45,3351.05,60529242.0,112846444640.4,1.31,3371.39,sh000903
2024-07-23 00:00:00,3366.4,3294.59,3366.4,3294.59,59697984.0,106714770026.8,2.13,3294.59,sh000903
2024-07-24 00:00:00,3288.04,3272.11,3307.64,3261.61,60864932.0,96965198889.5,1.4,3272.11,sh000903
2024-07-25 00:00:00,3258.32,3252.89,3271.63,3238.15,61495078.0,101339542004.3,1.02,3252.89,sh000903
2024-07-26 00:00:00,3260.2,3267.44,3276.85,3243.66,58534310.0,104502685523.0,1.02,3267.44,sh000903
2024-07-29 00:00:00,3261.52,3239.15,3261.52,3239.15,47796535.0,87674706649.2,0.68,3239.15,sh000903
2024-07-30 00:00:00,3227.36,3215.07,3227.69,3197.87,47774689.0,87355152044.5,0.92,3215.07,sh000903
2024-07-31 00:00:00,3207.75,3286.34,3289.3,3207.75,75312838.0,129808130923.8,2.54,3286.34,sh000903
2024-08-01 00:00:00,3287.93,3260.85,3293.6,3259.7,57835077.0,101189982662.0,1.03,3260.85,sh000903
2024-08-02 00:00:00,3234.35,3225.81,3261.21,3222.74,50855111.0,90736433256.0,1.18,3225.81,sh000903
2024-08-05 00:00:00,3202.25,3188.0,3251.79,3188.0,64304847.0,114767485063.9,1.98,3188.0,sh000903
2024-08-06 00:00:00,3211.62,3184.05,3220.8,3161.89,52601998.0,95163917847.5,1.85,3184.05,sh000903
2024-08-07 00:00:00,3180.09,3180.19,3201.45,3170.84,39964383.0,70900612592.8,0.96,3180.19,sh000903
2024-08-08 00:00:00,3171.07,3182.32,3201.26,3158.91,40966399.0,73101741702.6,1.33,3182.32,sh000903
2024-08-09 00:00:00,3199.25,3174.6,3210.14,3174.6,43974894.0,75432999972.6,1.12,3174.6,sh000903
2024-08-12 00:00:00,3171.36,3169.15,3181.91,3163.45,35452277.0,59151481181.8,0.58,3169.15,sh000903
2024-08-13 00:00:00,3170.56,3176.63,3177.77,3153.73,35867779.0,62994987116.4,0.76,3176.63,sh000903
2024-08-14 00:00:00,3175.33,3149.7,3175.33,3149.52,31590991.0,56617918200.8,0.81,3149.7,sh000903
2024-08-15 00:00:00,3141.95,3183.79,3197.91,3138.12,45879514.0,75208218765.0,1.9,3183.79,sh000903
2024-08-16 00:00:00,3184.66,3188.79,3199.21,3178.22,41920818.0,67478123616.4,0.66,3188.79,sh000903
2024-08-19 00:00:00,3189.11,3195.55,3221.75,3188.73,43071591.0,70294611693.3,1.04,3195.55,sh000903
2024-08-20 00:00:00,3201.73,3178.84,3202.47,3168.19,41639698.0,67828565338.7,1.07,3178.84,sh000903
2024-08-21 00:00:00,3169.91,3172.46,3188.74,3154.94,38951445.0,66653410645.8,1.06,3172.46,sh000903
2024-08-22 00:00:00,3174.06,3170.38,3179.34,3158.23,42602474.0,75860505472.2,0.67,3170.38,sh000903
2024-08-23 00:00:00,3162.12,3185.86,3194.39,3161.35,38845460.0,70963323182.7,1.04,3185.86,sh000903
2024-08-26 00:00:00,3190.3,3183.64,3195.95,3169.65,44642871.0,75727314068.5,0.83,3183.64,sh000903
2024-08-27 00:00:00,3174.6,3167.34,3181.41,3162.33,44167381.0,67537921847.8,0.6,3167.34,sh000903
2024-08-28 00:00:00,3161.78,3148.34,3168.53,3135.57,41506147.0,70572985225.9,1.04,3148.34,sh000903
2024-08-29 00:00:00,3134.53,3144.96,3157.63,3133.64,56154219.0,89309173084.4,0.76,3144.96,sh000903
2024-08-30 00:00:00,3143.2,3195.94,3224.97,3142.39,80602618.0,136043851331.3,2.63,3195.94,sh000903
2024-09-02 00:00:00,3179.97,3139.09,3182.73,3138.31,58087186.0,91780107794.0,1.39,3139.09,sh000903
2024-09-03 00:00:00,3135.32,3153.6,3162.58,3135.32,52625249.0,78361875229.7,0.87,3153.6,sh000903
2024-09-04 00:00:00,3133.43,3131.14,3152.59,3128.68,47594337.0,75241698582.3,0.76,3131.14,sh000903
2024-09-05 00:00:00,3131.43,3132.82,3144.98,3123.65,43048247.0,69699391889.0,0.68,3132.82,sh000903
2024-09-06 00:00:00,3135.0,3103.78,3144.43,3103.65,33631653.0,55584988997.7,1.3,3103.78,sh000903
2024-09-09 00:00:00,3086.53,3066.51,3097.17,3054.06,48296116.0,77968336724.7,1.39,3066.51,sh000903
2024-09-10 00:00:00,3065.59,3065.66,3075.98,3047.05,42052091.0,70101170840.3,0.94,3065.66,sh000903
2024-09-11 00:00:00,3058.65,3067.45,3076.39,3047.63,45911161.0,78806958358.0,0.94,3067.45,sh000903
2024-09-12 00:00:00,3071.5,3054.25,3085.52,3053.25,42293009.0,75319418020.8,1.05,3054.25,sh000903
2024-09-13 00:00:00,3055.17,3043.92,3071.86,3043.92,40240045.0,75215224256.4,0.91,3043.92,sh000903
2024-09-18 00:00:00,3044.6,3058.44,3068.91,3036.61,39685649.0,67343412708.4,1.06,3058.44,sh000903
2024-09-19 00:00:00,3061.12,3077.61,3095.96,3034.71,56166979.0,94679373359.9,2.0,3077.61,sh000903
2024-09-20 00:00:00,3075.89,3083.55,3090.43,3056.14,53613790.0,89122970991.3,1.11,3083.55,sh000903
2024-09-23 00:00:00,3084.28,3089.96,3108.99,3080.85,40361651.0,75770339683.2,0.91,3089.96,sh000903
2024-09-24 00:00:00,3124.35,3223.26,3223.35,3097.22,88277174.0,160990084992.1,4.08,3223.26,sh000903
2024-09-25 00:00:00,3276.83,3272.66,3337.8,3267.63,103653150.0,184213289956.8,2.18,3272.66,sh000903
2024-09-26 00:00:00,3273.3,3406.7,3407.2,3263.7,102770860.0,188405533815.8,4.38,3406.7,sh000903
2024-09-27 00:00:00,3480.19,3562.61,3571.57,3463.55,116269630.0,243456705769.1,3.17,3562.61,sh000903
2024-09-30 00:00:00,3692.92,3861.49,3883.9,3647.48,223144067.0,452392876102.8,6.64,3861.49,sh000903
2024-10-08 00:00:00,4284.12,4094.76,4284.12,3934.07,275043248.0,615858492734.8,9.07,4094.76,sh000903
2024-10-09 00:00:00,4007.15,3792.28,4022.2,3777.3,199741178.0,510271960511.8,5.98,3792.28,sh000903
2024-10-10 00:00:00,3814.0,3844.35,3938.38,3764.56,160213904.0,352904399029.2,4.58,3844.35,sh000903
2024-10-11 00:00:00,3814.98,3725.7,3814.98,3686.78,109456895.0,234843519397.7,3.33,3725.7,sh000903
2024-10-14 00:00:00,3750.54,3795.24,3813.25,3715.13,112586745.0,241441494099.3,2.63,3795.24,sh000903
2024-10-15 00:00:00,3781.89,3699.12,3805.72,3699.12,92313570.0,204017580803.5,2.81,3699.12,sh000903
2024-10-16 00:00:00,3651.15,3662.38,3705.25,3642.19,87088351.0,179809804279.9,1.7,3662.38,sh000903
2024-10-17 00:00:00,3681.76,3611.21,3703.45,3610.61,81934786.0,165151666505.1,2.53,3611.21,sh000903
2024-10-18 00:00:00,3602.65,3742.87,3811.23,3595.19,118323513.0,287170970340.7,5.98,3742.87,sh000903
2024-10-21 00:00:00,3775.72,3764.01,3805.25,3727.36,122129398.0,296876763997.3,2.08,3764.01,sh000903
2024-10-22 00:00:00,3754.03,3783.59,3789.8,3746.05,93616997.0,212578432060.6,1.16,3783.59,sh000903
2024-10-23 00:00:00,3777.39,3799.58,3835.33,3764.12,110253482.0,230466771392.3,1.88,3799.58,sh000903
2024-10-24 00:00:00,3779.67,3752.16,3783.96,3738.5,78184283.0,173580435735.2,1.2,3752.16,sh000903
2024-10-25 00:00:00,3755.12,3784.02,3822.18,3747.1,96251026.0,216853586973.8,2.0,3784.02,sh000903
2024-10-28 00:00:00,3780.7,3787.1,3787.7,3743.93,100930565.0,197865178268.5,1.16,3787.1,sh000903
2024-10-29 00:00:00,3793.03,3746.81,3809.66,3744.51,95717528.0,213402728982.8,1.72,3746.81,sh000903
2024-10-30 00:00:00,3727.58,3715.74,3749.85,3692.37,112618689.0,201893092479.2,1.53,3715.74,sh000903
2024-10-31 00:00:00,3715.97,3709.31,3739.92,3679.02,141682771.0,241441397633.9,1.64,3709.31,sh000903
2024-11-01 00:00:00,3703.87,3716.35,3754.31,3700.08,156830950.0,232301071959.9,1.46,3716.35,sh000903
2024-11-04 00:00:00,3724.79,3763.56,3763.56,3716.4,108492110.0,178044550344.7,1.27,3763.56,sh000903
2024-11-05 00:00:00,3754.74,3851.27,3851.88,3745.56,147365169.0,272837842625.3,2.82,3851.27,sh000903
2024-11-06 00:00:00,3856.89,3827.29,3888.69,3804.44,159741981.0,305545716671.0,2.19,3827.29,sh000903
2024-11-07 00:00:00,3790.13,3922.28,3923.32,3785.75,152050842.0,302117444408.0,3.59,3922.28,sh000903
2024-11-08 00:00:00,3970.08,3890.19,3979.2,3881.18,152456382.0,329898481632.8,2.5,3890.19,sh000903
2024-11-11 00:00:00,3854.67,3916.38,3918.22,3833.79,135545563.0,308924314744.5,2.17,3916.38,sh000903
2024-11-12 00:00:00,3920.31,3874.43,3971.03,3853.59,137643237.0,334297824026.8,3.0,3874.43,sh000903
2024-11-13 00:00:00,3847.69,3901.93,3912.64,3847.69,116673956.0,260093671351.0,1.68,3901.93,sh000903
2024-11-14 00:00:00,3894.28,3830.99,3907.4,3825.66,108314147.0,227723964033.9,2.09,3830.99,sh000903
2024-11-15 00:00:00,3815.07,3764.93,3837.72,3764.93,115027600.0,226223965682.1,1.9,3764.93,sh000903
2024-11-18 00:00:00,3773.64,3738.15,3815.16,3720.17,130585652.0,218284400754.6,2.52,3738.15,sh000903
2024-11-19 00:00:00,3744.02,3761.37,3765.52,3688.56,102622761.0,185096020862.9,2.06,3761.37,sh000903
2024-11-20 00:00:00,3753.97,3768.81,3783.37,3743.24,77047465.0,162195370220.1,1.07,3768.81,sh000903
2024-11-21 00:00:00,3763.18,3764.89,3775.35,3744.12,67617355.0,140443848104.3,0.83,3764.89,sh000903
2024-11-22 00:00:00,3760.56,3653.29,3767.89,3653.29,90373454.0,181471604755.8,3.04,3653.29,sh000903
2024-11-25 00:00:00,3663.26,3630.08,3682.35,3601.96,80709051.0,161111097570.7,2.2,3630.08,sh000903
2024-11-26 00:00:00,3619.88,3622.33,3652.46,3617.06,60510336.0,119141050268.1,0.98,3622.33,sh000903
2024-11-27 00:00:00,3612.74,3678.43,3678.65,3600.21,71629829.0,143279612654.5,2.17,3678.43,sh000903
2024-11-28 00:00:00,3677.45,3644.89,3679.59,3636.29,60926226.0,124585396710.4,1.18,3644.89,sh000903
2024-11-29 00:00:00,3640.79,3682.05,3723.51,3640.79,74059169.0,163993033954.6,2.27,3682.05,sh000903
2024-12-02 00:00:00,3678.49,3711.95,3720.99,3670.53,83554440.0,166428888446.7,1.37,3711.95,sh000903
2024-12-03 00:00:00,3711.05,3710.89,3720.03,3684.52,72778536.0,142804330327.2,0.96,3710.89,sh000903
2024-12-04 00:00:00,3708.81,3694.29,3715.8,3683.03,76751706.0,143565040399.0,0.88,3694.29,sh000903
2024-12-05 00:00:00,3680.58,3679.17,3694.84,3669.64,57077970.0,114072644266.0,0.68,3679.17,sh000903
2024-12-06 00:00:00,3681.67,3733.23,3752.27,3681.67,79314351.0,158245377546.5,1.92,3733.23,sh000903
2024-12-09 00:00:00,3731.85,3729.75,3755.91,3712.9,79880064.0,145359040872.1,1.15,3729.75,sh000903
2024-12-10 00:00:00,3848.97,3757.28,3852.81,3750.67,115122553.0,228018767622.7,2.74,3757.28,sh000903
2024-12-11 00:00:00,3752.89,3751.78,3767.79,3741.74,82401660.0,143066105589.6,0.69,3751.78,sh000903
2024-12-12 00:00:00,3747.64,3787.19,3790.31,3741.42,79075512.0,152998709839.1,1.3,3787.19,sh000903
2024-12-13 00:00:00,3760.27,3694.41,3760.27,3692.99,106027142.0,199796365784.9,1.78,3694.41,sh000903
2024-12-16 00:00:00,3693.12,3680.33,3702.83,3671.74,78516857.0,159939860284.6,0.84,3680.33,sh000903
2024-12-17 00:00:00,3676.23,3697.87,3729.5,3676.23,73874518.0,161833273085.6,1.45,3697.87,sh000903
2024-12-18 00:00:00,3708.86,3721.0,3732.58,3706.98,71743382.0,151234066199.7,0.69,3721.0,sh000903
2024-12-19 00:00:00,3693.71,3729.63,3739.41,3681.04,76335221.0,175802489675.5,1.57,3729.63,sh000903
2024-12-20 00:00:00,3719.86,3706.83,3736.89,3702.58,72134074.0,183441511457.8,0.92,3706.83,sh000903
2024-12-23 00:00:00,3709.17,3718.63,3746.77,3709.17,90303064.0,194270779117.7,1.01,3718.63,sh000903
2024-12-24 00:00:00,3719.25,3765.71,3767.96,3719.25,73219986.0,162203850320.0,1.31,3765.71,sh000903
2024-12-25 00:00:00,3771.1,3769.05,3789.65,3754.74,73408282.0,157674521247.7,0.93,3769.05,sh000903
2024-12-26 00:00:00,3766.77,3770.3,3774.5,3749.99,65431839.0,163015143948.1,0.65,3770.3,sh000903
2024-12-27 00:00:00,3771.6,3761.46,3786.53,3753.96,73427151.0,179296344510.2,0.86,3761.46,sh000903
2024-12-30 00:00:00,3758.86,3779.48,3788.32,3758.86,74539861.0,171257911858.0,0.78,3779.48,sh000903
2024-12-31 00:00:00,3775.44,3724.97,3782.83,3724.97,80553938.0,180047750202.9,1.53,3724.97,sh000903
2025-01-02 00:00:00,3723.74,3624.45,3725.95,3602.37,94271652.0,197872406720.5,3.32,3624.45,sh000903
2025-01-03 00:00:00,3630.42,3589.44,3643.77,3580.62,78506557.0,155709238571.5,1.74,3589.44,sh000903
2025-01-06 00:00:00,3593.75,3583.49,3603.27,3559.03,66592161.0,136049379857.8,1.23,3583.49,sh000903
2025-01-07 00:00:00,3569.83,3605.55,3607.38,3558.22,73024698.0,147037679991.7,1.37,3605.55,sh000903
2025-01-08 00:00:00,3590.75,3598.9,3619.97,3546.71,78331775.0,163872816342.7,2.03,3598.9,sh000903
2025-01-09 00:00:00,3590.63,3593.18,3606.79,3579.22,57912870.0,136668715662.1,0.77,3593.18,sh000903
2025-01-10 00:00:00,3595.8,3554.0,3602.78,3554.0,62901256.0,151480565022.0,1.36,3554.0,sh000903
2025-01-13 00:00:00,3526.22,3545.89,3558.51,3525.52,60795223.0,133243391857.0,0.93,3545.89,sh000903
2025-01-14 00:00:00,3550.59,3630.47,3638.16,3540.94,72623260.0,173291648342.5,2.74,3630.47,sh000903
2025-01-15 00:00:00,3619.77,3607.3,3627.89,3601.91,60017428.0,141662639779.4,0.72,3607.3,sh000903
2025-01-16 00:00:00,3621.83,3602.13,3652.68,3583.33,65161605.0,163912822112.2,1.92,3602.13,sh000903
2025-01-17 00:00:00,3590.09,3613.48,3633.2,3578.78,57994533.0,140793889169.4,1.51,3613.48,sh000903
2025-01-20 00:00:00,3636.08,3637.7,3661.06,3630.82,63004531.0,154626270766.0,0.84,3637.7,sh000903
2025-01-21 00:00:00,3656.1,3639.14,3657.75,3628.72,71651478.0,152023952186.2,0.8,3639.14,sh000903
2025-01-22 00:00:00,3630.01,3600.4,3631.71,3587.59,62292941.0,152673307898.1,1.21,3600.4,sh000903
2025-01-23 00:00:00,3629.87,3601.04,3662.68,3599.07,76821374.0,168583968847.3,1.77,3601.04,sh000903
2025-01-24 00:00:00,3594.96,3628.49,3646.55,3594.02,64678690.0,151102018509.8,1.46,3628.49,sh000903
2025-01-27 00:00:00,3631.55,3615.24,3646.63,3615.12,61987398.0,141144081832.5,0.87,3615.24,sh000903
2025-02-05 00:00:00,3649.24,3604.47,3649.24,3594.56,69760209.0,183494806930.9,1.51,3604.47,sh000903
2025-02-06 00:00:00,3598.51,3653.43,3654.15,3597.0,76234399.0,197453897231.9,1.59,3653.43,sh000903
2025-02-07 00:00:00,3656.23,3704.02,3727.52,3643.61,99148366.0,249149602914.2,2.3,3704.02,sh000903
2025-02-10 00:00:00,3709.1,3715.0,3720.48,3690.17,89086978.0,195905353717.2,0.82,3715.0,sh000903
2025-02-11 00:00:00,3723.13,3695.6,3723.13,3687.9,74739823.0,167939549847.4,0.95,3695.6,sh000903
2025-02-12 00:00:00,3691.26,3737.32,3739.11,3680.98,74943796.0,186150287409.2,1.57,3737.32,sh000903
2025-02-13 00:00:00,3732.5,3722.68,3756.31,3721.91,80141666.0,196809607349.4,0.92,3722.68,sh000903
2025-02-14 00:00:00,3719.46,3762.63,3765.56,3719.46,88418747.0,195355214607.7,1.24,3762.63,sh000903
2025-02-17 00:00:00,3775.52,3764.03,3777.37,3741.12,102735164.0,220145920174.2,0.96,3764.03,sh000903
2025-02-18 00:00:00,3762.78,3736.25,3783.71,3725.29,98905316.0,206316130662.4,1.55,3736.25,sh000903
2025-02-19 00:00:00,3729.4,3763.2,3768.99,3729.4,89320099.0,195335855901.2,1.06,3763.2,sh000903
2025-02-20 00:00:00,3758.6,3749.82,3760.96,3735.17,83130223.0,177715512112.2,0.69,3749.82,sh000903
2025-02-21 00:00:00,3759.7,3812.38,3815.04,3758.3,111201264.0,280745453506.6,1.51,3812.38,sh000903
2025-02-24 00:00:00,3805.8,3802.47,3829.57,3781.68,105822240.0,245621596945.0,1.26,3802.47,sh000903
2025-02-25 00:00:00,3766.34,3760.57,3792.45,3750.73,84726544.0,207993196890.1,1.1,3760.57,sh000903
2025-02-26 00:00:00,3768.47,3788.95,3790.26,3757.3,89103081.0,200619472743.7,0.88,3788.95,sh000903
2025-02-27 00:00:00,3793.14,3799.44,3806.1,3767.17,93676072.0,220179544901.0,1.03,3799.44,sh000903
2025-02-28 00:00:00,3783.53,3727.84,3807.64,3725.01,88634438.0,222807015412.7,2.17,3727.84,sh000903
2025-03-03 00:00:00,3738.41,3728.44,3772.09,3712.34,82754438.0,194021378952.8,1.6,3728.44,sh000903
2025-03-04 00:00:00,3706.49,3720.06,3727.9,3692.84,73408857.0,166678999359.9,0.94,3720.06,sh000903
2025-03-05 00:00:00,3723.46,3735.54,3739.61,3713.67,71024916.0,154704175806.5,0.7,3735.54,sh000903
2025-03-06 00:00:00,3759.09,3795.38,3803.29,3756.99,86714518.0,205691938285.1,1.24,3795.38,sh000903
2025-03-07 00:00:00,3783.19,3782.77,3805.71,3774.76,72567541.0,168406584129.1,0.82,3782.77,sh000903
2025-03-10 00:00:00,3786.15,3770.14,3791.98,3745.51,71688410.0,158437247676.3,1.23,3770.14,sh000903
2025-03-11 00:00:00,3731.83,3779.99,3779.99,3730.98,67281737.0,151610594673.5,1.3,3779.99,sh000903
2025-03-12 00:00:00,3785.85,3763.39,3788.18,3756.94,68994706.0,154808448651.1,0.83,3763.39,sh000903
2025-03-13 00:00:00,3763.51,3748.91,3776.85,3735.55,68575650.0,150399889511.7,1.1,3748.91,sh000903
2025-03-14 00:00:00,3757.6,3841.43,3847.85,3757.13,89390886.0,214792695542.0,2.42,3841.43,sh000903
2025-03-17 00:00:00,3859.52,3829.78,3859.84,3824.69,65406086.0,153406774274.5,0.92,3829.78,sh000903
2025-03-18 00:00:00,3847.05,3845.82,3856.63,3835.12,62223627.0,153619173349.9,0.56,3845.82,sh000903
2025-03-19 00:00:00,3846.16,3859.58,3872.37,3831.3,64687697.0,152326235841.2,1.07,3859.58,sh000903
2025-03-20 00:00:00,3860.28,3819.67,3861.37,3814.57,57923972.0,135671294509.6,1.21,3819.67,sh000903
2025-03-21 00:00:00,3810.58,3755.97,3825.61,3745.13,71766079.0,164677698801.1,2.11,3755.97,sh000903
2025-03-24 00:00:00,3758.6,3776.48,3780.74,3753.4,63833473.0,136471092297.0,0.73,3776.48,sh000903
2025-03-25 00:00:00,3780.36,3773.13,3788.52,3762.25,55963595.0,121406571595.4,0.7,3773.13,sh000903
2025-03-26 00:00:00,3772.08,3757.7,3781.71,3755.35,56148418.0,117156928579.0,0.7,3757.7,sh000903
2025-03-27 00:00:00,3750.98,3771.11,3792.68,3743.65,52130371.0,117484964047.2,1.3,3771.11,sh000903
2025-03-28 00:00:00,3768.42,3756.09,3772.58,3746.58,50840000.0,107909883155.4,0.69,3756.09,sh000903
2025-03-31 00:00:00,3747.38,3728.92,3770.35,3714.5,63774355.0,132648179158.3,1.49,3728.92,sh000903
2025-04-01 00:00:00,3734.84,3725.52,3742.79,3719.12,53874343.0,126555024851.1,0.63,3725.52,sh000903
2025-04-02 00:00:00,3722.08,3715.68,3734.23,3709.06,44921590.0,104132294336.8,0.68,3715.68,sh000903
2025-04-03 00:00:00,3673.53,3690.89,3714.52,3673.53,61794993.0,143871301715.0,1.1,3690.89,sh000903
2025-04-07 00:00:00,3507.36,3437.94,3540.03,3362.07,135790569.0,284812194948.5,4.82,3437.94,sh000903
2025-04-08 00:00:00,3447.2,3500.92,3500.92,3434.64,128759751.0,255791126109.2,1.93,3500.92,sh000903
2025-04-09 00:00:00,3456.56,3529.04,3529.91,3441.09,120014715.0,251485686617.9,2.54,3529.04,sh000903
2025-04-10 00:00:00,3590.39,3576.84,3595.82,3549.68,104407511.0,219265422992.1,1.31,3576.84,sh000903
2025-04-11 00:00:00,3574.33,3598.27,3609.12,3551.68,76881792.0,178713878485.5,1.61,3598.27,sh000903
2025-04-14 00:00:00,3618.19,3601.59,3619.39,3596.09,72415448.0,156740569481.6,0.65,3601.59,sh000903
2025-04-15 00:00:00,3598.96,3600.68,3604.49,3580.11,57651694.0,122823953508.2,0.68,3600.68,sh000903
2025-04-16 00:00:00,3597.63,3611.99,3616.23,3561.72,68072933.0,139303758930.0,1.51,3611.99,sh000903
2025-04-17 00:00:00,3595.99,3611.77,3618.59,3591.04,55499799.0,110968550029.9,0.76,3611.77,sh000903
2025-04-18 00:00:00,3599.77,3611.88,3622.11,3593.61,43239861.0,89827923998.1,0.79,3611.88,sh000903
2025-04-21 00:00:00,3609.01,3625.69,3631.49,3602.89,48797618.0,105337739773.7,0.79,3625.69,sh000903
2025-04-22 00:00:00,3620.67,3622.0,3637.48,3617.94,53353598.0,109246390484.7,0.54,3622.0,sh000903
2025-04-23 00:00:00,3642.65,3625.52,3646.93,3619.9,54823557.0,127076903431.4,0.75,3625.52,sh000903
2025-04-24 00:00:00,3628.09,3624.14,3646.17,3613.75,44524030.0,100201476770.4,0.89,3624.14,sh000903
2025-04-25 00:00:00,3632.74,3628.53,3643.96,3623.19,53808417.0,111777943601.3,0.57,3628.53,sh000903
2025-04-28 00:00:00,3628.39,3624.51,3634.36,3614.23,50473448.0,108102853618.5,0.55,3624.51,sh000903
2025-04-29 00:00:00,3620.82,3621.39,3628.46,3612.4,46019421.0,102684268659.3,0.44,3621.39,sh000903
2025-04-30 00:00:00,3622.21,3617.51,3633.15,3613.54,54833235.0,120553372008.9,0.54,3617.51,sh000903
2025-05-06 00:00:00,3643.33,3653.14,3654.6,3630.46,65811388.0,132226107792.6,0.67,3653.14,sh000903
2025-05-07 00:00:00,3702.94,3675.94,3703.8,3660.26,67153787.0,144007737648.8,1.19,3675.94,sh000903
2025-05-08 00:00:00,3665.67,3697.15,3715.6,3661.11,52072498.0,128073245455.7,1.48,3697.15,sh000903
2025-05-09 00:00:00,3693.11,3694.6,3700.67,3685.06,47677324.0,113522491922.3,0.42,3694.6,sh000903
2025-05-12 00:00:00,3715.05,3737.34,3740.8,3708.03,63445375.0,156903945305.7,0.89,3737.34,sh000903
2025-05-13 00:00:00,3764.26,3740.93,3764.26,3733.4,61972305.0,140073857812.7,0.83,3740.93,sh000903
2025-05-14 00:00:00,3740.28,3783.87,3799.36,3736.12,66008919.0,150561650898.6,1.69,3783.87,sh000903
2025-05-15 00:00:00,3776.61,3753.74,3777.32,3749.69,55606988.0,121096110836.7,0.73,3753.74,sh000903
2025-05-16 00:00:00,3744.48,3736.11,3749.71,3723.06,48885859.0,108358578860.4,0.71,3736.11,sh000903
2025-05-19 00:00:00,3730.09,3725.5,3732.78,3712.78,39329980.0,95408571796.7,0.54,3725.5,sh000903
2025-05-20 00:00:00,3732.46,3749.09,3763.02,3729.58,43079538.0,108003926063.9,0.9,3749.09,sh000903
2025-05-21 00:00:00,3750.96,3768.34,3782.83,3750.96,45063650.0,118775574362.8,0.85,3768.34,sh000903
2025-05-22 00:00:00,3766.14,3762.37,3772.03,3752.11,41690364.0,96082326850.4,0.53,3762.37,sh000903
2025-05-23 00:00:00,3758.7,3731.44,3779.09,3731.44,46400114.0,113666143795.6,1.27,3731.44,sh000903
2025-05-26 00:00:00,3723.54,3704.32,3730.2,3692.84,42959121.0,105966643203.3,1.0,3704.32,sh000903
2025-05-27 00:00:00,3700.94,3679.83,3708.81,3676.67,38782345.0,88773895680.4,0.87,3679.83,sh000903
2025-05-28 00:00:00,3684.2,3675.06,3692.11,3673.46,35598100.0,77644529610.1,0.51,3675.06,sh000903
2025-05-29 00:00:00,3675.89,3692.16,3706.69,3666.02,42182832.0,99932979494.6,1.11,3692.16,sh000903
2025-05-30 00:00:00,3684.51,3668.4,3691.43,3657.48,44018920.0,98855966637.5,0.92,3668.4,sh000903
2025-06-03 00:00:00,3666.62,3677.14,3690.74,3666.39,48391976.0,110946279107.9,0.66,3677.14,sh000903
2025-06-04 00:00:00,3680.98,3690.74,3698.27,3680.98,47859060.0,100979722401.5,0.47,3690.74,sh000903
2025-06-05 00:00:00,3693.8,3698.59,3703.89,3682.22,48772722.0,109018800317.2,0.59,3698.59,sh000903
2025-06-06 00:00:00,3701.45,3697.56,3711.59,3692.97,44385764.0,97473532715.5,0.5,3697.56,sh000903
2025-06-09 00:00:00,3699.48,3700.3,3717.2,3693.44,54309560.0,129888980264.7,0.64,3700.3,sh000903
2025-06-10 00:00:00,3702.9,3678.67,3709.83,3667.14,56172114.0,132670198035.0,1.15,3678.67,sh000903
2025-06-11 00:00:00,3683.11,3707.94,3724.83,3683.11,57940422.0,123810202019.5,1.13,3707.94,sh000903
2025-06-12 00:00:00,3699.87,3703.24,3712.64,3683.63,54398443.0,126002318269.9,0.78,3703.24,sh000903
2025-06-13 00:00:00,3691.57,3681.38,3701.04,3669.34,66144585.0,150645249248.0,0.86,3681.38,sh000903
2021-01-04 00:00:00,5349.75,5389.63,5410.05,5324.43,100438700.0,248041914368.0,1.6,5389.63,sh000903
2021-01-05 00:00:00,5368.86,5494.64,5494.64,5357.82,107118124.0,264864169984.0,2.54,5494.64,sh000903
2021-01-06 00:00:00,5515.31,5575.13,5582.71,5486.97,97337526.0,247636070400.0,1.74,5575.13,sh000903
2021-01-07 00:00:00,5591.29,5683.97,5683.97,5569.86,97968492.0,246767235072.0,2.05,5683.97,sh000903
2021-01-08 00:00:00,5699.88,5652.08,5724.26,5595.61,95270484.0,256628396032.0,2.26,5652.08,sh000903
2021-01-11 00:00:00,5656.84,5599.31,5710.52,5572.0,107119508.0,268059942912.0,2.45,5599.31,sh000903
2021-01-12 00:00:00,5575.79,5772.24,5772.24,5575.46,109026555.0,262568370176.0,3.51,5772.24,sh000903
2021-01-13 00:00:00,5782.95,5745.52,5812.64,5700.26,126297620.0,280347484160.0,1.95,5745.52,sh000903
2021-01-14 00:00:00,5724.88,5632.09,5733.81,5618.72,122910866.0,263571611648.0,2.0,5632.09,sh000903
2021-01-15 00:00:00,5641.05,5625.71,5683.52,5566.71,133288161.0,271215534080.0,2.07,5625.71,sh000903
2021-01-18 00:00:00,5605.78,5673.28,5703.5,5580.13,106641792.0,229812363264.0,2.19,5673.28,sh000903
2021-01-19 00:00:00,5683.12,5597.02,5690.04,5574.36,103273441.0,233606852608.0,2.04,5597.02,sh000903
2021-01-20 00:00:00,5600.84,5619.18,5646.72,5582.15,82582295.0,204720087040.0,1.15,5619.18,sh000903
2021-01-21 00:00:00,5637.66,5705.34,5734.51,5632.01,91841050.0,237530726400.0,1.82,5705.34,sh000903
2021-01-22 00:00:00,5701.74,5699.63,5711.45,5653.24,84481375.0,221313597440.0,1.02,5699.63,sh000903
2021-01-25 00:00:00,5696.36,5797.22,5808.53,5678.21,86784732.0,262319751168.0,2.29,5797.22,sh000903
2021-01-26 00:00:00,5769.67,5673.78,5769.67,5668.77,77130452.0,213394055168.0,1.74,5673.78,sh000903
2021-01-27 00:00:00,5669.21,5687.83,5694.53,5620.13,71561590.0,195816669184.0,1.31,5687.83,sh000903
2021-01-28 00:00:00,5611.92,5543.81,5615.45,5523.42,78186998.0,194852859904.0,1.62,5543.81,sh000903
2021-01-29 00:00:00,5579.28,5522.78,5598.79,5464.22,83904901.0,205684760576.0,2.43,5522.78,sh000903
2021-02-01 00:00:00,5530.12,5585.41,5591.93,5514.83,72892209.0,175959928832.0,1.4,5585.41,sh000903
2021-02-02 00:00:00,5591.94,5652.83,5655.47,5575.35,72663905.0,200157728768.0,1.43,5652.83,sh000903
2021-02-03 00:00:00,5650.0,5651.45,5684.56,5623.49,75993907.0,213248372736.0,1.08,5651.45,sh000903
2021-02-04 00:00:00,5620.79,5662.89,5699.43,5606.92,79425167.0,217949032448.0,1.64,5662.89,sh000903
2021-02-05 00:00:00,5685.54,5716.01,5777.06,5680.9,87583278.0,215367278592.0,1.7,5716.01,sh000903
2021-02-08 00:00:00,5742.14,5784.37,5795.62,5704.76,72939067.0,198148259840.0,1.59,5784.37,sh000903
2021-02-09 00:00:00,5800.16,5894.43,5894.43,5763.65,74123525.0,202413043712.0,2.26,5894.43,sh000903
2021-02-10 00:00:00,5920.75,6030.54,6046.6,5920.62,80593953.0,230034112512.0,2.14,6030.54,sh000903
2021-02-18 00:00:00,6142.69,5972.14,6154.55,5948.77,100490734.0,279022383104.0,3.41,5972.14,sh000903
2021-02-19 00:00:00,5938.95,5993.8,6005.13,5879.48,100483909.0,248601075712.0,2.1,5993.8,sh000903
2021-02-22 00:00:00,5999.07,5772.14,5999.07,5772.14,132203950.0,304275439616.0,3.79,5772.14,sh000903
2021-02-23 00:00:00,5719.21,5764.09,5830.17,5719.21,99773412.0,223378935808.0,1.92,5764.09,sh000903
2021-02-24 00:00:00,5780.97,5621.4,5790.14,5557.48,94514880.0,254279057408.0,4.04,5621.4,sh000903
2021-02-25 00:00:00,5680.6,5676.26,5730.36,5637.34,102825948.0,227492151296.0,1.65,5676.26,sh000903
2021-02-26 00:00:00,5548.47,5531.53,5621.87,5519.5,94903396.0,227816390656.0,1.8,5531.53,sh000903
2021-03-01 00:00:00,5586.24,5597.68,5606.34,5534.71,75738181.0,191878406144.0,1.29,5597.68,sh000903
2021-03-02 00:00:00,5636.65,5515.21,5640.96,5468.54,80064625.0,202257371136.0,3.08,5515.21,sh000903
2021-03-03 00:00:00,5497.72,5642.67,5642.9,5489.83,85361638.0,180578054144.0,2.78,5642.67,sh000903
2021-03-04 00:00:00,5573.91,5469.99,5578.98,5440.49,87140106.0,204779819008.0,2.45,5469.99,sh000903
2021-03-05 00:00:00,5379.05,5441.14,5489.25,5348.51,86651725.0,189027434496.0,2.57,5441.14,sh000903
2021-03-08 00:00:00,5477.72,5254.46,5505.35,5254.15,96014838.0,218285076480.0,4.62,5254.46,sh000903
2021-03-09 00:00:00,5243.54,5152.0,5275.15,5104.93,101295450.0,230895992832.0,3.24,5152.0,sh000903
2021-03-10 00:00:00,5231.6,5192.27,5245.82,5174.24,70269829.0,167142920192.0,1.39,5192.27,sh000903
2021-03-11 00:00:00,5218.43,5322.45,5337.56,5214.95,81191191.0,182156013568.0,2.36,5322.45,sh000903
2021-03-12 00:00:00,5353.81,5346.92,5353.81,5289.05,87542666.0,171909230592.0,1.22,5346.92,sh000903
2021-03-15 00:00:00,5319.03,5230.46,5325.76,5183.73,86190932.0,183099633664.0,2.66,5230.46,sh000903
2021-03-16 00:00:00,5252.04,5289.43,5289.69,5217.65,64602094.0,142915899392.0,1.38,5289.43,sh000903
2021-03-17 00:00:00,5272.91,5294.93,5327.97,5225.09,64624312.0,143439347712.0,1.95,5294.93,sh000903
2021-03-18 00:00:00,5311.8,5336.51,5355.73,5308.12,57776543.0,135448276992.0,0.9,5336.51,sh000903
2021-03-19 00:00:00,5264.88,5183.7,5279.21,5155.3,73230003.0,154163089408.0,2.32,5183.7,sh000903
2021-03-22 00:00:00,5184.08,5222.14,5240.73,5168.35,69285693.0,138576330752.0,1.4,5222.14,sh000903
2021-03-23 00:00:00,5228.25,5186.82,5232.68,5139.33,63295311.0,127048040448.0,1.79,5186.82,sh000903
2021-03-24 00:00:00,5168.29,5114.28,5208.55,5103.12,63752520.0,134491123712.0,2.03,5114.28,sh000903
2021-03-25 00:00:00,5092.44,5105.14,5127.77,5065.16,57049265.0,117666619392.0,1.22,5105.14,sh000903
2021-03-26 00:00:00,5135.06,5210.2,5224.32,5132.09,63693166.0,148388794368.0,1.81,5210.2,sh000903
2021-03-29 00:00:00,5224.32,5223.48,5264.7,5181.47,68466916.0,148159946752.0,1.6,5223.48,sh000903
2021-03-30 00:00:00,5222.44,5274.59,5287.4,5206.87,60369385.0,136846983168.0,1.54,5274.59,sh000903
2021-03-31 00:00:00,5265.81,5218.57,5265.81,5184.7,65155904.0,132322308096.0,1.54,5218.57,sh000903
2021-04-01 00:00:00,5232.55,5286.64,5291.46,5227.97,49977467.0,109263994880.0,1.22,5286.64,sh000903
2021-04-02 00:00:00,5306.93,5338.86,5346.0,5289.5,57199969.0,135779799040.0,1.07,5338.86,sh000903
2021-04-06 00:00:00,5353.66,5305.26,5353.66,5287.38,47572180.0,112644743168.0,1.24,5305.26,sh000903
2021-04-07 00:00:00,5306.1,5249.84,5306.1,5216.75,63225649.0,131619794944.0,1.68,5249.84,sh000903
2021-04-08 00:00:00,5220.52,5265.06,5279.36,5205.3,51591767.0,107696533504.0,1.41,5265.06,sh000903
2021-04-09 00:00:00,5249.56,5178.59,5249.56,5165.54,52363640.0,109411450880.0,1.6,5178.59,sh000903
2021-04-12 00:00:00,5171.65,5105.1,5189.28,5088.77,65236099.0,137668898816.0,1.94,5105.1,sh000903
2021-04-13 00:00:00,5110.32,5092.64,5152.93,5076.24,61859937.0,121037799424.0,1.5,5092.64,sh000903
2021-04-14 00:00:00,5101.42,5121.85,5131.72,5083.12,59533443.0,121849085952.0,0.95,5121.85,sh000903
2021-04-15 00:00:00,5109.89,5078.32,5109.89,5028.16,52680745.0,123478745088.0,1.6,5078.32,sh000903
2021-04-16 00:00:00,5098.08,5098.58,5113.55,5048.63,48928023.0,110340165632.0,1.28,5098.58,sh000903
2021-04-19 00:00:00,5099.81,5208.88,5211.5,5069.16,67545679.0,158350221312.0,2.79,5208.88,sh000903
2021-04-20 00:00:00,5186.22,5207.69,5242.94,5177.33,52455951.0,134626177024.0,1.26,5207.69,sh000903
2021-04-21 00:00:00,5179.03,5225.17,5237.56,5176.38,51405030.0,120603189248.0,1.17,5225.17,sh000903
2021-04-22 00:00:00,5239.87,5203.7,5245.04,5183.67,52637240.0,117718786048.0,1.17,5203.7,sh000903
2021-04-23 00:00:00,5207.2,5267.63,5279.76,5204.54,55856911.0,141695623168.0,1.45,5267.63,sh000903
2021-04-26 00:00:00,5292.29,5193.71,5305.89,5188.51,69223793.0,166972522496.0,2.23,5193.71,sh000903
2021-04-27 00:00:00,5193.16,5211.3,5216.2,5162.45,53581847.0,128927088640.0,1.03,5211.3,sh000903
2021-04-28 00:00:00,5186.46,5229.93,5230.32,5175.36,52083991.0,137884893184.0,1.05,5229.93,sh000903
2021-04-29 00:00:00,5244.46,5287.43,5292.58,5228.91,62758863.0,153239101440.0,1.22,5287.43,sh000903
2021-04-30 00:00:00,5287.14,5238.64,5289.71,5210.98,74796209.0,157348737024.0,1.49,5238.64,sh000903
2021-05-06 00:00:00,5209.99,5164.69,5253.01,5150.35,71152340.0,162926665728.0,1.96,5164.69,sh000903
2021-05-07 00:00:00,5181.45,5101.72,5198.39,5099.26,74823795.0,151243345920.0,1.92,5101.72,sh000903
2021-05-10 00:00:00,5103.61,5090.12,5121.6,5050.65,66957187.0,138701619200.0,1.39,5090.12,sh000903
2021-05-11 00:00:00,5054.19,5135.22,5142.95,5037.13,57456829.0,124604682240.0,2.08,5135.22,sh000903
2021-05-12 00:00:00,5117.44,5150.61,5159.36,5109.64,52053565.0,110535630848.0,0.97,5150.61,sh000903
2021-05-13 00:00:00,5100.95,5093.66,5127.34,5070.82,54359342.0,110444519424.0,1.1,5093.66,sh000903
2021-05-14 00:00:00,5109.45,5211.87,5214.85,5079.11,71832855.0,164203491328.0,2.66,5211.87,sh000903
2021-05-17 00:00:00,5213.45,5279.72,5302.57,5213.45,66273987.0,166529736704.0,1.71,5279.72,sh000903
2021-05-18 00:00:00,5289.55,5281.94,5299.21,5251.64,50315113.0,106814459904.0,0.9,5281.94,sh000903
2021-05-19 00:00:00,5268.59,5254.08,5279.98,5239.99,50179031.0,117529223168.0,0.76,5254.08,sh000903
2021-05-20 00:00:00,5255.7,5279.0,5288.93,5238.29,56067279.0,130688745472.0,0.96,5279.0,sh000903
2021-05-21 00:00:00,5290.54,5219.86,5308.75,5210.13,50695613.0,132484136960.0,1.87,5219.86,sh000903
2021-05-24 00:00:00,5224.07,5237.28,5237.32,5174.51,54132416.0,138478047232.0,1.2,5237.28,sh000903
2021-05-25 00:00:00,5248.39,5422.71,5429.04,5247.36,88721229.0,228507426816.0,3.47,5422.71,sh000903
2021-05-26 00:00:00,5434.26,5426.55,5454.32,5411.51,69756890.0,173180657664.0,0.79,5426.55,sh000903
2021-05-27 00:00:00,5420.44,5437.36,5492.41,5387.28,60871229.0,153916379136.0,1.94,5437.36,sh000903
2021-05-28 00:00:00,5437.74,5419.15,5457.73,5382.58,68568184.0,155468881920.0,1.38,5419.15,sh000903
2021-05-31 00:00:00,5408.48,5405.03,5408.48,5351.37,57808873.0,148271271936.0,1.05,5405.03,sh000903
2021-06-01 00:00:00,5395.91,5416.53,5418.56,5345.25,59102369.0,157120184320.0,1.36,5416.53,sh000903
2021-06-02 00:00:00,5424.09,5372.1,5428.81,5347.55,59247846.0,144439279616.0,1.5,5372.1,sh000903
2021-06-03 00:00:00,5368.82,5344.49,5402.15,5341.64,60294024.0,141472530432.0,1.13,5344.49,sh000903
2021-06-04 00:00:00,5317.37,5372.73,5426.98,5311.89,64463731.0,145542942720.0,2.15,5372.73,sh000903
2021-06-07 00:00:00,5370.95,5355.82,5372.55,5321.9,55322025.0,135387377664.0,0.94,5355.82,sh000903
2021-06-08 00:00:00,5353.86,5309.25,5396.23,5278.04,56666150.0,155183104000.0,2.21,5309.25,sh000903
2021-06-09 00:00:00,5301.98,5316.57,5336.14,5294.86,53904530.0,124414504960.0,0.78,5316.57,sh000903
2021-06-10 00:00:00,5317.26,5344.73,5378.48,5307.06,64884362.0,153804894208.0,1.34,5344.73,sh000903
2021-06-11 00:00:00,5345.91,5296.73,5347.13,5282.18,85592092.0,188874469376.0,1.22,5296.73,sh000903
2021-06-15 00:00:00,5291.29,5230.95,5298.81,5197.51,69039985.0,174657212416.0,1.91,5230.95,sh000903
2021-06-16 00:00:00,5227.63,5161.49,5233.1,5156.01,60830973.0,155421044736.0,1.47,5161.49,sh000903
2021-06-17 00:00:00,5152.2,5154.58,5191.51,5136.14,55768919.0,136764710912.0,1.07,5154.58,sh000903
2021-06-18 00:00:00,5151.47,5126.9,5170.03,5091.72,72711798.0,183752425472.0,1.52,5126.9,sh000903
2021-06-21 00:00:00,5109.18,5095.7,5132.3,5070.4,63536241.0,168136503296.0,1.21,5095.7,sh000903
2021-06-22 00:00:00,5113.57,5129.65,5139.96,5094.52,63543562.0,162239496192.0,0.89,5129.65,sh000903
2021-06-23 00:00:00,5134.03,5145.15,5170.72,5117.06,58206838.0,168262377472.0,1.05,5145.15,sh000903
2021-06-24 00:00:00,5155.11,5168.38,5171.75,5119.42,54493207.0,150780776448.0,1.02,5168.38,sh000903
2021-06-25 00:00:00,5170.32,5252.36,5264.68,5166.99,67946276.0,187196674048.0,1.89,5252.36,sh000903
2021-06-28 00:00:00,5268.03,5251.24,5271.99,5226.35,58889777.0,163238612992.0,0.87,5251.24,sh000903
2021-06-29 00:00:00,5247.13,5184.54,5247.33,5175.77,56881720.0,154473279488.0,1.36,5184.54,sh000903
2021-06-30 00:00:00,5177.59,5205.36,5214.47,5174.91,45340055.0,129577689088.0,0.76,5205.36,sh000903
2021-07-01 00:00:00,5225.34,5241.25,5241.36,5172.44,57497482.0,162290511872.0,1.32,5241.25,sh000903
2021-07-02 00:00:00,5189.31,5070.22,5189.31,5063.57,64122760.0,177876328448.0,2.4,5070.22,sh000903
2021-07-05 00:00:00,5058.21,5056.54,5071.08,5021.33,58141647.0,158302908416.0,0.98,5056.54,sh000903
2021-07-06 00:00:00,5056.31,5061.16,5064.59,5006.14,59112179.0,170724331520.0,1.16,5061.16,sh000903
2021-07-07 00:00:00,5036.88,5092.37,5106.54,5031.95,53262131.0,149674442752.0,1.47,5092.37,sh000903
2021-07-08 00:00:00,5101.68,5019.89,5104.56,5007.36,67667625.0,181782425600.0,1.91,5019.89,sh000903
2021-07-09 00:00:00,4996.14,4993.44,5012.3,4948.31,59679050.0,154012667904.0,1.27,4993.44,sh000903
2021-07-12 00:00:00,5028.96,5038.34,5070.33,4983.57,77509356.0,199503085568.0,1.74,5038.34,sh000903
2021-07-13 00:00:00,5036.56,5052.57,5068.32,5025.47,63230039.0,161222766592.0,0.85,5052.57,sh000903
2021-07-14 00:00:00,5045.28,4999.17,5045.28,4986.01,76823104.0,180055531520.0,1.17,4999.17,sh000903
2021-07-15 00:00:00,4991.77,5074.15,5078.19,4985.74,71339200.0,179191988224.0,1.85,5074.15,sh000903
2021-07-16 00:00:00,5063.42,5010.98,5065.79,5006.36,61888783.0,159097602048.0,1.17,5010.98,sh000903
2021-07-19 00:00:00,5000.27,5039.59,5047.45,4957.49,60484575.0,153456005120.0,1.8,5039.59,sh000903
2021-07-20 00:00:00,5006.0,5019.5,5032.48,4990.7,49052902.0,123014537216.0,0.83,5019.5,sh000903
2021-07-21 00:00:00,5030.33,5026.13,5065.43,5016.06,61391470.0,171975458816.0,0.98,5026.13,sh000903
2021-07-22 00:00:00,5028.7,5019.75,5055.15,5012.01,67007043.0,189304090624.0,0.86,5019.75,sh000903
2021-07-23 00:00:00,5011.48,4954.77,5011.48,4947.13,75802552.0,193480593408.0,1.28,4954.77,sh000903
2021-07-26 00:00:00,4926.47,4762.99,4926.47,4715.64,88492636.0,237445685248.0,4.26,4762.99,sh000903
2021-07-27 00:00:00,4760.03,4592.43,4768.32,4585.6,90653222.0,233162579968.0,3.84,4592.43,sh000903
2021-07-28 00:00:00,4562.82,4622.34,4640.56,4536.5,78647798.0,195556827136.0,2.27,4622.34,sh000903
2021-07-29 00:00:00,4698.48,4662.92,4702.1,4637.13,67272788.0,186291884032.0,1.41,4662.92,sh000903
2021-07-30 00:00:00,4634.28,4593.64,4634.28,4559.22,65521966.0,187468328960.0,1.61,4593.64,sh000903
2021-08-02 00:00:00,4566.32,4723.45,4729.54,4526.25,88902170.0,244569776128.0,4.43,4723.45,sh000903
2021-08-03 00:00:00,4701.26,4754.87,4760.6,4685.74,70472481.0,204038840320.0,1.58,4754.87,sh000903
2021-08-04 00:00:00,4749.17,4761.81,4768.91,4727.23,60727875.0,186164682752.0,0.88,4761.81,sh000903
2021-08-05 00:00:00,4726.55,4733.05,4792.13,4703.99,60411328.0,177455800320.0,1.85,4733.05,sh000903
2021-08-06 00:00:00,4717.67,4701.65,4717.81,4680.72,52923236.0,153276346368.0,0.78,4701.65,sh000903
2021-08-09 00:00:00,4673.15,4779.75,4805.0,4669.99,73159795.0,190885285888.0,2.87,4779.75,sh000903
2021-08-10 00:00:00,4774.08,4858.14,4858.27,4725.86,62098767.0,188547883008.0,2.77,4858.14,sh000903
2021-08-11 00:00:00,4851.8,4826.03,4879.68,4820.86,71827354.0,168156553216.0,1.21,4826.03,sh000903
2021-08-12 00:00:00,4810.91,4776.09,4826.61,4771.85,57790487.0,156077195264.0,1.13,4776.09,sh000903
2021-08-13 00:00:00,4759.76,4762.26,4792.89,4735.66,53993800.0,139313393664.0,1.2,4762.26,sh000903
2021-08-16 00:00:00,4756.28,4772.41,4800.34,4747.78,58006561.0,143856771072.0,1.1,4772.41,sh000903
2021-08-17 00:00:00,4765.79,4669.78,4794.54,4658.7,70425027.0,170375028736.0,2.85,4669.78,sh000903
2021-08-18 00:00:00,4667.39,4726.65,4746.5,4641.11,79562130.0,184446504960.0,2.26,4726.65,sh000903
2021-08-19 00:00:00,4716.36,4663.64,4722.56,4641.66,78177910.0,176556011520.0,1.71,4663.64,sh000903
2021-08-20 00:00:00,4607.08,4556.65,4620.69,4515.78,68886016.0,186978746368.0,2.25,4556.65,sh000903
2021-08-23 00:00:00,4558.56,4594.73,4606.61,4548.14,58473464.0,163307687936.0,1.28,4594.73,sh000903
2021-08-24 00:00:00,4605.39,4649.51,4666.94,4603.66,68673610.0,181827907584.0,1.38,4649.51,sh000903
2021-08-25 00:00:00,4654.42,4656.84,4673.9,4633.15,67178586.0,165914083328.0,0.88,4656.84,sh000903
2021-08-26 00:00:00,4654.25,4551.79,4654.25,4550.6,66911660.0,152858087424.0,2.23,4551.79,sh000903
2021-08-27 00:00:00,4545.65,4581.99,4622.92,4544.82,65731366.0,155322462208.0,1.72,4581.99,sh000903
2021-08-30 00:00:00,4603.27,4552.31,4604.96,4523.18,87775060.0,213934518272.0,1.78,4552.31,sh000903
2021-08-31 00:00:00,4547.18,4543.54,4574.78,4485.86,99662963.0,210765791232.0,1.95,4543.54,sh000903
2021-09-01 00:00:00,4537.02,4647.37,4681.72,4504.17,138208220.0,274333233152.0,3.91,4647.37,sh000903
2021-09-02 00:00:00,4649.89,4643.94,4675.04,4615.02,104976973.0,210726400000.0,1.29,4643.94,sh000903
2021-09-03 00:00:00,4649.79,4644.11,4676.12,4594.04,106472100.0,210675269632.0,1.77,4644.11,sh000903
2021-09-06 00:00:00,4639.58,4721.73,4739.13,4635.92,100462285.0,224208396288.0,2.22,4721.73,sh000903
2021-09-07 00:00:00,4719.96,4766.86,4783.68,4693.37,103162926.0,190585761792.0,1.91,4766.86,sh000903
2021-09-08 00:00:00,4758.42,4733.97,4783.98,4719.7,102474345.0,185392078848.0,1.35,4733.97,sh000903
2021-09-09 00:00:00,4714.8,4730.15,4730.56,4698.02,105808996.0,168942399488.0,0.69,4730.15,sh000903
2021-09-10 00:00:00,4728.39,4786.55,4816.87,4725.02,121635494.0,211298422784.0,1.94,4786.55,sh000903
2021-09-13 00:00:00,4777.8,4771.53,4808.65,4743.52,102741714.0,189190512640.0,1.36,4771.53,sh000903
2021-09-14 00:00:00,4774.07,4693.48,4785.92,4685.43,108152212.0,192941625344.0,2.11,4693.48,sh000903
2021-09-15 00:00:00,4678.6,4632.37,4678.6,4608.22,80217080.0,160512176128.0,1.5,4632.37,sh000903
2021-09-16 00:00:00,4629.82,4608.18,4646.81,4590.2,91077466.0,173838409728.0,1.22,4608.18,sh000903
2021-09-17 00:00:00,4597.1,4661.19,4661.33,4590.11,80290191.0,161591836672.0,1.55,4661.19,sh000903
2021-09-22 00:00:00,4572.54,4606.72,4616.14,4566.64,85686098.0,144260907008.0,1.06,4606.72,sh000903
2021-09-23 00:00:00,4627.02,4619.62,4661.03,4602.14,86207078.0,153701007360.0,1.28,4619.62,sh000903
2021-09-24 00:00:00,4609.51,4634.16,4677.22,4607.99,79107231.0,164969349120.0,1.5,4634.16,sh000903
2021-09-27 00:00:00,4661.28,4716.42,4750.32,4661.28,90112655.0,216338997248.0,1.92,4716.42,sh000903
2021-09-28 00:00:00,4711.14,4730.24,4747.99,4681.62,77160573.0,159878721536.0,1.41,4730.24,sh000903
2021-09-29 00:00:00,4697.47,4715.59,4745.72,4660.07,82400822.0,158143377408.0,1.81,4715.59,sh000903
2021-09-30 00:00:00,4719.9,4730.05,4745.08,4714.07,61091144.0,140091256832.0,0.66,4730.05,sh000903
2021-10-08 00:00:00,4780.8,4825.59,4838.49,4761.21,80840317.0,187827863552.0,1.63,4825.59,sh000903
2021-10-11 00:00:00,4840.15,4840.89,4903.09,4838.33,75926610.0,167155773440.0,1.34,4840.89,sh000903
2021-10-12 00:00:00,4824.33,4811.92,4844.5,4772.21,73674235.0,148302843904.0,1.49,4811.92,sh000903
2021-10-13 00:00:00,4806.1,4863.96,4884.38,4795.17,59103557.0,148205940736.0,1.85,4863.96,sh000903
2021-10-14 00:00:00,4860.68,4827.06,4879.68,4818.24,48502062.0,117984604160.0,1.26,4827.06,sh000903
2021-10-15 00:00:00,4807.79,4843.24,4851.13,4797.37,64173737.0,146561503232.0,1.11,4843.24,sh000903
2021-10-18 00:00:00,4830.97,4757.94,4830.97,4734.19,62523953.0,155267641344.0,2.0,4757.94,sh000903
2021-10-19 00:00:00,4750.06,4807.55,4818.12,4750.05,58388529.0,140148047872.0,1.43,4807.55,sh000903
2021-10-20 00:00:00,4821.2,4795.05,4841.46,4781.88,57042678.0,132021547008.0,1.24,4795.05,sh000903
2021-10-21 00:00:00,4798.85,4828.04,4842.71,4791.41,64972027.0,137652387840.0,1.07,4828.04,sh000903
2021-10-22 00:00:00,4840.99,4876.85,4903.97,4834.15,60743828.0,144195510272.0,1.45,4876.85,sh000903
2021-10-25 00:00:00,4852.57,4869.75,4873.15,4830.63,59106660.0,145960759296.0,0.87,4869.75,sh000903
2021-10-26 00:00:00,4867.01,4839.49,4887.79,4832.93,54179868.0,132423053312.0,1.13,4839.49,sh000903
2021-10-27 00:00:00,4821.35,4767.84,4821.35,4753.42,60593536.0,140238647296.0,1.4,4767.84,sh000903
2021-10-28 00:00:00,4750.52,4747.06,4769.68,4732.58,61272443.0,141082501120.0,0.78,4747.06,sh000903
2021-10-29 00:00:00,4748.5,4785.49,4785.49,4742.28,68190999.0,177066573824.0,0.91,4785.49,sh000903
2021-11-01 00:00:00,4742.17,4766.19,4780.64,4716.66,74671529.0,183484551168.0,1.34,4766.19,sh000903
2021-11-02 00:00:00,4758.58,4703.06,4783.78,4663.42,84504965.0,187905478656.0,2.53,4703.06,sh000903
2021-11-03 00:00:00,4696.87,4674.34,4718.07,4664.53,61018762.0,139028348928.0,1.14,4674.34,sh000903
2021-11-04 00:00:00,4695.2,4720.78,4730.44,4688.47,56726461.0,148405227520.0,0.9,4720.78,sh000903
2021-11-05 00:00:00,4708.41,4703.05,4743.74,4694.85,55430426.0,134082625536.0,1.04,4703.05,sh000903
2021-11-08 00:00:00,4699.64,4697.69,4719.89,4680.95,51224648.0,121367031808.0,0.83,4697.69,sh000903
2021-11-09 00:00:00,4706.29,4682.99,4719.62,4662.52,48321779.0,112945991680.0,1.22,4682.99,sh000903
2021-11-10 00:00:00,4670.07,4653.01,4671.73,4593.2,59496292.0,140755382272.0,1.68,4653.01,sh000903
2021-11-11 00:00:00,4649.48,4741.91,4742.09,4642.37,75154885.0,158209884160.0,2.14,4741.91,sh000903
2021-11-12 00:00:00,4750.15,4722.25,4753.97,4711.99,53462822.0,118932156416.0,0.89,4722.25,sh000903
2021-11-15 00:00:00,4732.94,4730.72,4747.64,4711.28,47408804.0,112986238976.0,0.77,4730.72,sh000903
2021-11-16 00:00:00,4733.39,4741.72,4767.75,4731.22,49382807.0,123049881600.0,0.77,4741.72,sh000903
2021-11-17 00:00:00,4738.48,4728.31,4749.52,4715.98,41670505.0,100820357120.0,0.71,4728.31,sh000903
2021-11-18 00:00:00,4713.59,4677.91,4713.59,4672.61,41719716.0,93831360512.0,0.87,4677.91,sh000903
2021-11-19 00:00:00,4670.83,4731.65,4738.44,4669.84,50984387.0,118429523968.0,1.47,4731.65,sh000903
2021-11-22 00:00:00,4737.39,4731.73,4752.74,4725.45,52491965.0,133990707200.0,0.58,4731.73,sh000903
2021-11-23 00:00:00,4723.58,4738.3,4756.62,4717.57,54576371.0,127727669248.0,0.83,4738.3,sh000903
2021-11-24 00:00:00,4743.76,4756.4,4774.8,4729.31,47626386.0,131089051648.0,0.96,4756.4,sh000903
2021-11-25 00:00:00,4759.2,4734.72,4764.04,4727.52,42109065.0,115360694272.0,0.77,4734.72,sh000903
2021-11-26 00:00:00,4726.58,4690.84,4726.63,4680.86,44049349.0,105644912640.0,0.97,4690.84,sh000903
2021-11-29 00:00:00,4657.24,4678.9,4687.49,4652.02,49060685.0,118513631232.0,0.76,4678.9,sh000903
2021-11-30 00:00:00,4679.68,4645.25,4692.93,4629.38,47525716.0,109178077184.0,1.36,4645.25,sh000903
2021-12-01 00:00:00,4649.07,4663.84,4665.1,4639.21,45702431.0,104950038528.0,0.56,4663.84,sh000903
2021-12-02 00:00:00,4656.84,4678.33,4688.41,4643.21,55691026.0,116010545152.0,0.97,4678.33,sh000903
2021-12-03 00:00:00,4678.95,4723.63,4723.63,4674.77,53640169.0,139685453824.0,1.04,4723.63,sh000903
2021-12-06 00:00:00,4735.61,4733.9,4778.25,4729.66,71683087.0,160780554240.0,1.03,4733.9,sh000903
2021-12-07 00:00:00,4770.95,4774.66,4784.4,4751.5,72170537.0,162336018432.0,0.69,4774.66,sh000903
2021-12-08 00:00:00,4786.06,4844.25,4845.45,4758.72,62352212.0,159952375808.0,1.82,4844.25,sh000903
2021-12-09 00:00:00,4851.09,4931.76,4975.3,4848.92,96332718.0,216112738304.0,2.61,4931.76,sh000903
2021-12-10 00:00:00,4899.62,4914.5,4917.77,4890.83,82222147.0,161932738560.0,0.55,4914.5,sh000903
2021-12-13 00:00:00,4955.52,4945.97,5016.28,4943.59,96722898.0,233692487680.0,1.48,4945.97,sh000903
2021-12-14 00:00:00,4929.02,4914.79,4940.63,4903.61,70174374.0,162198122496.0,0.75,4914.79,sh000903
2021-12-15 00:00:00,4900.93,4871.64,4928.79,4870.91,58639652.0,139843833856.0,1.18,4871.64,sh000903
2021-12-16 00:00:00,4871.38,4893.75,4893.75,4849.01,56618944.0,146099249152.0,0.92,4893.75,sh000903
2021-12-17 00:00:00,4877.69,4817.77,4880.74,4815.04,59420598.0,153972867072.0,1.34,4817.77,sh000903
2021-12-20 00:00:00,4801.45,4761.68,4837.77,4751.33,60047401.0,150664200192.0,1.79,4761.68,sh000903
2021-12-21 00:00:00,4756.45,4788.96,4796.23,4752.59,53944932.0,127885062144.0,0.92,4788.96,sh000903
2021-12-22 00:00:00,4800.14,4785.6,4813.76,4772.97,49505510.0,117887545344.0,0.85,4785.6,sh000903
2021-12-23 00:00:00,4796.25,4825.84,4825.84,4772.32,52920960.0,126850949120.0,1.12,4825.84,sh000903
2021-12-24 00:00:00,4829.91,4805.85,4843.84,4787.35,55382451.0,151552606208.0,1.17,4805.85,sh000903
2021-12-27 00:00:00,4801.13,4798.76,4819.23,4775.41,49440172.0,129310834688.0,0.91,4798.76,sh000903
2021-12-28 00:00:00,4802.73,4834.71,4839.65,4798.1,55382538.0,138393112576.0,0.87,4834.71,sh000903
2021-12-29 00:00:00,4839.83,4747.92,4839.83,4747.92,47192489.0,142302027776.0,1.9,4747.92,sh000903
2021-12-30 00:00:00,4747.58,4780.37,4801.1,4741.52,51270748.0,130901139456.0,1.25,4780.37,sh000903
2021-12-31 00:00:00,4797.01,4792.91,4808.63,4775.77,49029919.0,130361126912.0,0.69,4792.91,sh000903
2022-01-04 00:00:00,4812.64,4779.48,4816.78,4726.52,66256407.0,173892206592.0,1.88,4779.48,sh000903
2022-01-05 00:00:00,4767.91,4751.67,4799.21,4735.61,84478277.0,196830838784.0,1.33,4751.67,sh000903
2022-01-06 00:00:00,4728.14,4687.43,4741.61,4665.31,67779930.0,167156629504.0,1.61,4687.43,sh000903
2022-01-07 00:00:00,4696.8,4704.76,4731.96,4693.2,87466153.0,169115340800.0,0.83,4704.76,sh000903
2022-01-10 00:00:00,4692.19,4724.55,4727.87,4661.74,71371750.0,158287515648.0,1.41,4724.55,sh000903
2022-01-11 00:00:00,4719.53,4686.56,4737.55,4681.27,66890506.0,148435369984.0,1.19,4686.56,sh000903
2022-01-12 00:00:00,4708.74,4729.63,4737.95,4698.98,66058542.0,156191150080.0,0.83,4729.63,sh000903
2022-01-13 00:00:00,4740.77,4654.33,4743.0,4653.52,67619868.0,151159230464.0,1.89,4654.33,sh000903
2022-01-14 00:00:00,4632.81,4605.96,4648.66,4603.95,69271549.0,140333637632.0,0.96,4605.96,sh000903
2022-01-17 00:00:00,4610.58,4640.95,4649.88,4606.42,52459791.0,133878226944.0,0.94,4640.95,sh000903
2022-01-18 00:00:00,4641.11,4689.74,4701.37,4620.81,67638994.0,140464427008.0,1.74,4689.74,sh000903
2022-01-19 00:00:00,4699.2,4667.31,4711.34,4642.28,61365204.0,144560840704.0,1.47,4667.31,sh000903
2022-01-20 00:00:00,4662.58,4732.76,4755.3,4662.08,80303534.0,164883415040.0,2.0,4732.76,sh000903
2022-01-21 00:00:00,4718.09,4697.35,4730.24,4674.95,65316854.0,141737480192.0,1.17,4697.35,sh000903
2022-01-24 00:00:00,4671.68,4691.64,4708.51,4656.89,55073247.0,129464795136.0,1.1,4691.64,sh000903
2022-01-25 00:00:00,4663.05,4592.53,4680.39,4592.26,61969091.0,126577635328.0,1.88,4592.53,sh000903
2022-01-26 00:00:00,4613.06,4632.75,4633.55,4569.33,48895626.0,118301802496.0,1.4,4632.75,sh000903
2022-01-27 00:00:00,4628.3,4546.82,4629.15,4542.9,58127112.0,140090007552.0,1.86,4546.82,sh000903
2022-01-28 00:00:00,4570.01,4486.91,4588.47,4480.62,63158077.0,156560318464.0,2.37,4486.91,sh000903
2022-02-07 00:00:00,4563.63,4555.24,4591.47,4533.39,68600177.0,148457816064.0,1.29,4555.24,sh000903
2022-02-08 00:00:00,4546.31,4528.42,4546.31,4443.51,77484644.0,156055126016.0,2.26,4528.42,sh000903
2022-02-09 00:00:00,4529.25,4571.6,4581.03,4520.52,72593567.0,149880934400.0,1.34,4571.6,sh000903
2022-02-10 00:00:00,4578.01,4556.18,4578.01,4523.09,69306104.0,160054919168.0,1.2,4556.18,sh000903
2022-02-11 00:00:00,4533.89,4529.47,4583.15,4523.81,80120105.0,178113200128.0,1.3,4529.47,sh000903
2022-02-14 00:00:00,4509.81,4481.55,4522.13,4461.62,74681574.0,157512384512.0,1.34,4481.55,sh000903
2022-02-15 00:00:00,4482.33,4518.66,4522.28,4477.94,58195241.0,139322408960.0,0.99,4518.66,sh000903
2022-02-16 00:00:00,4538.05,4538.84,4562.32,4528.7,48495593.0,108753330176.0,0.74,4538.84,sh000903
2022-02-17 00:00:00,4539.63,4544.57,4566.85,4530.54,48554232.0,111889108992.0,0.8,4544.57,sh000903
2022-02-18 00:00:00,4521.13,4569.0,4569.02,4515.28,47584338.0,99169734656.0,1.18,4569.0,sh000903
2022-02-21 00:00:00,4559.25,4542.35,4559.25,4521.64,54964288.0,109163450368.0,0.82,4542.35,sh000903
2022-02-22 00:00:00,4506.77,4475.7,4506.98,4450.3,57702144.0,129791909888.0,1.25,4475.7,sh000903
2022-02-23 00:00:00,4486.54,4510.91,4513.55,4472.25,58809633.0,132216315904.0,0.92,4510.91,sh000903
2022-02-24 00:00:00,4478.65,4416.92,4490.78,4381.59,87184817.0,175229849600.0,2.42,4416.92,sh000903
2022-02-25 00:00:00,4451.56,4454.52,4494.65,4445.02,65164600.0,136898387968.0,1.12,4454.52,sh000903
2022-02-28 00:00:00,4441.78,4460.57,4460.57,4410.63,61931295.0,125801152512.0,1.12,4460.57,sh000903
2022-03-01 00:00:00,4478.81,4509.6,4513.67,4471.66,55719196.0,135807946752.0,0.94,4509.6,sh000903
2022-03-02 00:00:00,4482.06,4460.73,4482.18,4446.67,52487355.0,109902888960.0,0.79,4460.73,sh000903
2022-03-03 00:00:00,4477.68,4437.32,4482.22,4430.48,65902769.0,127768285184.0,1.16,4437.32,sh000903
2022-03-04 00:00:00,4395.37,4373.44,4410.94,4359.54,59647905.0,133322678272.0,1.16,4373.44,sh000903
2022-03-07 00:00:00,4331.79,4225.54,4331.79,4212.39,78688586.0,172182102016.0,2.73,4225.54,sh000903
2022-03-08 00:00:00,4239.69,4161.93,4262.53,4146.13,78031752.0,168525672448.0,2.75,4161.93,sh000903
2022-03-09 00:00:00,4177.98,4132.35,4204.51,3981.13,93729060.0,185519210496.0,5.37,4132.35,sh000903
2022-03-10 00:00:00,4231.02,4191.86,4235.9,4187.7,70511716.0,165614866432.0,1.17,4191.86,sh000903
2022-03-11 00:00:00,4133.72,4201.47,4212.29,4075.47,73791803.0,161056243712.0,3.26,4201.47,sh000903
2022-03-14 00:00:00,4136.93,4059.34,4165.91,4059.34,62701366.0,140376408064.0,2.54,4059.34,sh000903
2022-03-15 00:00:00,4008.72,3870.99,4042.56,3870.99,102932298.0,195915620352.0,4.23,3870.99,sh000903
2022-03-16 00:00:00,3938.23,4046.6,4060.32,3841.39,98846438.0,216444596224.0,5.66,4046.6,sh000903
2022-03-17 00:00:00,4135.59,4134.27,4195.86,4109.75,88015977.0,215314415616.0,2.13,4134.27,sh000903
2022-03-18 00:00:00,4116.32,4165.33,4186.14,4089.29,79112069.0,154412318720.0,2.34,4165.33,sh000903
2022-03-21 00:00:00,4183.01,4142.03,4183.01,4113.23,61949793.0,133408952320.0,1.68,4142.03,sh000903
2022-03-22 00:00:00,4139.58,4145.91,4172.99,4123.75,60034130.0,110157488128.0,1.19,4145.91,sh000903
2022-03-23 00:00:00,4162.08,4168.98,4182.26,4133.07,54469975.0,116028747776.0,1.19,4168.98,sh000903
2022-03-24 00:00:00,4142.76,4145.97,4167.26,4113.5,50334938.0,114239094784.0,1.29,4145.97,sh000903
2022-03-25 00:00:00,4141.54,4068.35,4150.51,4067.22,51224302.0,112640610304.0,2.01,4068.35,sh000903
2022-03-28 00:00:00,4021.49,4044.32,4067.41,3983.39,59080404.0,118606553088.0,2.07,4044.32,sh000903
2022-03-29 00:00:00,4048.74,4028.3,4073.8,4018.98,46933888.0,96896557056.0,1.36,4028.3,sh000903
2022-03-30 00:00:00,4058.64,4153.82,4153.82,4058.52,69382799.0,146681544704.0,2.37,4153.82,sh000903
2022-03-31 00:00:00,4132.56,4131.76,4148.62,4114.09,66150415.0,121937809408.0,0.83,4131.76,sh000903
2022-04-01 00:00:00,4112.07,4196.46,4210.1,4101.79,69354883.0,136691634176.0,2.62,4196.46,sh000903
2022-04-06 00:00:00,4172.32,4185.7,4198.98,4159.97,81998351.0,138621796352.0,0.93,4185.7,sh000903
2022-04-07 00:00:00,4161.84,4138.19,4200.51,4130.22,66985098.0,114101891072.0,1.68,4138.19,sh000903
2022-04-08 00:00:00,4141.19,4163.04,4170.3,4114.92,66676790.0,118497980416.0,1.34,4163.04,sh000903
2022-04-11 00:00:00,4134.14,4046.47,4134.14,4036.4,70155973.0,143065382912.0,2.35,4046.47,sh000903
2022-04-12 00:00:00,4055.29,4128.97,4128.97,4028.7,68782989.0,136455761920.0,2.48,4128.97,sh000903
2022-04-13 00:00:00,4105.78,4102.75,4155.05,4091.91,59057782.0,116678189056.0,1.53,4102.75,sh000903
2022-04-14 00:00:00,4137.34,4153.46,4181.54,4121.36,59815229.0,137899200512.0,1.47,4153.46,sh000903
2022-04-15 00:00:00,4123.29,4148.16,4168.18,4113.92,56777810.0,117295013888.0,1.31,4148.16,sh000903
2022-04-18 00:00:00,4112.19,4106.9,4117.33,4076.4,55656881.0,114176958464.0,0.99,4106.9,sh000903
2022-04-19 00:00:00,4103.69,4076.21,4131.36,4054.77,54193528.0,119752630272.0,1.86,4076.21,sh000903
2022-04-20 00:00:00,4069.26,4014.79,4074.67,4005.12,56381371.0,126816673792.0,1.71,4014.79,sh000903
2022-04-21 00:00:00,3994.63,3956.89,4031.31,3937.18,65869235.0,127009509376.0,2.34,3956.89,sh000903
2022-04-22 00:00:00,3927.93,3989.57,4009.03,3920.19,63351660.0,116418981888.0,2.25,3989.57,sh000903
2022-04-25 00:00:00,3903.9,3805.47,3934.98,3805.0,85924165.0,157959868416.0,3.26,3805.47,sh000903
2022-04-26 00:00:00,3810.08,3794.12,3872.32,3782.4,76628221.0,145988734976.0,2.36,3794.12,sh000903
2022-04-27 00:00:00,3775.45,3891.87,3891.87,3775.08,83474350.0,165924290560.0,3.08,3891.87,sh000903
2022-04-28 00:00:00,3881.79,3921.87,3937.87,3873.96,75396618.0,147382677504.0,1.64,3921.87,sh000903
2022-04-29 00:00:00,3937.24,3995.52,4004.58,3886.27,90463048.0,182501670912.0,3.02,3995.52,sh000903
2022-05-05 00:00:00,3971.35,3976.81,4006.26,3963.07,77806313.0,164997943296.0,1.08,3976.81,sh000903
2022-05-06 00:00:00,3901.54,3873.32,3915.18,3867.34,59521887.0,118611054592.0,1.2,3873.32,sh000903
2022-05-09 00:00:00,3847.63,3833.84,3872.36,3810.15,43164388.0,93298900992.0,1.61,3833.84,sh000903
2022-05-10 00:00:00,3776.18,3870.49,3886.04,3760.27,67009528.0,130402516992.0,3.28,3870.49,sh000903
2022-05-11 00:00:00,3867.17,3922.13,3969.7,3865.36,77398930.0,163954819072.0,2.7,3922.13,sh000903
2022-05-12 00:00:00,3896.4,3899.04,3926.68,3880.66,51313009.0,106060550144.0,1.17,3899.04,sh000903
2022-05-13 00:00:00,3927.66,3932.18,3948.1,3901.44,52645578.0,110467563520.0,1.2,3932.18,sh000903
2022-05-16 00:00:00,3958.9,3899.52,3961.66,3888.31,53805020.0,110899335168.0,1.87,3899.52,sh000903
2022-05-17 00:00:00,3909.74,3951.69,3951.69,3903.88,51788879.0,110328037376.0,1.23,3951.69,sh000903
2022-05-18 00:00:00,3961.07,3932.19,3961.07,3899.49,49104778.0,107043721216.0,1.56,3932.19,sh000903
2022-05-19 00:00:00,3880.79,3928.77,3932.11,3877.26,52004037.0,108552065024.0,1.39,3928.77,sh000903
2022-05-20 00:00:00,3952.72,4014.77,4015.31,3952.67,69838254.0,149488824320.0,1.59,4014.77,sh000903
2022-05-23 00:00:00,4017.69,3974.48,4017.69,3955.51,55554020.0,118708633600.0,1.55,3974.48,sh000903
2022-05-24 00:00:00,3972.63,3890.53,3972.63,3890.46,60971666.0,122821079040.0,2.07,3890.53,sh000903
2022-05-25 00:00:00,3894.98,3906.75,3910.48,3877.93,45082271.0,96452812800.0,0.84,3906.75,sh000903
2022-05-26 00:00:00,3911.88,3911.59,3935.75,3864.91,56926820.0,116174049280.0,1.81,3911.59,sh000903
2022-05-27 00:00:00,3946.13,3929.49,3978.26,3913.97,55241649.0,116413595648.0,1.64,3929.49,sh000903
2022-05-30 00:00:00,3950.49,3956.21,3972.17,3938.58,54955159.0,119218044928.0,0.85,3956.21,sh000903
2022-05-31 00:00:00,3959.79,4017.17,4022.61,3947.87,66258519.0,148638384128.0,1.89,4017.17,sh000903
2022-06-01 00:00:00,4014.5,4008.64,4019.18,3987.26,52834404.0,116597141504.0,0.79,4008.64,sh000903
2022-06-02 00:00:00,3988.38,4001.99,4005.85,3983.82,48844915.0,110851649536.0,0.55,4001.99,sh000903
2022-06-06 00:00:00,4006.29,4072.25,4073.09,3974.73,81230935.0,173755330560.0,2.46,4072.25,sh000903
2022-06-07 00:00:00,4071.8,4092.74,4110.37,4061.92,67764206.0,153859674112.0,1.19,4092.74,sh000903
2022-06-08 00:00:00,4104.16,4138.21,4138.75,4078.45,68702080.0,174608265216.0,1.47,4138.21,sh000903
2022-06-09 00:00:00,4130.83,4101.28,4148.7,4088.76,74750380.0,150291791872.0,1.45,4101.28,sh000903
2022-06-10 00:00:00,4070.71,4157.67,4160.95,4064.59,80908014.0,166122954752.0,2.35,4157.67,sh000903
2022-06-13 00:00:00,4109.69,4105.28,4133.9,4072.85,80534999.0,189785149440.0,1.47,4105.28,sh000903
2022-06-14 00:00:00,4058.69,4124.24,4125.46,4015.57,80054904.0,183942991872.0,2.68,4124.24,sh000903
2022-06-15 00:00:00,4129.19,4178.12,4246.38,4128.99,115602803.0,244864389120.0,2.85,4178.12,sh000903
2022-06-16 00:00:00,4187.41,4156.07,4211.32,4146.28,83712561.0,174117810176.0,1.56,4156.07,sh000903
2022-06-17 00:00:00,4125.86,4228.66,4239.43,4124.22,74583478.0,194589790208.0,2.77,4228.66,sh000903
2022-06-20 00:00:00,4244.01,4247.41,4286.47,4216.94,83193349.0,205103710208.0,1.64,4247.41,sh000903
2022-06-21 00:00:00,4246.57,4242.4,4273.53,4203.29,84402980.0,176269668352.0,1.65,4242.4,sh000903
2022-06-22 00:00:00,4252.53,4186.02,4253.18,4184.25,90637281.0,172263653376.0,1.62,4186.02,sh000903
2022-06-23 00:00:00,4194.33,4255.17,4255.17,4171.31,94109624.0,183260348416.0,2.0,4255.17,sh000903
2022-06-24 00:00:00,4270.88,4324.27,4327.73,4261.77,91332966.0,203867316224.0,1.55,4324.27,sh000903
2022-06-27 00:00:00,4344.96,4362.57,4395.26,4340.01,93297111.0,214169452544.0,1.28,4362.57,sh000903
2022-06-28 00:00:00,4361.8,4409.14,4416.62,4320.5,93231872.0,201308221440.0,2.2,4409.14,sh000903
2022-06-29 00:00:00,4392.5,4339.74,4425.71,4331.71,91283415.0,215957680128.0,2.13,4339.74,sh000903
2022-06-30 00:00:00,4334.11,4406.01,4438.75,4334.11,74208435.0,189896216576.0,2.41,4406.01,sh000903
2022-07-01 00:00:00,4414.92,4391.85,4428.28,4372.24,71116362.0,171250548736.0,1.27,4391.85,sh000903
2022-07-04 00:00:00,4365.19,4421.75,4421.78,4349.9,69242360.0,200047058944.0,1.64,4421.75,sh000903
2022-07-05 00:00:00,4434.25,4422.66,4461.85,4369.34,80160215.0,210064982016.0,2.09,4422.66,sh000903
2022-07-06 00:00:00,4408.07,4348.3,4414.65,4317.12,77112151.0,200271159296.0,2.21,4348.3,sh000903
2022-07-07 00:00:00,4354.31,4375.2,4391.59,4321.44,69108682.0,191646425088.0,1.61,4375.2,sh000903
2022-07-08 00:00:00,4404.36,4357.54,4417.67,4355.3,62747891.0,175116185600.0,1.43,4357.54,sh000903
2022-07-11 00:00:00,4335.25,4275.92,4335.25,4250.62,69051817.0,175605391360.0,1.94,4275.92,sh000903
2022-07-12 00:00:00,4276.66,4233.94,4292.61,4214.58,57762953.0,164857841435.8,1.82,4233.94,sh000903
2022-07-13 00:00:00,4233.93,4251.64,4270.51,4206.54,58705807.0,161583567395.3,1.51,4251.64,sh000903
2022-07-14 00:00:00,4242.36,4257.89,4290.84,4227.43,64767950.0,169432887695.3,1.49,4257.89,sh000903
2022-07-15 00:00:00,4233.68,4180.95,4280.49,4180.95,71194079.0,175977238463.1,2.34,4180.95,sh000903
2022-07-18 00:00:00,4199.83,4231.73,4239.99,4148.55,62422555.0,157361125318.1,2.19,4231.73,sh000903
2022-07-19 00:00:00,4228.14,4193.8,4228.14,4165.05,51715609.0,129225937207.1,1.49,4193.8,sh000903
2022-07-20 00:00:00,4219.44,4202.1,4228.28,4189.4,43759983.0,111881859480.6,0.93,4202.1,sh000903
2022-07-21 00:00:00,4186.25,4154.04,4198.58,4153.87,58700072.0,131938197050.1,1.06,4154.04,sh000903
2022-07-22 00:00:00,4172.71,4158.78,4198.63,4126.94,51552274.0,125034263321.3,1.73,4158.78,sh000903
2022-07-25 00:00:00,4154.27,4131.47,4158.9,4120.69,40802442.0,101856976486.2,0.92,4131.47,sh000903
2022-07-26 00:00:00,4138.55,4160.39,4175.82,4130.03,40988370.0,103307363527.9,1.11,4160.39,sh000903
2022-07-27 00:00:00,4150.28,4133.95,4152.46,4124.42,38378912.0,106115929809.9,0.67,4133.95,sh000903
2022-07-28 00:00:00,4153.14,4132.58,4181.39,4130.48,52937618.0,137188784055.7,1.23,4132.58,sh000903
2022-07-29 00:00:00,4137.22,4082.16,4160.96,4073.44,55260396.0,132727617707.4,2.12,4082.16,sh000903
2022-08-01 00:00:00,4072.78,4103.41,4112.32,4039.25,50731982.0,130250593910.8,1.79,4103.41,sh000903
2022-08-02 00:00:00,4057.47,4021.81,4057.47,3986.0,68010067.0,146259979906.2,1.74,4021.81,sh000903
2022-08-03 00:00:00,4029.74,3977.27,4067.31,3966.05,55622658.0,146338953736.6,2.52,3977.27,sh000903
2022-08-04 00:00:00,4000.16,4014.16,4022.91,3978.23,41926535.0,119663830715.0,1.12,4014.16,sh000903
2022-08-05 00:00:00,4021.46,4067.45,4071.11,4007.53,49877341.0,133712750292.1,1.58,4067.45,sh000903
2022-08-08 00:00:00,4049.29,4054.71,4060.93,4038.83,42683401.0,118526806565.1,0.54,4054.71,sh000903
2022-08-09 00:00:00,4051.21,4072.47,4079.16,4037.32,41397994.0,117890294493.4,1.03,4072.47,sh000903
2022-08-10 00:00:00,4065.88,4024.29,4074.16,4005.47,43590402.0,119185496334.5,1.69,4024.29,sh000903
2022-08-11 00:00:00,4046.24,4108.35,4109.15,4029.85,56196784.0,143948718273.4,1.97,4108.35,sh000903
2022-08-12 00:00:00,4100.9,4107.4,4117.75,4089.99,47954939.0,115144393656.2,0.68,4107.4,sh000903
2022-08-15 00:00:00,4099.19,4115.99,4148.31,4095.12,52310397.0,137477197142.9,1.29,4115.99,sh000903
2022-08-16 00:00:00,4121.51,4105.47,4140.12,4098.24,46567185.0,132366694367.9,1.02,4105.47,sh000903
2022-08-17 00:00:00,4111.01,4146.8,4153.68,4082.26,53094298.0,137796378379.9,1.74,4146.8,sh000903
2022-08-18 00:00:00,4136.64,4108.9,4143.56,4104.1,45985459.0,123345159806.0,0.95,4108.9,sh000903
2022-08-19 00:00:00,4106.93,4079.62,4110.41,4079.15,55298111.0,142386524337.7,0.76,4079.62,sh000903
2022-08-22 00:00:00,4066.0,4113.16,4116.62,4061.42,52515670.0,143318896146.6,1.35,4113.16,sh000903
2022-08-23 00:00:00,4107.14,4093.34,4121.07,4079.17,44861555.0,127589390356.9,1.02,4093.34,sh000903
2022-08-24 00:00:00,4106.2,4008.99,4109.86,4004.46,55745254.0,146884306830.7,2.57,4008.99,sh000903
2022-08-25 00:00:00,4019.48,4037.39,4040.79,3976.01,54125178.0,133055287602.0,1.62,4037.39,sh000903
2022-08-26 00:00:00,4050.59,4023.96,4054.43,4019.39,46467168.0,119042300604.4,0.87,4023.96,sh000903
2022-08-29 00:00:00,3978.89,4007.99,4010.9,3974.17,42868139.0,102939281967.5,0.91,4007.99,sh000903
2022-08-30 00:00:00,4006.12,3987.17,4009.51,3959.46,44517296.0,103813492466.2,1.25,3987.17,sh000903
2022-08-31 00:00:00,3964.45,3990.65,4022.59,3954.99,64022283.0,166031843266.5,1.7,3990.65,sh000903
2022-09-01 00:00:00,3977.76,3952.53,4004.53,3949.88,46560336.0,114854929202.3,1.37,3952.53,sh000903
2022-09-02 00:00:00,3965.85,3932.13,3966.83,3912.69,38464015.0,96896735459.8,1.37,3932.13,sh000903
2022-09-05 00:00:00,3916.46,3921.13,3925.08,3889.31,44019591.0,110718151991.7,0.91,3921.13,sh000903
2022-09-06 00:00:00,3929.54,3951.33,3953.32,3907.45,50756147.0,130172288648.3,1.17,3951.33,sh000903
2022-09-07 00:00:00,3929.12,3956.88,3968.88,3925.33,49997850.0,119881530878.1,1.1,3956.88,sh000903
2022-09-08 00:00:00,3960.8,3932.75,3968.34,3931.06,43757452.0,99194829993.1,0.94,3932.75,sh000903
2022-09-09 00:00:00,3948.97,3995.32,4000.42,3939.41,53539453.0,121377642822.1,1.55,3995.32,sh000903
2022-09-13 00:00:00,4015.97,4012.61,4028.33,3997.16,48636217.0,115768111011.3,0.78,4012.61,sh000903
2022-09-14 00:00:00,3959.81,3962.92,3988.75,3945.0,42348298.0,103100127674.3,1.09,3962.92,sh000903
2022-09-15 00:00:00,3975.85,3923.76,3984.68,3895.92,57528664.0,139586897710.5,2.24,3923.76,sh000903
2022-09-16 00:00:00,3909.72,3835.2,3916.1,3835.05,65510530.0,134160220842.1,2.07,3835.2,sh000903
2022-09-19 00:00:00,3829.93,3832.64,3859.99,3815.16,46998745.0,100442632169.1,1.17,3832.64,sh000903
2022-09-20 00:00:00,3849.5,3835.13,3861.42,3823.79,40851555.0,99930551795.1,0.98,3835.13,sh000903
2022-09-21 00:00:00,3822.88,3797.65,3823.55,3782.62,42418140.0,96388891578.9,1.07,3797.65,sh000903
2022-09-22 00:00:00,3766.66,3757.8,3789.96,3748.26,41024647.0,92591880720.1,1.1,3757.8,sh000903
2022-09-23 00:00:00,3754.55,3745.7,3777.34,3720.23,46230307.0,94742429665.1,1.52,3745.7,sh000903
2022-09-26 00:00:00,3717.26,3731.97,3787.03,3715.84,52780223.0,108337631413.5,1.9,3731.97,sh000903
2022-09-27 00:00:00,3739.39,3784.04,3785.23,3720.77,44375341.0,99236325891.4,1.73,3784.04,sh000903
2022-09-28 00:00:00,3771.09,3713.46,3771.09,3712.16,42606926.0,93687333910.4,1.56,3713.46,sh000903
2022-09-29 00:00:00,3751.97,3720.9,3760.83,3702.99,42544192.0,97634437611.6,1.56,3720.9,sh000903
2022-09-30 00:00:00,3729.89,3697.86,3742.02,3692.14,39741936.0,91934002970.8,1.34,3697.86,sh000903
2022-10-10 00:00:00,3708.04,3618.59,3708.12,3613.08,48672552.0,105653961019.6,2.57,3618.59,sh000903
2022-10-11 00:00:00,3632.38,3632.03,3641.84,3611.32,39719952.0,92354174101.5,0.84,3632.03,sh000903
2022-10-12 00:00:00,3625.66,3686.58,3686.64,3560.66,58548740.0,122387681403.0,3.47,3686.58,sh000903
2022-10-13 00:00:00,3654.82,3644.12,3676.5,3639.3,51314847.0,112485180532.1,1.01,3644.12,sh000903
2022-10-14 00:00:00,3679.09,3743.41,3765.69,3674.36,60437489.0,149722986193.5,2.51,3743.41,sh000903
2022-10-17 00:00:00,3720.89,3747.89,3751.27,3706.72,54712678.0,124273853055.5,1.19,3747.89,sh000903
2022-10-18 00:00:00,3769.96,3738.58,3772.41,3731.9,42208039.0,103251944081.2,1.08,3738.58,sh000903
2022-10-19 00:00:00,3728.68,3676.01,3744.21,3676.01,40620210.0,105245204786.1,1.82,3676.01,sh000903
2022-10-20 00:00:00,3640.82,3646.72,3696.9,3617.26,41747192.0,110456418756.5,2.17,3646.72,sh000903
2022-10-21 00:00:00,3640.72,3631.41,3657.62,3611.1,41409192.0,94419916239.0,1.28,3631.41,sh000903
2022-10-24 00:00:00,3609.88,3517.33,3646.53,3502.9,59945276.0,145288374481.1,3.96,3517.33,sh000903
2022-10-25 00:00:00,3506.19,3507.46,3553.47,3476.36,51007708.0,121980659551.7,2.19,3507.46,sh000903
2022-10-26 00:00:00,3514.66,3533.72,3581.65,3512.82,58538212.0,132594869479.8,1.96,3533.72,sh000903
2022-10-27 00:00:00,3548.84,3509.07,3567.53,3506.81,55604666.0,140708147930.2,1.72,3509.07,sh000903
2022-10-28 00:00:00,3481.88,3406.49,3492.14,3398.54,55982614.0,137071932135.3,2.67,3406.49,sh000903
2022-10-31 00:00:00,3366.98,3374.87,3422.42,3362.74,68583084.0,142703181858.0,1.75,3374.87,sh000903
2022-11-01 00:00:00,3387.41,3506.67,3506.67,3381.9,72739737.0,166138471815.1,3.7,3506.67,sh000903
2022-11-02 00:00:00,3495.25,3549.45,3573.6,3483.15,69177567.0,157324659254.6,2.58,3549.45,sh000903
2022-11-03 00:00:00,3517.48,3515.02,3543.58,3495.51,58766347.0,118475274493.4,1.35,3515.02,sh000903
2022-11-04 00:00:00,3514.67,3638.34,3653.36,3514.67,75298188.0,172663692013.9,3.95,3638.34,sh000903
2022-11-07 00:00:00,3628.09,3651.15,3671.42,3622.29,69986541.0,142298384110.6,1.35,3651.15,sh000903
2022-11-08 00:00:00,3651.19,3627.88,3660.05,3599.87,51511184.0,109484798768.4,1.65,3627.88,sh000903
2022-11-09 00:00:00,3629.28,3587.58,3638.66,3583.93,45838339.0,95295440026.3,1.51,3587.58,sh000903
2022-11-10 00:00:00,3554.81,3548.63,3565.99,3527.41,56775182.0,101435336795.0,1.08,3548.63,sh000903
2022-11-11 00:00:00,3657.45,3660.15,3699.91,3616.77,100684751.0,195929301876.2,2.34,3660.15,sh000903
2022-11-14 00:00:00,3697.68,3667.92,3726.9,3655.26,83753615.0,176570994083.9,1.96,3667.92,sh000903
2022-11-15 00:00:00,3664.8,3743.18,3746.8,3646.69,73907454.0,158713763875.9,2.73,3743.18,sh000903
2022-11-16 00:00:00,3740.05,3712.8,3753.56,3707.79,59835191.0,128967092937.2,1.22,3712.8,sh000903
2022-11-17 00:00:00,3701.9,3689.95,3701.9,3648.49,53989474.0,122263937736.5,1.44,3689.95,sh000903
2022-11-18 00:00:00,3697.2,3678.47,3717.05,3678.43,56326282.0,121044406348.2,1.05,3678.47,sh000903
2022-11-21 00:00:00,3645.83,3646.22,3647.91,3610.5,47003476.0,101916538941.1,1.02,3646.22,sh000903
2022-11-22 00:00:00,3643.14,3641.45,3683.67,3624.96,63018219.0,104755365597.1,1.61,3641.45,sh000903
2022-11-23 00:00:00,3629.09,3643.46,3663.11,3622.21,61757074.0,104391613733.0,1.12,3643.46,sh000903
2022-11-24 00:00:00,3664.14,3627.13,3677.27,3621.53,43771849.0,83586000573.4,1.53,3627.13,sh000903
2022-11-25 00:00:00,3621.59,3645.08,3660.85,3613.44,67101398.0,103831671863.9,1.31,3645.08,sh000903
2022-11-28 00:00:00,3567.93,3596.58,3600.75,3535.03,58757866.0,105161390875.6,1.8,3596.58,sh000903
2022-11-29 00:00:00,3636.46,3713.57,3721.41,3634.26,75352963.0,147924940754.5,2.42,3713.57,sh000903
2022-11-30 00:00:00,3700.68,3718.28,3729.55,3697.53,71103390.0,128403621591.9,0.86,3718.28,sh000903
2022-12-01 00:00:00,3789.19,3765.51,3811.83,3764.41,83069663.0,162846713136.8,1.28,3765.51,sh000903
2022-12-02 00:00:00,3756.96,3740.76,3769.39,3737.26,55753010.0,105335247215.3,0.85,3740.76,sh000903
2022-12-05 00:00:00,3773.71,3808.11,3809.07,3763.79,98734319.0,159318827840.0,1.21,3808.11,sh000903
2022-12-06 00:00:00,3790.66,3829.92,3845.95,3784.85,72749376.0,142100923842.7,1.6,3829.92,sh000903
2022-12-07 00:00:00,3818.24,3826.32,3866.96,3812.73,67522481.0,137509374245.3,1.42,3826.32,sh000903
2022-12-08 00:00:00,3820.97,3826.49,3839.82,3808.11,51718427.0,102189607506.8,0.83,3826.49,sh000903
2022-12-09 00:00:00,3831.09,3871.54,3876.24,3817.59,72891573.0,140096867584.6,1.53,3871.54,sh000903
2022-12-12 00:00:00,3847.59,3832.71,3862.93,3829.54,58859115.0,120194906987.1,0.86,3832.71,sh000903
2022-12-13 00:00:00,3833.59,3817.48,3838.18,3812.81,47605699.0,96878984888.3,0.66,3817.48,sh000903
2022-12-14 00:00:00,3823.67,3820.72,3838.15,3804.46,49162925.0,105794562251.9,0.88,3820.72,sh000903
2022-12-15 00:00:00,3822.13,3827.64,3833.74,3795.94,43905646.0,100556875011.2,0.99,3827.64,sh000903
2022-12-16 00:00:00,3806.16,3825.82,3831.69,3800.97,42618780.0,90129347697.9,0.8,3825.82,sh000903
2022-12-19 00:00:00,3824.74,3773.02,3840.49,3757.27,51222586.0,99067600401.0,2.18,3773.02,sh000903
2022-12-20 00:00:00,3759.05,3706.91,3759.05,3688.42,38896960.0,89182450488.6,1.87,3706.91,sh000903
2022-12-21 00:00:00,3715.02,3708.8,3731.22,3700.11,31295391.0,66357787168.6,0.84,3708.8,sh000903
2022-12-22 00:00:00,3740.11,3712.53,3757.06,3698.13,41484282.0,89321528643.5,1.59,3712.53,sh000903
2022-12-23 00:00:00,3688.32,3706.02,3725.92,3679.33,32962627.0,70726134149.1,1.25,3706.02,sh000903
2022-12-26 00:00:00,3707.84,3720.57,3734.03,3705.62,34562353.0,82789294452.4,0.77,3720.57,sh000903
2022-12-27 00:00:00,3735.66,3757.82,3762.11,3729.81,35171630.0,80859988197.3,0.87,3757.82,sh000903
2022-12-28 00:00:00,3743.92,3740.21,3751.45,3718.76,38712987.0,86700439636.0,0.87,3740.21,sh000903
2022-12-29 00:00:00,3721.41,3726.38,3738.31,3707.11,38450248.0,81089714553.1,0.83,3726.38,sh000903
2022-12-30 00:00:00,3744.87,3735.1,3760.0,3735.1,35468537.0,80608063457.6,0.67,3735.1,sh000903
2023-01-03 00:00:00,3728.94,3759.04,3766.56,3697.21,53654517.0,106667904434.6,1.86,3759.04,sh000903
2023-01-04 00:00:00,3757.81,3760.33,3775.96,3740.24,52710263.0,112236685534.2,0.95,3760.33,sh000903
2023-01-05 00:00:00,3783.12,3844.84,3849.82,3782.02,58905212.0,148467307317.5,1.8,3844.84,sh000903
2023-01-06 00:00:00,3845.2,3859.63,3883.13,3844.01,58084669.0,135121531467.4,1.02,3859.63,sh000903
2023-01-09 00:00:00,3879.27,3890.1,3901.73,3870.85,56724350.0,124576223792.0,0.8,3890.1,sh000903
2023-01-10 00:00:00,3891.8,3898.05,3911.89,3879.53,44968014.0,117471349580.6,0.83,3898.05,sh000903
2023-01-11 00:00:00,3903.07,3894.52,3929.73,3892.64,48671209.0,111188623071.1,0.95,3894.52,sh000903
2023-01-12 00:00:00,3908.56,3904.64,3924.2,3892.97,45590122.0,105096885622.6,0.8,3904.64,sh000903
2023-01-13 00:00:00,3924.52,3959.89,3959.89,3917.85,44250076.0,114465782283.5,1.08,3959.89,sh000903
2023-01-16 00:00:00,3960.46,4024.63,4062.67,3958.69,65392820.0,167203718505.8,2.63,4024.63,sh000903
2023-01-17 00:00:00,4024.9,4024.7,4036.71,4007.56,44782224.0,109751148755.8,0.72,4024.7,sh000903
2023-01-18 00:00:00,4029.37,4018.32,4038.43,4012.76,40607128.0,89849827946.8,0.64,4018.32,sh000903
2023-01-19 00:00:00,4013.94,4046.89,4046.89,3994.27,48775126.0,108542512242.5,1.31,4046.89,sh000903
2023-01-20 00:00:00,4059.52,4079.36,4089.91,4056.55,70199111.0,129979371768.5,0.82,4079.36,sh000903
2023-01-30 00:00:00,4175.02,4100.82,4175.02,4096.39,87226803.0,190386531130.2,1.93,4100.82,sh000903
2023-01-31 00:00:00,4101.09,4062.44,4114.77,4057.74,64473174.0,141594166860.5,1.39,4062.44,sh000903
2023-02-01 00:00:00,4079.18,4102.91,4102.91,4047.45,72066003.0,149058213884.7,1.37,4102.91,sh000903
2023-02-02 00:00:00,4112.21,4087.77,4112.38,4077.3,62714822.0,142590988031.1,0.86,4087.77,sh000903
2023-02-03 00:00:00,4067.09,4044.15,4067.09,4004.44,58862677.0,130377650371.2,1.53,4044.15,sh000903
2023-02-06 00:00:00,4003.51,3987.9,4004.46,3960.44,58691068.0,130147699190.1,1.09,3987.9,sh000903
2023-02-07 00:00:00,3998.94,3991.26,4006.95,3975.6,44175216.0,96798096175.7,0.79,3991.26,sh000903
2023-02-08 00:00:00,3997.47,3976.06,4011.43,3971.46,43024679.0,94433028753.1,1.0,3976.06,sh000903
2023-02-09 00:00:00,3964.61,4025.42,4025.42,3961.04,46751972.0,108501087565.9,1.62,4025.42,sh000903
2023-02-10 00:00:00,4017.21,3995.78,4019.32,3982.4,42169782.0,99115582430.6,0.92,3995.78,sh000903
2023-02-13 00:00:00,3988.74,4034.05,4036.53,3982.38,54600928.0,125572642246.6,1.36,4034.05,sh000903
2023-02-14 00:00:00,4044.03,4033.77,4045.15,4012.44,46131026.0,103531046863.8,0.81,4033.77,sh000903
2023-02-15 00:00:00,4035.04,4010.71,4044.48,4003.05,65480464.0,118612770130.3,1.03,4010.71,sh000903
2023-02-16 00:00:00,4013.95,3985.73,4057.62,3959.52,80002992.0,147275846872.1,2.45,3985.73,sh000903
2023-02-17 00:00:00,3978.31,3919.84,3994.06,3918.19,57885053.0,122252506751.2,1.9,3919.84,sh000903
2023-02-20 00:00:00,3921.11,4020.97,4022.41,3918.1,83200910.0,157618281264.7,2.66,4020.97,sh000903
2023-02-21 00:00:00,4018.19,4035.85,4045.61,4006.7,77037221.0,138216839584.7,0.97,4035.85,sh000903
2023-02-22 00:00:00,4007.25,3989.2,4018.53,3984.13,54761750.0,106394869260.9,0.85,3989.2,sh000903
2023-02-23 00:00:00,3989.04,3986.2,4014.68,3970.3,51500447.0,105585881884.6,1.11,3986.2,sh000903
2023-02-24 00:00:00,3981.45,3939.09,3983.66,3926.65,50753785.0,99249388911.4,1.43,3939.09,sh000903
2023-02-27 00:00:00,3915.83,3915.94,3940.77,3908.45,46326710.0,99081666936.9,0.82,3915.94,sh000903
2023-02-28 00:00:00,3931.9,3943.69,3949.39,3898.76,58229208.0,111422189430.2,1.29,3943.69,sh000903
2023-03-01 00:00:00,3942.54,4005.8,4017.32,3936.05,78188561.0,138368381027.4,2.06,4005.8,sh000903
2023-03-02 00:00:00,3997.66,3994.06,4016.88,3989.33,73462086.0,127574233375.2,0.69,3994.06,sh000903
2023-03-03 00:00:00,4003.23,4003.18,4011.38,3975.56,74093006.0,116093723605.3,0.9,4003.18,sh000903
2023-03-06 00:00:00,4004.08,3983.1,4005.87,3954.08,75695331.0,147081529227.0,1.29,3983.1,sh000903
2023-03-07 00:00:00,3976.1,3922.5,3998.92,3919.38,92502822.0,139728130530.7,2.0,3922.5,sh000903
2023-03-08 00:00:00,3902.45,3903.37,3910.32,3880.19,56543153.0,98975872432.3,0.77,3903.37,sh000903
2023-03-09 00:00:00,3904.46,3893.79,3915.25,3871.85,58318785.0,108409502399.2,1.11,3893.79,sh000903
2023-03-10 00:00:00,3865.25,3846.18,3880.11,3845.16,60637831.0,116563789037.1,0.9,3846.18,sh000903
2023-03-13 00:00:00,3840.9,3885.94,3887.51,3840.9,74590451.0,133117476325.9,1.21,3885.94,sh000903
2023-03-14 00:00:00,3877.33,3864.4,3882.35,3824.74,75712443.0,147147623101.4,1.48,3864.4,sh000903
2023-03-15 00:00:00,3892.44,3866.77,3901.11,3866.54,67182794.0,124071238980.1,0.89,3866.77,sh000903
2023-03-16 00:00:00,3833.23,3810.97,3854.11,3808.02,69537082.0,128565530818.9,1.19,3810.97,sh000903
2023-03-17 00:00:00,3845.89,3832.12,3878.62,3817.62,85832287.0,170322582908.1,1.6,3832.12,sh000903
2023-03-20 00:00:00,3835.46,3809.46,3852.0,3804.56,93210422.0,165625079115.9,1.24,3809.46,sh000903
2023-03-21 00:00:00,3818.06,3858.4,3858.8,3817.41,64539917.0,128972714505.9,1.09,3858.4,sh000903
2023-03-22 00:00:00,3871.8,3877.01,3893.62,3862.48,73271475.0,141313300956.3,0.81,3877.01,sh000903
2023-03-23 00:00:00,3862.23,3909.31,3909.31,3859.73,77366934.0,152061134209.7,1.28,3909.31,sh000903
2023-03-24 00:00:00,3906.05,3895.14,3906.05,3884.6,77723320.0,156448764193.4,0.55,3895.14,sh000903
2023-03-27 00:00:00,3890.53,3883.28,3890.53,3858.49,81133707.0,165352469360.5,0.82,3883.28,sh000903
2023-03-28 00:00:00,3887.28,3864.11,3893.83,3859.36,64342963.0,123590288058.9,0.89,3864.11,sh000903
2023-03-29 00:00:00,3880.47,3871.62,3885.7,3862.71,60533017.0,131600954953.8,0.59,3871.62,sh000903
2023-03-30 00:00:00,3874.31,3904.62,3905.85,3851.19,71869833.0,149879854236.6,1.41,3904.62,sh000903
2023-03-31 00:00:00,3914.93,3917.21,3929.61,3906.33,65344162.0,149853739941.6,0.6,3917.21,sh000903
2023-04-03 00:00:00,3926.91,3950.52,3954.47,3918.03,89505385.0,209807608298.0,0.93,3950.52,sh000903
2023-04-04 00:00:00,3949.58,3951.03,3952.0,3928.02,95756990.0,209069361293.9,0.61,3951.03,sh000903
2023-04-06 00:00:00,3928.32,3945.89,3947.73,3922.08,73665327.0,170886043827.3,0.65,3945.89,sh000903
2023-04-07 00:00:00,3948.57,3982.61,3990.9,3947.59,62332132.0,153927642307.9,1.1,3982.61,sh000903
2023-04-10 00:00:00,3993.57,3975.47,3994.64,3965.53,74054461.0,180161512599.5,0.73,3975.47,sh000903
2023-04-11 00:00:00,3979.15,3972.8,3988.69,3956.3,73160109.0,167167493965.8,0.81,3972.8,sh000903
2023-04-12 00:00:00,3974.72,3972.82,3983.42,3964.79,82703485.0,171238086701.2,0.47,3972.82,sh000903
2023-04-13 00:00:00,3955.43,3939.53,3959.19,3929.51,70406633.0,152680096124.6,0.75,3939.53,sh000903
2023-04-14 00:00:00,3949.85,3967.22,3976.42,3948.06,67951941.0,164365332555.3,0.72,3967.22,sh000903
2023-04-17 00:00:00,3963.18,4020.34,4020.34,3960.15,82413577.0,178826218692.5,1.52,4020.34,sh000903
2023-04-18 00:00:00,4008.19,4029.11,4041.16,4007.14,74868542.0,170516166180.9,0.85,4029.11,sh000903
2023-04-19 00:00:00,4028.59,3991.92,4028.59,3986.43,77361252.0,161038974672.5,1.05,3991.92,sh000903
2023-04-20 00:00:00,3989.12,3969.97,3989.88,3951.67,76041516.0,176039076853.2,0.96,3969.97,sh000903
2023-04-21 00:00:00,3973.98,3893.29,3973.98,3891.57,81492286.0,182998896355.1,2.08,3893.29,sh000903
2023-04-24 00:00:00,3891.71,3842.19,3893.99,3827.05,77540732.0,172492665655.6,1.72,3842.19,sh000903
2023-04-25 00:00:00,3843.76,3808.31,3847.21,3775.41,74868858.0,168312099068.1,1.87,3808.31,sh000903
2023-04-26 00:00:00,3795.53,3818.71,3834.2,3785.32,68799787.0,166699574518.7,1.28,3818.71,sh000903
2023-04-27 00:00:00,3807.97,3850.99,3862.1,3803.35,63598512.0,155128965890.1,1.54,3850.99,sh000903
2023-04-28 00:00:00,3857.31,3886.03,3886.58,3857.31,68714436.0,156382971514.4,0.76,3886.03,sh000903
2023-05-04 00:00:00,3869.31,3872.06,3882.19,3852.78,87963922.0,163779765714.0,0.76,3872.06,sh000903
2023-05-05 00:00:00,3874.41,3849.67,3876.53,3826.5,77685001.0,143334937190.4,1.29,3849.67,sh000903
2023-05-08 00:00:00,3863.33,3880.58,3884.79,3845.57,91295528.0,167686895037.9,1.02,3880.58,sh000903
2023-05-09 00:00:00,3878.42,3841.34,3898.22,3839.7,95980345.0,171779362973.2,1.51,3841.34,sh000903
2023-05-10 00:00:00,3833.6,3834.19,3849.69,3818.93,72136197.0,143603766646.5,0.8,3834.19,sh000903
2023-05-11 00:00:00,3841.12,3830.72,3849.33,3829.41,53856080.0,118438496016.8,0.52,3830.72,sh000903
2023-05-12 00:00:00,3829.69,3776.55,3838.56,3776.48,60997744.0,119004291449.7,1.62,3776.55,sh000903
2023-05-15 00:00:00,3778.71,3836.51,3836.51,3767.33,68372945.0,139775493781.6,1.83,3836.51,sh000903
2023-05-16 00:00:00,3841.66,3818.48,3841.66,3806.75,50291352.0,114380583686.4,0.91,3818.48,sh000903
2023-05-17 00:00:00,3812.9,3799.5,3821.1,3786.88,48362870.0,99577289843.6,0.9,3799.5,sh000903
2023-05-18 00:00:00,3805.99,3784.59,3814.16,3769.7,51314679.0,107129132423.4,1.17,3784.59,sh000903
2023-05-19 00:00:00,3772.22,3776.05,3797.74,3756.48,45892937.0,96722478482.3,1.09,3776.05,sh000903
2023-05-22 00:00:00,3774.03,3805.23,3818.76,3770.33,42563797.0,93100305127.0,1.28,3805.23,sh000903
2023-05-23 00:00:00,3806.32,3754.71,3810.12,3754.71,48690149.0,90974275110.5,1.46,3754.71,sh000903
2023-05-24 00:00:00,3747.81,3706.09,3748.37,3706.09,55097206.0,102973004087.9,1.13,3706.09,sh000903
2023-05-25 00:00:00,3696.63,3689.27,3706.57,3659.85,54459286.0,104921058611.8,1.26,3689.27,sh000903
2023-05-26 00:00:00,3686.55,3678.06,3686.55,3645.48,41079248.0,92612476219.9,1.11,3678.06,sh000903
2023-05-29 00:00:00,3691.52,3656.39,3694.98,3642.08,56505421.0,109691339595.7,1.44,3656.39,sh000903
2023-05-30 00:00:00,3651.1,3665.87,3671.77,3615.87,62389785.0,122379341968.0,1.53,3665.87,sh000903
2023-05-31 00:00:00,3653.34,3617.3,3653.54,3602.66,56456932.0,117168415081.1,1.39,3617.3,sh000903
2023-06-01 00:00:00,3607.96,3634.33,3659.93,3607.24,56267816.0,116845454451.1,1.46,3634.33,sh000903
2023-06-02 00:00:00,3651.4,3700.65,3704.0,3651.4,54643187.0,120467308715.1,1.45,3700.65,sh000903
2023-06-05 00:00:00,3697.95,3679.96,3697.99,3669.16,46288335.0,105480081656.7,0.78,3679.96,sh000903
2023-06-06 00:00:00,3676.19,3649.31,3703.2,3644.71,54085097.0,112588657844.9,1.59,3649.31,sh000903
2023-06-07 00:00:00,3659.31,3626.07,3665.94,3618.3,42185940.0,99519741433.5,1.31,3626.07,sh000903
2023-06-08 00:00:00,3630.71,3654.96,3670.12,3617.64,48898115.0,98892948850.9,1.45,3654.96,sh000903
2023-06-09 00:00:00,3657.74,3667.93,3668.18,3642.27,62547054.0,124877093172.0,0.71,3667.93,sh000903
2023-06-12 00:00:00,3657.24,3673.86,3689.2,3645.07,55151031.0,119964559984.4,1.2,3673.86,sh000903
2023-06-13 00:00:00,3667.21,3694.15,3697.71,3660.37,49160841.0,110640143105.4,1.02,3694.15,sh000903
2023-06-14 00:00:00,3704.49,3693.72,3719.63,3691.22,53323160.0,119070543525.5,0.77,3693.72,sh000903
2023-06-15 00:00:00,3702.35,3766.04,3766.04,3702.09,56778348.0,153631955062.3,1.73,3766.04,sh000903
2023-06-16 00:00:00,3772.79,3805.52,3810.09,3769.6,59783535.0,144446961879.5,1.08,3805.52,sh000903
2023-06-19 00:00:00,3800.72,3766.25,3800.72,3759.1,57604219.0,130132279611.2,1.09,3766.25,sh000903
2023-06-20 00:00:00,3762.85,3765.98,3779.09,3759.86,52092715.0,132492751206.6,0.51,3765.98,sh000903
2023-06-21 00:00:00,3752.58,3709.22,3765.62,3709.22,53296061.0,124841858982.9,1.5,3709.22,sh000903
2023-06-26 00:00:00,3679.2,3667.43,3696.85,3655.54,58400978.0,118269062731.6,1.11,3667.43,sh000903
2023-06-27 00:00:00,3669.7,3701.67,3710.13,3665.56,53644754.0,105977290284.7,1.22,3701.67,sh000903
2023-06-28 00:00:00,3693.14,3696.92,3702.78,3664.76,48298309.0,107466446669.0,1.03,3696.92,sh000903
2023-06-29 00:00:00,3694.8,3675.46,3699.39,3670.17,44632024.0,101725031133.2,0.79,3675.46,sh000903
2023-06-30 00:00:00,3667.1,3688.14,3708.07,3661.73,46863770.0,106360079907.0,1.26,3688.14,sh000903
2023-07-03 00:00:00,3702.25,3731.95,3739.49,3701.08,60982861.0,130894381540.7,1.04,3731.95,sh000903
2023-07-04 00:00:00,3728.35,3736.68,3738.46,3719.27,49225448.0,107644049905.1,0.51,3736.68,sh000903
2023-07-05 00:00:00,3732.87,3712.29,3739.71,3707.38,48302014.0,96173325352.7,0.87,3712.29,sh000903
2023-07-06 00:00:00,3700.97,3683.27,3719.47,3677.55,49508336.0,95594702218.6,1.13,3683.27,sh000903
2023-07-07 00:00:00,3671.51,3660.65,3679.44,3654.36,51909750.0,90661258312.3,0.68,3660.65,sh000903
2023-07-10 00:00:00,3677.36,3686.1,3707.81,3674.71,47059451.0,101529986654.3,0.9,3686.1,sh000903
2023-07-11 00:00:00,3697.25,3710.27,3712.42,3686.44,40848094.0,91735852740.0,0.7,3710.27,sh000903
2023-07-12 00:00:00,3707.3,3691.81,3720.25,3686.08,52089612.0,108282603903.3,0.92,3691.81,sh000903
2023-07-13 00:00:00,3702.77,3739.31,3741.36,3702.77,56110150.0,121533179143.8,1.05,3739.31,sh000903
2023-07-14 00:00:00,3748.36,3742.27,3753.82,3736.49,61307704.0,113223761279.5,0.46,3742.27,sh000903
2023-07-17 00:00:00,3726.36,3709.61,3726.36,3695.13,48406830.0,85517933694.3,0.83,3709.61,sh000903
2023-07-18 00:00:00,3715.44,3697.34,3715.44,3686.28,39902164.0,80761965261.5,0.79,3697.34,sh000903
2023-07-19 00:00:00,3691.86,3694.75,3704.41,3675.62,36182018.0,77885251474.1,0.78,3694.75,sh000903
2023-07-20 00:00:00,3702.13,3673.55,3723.72,3668.74,43079101.0,90738120851.7,1.49,3673.55,sh000903
2023-07-21 00:00:00,3666.61,3669.03,3696.75,3655.82,39243794.0,83231085360.9,1.11,3669.03,sh000903
2023-07-24 00:00:00,3647.66,3647.18,3672.45,3641.51,33984922.0,77095901265.6,0.84,3647.18,sh000903
2023-07-25 00:00:00,3706.18,3755.99,3755.99,3706.18,70799987.0,146772987064.7,1.37,3755.99,sh000903
2023-07-26 00:00:00,3748.91,3749.01,3752.71,3735.61,47422572.0,93275789022.6,0.46,3749.01,sh000903
2023-07-27 00:00:00,3756.58,3741.81,3772.03,3734.44,46781148.0,92387008707.4,1.0,3741.81,sh000903
2023-07-28 00:00:00,3730.03,3824.68,3832.62,3727.09,71789355.0,140279680845.3,2.82,3824.68,sh000903
2023-07-31 00:00:00,3852.09,3843.6,3891.11,3831.51,78200090.0,172605022103.1,1.56,3843.6,sh000903
2023-08-01 00:00:00,3840.07,3829.38,3859.62,3815.45,59745416.0,122633300320.2,1.15,3829.38,sh000903
2023-08-02 00:00:00,3818.91,3803.13,3838.23,3792.1,50120376.0,96738393165.0,1.2,3803.13,sh000903
2023-08-03 00:00:00,3793.02,3833.04,3833.39,3792.88,50073774.0,105063657118.1,1.07,3833.04,sh000903
2023-08-04 00:00:00,3861.27,3846.54,3881.39,3837.91,71319235.0,146180770114.0,1.13,3846.54,sh000903
2023-08-07 00:00:00,3831.02,3816.26,3831.02,3803.29,51962038.0,112605171200.9,0.72,3816.26,sh000903
2023-08-08 00:00:00,3809.49,3808.11,3829.49,3792.48,42710803.0,93826501781.0,0.97,3808.11,sh000903
2023-08-09 00:00:00,3796.96,3799.3,3813.86,3794.15,38396581.0,81316336740.4,0.52,3799.3,sh000903
2023-08-10 00:00:00,3794.51,3802.85,3806.62,3773.74,38072881.0,80151878530.6,0.87,3802.85,sh000903
2023-08-11 00:00:00,3807.18,3715.5,3807.18,3715.5,53509387.0,97929402147.3,2.41,3715.5,sh000903
2023-08-14 00:00:00,3673.13,3687.75,3690.86,3646.99,50420343.0,99183654787.2,1.18,3687.75,sh000903
2023-08-15 00:00:00,3689.04,3673.52,3695.12,3640.94,42366885.0,86915238403.2,1.47,3673.52,sh000903
2023-08-16 00:00:00,3658.34,3642.67,3673.55,3642.03,40076902.0,86853274229.7,0.86,3642.67,sh000903
2023-08-17 00:00:00,3626.68,3657.07,3662.15,3606.28,38127108.0,82047638390.9,1.53,3657.07,sh000903
2023-08-18 00:00:00,3655.98,3608.53,3664.45,3608.53,38249920.0,80091929530.2,1.53,3608.53,sh000903
2023-08-21 00:00:00,3595.88,3561.97,3611.78,3561.97,40660721.0,85180494297.3,1.38,3561.97,sh000903
2023-08-22 00:00:00,3580.04,3584.39,3598.48,3535.24,58776237.0,106290495149.7,1.78,3584.39,sh000903
2023-08-23 00:00:00,3578.92,3522.38,3582.75,3520.74,44884393.0,83026795106.3,1.73,3522.38,sh000903
2023-08-24 00:00:00,3538.09,3554.94,3579.14,3531.56,52988258.0,97498641310.3,1.35,3554.94,sh000903
2023-08-25 00:00:00,3537.21,3543.78,3568.99,3529.8,47460434.0,87963324799.5,1.1,3543.78,sh000903
2023-08-28 00:00:00,3737.15,3594.87,3737.15,3582.39,81991888.0,161761192569.9,4.37,3594.87,sh000903
2023-08-29 00:00:00,3587.65,3636.08,3658.25,3586.99,63154387.0,129139827528.3,1.98,3636.08,sh000903
2023-08-30 00:00:00,3653.15,3644.19,3666.71,3634.41,58151053.0,110758236684.0,0.89,3644.19,sh000903
2023-08-31 00:00:00,3644.96,3625.64,3651.13,3620.7,47990392.0,91513426558.8,0.84,3625.64,sh000903
2023-09-01 00:00:00,3639.01,3649.71,3667.99,3637.51,45344818.0,83733676051.7,0.84,3649.71,sh000903
2023-09-04 00:00:00,3675.06,3707.81,3713.92,3664.73,64509488.0,118491226932.4,1.35,3707.81,sh000903
2023-09-05 00:00:00,3699.02,3683.2,3699.54,3677.5,44151472.0,91029300170.0,0.59,3683.2,sh000903
2023-09-06 00:00:00,3671.93,3672.11,3678.36,3651.98,40351320.0,83755338429.5,0.72,3672.11,sh000903
2023-09-07 00:00:00,3661.91,3615.8,3661.91,3614.59,41818342.0,85404940480.7,1.29,3615.8,sh000903
2023-09-08 00:00:00,3605.09,3588.6,3610.38,3575.95,30628649.0,64883425377.9,0.95,3588.6,sh000903
2023-09-11 00:00:00,3589.19,3610.27,3632.26,3583.27,42520491.0,90714216893.4,1.37,3610.27,sh000903
2023-09-12 00:00:00,3607.64,3604.95,3617.62,3597.03,34623665.0,69630590980.8,0.57,3604.95,sh000903
2023-09-13 00:00:00,3603.53,3581.95,3613.95,3564.76,37809075.0,71578082826.6,1.36,3581.95,sh000903
2023-09-14 00:00:00,3581.93,3576.89,3594.12,3561.46,41968158.0,77042538839.9,0.91,3576.89,sh000903
2023-09-15 00:00:00,3583.67,3551.4,3591.79,3542.11,48943125.0,96631630257.7,1.39,3551.4,sh000903
2023-09-18 00:00:00,3541.77,3574.56,3586.22,3536.37,38845471.0,84342833212.9,1.4,3574.56,sh000903
2023-09-19 00:00:00,3570.25,3565.76,3570.25,3547.58,34081303.0,67769423763.0,0.63,3565.76,sh000903
2023-09-20 00:00:00,3561.17,3549.48,3562.34,3547.61,31807261.0,59449261949.3,0.41,3549.48,sh000903
2023-09-21 00:00:00,3540.82,3514.55,3551.12,3514.55,36145722.0,67920879704.3,1.03,3514.55,sh000903
2023-09-22 00:00:00,3516.52,3587.69,3588.34,3506.64,49903674.0,100515897243.7,2.32,3587.69,sh000903
2023-09-25 00:00:00,3588.02,3560.99,3588.02,3557.2,37924101.0,76542715201.9,0.86,3560.99,sh000903
2023-09-26 00:00:00,3555.55,3532.88,3567.51,3532.06,35013001.0,70893589029.2,1.0,3532.88,sh000903
2023-09-27 00:00:00,3534.25,3543.32,3573.65,3533.46,39737070.0,86755991562.4,1.14,3543.32,sh000903
2023-09-28 00:00:00,3555.17,3527.9,3558.79,3523.71,37679479.0,79358903544.9,0.99,3527.9,sh000903
2023-10-09 00:00:00,3517.09,3523.68,3532.55,3480.68,45127053.0,96849225239.3,1.47,3523.68,sh000903
2023-10-10 00:00:00,3534.97,3498.61,3540.2,3497.86,43321988.0,84366304954.9,1.2,3498.61,sh000903
2023-10-11 00:00:00,3518.01,3514.66,3536.36,3505.22,44357021.0,101808352075.2,0.89,3514.66,sh000903
2023-10-12 00:00:00,3544.33,3547.94,3558.84,3529.02,46374685.0,99629958812.1,0.85,3547.94,sh000903
2023-10-13 00:00:00,3522.39,3506.6,3522.39,3494.96,40327992.0,86631130471.1,0.77,3506.6,sh000903
2023-10-16 00:00:00,3507.77,3465.8,3507.77,3455.24,41280097.0,82933590769.8,1.5,3465.8,sh000903
2023-10-17 00:00:00,3476.58,3476.25,3482.58,3459.32,39108273.0,73824912880.3,0.67,3476.25,sh000903
2023-10-18 00:00:00,3471.12,3452.58,3471.12,3450.53,40868653.0,82525152841.7,0.59,3452.58,sh000903
2023-10-19 00:00:00,3429.55,3373.14,3430.02,3371.47,46663949.0,99493643216.2,1.7,3373.14,sh000903
2023-10-20 00:00:00,3357.28,3351.49,3376.12,3341.69,44825106.0,94298170479.9,1.02,3351.49,sh000903
2023-10-23 00:00:00,3344.49,3319.51,3347.84,3294.69,43915245.0,81359639469.5,1.59,3319.51,sh000903
2023-10-24 00:00:00,3328.18,3325.59,3336.83,3295.19,50947544.0,99439285812.1,1.25,3325.59,sh000903
2023-10-25 00:00:00,3362.22,3337.23,3369.9,3334.96,61843775.0,109113589268.5,1.05,3337.23,sh000903
2023-10-26 00:00:00,3318.48,3343.3,3344.78,3307.81,47682877.0,95457046796.2,1.11,3343.3,sh000903
2023-10-27 00:00:00,3329.79,3394.1,3409.01,3324.16,53515111.0,123370095870.6,2.54,3394.1,sh000903
2023-10-30 00:00:00,3386.49,3425.29,3434.38,3385.96,65943121.0,131697224098.7,1.43,3425.29,sh000903
2023-10-31 00:00:00,3418.6,3407.3,3418.6,3390.28,50322968.0,101924643733.5,0.83,3407.3,sh000903
2023-11-01 00:00:00,3443.31,3406.12,3444.28,3398.89,46178512.0,99501013839.4,1.33,3406.12,sh000903
2023-11-02 00:00:00,3417.65,3392.14,3435.01,3391.85,41178621.0,80429924059.1,1.27,3392.14,sh000903
2023-11-03 00:00:00,3397.09,3423.78,3433.34,3396.47,45704056.0,88623986482.2,1.09,3423.78,sh000903
2023-11-06 00:00:00,3444.36,3473.81,3477.71,3443.78,73352296.0,136437038616.5,0.99,3473.81,sh000903
2023-11-07 00:00:00,3465.46,3453.96,3465.46,3441.91,48660935.0,97753207742.5,0.68,3453.96,sh000903
2023-11-08 00:00:00,3444.06,3448.8,3463.94,3430.97,48621574.0,99811978865.0,0.95,3448.8,sh000903
2023-11-09 00:00:00,3438.83,3445.56,3459.81,3436.47,46725243.0,93222864071.0,0.68,3445.56,sh000903
2023-11-10 00:00:00,3427.21,3418.5,3430.12,3409.09,39659939.0,78333240913.7,0.61,3418.5,sh000903
2023-11-13 00:00:00,3426.17,3410.03,3433.18,3394.28,42195969.0,83805525558.6,1.14,3410.03,sh000903
2023-11-14 00:00:00,3412.27,3405.52,3428.0,3393.4,39669720.0,76372556778.9,1.01,3405.52,sh000903
2023-11-15 00:00:00,3442.02,3433.67,3445.33,3422.72,45089590.0,93705881610.0,0.66,3433.67,sh000903
2023-11-16 00:00:00,3427.77,3396.81,3429.64,3395.21,36925906.0,72500980594.4,1.0,3396.81,sh000903
2023-11-17 00:00:00,3384.22,3388.53,3394.85,3367.35,37015566.0,67390404199.6,0.81,3388.53,sh000903
2023-11-20 00:00:00,3390.29,3395.28,3407.83,3365.97,38256798.0,75690219304.8,1.24,3395.28,sh000903
2023-11-21 00:00:00,3409.11,3402.57,3434.83,3397.64,46185959.0,86111537695.4,1.1,3402.57,sh000903
2023-11-22 00:00:00,3391.03,3364.24,3395.21,3364.24,38473724.0,69650368844.2,0.91,3364.24,sh000903
2023-11-23 00:00:00,3360.76,3381.17,3381.99,3347.63,33542277.0,63082204891.4,1.02,3381.17,sh000903
2023-11-24 00:00:00,3381.41,3355.88,3381.41,3352.26,34006699.0,68323814844.4,0.86,3355.88,sh000903
2023-11-27 00:00:00,3350.62,3326.22,3350.62,3308.65,41372744.0,77458263643.1,1.25,3326.22,sh000903
2023-11-28 00:00:00,3323.86,3334.76,3335.8,3315.16,34672848.0,65159298888.0,0.62,3334.76,sh000903
2023-11-29 00:00:00,3335.53,3306.3,3337.12,3300.41,39248428.0,72694181700.3,1.1,3306.3,sh000903
2023-11-30 00:00:00,3302.5,3311.36,3322.39,3298.4,39868278.0,72260423034.6,0.73,3311.36,sh000903
2023-12-01 00:00:00,3309.48,3294.34,3309.48,3261.96,46935811.0,90260948783.8,1.44,3294.34,sh000903
2023-12-04 00:00:00,3291.85,3269.39,3296.49,3268.38,42765033.0,80690042207.3,0.85,3269.39,sh000903
2023-12-05 00:00:00,3258.67,3203.72,3258.67,3203.27,44220405.0,84889158866.5,1.69,3203.72,sh000903
2023-12-06 00:00:00,3197.1,3213.23,3234.13,3193.04,48113661.0,93159416926.6,1.28,3213.23,sh000903
2023-12-07 00:00:00,3206.65,3202.4,3217.08,3181.64,41467631.0,82906873919.2,1.1,3202.4,sh000903
2023-12-08 00:00:00,3203.91,3213.02,3221.64,3194.99,54303909.0,96579971828.0,0.83,3213.02,sh000903
2023-12-11 00:00:00,3191.33,3234.69,3242.55,3165.4,60935279.0,104817292987.0,2.4,3234.69,sh000903
2023-12-12 00:00:00,3225.72,3240.41,3241.41,3221.69,45868018.0,79020276299.3,0.61,3240.41,sh000903
2023-12-13 00:00:00,3231.12,3183.78,3231.12,3183.57,41419121.0,78942050202.9,1.47,3183.78,sh000903
2023-12-14 00:00:00,3203.82,3168.9,3215.48,3167.24,37377402.0,76763777610.1,1.52,3168.9,sh000903
2023-12-15 00:00:00,3185.32,3161.26,3208.31,3159.13,45766120.0,89880019719.1,1.55,3161.26,sh000903
2023-12-18 00:00:00,3147.71,3148.19,3170.21,3133.62,39088149.0,74560497677.6,1.16,3148.19,sh000903
2023-12-19 00:00:00,3143.98,3157.55,3167.96,3132.95,35549956.0,68404005965.7,1.11,3157.55,sh000903
2023-12-20 00:00:00,3155.74,3125.42,3160.41,3125.1,40388203.0,73129918491.7,1.12,3125.42,sh000903
2023-12-21 00:00:00,3113.47,3162.97,3171.57,3112.43,47385848.0,93726212514.7,1.89,3162.97,sh000903
2023-12-22 00:00:00,3160.59,3171.5,3192.91,3147.98,50238578.0,89224688812.5,1.42,3171.5,sh000903
2023-12-25 00:00:00,3164.66,3177.09,3182.33,3161.7,33614843.0,60503711852.3,0.65,3177.09,sh000903
2023-12-26 00:00:00,3175.22,3157.91,3175.22,3148.9,32441422.0,59439973948.2,0.83,3157.91,sh000903
2023-12-27 00:00:00,3161.08,3170.45,3176.52,3145.65,44369971.0,72979199617.6,0.98,3170.45,sh000903
2023-12-28 00:00:00,3169.93,3250.63,3258.13,3165.77,67560750.0,131285825303.8,2.91,3250.63,sh000903
2023-12-29 00:00:00,3248.01,3263.05,3268.97,3246.54,56271215.0,103671285554.8,0.69,3263.05,sh000903
2024-01-02 00:00:00,3260.23,3218.49,3260.23,3218.49,52673533.0,95311989609.0,1.28,3218.49,sh000903
2024-01-03 00:00:00,3211.59,3208.99,3224.25,3193.47,46921205.0,85158826498.7,0.96,3208.99,sh000903
2024-01-04 00:00:00,3205.75,3178.25,3206.36,3154.6,48790990.0,86827126502.8,1.61,3178.25,sh000903
2024-01-05 00:00:00,3172.41,3162.03,3202.66,3145.81,54687807.0,95299202754.6,1.79,3162.03,sh000903
2024-01-08 00:00:00,3157.21,3123.37,3171.1,3119.6,55401939.0,88182022707.3,1.63,3123.37,sh000903
2024-01-09 00:00:00,3124.45,3129.95,3142.57,3112.25,50011586.0,90522518641.8,0.97,3129.95,sh000903
2024-01-10 00:00:00,3118.32,3111.37,3149.09,3105.81,44001200.0,83552356111.8,1.38,3111.37,sh000903
2024-01-11 00:00:00,3110.59,3131.49,3146.43,3102.57,49707584.0,98351627702.6,1.41,3131.49,sh000903
2024-01-12 00:00:00,3119.07,3119.39,3143.71,3112.34,44081801.0,83524301018.0,1.0,3119.39,sh000903
2024-01-15 00:00:00,3104.23,3115.94,3140.94,3096.11,39887365.0,74309565699.8,1.44,3115.94,sh000903
2024-01-16 00:00:00,3107.51,3133.77,3133.77,3095.35,47869348.0,89289371422.6,1.23,3133.77,sh000903
2024-01-17 00:00:00,3124.06,3060.48,3124.06,3060.48,46503170.0,90793348430.0,2.03,3060.48,sh000903
2024-01-18 00:00:00,3046.18,3111.3,3116.05,3012.45,76980323.0,136521027686.2,3.39,3111.3,sh000903
2024-01-19 00:00:00,3098.63,3112.17,3127.96,3091.28,55325262.0,106190418785.3,1.18,3112.17,sh000903
2024-01-22 00:00:00,3105.06,3072.15,3128.05,3046.33,65855311.0,122027544152.7,2.63,3072.15,sh000903
2024-01-23 00:00:00,3062.19,3081.17,3098.39,3045.27,55014870.0,105290980682.1,1.73,3081.17,sh000903
2024-01-24 00:00:00,3096.44,3118.13,3121.9,3039.07,65597954.0,112054791678.7,2.69,3118.13,sh000903
2024-01-25 00:00:00,3116.09,3179.03,3180.36,3109.33,87305165.0,131960966054.6,2.28,3179.03,sh000903
2024-01-26 00:00:00,3162.41,3163.53,3181.15,3148.2,81490113.0,122779820470.0,1.04,3163.53,sh000903
2024-01-29 00:00:00,3164.26,3127.24,3176.89,3127.24,78906794.0,126620715925.3,1.57,3127.24,sh000903
2024-01-30 00:00:00,3109.38,3071.6,3121.82,3071.56,62078465.0,104430341840.2,1.61,3071.6,sh000903
2024-01-31 00:00:00,3062.1,3049.43,3082.25,3036.38,64640683.0,114733283201.6,1.49,3049.43,sh000903
2024-02-01 00:00:00,3038.2,3051.96,3085.97,3028.84,61431774.0,104445003695.5,1.87,3051.96,sh000903
2024-02-02 00:00:00,3053.4,3011.6,3063.83,2947.49,73621843.0,120492796091.0,3.81,3011.6,sh000903
2024-02-05 00:00:00,2995.52,3042.52,3072.74,2956.95,87502535.0,148217505239.8,3.84,3042.52,sh000903
2024-02-06 00:00:00,3028.21,3147.3,3148.48,3026.29,86660075.0,148752448906.4,4.02,3147.3,sh000903
2024-02-07 00:00:00,3150.16,3183.12,3183.12,3126.75,93673893.0,155522352734.6,1.79,3183.12,sh000903
2024-02-08 00:00:00,3189.97,3207.2,3214.82,3183.24,80266241.0,137746320708.8,0.99,3207.2,sh000903
2024-02-19 00:00:00,3235.77,3234.86,3235.77,3204.95,79755603.0,136812861975.7,0.96,3234.86,sh000903
2024-02-20 00:00:00,3228.74,3238.31,3242.91,3210.96,58694347.0,108815727521.3,0.99,3238.31,sh000903
2024-02-21 00:00:00,3219.52,3277.71,3318.18,3212.97,78052790.0,141918369029.2,3.25,3277.71,sh000903
2024-02-22 00:00:00,3272.26,3302.14,3302.39,3271.11,59133807.0,106620701457.7,0.95,3302.14,sh000903
2024-02-23 00:00:00,3305.64,3298.23,3314.77,3281.51,60803498.0,112592932175.6,1.01,3298.23,sh000903
2024-02-26 00:00:00,3295.01,3265.65,3301.6,3258.12,63634045.0,117096164845.4,1.32,3265.65,sh000903
2024-02-27 00:00:00,3253.16,3305.22,3305.22,3250.41,59402431.0,121509935498.2,1.68,3305.22,sh000903
2024-02-28 00:00:00,3311.28,3263.6,3331.33,3263.6,80138347.0,162615021696.9,2.05,3263.6,sh000903
2024-02-29 00:00:00,3252.91,3326.71,3327.37,3252.91,68659714.0,145773768195.2,2.28,3326.71,sh000903
2024-03-01 00:00:00,3326.26,3348.79,3354.43,3314.13,73307463.0,148275259831.6,1.21,3348.79,sh000903
2024-03-04 00:00:00,3351.42,3352.89,3364.19,3335.97,73450072.0,153415637987.6,0.84,3352.89,sh000903
2024-03-05 00:00:00,3336.92,3377.1,3381.92,3331.15,75674368.0,154577788346.8,1.51,3377.1,sh000903
2024-03-06 00:00:00,3367.49,3366.19,3392.06,3358.04,63508086.0,123752961924.4,1.01,3366.19,sh000903
2024-03-07 00:00:00,3362.59,3349.3,3384.49,3340.52,70345976.0,130532767357.5,1.31,3349.3,sh000903
2024-03-08 00:00:00,3347.83,3358.9,3363.19,3328.34,59308020.0,117620605706.8,1.04,3358.9,sh000903
2024-03-11 00:00:00,3363.19,3410.79,3410.79,3362.17,68924612.0,154899545186.9,1.45,3410.79,sh000903
2024-03-12 00:00:00,3415.46,3419.56,3427.49,3394.34,84106392.0,180467323885.4,0.97,3419.56,sh000903
2024-03-13 00:00:00,3417.72,3395.11,3417.72,3384.74,63072381.0,130231662697.5,0.96,3395.11,sh000903
2024-03-14 00:00:00,3400.78,3387.24,3425.03,3372.5,65194941.0,137751230196.7,1.55,3387.24,sh000903
2024-03-15 00:00:00,3378.83,3387.08,3390.96,3350.7,62264907.0,126145283854.6,1.19,3387.08,sh000903
2024-03-18 00:00:00,3396.4,3414.49,3415.22,3387.14,67996466.0,145014270586.4,0.83,3414.49,sh000903
2024-03-19 00:00:00,3404.14,3388.58,3422.33,3388.32,70816593.0,131748225274.1,1.0,3388.58,sh000903
2024-03-20 00:00:00,3378.43,3399.0,3403.39,3378.43,62236238.0,114162664823.7,0.74,3399.0,sh000903
2024-03-21 00:00:00,3408.58,3395.11,3419.06,3392.13,58477376.0,116493328381.7,0.79,3395.11,sh000903
2024-03-22 00:00:00,3385.04,3366.44,3391.41,3342.78,64786866.0,129420037394.8,1.43,3366.44,sh000903
2024-03-25 00:00:00,3359.49,3353.15,3390.01,3351.51,61965543.0,117610566020.6,1.14,3353.15,sh000903
2024-03-26 00:00:00,3354.26,3368.98,3374.04,3347.88,55244066.0,118033637480.3,0.78,3368.98,sh000903
2024-03-27 00:00:00,3364.06,3332.42,3369.65,3332.42,56540021.0,109838145918.9,1.11,3332.42,sh000903
2024-03-28 00:00:00,3329.71,3354.27,3384.04,3322.01,60829884.0,117135435315.8,1.86,3354.27,sh000903
2024-03-29 00:00:00,3353.96,3373.86,3377.18,3353.96,54343376.0,98089615484.6,0.69,3373.86,sh000903
2024-04-01 00:00:00,3389.46,3433.67,3440.1,3389.46,81480288.0,132813467059.3,1.5,3433.67,sh000903
2024-04-02 00:00:00,3431.52,3422.8,3434.06,3411.0,68402168.0,116192944649.8,0.67,3422.8,sh000903
2024-04-03 00:00:00,3423.13,3416.82,3426.59,3407.5,70330875.0,116490605452.9,0.56,3416.82,sh000903
2024-04-08 00:00:00,3405.3,3389.7,3421.44,3389.15,76483938.0,132000643451.9,0.95,3389.7,sh000903
2024-04-09 00:00:00,3385.47,3383.71,3396.8,3370.2,65439586.0,107678461479.8,0.78,3383.71,sh000903
2024-04-10 00:00:00,3379.34,3356.53,3379.86,3342.33,61345452.0,105887982878.7,1.11,3356.53,sh000903
2024-04-11 00:00:00,3334.76,3352.77,3368.2,3334.74,57562279.0,104904361660.2,1.0,3352.77,sh000903
2024-04-12 00:00:00,3353.95,3326.28,3362.51,3320.15,59690035.0,109114047271.7,1.26,3326.28,sh000903
2024-04-15 00:00:00,3323.57,3397.2,3399.23,3323.57,83840204.0,139926367259.5,2.27,3397.2,sh000903
2024-04-16 00:00:00,3382.25,3368.28,3398.57,3357.16,79656599.0,130756431546.8,1.22,3368.28,sh000903
2024-04-17 00:00:00,3363.86,3414.67,3415.63,3355.12,75913191.0,127211099285.0,1.8,3414.67,sh000903
2024-04-18 00:00:00,3399.48,3412.88,3444.61,3396.14,75212193.0,129829148586.9,1.42,3412.88,sh000903
2024-04-19 00:00:00,3395.48,3386.94,3407.98,3372.34,68378483.0,119494390980.4,1.04,3386.94,sh000903
2024-04-22 00:00:00,3383.54,3378.23,3404.5,3375.4,69304238.0,120863664079.2,0.86,3378.23,sh000903
2024-04-23 00:00:00,3371.24,3348.6,3377.68,3342.26,70272033.0,117918936028.0,1.05,3348.6,sh000903
2024-04-24 00:00:00,3354.48,3357.97,3362.04,3334.99,56110735.0,102232101640.5,0.81,3357.97,sh000903
2024-04-25 00:00:00,3346.33,3368.01,3382.59,3342.78,54073266.0,98853572511.3,1.19,3368.01,sh000903
2024-04-26 00:00:00,3365.87,3421.49,3425.88,3365.68,81020790.0,150561962787.1,1.79,3421.49,sh000903
2024-04-29 00:00:00,3419.8,3460.45,3484.26,3416.1,94344748.0,175521536806.6,1.99,3460.45,sh000903
2024-04-30 00:00:00,3452.42,3435.19,3464.44,3435.19,86799967.0,139963851719.8,0.85,3435.19,sh000903
2024-05-06 00:00:00,3488.71,3497.66,3501.62,3479.55,100739858.0,177601634634.3,0.64,3497.66,sh000903
2024-05-07 00:00:00,3497.71,3500.07,3508.43,3491.71,75852855.0,121940616269.0,0.48,3500.07,sh000903
2024-05-08 00:00:00,3491.76,3469.81,3491.91,3468.52,59050960.0,100423741329.2,0.67,3469.81,sh000903
2024-05-09 00:00:00,3471.12,3505.54,3512.08,3471.12,67114764.0,120438973514.7,1.18,3505.54,sh000903
2024-05-10 00:00:00,3512.14,3504.45,3517.06,3482.62,69130899.0,122046283525.8,0.98,3504.45,sh000903
2024-05-13 00:00:00,3482.95,3499.47,3508.57,3472.96,71299603.0,130360939678.6,1.02,3499.47,sh000903
2024-05-14 00:00:00,3504.13,3485.47,3509.9,3477.44,60606535.0,110928886890.1,0.93,3485.47,sh000903
2024-05-15 00:00:00,3479.27,3457.72,3486.24,3455.41,57328529.0,98502284657.1,0.88,3457.72,sh000903
2024-05-16 00:00:00,3468.96,3468.09,3485.18,3455.46,73778757.0,127691328680.9,0.86,3468.09,sh000903
2024-05-17 00:00:00,3469.16,3507.45,3507.45,3455.3,81910306.0,138688415395.7,1.5,3507.45,sh000903
2024-05-20 00:00:00,3513.31,3515.86,3527.98,3501.59,89980680.0,150700384914.0,0.75,3515.86,sh000903
2024-05-21 00:00:00,3507.83,3495.89,3511.02,3485.74,61516495.0,102288817095.9,0.72,3495.89,sh000903
2024-05-22 00:00:00,3495.82,3504.34,3512.61,3486.28,72458364.0,125633972433.5,0.75,3504.34,sh000903
2024-05-23 00:00:00,3490.31,3463.13,3491.12,3454.1,67922304.0,114383376218.3,1.06,3463.13,sh000903
2024-05-24 00:00:00,3451.48,3424.63,3469.27,3422.82,55566873.0,99552099307.0,1.34,3424.63,sh000903
2024-05-27 00:00:00,3429.06,3453.86,3456.58,3425.84,59670781.0,108134646159.7,0.9,3453.86,sh000903
2024-05-28 00:00:00,3452.81,3429.47,3458.73,3425.54,61665812.0,99283563903.5,0.96,3429.47,sh000903
2024-05-29 00:00:00,3430.33,3440.84,3457.62,3430.33,54222649.0,96605634951.3,0.8,3440.84,sh000903
2024-05-30 00:00:00,3437.17,3421.53,3451.06,3414.47,57518343.0,104221047266.7,1.06,3421.53,sh000903
2024-05-31 00:00:00,3427.07,3400.58,3439.63,3400.58,51191560.0,94240615427.2,1.14,3400.58,sh000903
2024-06-03 00:00:00,3399.89,3420.93,3432.02,3393.49,61346473.0,117377887072.4,1.13,3420.93,sh000903
2024-06-04 00:00:00,3416.96,3450.91,3457.72,3411.88,60388749.0,107321876306.1,1.34,3450.91,sh000903
2024-06-05 00:00:00,3445.12,3430.99,3460.37,3430.76,51093145.0,97162745789.5,0.86,3430.99,sh000903
2024-06-06 00:00:00,3439.09,3435.35,3468.55,3426.64,64751573.0,121524827265.9,1.22,3435.35,sh000903
2024-06-07 00:00:00,3435.84,3411.14,3442.73,3390.29,59724479.0,115940476191.2,1.53,3411.14,sh000903
2024-06-11 00:00:00,3387.23,3379.68,3399.59,3361.4,60257008.0,120204393347.7,1.12,3379.68,sh000903
2024-06-12 00:00:00,3375.7,3378.43,3386.41,3368.33,56344566.0,109774396458.4,0.53,3378.43,sh000903
2024-06-13 00:00:00,3384.38,3356.16,3384.41,3350.29,53356211.0,111809039665.6,1.01,3356.16,sh000903
2024-06-14 00:00:00,3347.77,3373.87,3379.45,3335.49,66805341.0,145844034434.7,1.31,3373.87,sh000903
2024-06-17 00:00:00,3353.38,3369.97,3377.28,3353.38,59201009.0,119760672411.1,0.71,3369.97,sh000903
2024-06-18 00:00:00,3366.24,3378.14,3384.16,3366.05,54834241.0,107784194613.0,0.54,3378.14,sh000903
2024-06-19 00:00:00,3374.55,3361.55,3374.55,3354.72,47185326.0,93969787535.4,0.59,3361.55,sh000903
2024-06-20 00:00:00,3359.15,3340.24,3369.42,3336.64,53166273.0,98334062416.7,0.98,3340.24,sh000903
2024-06-21 00:00:00,3335.63,3330.05,3342.2,3308.83,50952171.0,98294119887.6,1.0,3330.05,sh000903
2024-06-24 00:00:00,3307.82,3320.83,3346.31,3303.5,53728438.0,104787377121.8,1.29,3320.83,sh000903
2024-06-25 00:00:00,3317.95,3305.3,3327.74,3289.18,54069518.0,102717899050.0,1.16,3305.3,sh000903
2024-06-26 00:00:00,3298.43,3324.23,3332.01,3289.99,47326912.0,89183661887.6,1.27,3324.23,sh000903
2024-06-27 00:00:00,3311.87,3300.26,3314.24,3297.56,53110429.0,92738128365.7,0.5,3300.26,sh000903
2024-06-28 00:00:00,3288.71,3309.99,3330.3,3288.71,62996534.0,108261121957.6,1.26,3309.99,sh000903
2024-07-01 00:00:00,3308.24,3318.49,3321.84,3288.67,57241101.0,100795449358.9,1.0,3318.49,sh000903
2024-07-02 00:00:00,3311.1,3312.23,3327.42,3305.23,55102011.0,98862190591.4,0.67,3312.23,sh000903
2024-07-03 00:00:00,3312.75,3312.77,3319.95,3297.79,46848010.0,87035564617.7,0.67,3312.77,sh000903
2024-07-04 00:00:00,3318.54,3299.68,3337.09,3299.48,47844285.0,83908320571.8,1.14,3299.68,sh000903
2024-07-05 00:00:00,3297.52,3287.27,3306.17,3254.65,51771527.0,95096876981.0,1.56,3287.27,sh000903
2024-07-08 00:00:00,3276.08,3258.36,3283.38,3253.0,53018502.0,96414058944.5,0.92,3258.36,sh000903
2024-07-09 00:00:00,3255.64,3293.87,3304.62,3244.12,60291544.0,113297465068.4,1.86,3293.87,sh000903
2024-07-10 00:00:00,3284.43,3285.53,3307.49,3280.15,58703661.0,103158855036.6,0.83,3285.53,sh000903
2024-07-11 00:00:00,3302.94,3323.86,3329.21,3290.14,67048057.0,122107016764.6,1.19,3323.86,sh000903
2024-07-12 00:00:00,3321.81,3338.34,3345.13,3320.13,62766367.0,112047570574.6,0.75,3338.34,sh000903
2024-07-15 00:00:00,3326.79,3333.59,3343.07,3323.86,59349291.0,91067456900.5,0.58,3333.59,sh000903
2024-07-16 00:00:00,3322.74,3353.79,3355.83,3317.98,57173267.0,105689453424.8,1.14,3353.79,sh000903
2024-07-17 00:00:00,3350.92,3355.22,3367.0,3340.45,62076202.0,118628674516.8,0.79,3355.22,sh000903
2024-07-18 00:00:00,3337.48,3379.18,3381.04,3335.0,58488610.0,117166657749.2,1.37,3379.18,sh000903
2024-07-19 00:00:00,3355.16,3394.26,3400.05,3346.03,62264118.0,121699679233.8,1.6,3394.26,sh000903
2024-07-22 00:00:00,3392.86,3371.39,3395.45,3351.05,60529242.0,112846444640.4,1.31,3371.39,sh000903
2024-07-23 00:00:00,3366.4,3294.59,3366.4,3294.59,59697984.0,106714770026.8,2.13,3294.59,sh000903
2024-07-24 00:00:00,3288.04,3272.11,3307.64,3261.61,60864932.0,96965198889.5,1.4,3272.11,sh000903
2024-07-25 00:00:00,3258.32,3252.89,3271.63,3238.15,61495078.0,101339542004.3,1.02,3252.89,sh000903
2024-07-26 00:00:00,3260.2,3267.44,3276.85,3243.66,58534310.0,104502685523.0,1.02,3267.44,sh000903
2024-07-29 00:00:00,3261.52,3239.15,3261.52,3239.15,47796535.0,87674706649.2,0.68,3239.15,sh000903
2024-07-30 00:00:00,3227.36,3215.07,3227.69,3197.87,47774689.0,87355152044.5,0.92,3215.07,sh000903
2024-07-31 00:00:00,3207.75,3286.34,3289.3,3207.75,75312838.0,129808130923.8,2.54,3286.34,sh000903
2024-08-01 00:00:00,3287.93,3260.85,3293.6,3259.7,57835077.0,101189982662.0,1.03,3260.85,sh000903
2024-08-02 00:00:00,3234.35,3225.81,3261.21,3222.74,50855111.0,90736433256.0,1.18,3225.81,sh000903
2024-08-05 00:00:00,3202.25,3188.0,3251.79,3188.0,64304847.0,114767485063.9,1.98,3188.0,sh000903
2024-08-06 00:00:00,3211.62,3184.05,3220.8,3161.89,52601998.0,95163917847.5,1.85,3184.05,sh000903
2024-08-07 00:00:00,3180.09,3180.19,3201.45,3170.84,39964383.0,70900612592.8,0.96,3180.19,sh000903
2024-08-08 00:00:00,3171.07,3182.32,3201.26,3158.91,40966399.0,73101741702.6,1.33,3182.32,sh000903
2024-08-09 00:00:00,3199.25,3174.6,3210.14,3174.6,43974894.0,75432999972.6,1.12,3174.6,sh000903
2024-08-12 00:00:00,3171.36,3169.15,3181.91,3163.45,35452277.0,59151481181.8,0.58,3169.15,sh000903
2024-08-13 00:00:00,3170.56,3176.63,3177.77,3153.73,35867779.0,62994987116.4,0.76,3176.63,sh000903
2024-08-14 00:00:00,3175.33,3149.7,3175.33,3149.52,31590991.0,56617918200.8,0.81,3149.7,sh000903
2024-08-15 00:00:00,3141.95,3183.79,3197.91,3138.12,45879514.0,75208218765.0,1.9,3183.79,sh000903
2024-08-16 00:00:00,3184.66,3188.79,3199.21,3178.22,41920818.0,67478123616.4,0.66,3188.79,sh000903
2024-08-19 00:00:00,3189.11,3195.55,3221.75,3188.73,43071591.0,70294611693.3,1.04,3195.55,sh000903
2024-08-20 00:00:00,3201.73,3178.84,3202.47,3168.19,41639698.0,67828565338.7,1.07,3178.84,sh000903
2024-08-21 00:00:00,3169.91,3172.46,3188.74,3154.94,38951445.0,66653410645.8,1.06,3172.46,sh000903
2024-08-22 00:00:00,3174.06,3170.38,3179.34,3158.23,42602474.0,75860505472.2,0.67,3170.38,sh000903
2024-08-23 00:00:00,3162.12,3185.86,3194.39,3161.35,38845460.0,70963323182.7,1.04,3185.86,sh000903
2024-08-26 00:00:00,3190.3,3183.64,3195.95,3169.65,44642871.0,75727314068.5,0.83,3183.64,sh000903
2024-08-27 00:00:00,3174.6,3167.34,3181.41,3162.33,44167381.0,67537921847.8,0.6,3167.34,sh000903
2024-08-28 00:00:00,3161.78,3148.34,3168.53,3135.57,41506147.0,70572985225.9,1.04,3148.34,sh000903
2024-08-29 00:00:00,3134.53,3144.96,3157.63,3133.64,56154219.0,89309173084.4,0.76,3144.96,sh000903
2024-08-30 00:00:00,3143.2,3195.94,3224.97,3142.39,80602618.0,136043851331.3,2.63,3195.94,sh000903
2024-09-02 00:00:00,3179.97,3139.09,3182.73,3138.31,58087186.0,91780107794.0,1.39,3139.09,sh000903
2024-09-03 00:00:00,3135.32,3153.6,3162.58,3135.32,52625249.0,78361875229.7,0.87,3153.6,sh000903
2024-09-04 00:00:00,3133.43,3131.14,3152.59,3128.68,47594337.0,75241698582.3,0.76,3131.14,sh000903
2024-09-05 00:00:00,3131.43,3132.82,3144.98,3123.65,43048247.0,69699391889.0,0.68,3132.82,sh000903
2024-09-06 00:00:00,3135.0,3103.78,3144.43,3103.65,33631653.0,55584988997.7,1.3,3103.78,sh000903
2024-09-09 00:00:00,3086.53,3066.51,3097.17,3054.06,48296116.0,77968336724.7,1.39,3066.51,sh000903
2024-09-10 00:00:00,3065.59,3065.66,3075.98,3047.05,42052091.0,70101170840.3,0.94,3065.66,sh000903
2024-09-11 00:00:00,3058.65,3067.45,3076.39,3047.63,45911161.0,78806958358.0,0.94,3067.45,sh000903
2024-09-12 00:00:00,3071.5,3054.25,3085.52,3053.25,42293009.0,75319418020.8,1.05,3054.25,sh000903
2024-09-13 00:00:00,3055.17,3043.92,3071.86,3043.92,40240045.0,75215224256.4,0.91,3043.92,sh000903
2024-09-18 00:00:00,3044.6,3058.44,3068.91,3036.61,39685649.0,67343412708.4,1.06,3058.44,sh000903
2024-09-19 00:00:00,3061.12,3077.61,3095.96,3034.71,56166979.0,94679373359.9,2.0,3077.61,sh000903
2024-09-20 00:00:00,3075.89,3083.55,3090.43,3056.14,53613790.0,89122970991.3,1.11,3083.55,sh000903
2024-09-23 00:00:00,3084.28,3089.96,3108.99,3080.85,40361651.0,75770339683.2,0.91,3089.96,sh000903
2024-09-24 00:00:00,3124.35,3223.26,3223.35,3097.22,88277174.0,160990084992.1,4.08,3223.26,sh000903
2024-09-25 00:00:00,3276.83,3272.66,3337.8,3267.63,103653150.0,184213289956.8,2.18,3272.66,sh000903
2024-09-26 00:00:00,3273.3,3406.7,3407.2,3263.7,102770860.0,188405533815.8,4.38,3406.7,sh000903
2024-09-27 00:00:00,3480.19,3562.61,3571.57,3463.55,116269630.0,243456705769.1,3.17,3562.61,sh000903
2024-09-30 00:00:00,3692.92,3861.49,3883.9,3647.48,223144067.0,452392876102.8,6.64,3861.49,sh000903
2024-10-08 00:00:00,4284.12,4094.76,4284.12,3934.07,275043248.0,615858492734.8,9.07,4094.76,sh000903
2024-10-09 00:00:00,4007.15,3792.28,4022.2,3777.3,199741178.0,510271960511.8,5.98,3792.28,sh000903
2024-10-10 00:00:00,3814.0,3844.35,3938.38,3764.56,160213904.0,352904399029.2,4.58,3844.35,sh000903
2024-10-11 00:00:00,3814.98,3725.7,3814.98,3686.78,109456895.0,234843519397.7,3.33,3725.7,sh000903
2024-10-14 00:00:00,3750.54,3795.24,3813.25,3715.13,112586745.0,241441494099.3,2.63,3795.24,sh000903
2024-10-15 00:00:00,3781.89,3699.12,3805.72,3699.12,92313570.0,204017580803.5,2.81,3699.12,sh000903
2024-10-16 00:00:00,3651.15,3662.38,3705.25,3642.19,87088351.0,179809804279.9,1.7,3662.38,sh000903
2024-10-17 00:00:00,3681.76,3611.21,3703.45,3610.61,81934786.0,165151666505.1,2.53,3611.21,sh000903
2024-10-18 00:00:00,3602.65,3742.87,3811.23,3595.19,118323513.0,287170970340.7,5.98,3742.87,sh000903
2024-10-21 00:00:00,3775.72,3764.01,3805.25,3727.36,122129398.0,296876763997.3,2.08,3764.01,sh000903
2024-10-22 00:00:00,3754.03,3783.59,3789.8,3746.05,93616997.0,212578432060.6,1.16,3783.59,sh000903
2024-10-23 00:00:00,3777.39,3799.58,3835.33,3764.12,110253482.0,230466771392.3,1.88,3799.58,sh000903
2024-10-24 00:00:00,3779.67,3752.16,3783.96,3738.5,78184283.0,173580435735.2,1.2,3752.16,sh000903
2024-10-25 00:00:00,3755.12,3784.02,3822.18,3747.1,96251026.0,216853586973.8,2.0,3784.02,sh000903
2024-10-28 00:00:00,3780.7,3787.1,3787.7,3743.93,100930565.0,197865178268.5,1.16,3787.1,sh000903
2024-10-29 00:00:00,3793.03,3746.81,3809.66,3744.51,95717528.0,213402728982.8,1.72,3746.81,sh000903
2024-10-30 00:00:00,3727.58,3715.74,3749.85,3692.37,112618689.0,201893092479.2,1.53,3715.74,sh000903
2024-10-31 00:00:00,3715.97,3709.31,3739.92,3679.02,141682771.0,241441397633.9,1.64,3709.31,sh000903
2024-11-01 00:00:00,3703.87,3716.35,3754.31,3700.08,156830950.0,232301071959.9,1.46,3716.35,sh000903
2024-11-04 00:00:00,3724.79,3763.56,3763.56,3716.4,108492110.0,178044550344.7,1.27,3763.56,sh000903
2024-11-05 00:00:00,3754.74,3851.27,3851.88,3745.56,147365169.0,272837842625.3,2.82,3851.27,sh000903
2024-11-06 00:00:00,3856.89,3827.29,3888.69,3804.44,159741981.0,305545716671.0,2.19,3827.29,sh000903
2024-11-07 00:00:00,3790.13,3922.28,3923.32,3785.75,152050842.0,302117444408.0,3.59,3922.28,sh000903
2024-11-08 00:00:00,3970.08,3890.19,3979.2,3881.18,152456382.0,329898481632.8,2.5,3890.19,sh000903
2024-11-11 00:00:00,3854.67,3916.38,3918.22,3833.79,135545563.0,308924314744.5,2.17,3916.38,sh000903
2024-11-12 00:00:00,3920.31,3874.43,3971.03,3853.59,137643237.0,334297824026.8,3.0,3874.43,sh000903
2024-11-13 00:00:00,3847.69,3901.93,3912.64,3847.69,116673956.0,260093671351.0,1.68,3901.93,sh000903
2024-11-14 00:00:00,3894.28,3830.99,3907.4,3825.66,108314147.0,227723964033.9,2.09,3830.99,sh000903
2024-11-15 00:00:00,3815.07,3764.93,3837.72,3764.93,115027600.0,226223965682.1,1.9,3764.93,sh000903
2024-11-18 00:00:00,3773.64,3738.15,3815.16,3720.17,130585652.0,218284400754.6,2.52,3738.15,sh000903
2024-11-19 00:00:00,3744.02,3761.37,3765.52,3688.56,102622761.0,185096020862.9,2.06,3761.37,sh000903
2024-11-20 00:00:00,3753.97,3768.81,3783.37,3743.24,77047465.0,162195370220.1,1.07,3768.81,sh000903
2024-11-21 00:00:00,3763.18,3764.89,3775.35,3744.12,67617355.0,140443848104.3,0.83,3764.89,sh000903
2024-11-22 00:00:00,3760.56,3653.29,3767.89,3653.29,90373454.0,181471604755.8,3.04,3653.29,sh000903
2024-11-25 00:00:00,3663.26,3630.08,3682.35,3601.96,80709051.0,161111097570.7,2.2,3630.08,sh000903
2024-11-26 00:00:00,3619.88,3622.33,3652.46,3617.06,60510336.0,119141050268.1,0.98,3622.33,sh000903
2024-11-27 00:00:00,3612.74,3678.43,3678.65,3600.21,71629829.0,143279612654.5,2.17,3678.43,sh000903
2024-11-28 00:00:00,3677.45,3644.89,3679.59,3636.29,60926226.0,124585396710.4,1.18,3644.89,sh000903
2024-11-29 00:00:00,3640.79,3682.05,3723.51,3640.79,74059169.0,163993033954.6,2.27,3682.05,sh000903
2024-12-02 00:00:00,3678.49,3711.95,3720.99,3670.53,83554440.0,166428888446.7,1.37,3711.95,sh000903
2024-12-03 00:00:00,3711.05,3710.89,3720.03,3684.52,72778536.0,142804330327.2,0.96,3710.89,sh000903
2024-12-04 00:00:00,3708.81,3694.29,3715.8,3683.03,76751706.0,143565040399.0,0.88,3694.29,sh000903
2024-12-05 00:00:00,3680.58,3679.17,3694.84,3669.64,57077970.0,114072644266.0,0.68,3679.17,sh000903
2024-12-06 00:00:00,3681.67,3733.23,3752.27,3681.67,79314351.0,158245377546.5,1.92,3733.23,sh000903
2024-12-09 00:00:00,3731.85,3729.75,3755.91,3712.9,79880064.0,145359040872.1,1.15,3729.75,sh000903
2024-12-10 00:00:00,3848.97,3757.28,3852.81,3750.67,115122553.0,228018767622.7,2.74,3757.28,sh000903
2024-12-11 00:00:00,3752.89,3751.78,3767.79,3741.74,82401660.0,143066105589.6,0.69,3751.78,sh000903
2024-12-12 00:00:00,3747.64,3787.19,3790.31,3741.42,79075512.0,152998709839.1,1.3,3787.19,sh000903
2024-12-13 00:00:00,3760.27,3694.41,3760.27,3692.99,106027142.0,199796365784.9,1.78,3694.41,sh000903
2024-12-16 00:00:00,3693.12,3680.33,3702.83,3671.74,78516857.0,159939860284.6,0.84,3680.33,sh000903
2024-12-17 00:00:00,3676.23,3697.87,3729.5,3676.23,73874518.0,161833273085.6,1.45,3697.87,sh000903
2024-12-18 00:00:00,3708.86,3721.0,3732.58,3706.98,71743382.0,151234066199.7,0.69,3721.0,sh000903
2024-12-19 00:00:00,3693.71,3729.63,3739.41,3681.04,76335221.0,175802489675.5,1.57,3729.63,sh000903
2024-12-20 00:00:00,3719.86,3706.83,3736.89,3702.58,72134074.0,183441511457.8,0.92,3706.83,sh000903
2024-12-23 00:00:00,3709.17,3718.63,3746.77,3709.17,90303064.0,194270779117.7,1.01,3718.63,sh000903
2024-12-24 00:00:00,3719.25,3765.71,3767.96,3719.25,73219986.0,162203850320.0,1.31,3765.71,sh000903
2024-12-25 00:00:00,3771.1,3769.05,3789.65,3754.74,73408282.0,157674521247.7,0.93,3769.05,sh000903
2024-12-26 00:00:00,3766.77,3770.3,3774.5,3749.99,65431839.0,163015143948.1,0.65,3770.3,sh000903
2024-12-27 00:00:00,3771.6,3761.46,3786.53,3753.96,73427151.0,179296344510.2,0.86,3761.46,sh000903
2024-12-30 00:00:00,3758.86,3779.48,3788.32,3758.86,74539861.0,171257911858.0,0.78,3779.48,sh000903
2024-12-31 00:00:00,3775.44,3724.97,3782.83,3724.97,80553938.0,180047750202.9,1.53,3724.97,sh000903
2025-01-02 00:00:00,3723.74,3624.45,3725.95,3602.37,94271652.0,197872406720.5,3.32,3624.45,sh000903
2025-01-03 00:00:00,3630.42,3589.44,3643.77,3580.62,78506557.0,155709238571.5,1.74,3589.44,sh000903
2025-01-06 00:00:00,3593.75,3583.49,3603.27,3559.03,66592161.0,136049379857.8,1.23,3583.49,sh000903
2025-01-07 00:00:00,3569.83,3605.55,3607.38,3558.22,73024698.0,147037679991.7,1.37,3605.55,sh000903
2025-01-08 00:00:00,3590.75,3598.9,3619.97,3546.71,78331775.0,163872816342.7,2.03,3598.9,sh000903
2025-01-09 00:00:00,3590.63,3593.18,3606.79,3579.22,57912870.0,136668715662.1,0.77,3593.18,sh000903
2025-01-10 00:00:00,3595.8,3554.0,3602.78,3554.0,62901256.0,151480565022.0,1.36,3554.0,sh000903
2025-01-13 00:00:00,3526.22,3545.89,3558.51,3525.52,60795223.0,133243391857.0,0.93,3545.89,sh000903
2025-01-14 00:00:00,3550.59,3630.47,3638.16,3540.94,72623260.0,173291648342.5,2.74,3630.47,sh000903
2025-01-15 00:00:00,3619.77,3607.3,3627.89,3601.91,60017428.0,141662639779.4,0.72,3607.3,sh000903
2025-01-16 00:00:00,3621.83,3602.13,3652.68,3583.33,65161605.0,163912822112.2,1.92,3602.13,sh000903
2025-01-17 00:00:00,3590.09,3613.48,3633.2,3578.78,57994533.0,140793889169.4,1.51,3613.48,sh000903
2025-01-20 00:00:00,3636.08,3637.7,3661.06,3630.82,63004531.0,154626270766.0,0.84,3637.7,sh000903
2025-01-21 00:00:00,3656.1,3639.14,3657.75,3628.72,71651478.0,152023952186.2,0.8,3639.14,sh000903
2025-01-22 00:00:00,3630.01,3600.4,3631.71,3587.59,62292941.0,152673307898.1,1.21,3600.4,sh000903
2025-01-23 00:00:00,3629.87,3601.04,3662.68,3599.07,76821374.0,168583968847.3,1.77,3601.04,sh000903
2025-01-24 00:00:00,3594.96,3628.49,3646.55,3594.02,64678690.0,151102018509.8,1.46,3628.49,sh000903
2025-01-27 00:00:00,3631.55,3615.24,3646.63,3615.12,61987398.0,141144081832.5,0.87,3615.24,sh000903
2025-02-05 00:00:00,3649.24,3604.47,3649.24,3594.56,69760209.0,183494806930.9,1.51,3604.47,sh000903
2025-02-06 00:00:00,3598.51,3653.43,3654.15,3597.0,76234399.0,197453897231.9,1.59,3653.43,sh000903
2025-02-07 00:00:00,3656.23,3704.02,3727.52,3643.61,99148366.0,249149602914.2,2.3,3704.02,sh000903
2025-02-10 00:00:00,3709.1,3715.0,3720.48,3690.17,89086978.0,195905353717.2,0.82,3715.0,sh000903
2025-02-11 00:00:00,3723.13,3695.6,3723.13,3687.9,74739823.0,167939549847.4,0.95,3695.6,sh000903
2025-02-12 00:00:00,3691.26,3737.32,3739.11,3680.98,74943796.0,186150287409.2,1.57,3737.32,sh000903
2025-02-13 00:00:00,3732.5,3722.68,3756.31,3721.91,80141666.0,196809607349.4,0.92,3722.68,sh000903
2025-02-14 00:00:00,3719.46,3762.63,3765.56,3719.46,88418747.0,195355214607.7,1.24,3762.63,sh000903
2025-02-17 00:00:00,3775.52,3764.03,3777.37,3741.12,102735164.0,220145920174.2,0.96,3764.03,sh000903
2025-02-18 00:00:00,3762.78,3736.25,3783.71,3725.29,98905316.0,206316130662.4,1.55,3736.25,sh000903
2025-02-19 00:00:00,3729.4,3763.2,3768.99,3729.4,89320099.0,195335855901.2,1.06,3763.2,sh000903
2025-02-20 00:00:00,3758.6,3749.82,3760.96,3735.17,83130223.0,177715512112.2,0.69,3749.82,sh000903
2025-02-21 00:00:00,3759.7,3812.38,3815.04,3758.3,111201264.0,280745453506.6,1.51,3812.38,sh000903
2025-02-24 00:00:00,3805.8,3802.47,3829.57,3781.68,105822240.0,245621596945.0,1.26,3802.47,sh000903
2025-02-25 00:00:00,3766.34,3760.57,3792.45,3750.73,84726544.0,207993196890.1,1.1,3760.57,sh000903
2025-02-26 00:00:00,3768.47,3788.95,3790.26,3757.3,89103081.0,200619472743.7,0.88,3788.95,sh000903
2025-02-27 00:00:00,3793.14,3799.44,3806.1,3767.17,93676072.0,220179544901.0,1.03,3799.44,sh000903
2025-02-28 00:00:00,3783.53,3727.84,3807.64,3725.01,88634438.0,222807015412.7,2.17,3727.84,sh000903
2025-03-03 00:00:00,3738.41,3728.44,3772.09,3712.34,82754438.0,194021378952.8,1.6,3728.44,sh000903
2025-03-04 00:00:00,3706.49,3720.06,3727.9,3692.84,73408857.0,166678999359.9,0.94,3720.06,sh000903
2025-03-05 00:00:00,3723.46,3735.54,3739.61,3713.67,71024916.0,154704175806.5,0.7,3735.54,sh000903
2025-03-06 00:00:00,3759.09,3795.38,3803.29,3756.99,86714518.0,205691938285.1,1.24,3795.38,sh000903
2025-03-07 00:00:00,3783.19,3782.77,3805.71,3774.76,72567541.0,168406584129.1,0.82,3782.77,sh000903
2025-03-10 00:00:00,3786.15,3770.14,3791.98,3745.51,71688410.0,158437247676.3,1.23,3770.14,sh000903
2025-03-11 00:00:00,3731.83,3779.99,3779.99,3730.98,67281737.0,151610594673.5,1.3,3779.99,sh000903
2025-03-12 00:00:00,3785.85,3763.39,3788.18,3756.94,68994706.0,154808448651.1,0.83,3763.39,sh000903
2025-03-13 00:00:00,3763.51,3748.91,3776.85,3735.55,68575650.0,150399889511.7,1.1,3748.91,sh000903
2025-03-14 00:00:00,3757.6,3841.43,3847.85,3757.13,89390886.0,214792695542.0,2.42,3841.43,sh000903
2025-03-17 00:00:00,3859.52,3829.78,3859.84,3824.69,65406086.0,153406774274.5,0.92,3829.78,sh000903
2025-03-18 00:00:00,3847.05,3845.82,3856.63,3835.12,62223627.0,153619173349.9,0.56,3845.82,sh000903
2025-03-19 00:00:00,3846.16,3859.58,3872.37,3831.3,64687697.0,152326235841.2,1.07,3859.58,sh000903
2025-03-20 00:00:00,3860.28,3819.67,3861.37,3814.57,57923972.0,135671294509.6,1.21,3819.67,sh000903
2025-03-21 00:00:00,3810.58,3755.97,3825.61,3745.13,71766079.0,164677698801.1,2.11,3755.97,sh000903
2025-03-24 00:00:00,3758.6,3776.48,3780.74,3753.4,63833473.0,136471092297.0,0.73,3776.48,sh000903
2025-03-25 00:00:00,3780.36,3773.13,3788.52,3762.25,55963595.0,121406571595.4,0.7,3773.13,sh000903
2025-03-26 00:00:00,3772.08,3757.7,3781.71,3755.35,56148418.0,117156928579.0,0.7,3757.7,sh000903
2025-03-27 00:00:00,3750.98,3771.11,3792.68,3743.65,52130371.0,117484964047.2,1.3,3771.11,sh000903
2025-03-28 00:00:00,3768.42,3756.09,3772.58,3746.58,50840000.0,107909883155.4,0.69,3756.09,sh000903
2025-03-31 00:00:00,3747.38,3728.92,3770.35,3714.5,63774355.0,132648179158.3,1.49,3728.92,sh000903
2025-04-01 00:00:00,3734.84,3725.52,3742.79,3719.12,53874343.0,126555024851.1,0.63,3725.52,sh000903
2025-04-02 00:00:00,3722.08,3715.68,3734.23,3709.06,44921590.0,104132294336.8,0.68,3715.68,sh000903
2025-04-03 00:00:00,3673.53,3690.89,3714.52,3673.53,61794993.0,143871301715.0,1.1,3690.89,sh000903
2025-04-07 00:00:00,3507.36,3437.94,3540.03,3362.07,135790569.0,284812194948.5,4.82,3437.94,sh000903
2025-04-08 00:00:00,3447.2,3500.92,3500.92,3434.64,128759751.0,255791126109.2,1.93,3500.92,sh000903
2025-04-09 00:00:00,3456.56,3529.04,3529.91,3441.09,120014715.0,251485686617.9,2.54,3529.04,sh000903
2025-04-10 00:00:00,3590.39,3576.84,3595.82,3549.68,104407511.0,219265422992.1,1.31,3576.84,sh000903
2025-04-11 00:00:00,3574.33,3598.27,3609.12,3551.68,76881792.0,178713878485.5,1.61,3598.27,sh000903
2025-04-14 00:00:00,3618.19,3601.59,3619.39,3596.09,72415448.0,156740569481.6,0.65,3601.59,sh000903
2025-04-15 00:00:00,3598.96,3600.68,3604.49,3580.11,57651694.0,122823953508.2,0.68,3600.68,sh000903
2025-04-16 00:00:00,3597.63,3611.99,3616.23,3561.72,68072933.0,139303758930.0,1.51,3611.99,sh000903
2025-04-17 00:00:00,3595.99,3611.77,3618.59,3591.04,55499799.0,110968550029.9,0.76,3611.77,sh000903
2025-04-18 00:00:00,3599.77,3611.88,3622.11,3593.61,43239861.0,89827923998.1,0.79,3611.88,sh000903
2025-04-21 00:00:00,3609.01,3625.69,3631.49,3602.89,48797618.0,105337739773.7,0.79,3625.69,sh000903
2025-04-22 00:00:00,3620.67,3622.0,3637.48,3617.94,53353598.0,109246390484.7,0.54,3622.0,sh000903
2025-04-23 00:00:00,3642.65,3625.52,3646.93,3619.9,54823557.0,127076903431.4,0.75,3625.52,sh000903
2025-04-24 00:00:00,3628.09,3624.14,3646.17,3613.75,44524030.0,100201476770.4,0.89,3624.14,sh000903
2025-04-25 00:00:00,3632.74,3628.53,3643.96,3623.19,53808417.0,111777943601.3,0.57,3628.53,sh000903
2025-04-28 00:00:00,3628.39,3624.51,3634.36,3614.23,50473448.0,108102853618.5,0.55,3624.51,sh000903
2025-04-29 00:00:00,3620.82,3621.39,3628.46,3612.4,46019421.0,102684268659.3,0.44,3621.39,sh000903
2025-04-30 00:00:00,3622.21,3617.51,3633.15,3613.54,54833235.0,120553372008.9,0.54,3617.51,sh000903
2025-05-06 00:00:00,3643.33,3653.14,3654.6,3630.46,65811388.0,132226107792.6,0.67,3653.14,sh000903
2025-05-07 00:00:00,3702.94,3675.94,3703.8,3660.26,67153787.0,144007737648.8,1.19,3675.94,sh000903
2025-05-08 00:00:00,3665.67,3697.15,3715.6,3661.11,52072498.0,128073245455.7,1.48,3697.15,sh000903
2025-05-09 00:00:00,3693.11,3694.6,3700.67,3685.06,47677324.0,113522491922.3,0.42,3694.6,sh000903
2025-05-12 00:00:00,3715.05,3737.34,3740.8,3708.03,63445375.0,156903945305.7,0.89,3737.34,sh000903
2025-05-13 00:00:00,3764.26,3740.93,3764.26,3733.4,61972305.0,140073857812.7,0.83,3740.93,sh000903
2025-05-14 00:00:00,3740.28,3783.87,3799.36,3736.12,66008919.0,150561650898.6,1.69,3783.87,sh000903
2025-05-15 00:00:00,3776.61,3753.74,3777.32,3749.69,55606988.0,121096110836.7,0.73,3753.74,sh000903
2025-05-16 00:00:00,3744.48,3736.11,3749.71,3723.06,48885859.0,108358578860.4,0.71,3736.11,sh000903
2025-05-19 00:00:00,3730.09,3725.5,3732.78,3712.78,39329980.0,95408571796.7,0.54,3725.5,sh000903
2025-05-20 00:00:00,3732.46,3749.09,3763.02,3729.58,43079538.0,108003926063.9,0.9,3749.09,sh000903
2025-05-21 00:00:00,3750.96,3768.34,3782.83,3750.96,45063650.0,118775574362.8,0.85,3768.34,sh000903
2025-05-22 00:00:00,3766.14,3762.37,3772.03,3752.11,41690364.0,96082326850.4,0.53,3762.37,sh000903
2025-05-23 00:00:00,3758.7,3731.44,3779.09,3731.44,46400114.0,113666143795.6,1.27,3731.44,sh000903
2025-05-26 00:00:00,3723.54,3704.32,3730.2,3692.84,42959121.0,105966643203.3,1.0,3704.32,sh000903
2025-05-27 00:00:00,3700.94,3679.83,3708.81,3676.67,38782345.0,88773895680.4,0.87,3679.83,sh000903
2025-05-28 00:00:00,3684.2,3675.06,3692.11,3673.46,35598100.0,77644529610.1,0.51,3675.06,sh000903
2025-05-29 00:00:00,3675.89,3692.16,3706.69,3666.02,42182832.0,99932979494.6,1.11,3692.16,sh000903
2025-05-30 00:00:00,3684.51,3668.4,3691.43,3657.48,44018920.0,98855966637.5,0.92,3668.4,sh000903
2025-06-03 00:00:00,3666.62,3677.14,3690.74,3666.39,48391976.0,110946279107.9,0.66,3677.14,sh000903
2025-06-04 00:00:00,3680.98,3690.74,3698.27,3680.98,47859060.0,100979722401.5,0.47,3690.74,sh000903
2025-06-05 00:00:00,3693.8,3698.59,3703.89,3682.22,48772722.0,109018800317.2,0.59,3698.59,sh000903
2025-06-06 00:00:00,3701.45,3697.56,3711.59,3692.97,44385764.0,97473532715.5,0.5,3697.56,sh000903
2025-06-09 00:00:00,3699.48,3700.3,3717.2,3693.44,54309560.0,129888980264.7,0.64,3700.3,sh000903
2025-06-10 00:00:00,3702.9,3678.67,3709.83,3667.14,56172114.0,132670198035.0,1.15,3678.67,sh000903
2025-06-11 00:00:00,3683.11,3707.94,3724.83,3683.11,57940422.0,123810202019.5,1.13,3707.94,sh000903
2025-06-12 00:00:00,3699.87,3703.24,3712.64,3683.63,54398443.0,126002318269.9,0.78,3703.24,sh000903
2025-06-13 00:00:00,3691.57,3681.38,3701.04,3669.34,66144585.0,150645249248.0,0.86,3681.38,sh000903
2021-01-04 00:00:00,5349.75,5389.63,5410.05,5324.43,100438700.0,248041914368.0,1.6,5389.63,sh000903
2021-01-05 00:00:00,5368.86,5494.64,5494.64,5357.82,107118124.0,264864169984.0,2.54,5494.64,sh000903
2021-01-06 00:00:00,5515.31,5575.13,5582.71,5486.97,97337526.0,247636070400.0,1.74,5575.13,sh000903
2021-01-07 00:00:00,5591.29,5683.97,5683.97,5569.86,97968492.0,246767235072.0,2.05,5683.97,sh000903
2021-01-08 00:00:00,5699.88,5652.08,5724.26,5595.61,95270484.0,256628396032.0,2.26,5652.08,sh000903
2021-01-11 00:00:00,5656.84,5599.31,5710.52,5572.0,107119508.0,268059942912.0,2.45,5599.31,sh000903
2021-01-12 00:00:00,5575.79,5772.24,5772.24,5575.46,109026555.0,262568370176.0,3.51,5772.24,sh000903
2021-01-13 00:00:00,5782.95,5745.52,5812.64,5700.26,126297620.0,280347484160.0,1.95,5745.52,sh000903
2021-01-14 00:00:00,5724.88,5632.09,5733.81,5618.72,122910866.0,263571611648.0,2.0,5632.09,sh000903
2021-01-15 00:00:00,5641.05,5625.71,5683.52,5566.71,133288161.0,271215534080.0,2.07,5625.71,sh000903
2021-01-18 00:00:00,5605.78,5673.28,5703.5,5580.13,106641792.0,229812363264.0,2.19,5673.28,sh000903
2021-01-19 00:00:00,5683.12,5597.02,5690.04,5574.36,103273441.0,233606852608.0,2.04,5597.02,sh000903
2021-01-20 00:00:00,5600.84,5619.18,5646.72,5582.15,82582295.0,204720087040.0,1.15,5619.18,sh000903
2021-01-21 00:00:00,5637.66,5705.34,5734.51,5632.01,91841050.0,237530726400.0,1.82,5705.34,sh000903
2021-01-22 00:00:00,5701.74,5699.63,5711.45,5653.24,84481375.0,221313597440.0,1.02,5699.63,sh000903
2021-01-25 00:00:00,5696.36,5797.22,5808.53,5678.21,86784732.0,262319751168.0,2.29,5797.22,sh000903
2021-01-26 00:00:00,5769.67,5673.78,5769.67,5668.77,77130452.0,213394055168.0,1.74,5673.78,sh000903
2021-01-27 00:00:00,5669.21,5687.83,5694.53,5620.13,71561590.0,195816669184.0,1.31,5687.83,sh000903
2021-01-28 00:00:00,5611.92,5543.81,5615.45,5523.42,78186998.0,194852859904.0,1.62,5543.81,sh000903
2021-01-29 00:00:00,5579.28,5522.78,5598.79,5464.22,83904901.0,205684760576.0,2.43,5522.78,sh000903
2021-02-01 00:00:00,5530.12,5585.41,5591.93,5514.83,72892209.0,175959928832.0,1.4,5585.41,sh000903
2021-02-02 00:00:00,5591.94,5652.83,5655.47,5575.35,72663905.0,200157728768.0,1.43,5652.83,sh000903
2021-02-03 00:00:00,5650.0,5651.45,5684.56,5623.49,75993907.0,213248372736.0,1.08,5651.45,sh000903
2021-02-04 00:00:00,5620.79,5662.89,5699.43,5606.92,79425167.0,217949032448.0,1.64,5662.89,sh000903
2021-02-05 00:00:00,5685.54,5716.01,5777.06,5680.9,87583278.0,215367278592.0,1.7,5716.01,sh000903
2021-02-08 00:00:00,5742.14,5784.37,5795.62,5704.76,72939067.0,198148259840.0,1.59,5784.37,sh000903
2021-02-09 00:00:00,5800.16,5894.43,5894.43,5763.65,74123525.0,202413043712.0,2.26,5894.43,sh000903
2021-02-10 00:00:00,5920.75,6030.54,6046.6,5920.62,80593953.0,230034112512.0,2.14,6030.54,sh000903
2021-02-18 00:00:00,6142.69,5972.14,6154.55,5948.77,100490734.0,279022383104.0,3.41,5972.14,sh000903
2021-02-19 00:00:00,5938.95,5993.8,6005.13,5879.48,100483909.0,248601075712.0,2.1,5993.8,sh000903
2021-02-22 00:00:00,5999.07,5772.14,5999.07,5772.14,132203950.0,304275439616.0,3.79,5772.14,sh000903
2021-02-23 00:00:00,5719.21,5764.09,5830.17,5719.21,99773412.0,223378935808.0,1.92,5764.09,sh000903
2021-02-24 00:00:00,5780.97,5621.4,5790.14,5557.48,94514880.0,254279057408.0,4.04,5621.4,sh000903
2021-02-25 00:00:00,5680.6,5676.26,5730.36,5637.34,102825948.0,227492151296.0,1.65,5676.26,sh000903
2021-02-26 00:00:00,5548.47,5531.53,5621.87,5519.5,94903396.0,227816390656.0,1.8,5531.53,sh000903
2021-03-01 00:00:00,5586.24,5597.68,5606.34,5534.71,75738181.0,191878406144.0,1.29,5597.68,sh000903
2021-03-02 00:00:00,5636.65,5515.21,5640.96,5468.54,80064625.0,202257371136.0,3.08,5515.21,sh000903
2021-03-03 00:00:00,5497.72,5642.67,5642.9,5489.83,85361638.0,180578054144.0,2.78,5642.67,sh000903
2021-03-04 00:00:00,5573.91,5469.99,5578.98,5440.49,87140106.0,204779819008.0,2.45,5469.99,sh000903
2021-03-05 00:00:00,5379.05,5441.14,5489.25,5348.51,86651725.0,189027434496.0,2.57,5441.14,sh000903
2021-03-08 00:00:00,5477.72,5254.46,5505.35,5254.15,96014838.0,218285076480.0,4.62,5254.46,sh000903
2021-03-09 00:00:00,5243.54,5152.0,5275.15,5104.93,101295450.0,230895992832.0,3.24,5152.0,sh000903
2021-03-10 00:00:00,5231.6,5192.27,5245.82,5174.24,70269829.0,167142920192.0,1.39,5192.27,sh000903
2021-03-11 00:00:00,5218.43,5322.45,5337.56,5214.95,81191191.0,182156013568.0,2.36,5322.45,sh000903
2021-03-12 00:00:00,5353.81,5346.92,5353.81,5289.05,87542666.0,171909230592.0,1.22,5346.92,sh000903
2021-03-15 00:00:00,5319.03,5230.46,5325.76,5183.73,86190932.0,183099633664.0,2.66,5230.46,sh000903
2021-03-16 00:00:00,5252.04,5289.43,5289.69,5217.65,64602094.0,142915899392.0,1.38,5289.43,sh000903
2021-03-17 00:00:00,5272.91,5294.93,5327.97,5225.09,64624312.0,143439347712.0,1.95,5294.93,sh000903
2021-03-18 00:00:00,5311.8,5336.51,5355.73,5308.12,57776543.0,135448276992.0,0.9,5336.51,sh000903
2021-03-19 00:00:00,5264.88,5183.7,5279.21,5155.3,73230003.0,154163089408.0,2.32,5183.7,sh000903
2021-03-22 00:00:00,5184.08,5222.14,5240.73,5168.35,69285693.0,138576330752.0,1.4,5222.14,sh000903
2021-03-23 00:00:00,5228.25,5186.82,5232.68,5139.33,63295311.0,127048040448.0,1.79,5186.82,sh000903
2021-03-24 00:00:00,5168.29,5114.28,5208.55,5103.12,63752520.0,134491123712.0,2.03,5114.28,sh000903
2021-03-25 00:00:00,5092.44,5105.14,5127.77,5065.16,57049265.0,117666619392.0,1.22,5105.14,sh000903
2021-03-26 00:00:00,5135.06,5210.2,5224.32,5132.09,63693166.0,148388794368.0,1.81,5210.2,sh000903
2021-03-29 00:00:00,5224.32,5223.48,5264.7,5181.47,68466916.0,148159946752.0,1.6,5223.48,sh000903
2021-03-30 00:00:00,5222.44,5274.59,5287.4,5206.87,60369385.0,136846983168.0,1.54,5274.59,sh000903
2021-03-31 00:00:00,5265.81,5218.57,5265.81,5184.7,65155904.0,132322308096.0,1.54,5218.57,sh000903
2021-04-01 00:00:00,5232.55,5286.64,5291.46,5227.97,49977467.0,109263994880.0,1.22,5286.64,sh000903
2021-04-02 00:00:00,5306.93,5338.86,5346.0,5289.5,57199969.0,135779799040.0,1.07,5338.86,sh000903
2021-04-06 00:00:00,5353.66,5305.26,5353.66,5287.38,47572180.0,112644743168.0,1.24,5305.26,sh000903
2021-04-07 00:00:00,5306.1,5249.84,5306.1,5216.75,63225649.0,131619794944.0,1.68,5249.84,sh000903
2021-04-08 00:00:00,5220.52,5265.06,5279.36,5205.3,51591767.0,107696533504.0,1.41,5265.06,sh000903
2021-04-09 00:00:00,5249.56,5178.59,5249.56,5165.54,52363640.0,109411450880.0,1.6,5178.59,sh000903
2021-04-12 00:00:00,5171.65,5105.1,5189.28,5088.77,65236099.0,137668898816.0,1.94,5105.1,sh000903
2021-04-13 00:00:00,5110.32,5092.64,5152.93,5076.24,61859937.0,121037799424.0,1.5,5092.64,sh000903
2021-04-14 00:00:00,5101.42,5121.85,5131.72,5083.12,59533443.0,121849085952.0,0.95,5121.85,sh000903
2021-04-15 00:00:00,5109.89,5078.32,5109.89,5028.16,52680745.0,123478745088.0,1.6,5078.32,sh000903
2021-04-16 00:00:00,5098.08,5098.58,5113.55,5048.63,48928023.0,110340165632.0,1.28,5098.58,sh000903
2021-04-19 00:00:00,5099.81,5208.88,5211.5,5069.16,67545679.0,158350221312.0,2.79,5208.88,sh000903
2021-04-20 00:00:00,5186.22,5207.69,5242.94,5177.33,52455951.0,134626177024.0,1.26,5207.69,sh000903
2021-04-21 00:00:00,5179.03,5225.17,5237.56,5176.38,51405030.0,120603189248.0,1.17,5225.17,sh000903
2021-04-22 00:00:00,5239.87,5203.7,5245.04,5183.67,52637240.0,117718786048.0,1.17,5203.7,sh000903
2021-04-23 00:00:00,5207.2,5267.63,5279.76,5204.54,55856911.0,141695623168.0,1.45,5267.63,sh000903
2021-04-26 00:00:00,5292.29,5193.71,5305.89,5188.51,69223793.0,166972522496.0,2.23,5193.71,sh000903
2021-04-27 00:00:00,5193.16,5211.3,5216.2,5162.45,53581847.0,128927088640.0,1.03,5211.3,sh000903
2021-04-28 00:00:00,5186.46,5229.93,5230.32,5175.36,52083991.0,137884893184.0,1.05,5229.93,sh000903
2021-04-29 00:00:00,5244.46,5287.43,5292.58,5228.91,62758863.0,153239101440.0,1.22,5287.43,sh000903
2021-04-30 00:00:00,5287.14,5238.64,5289.71,5210.98,74796209.0,157348737024.0,1.49,5238.64,sh000903
2021-05-06 00:00:00,5209.99,5164.69,5253.01,5150.35,71152340.0,162926665728.0,1.96,5164.69,sh000903
2021-05-07 00:00:00,5181.45,5101.72,5198.39,5099.26,74823795.0,151243345920.0,1.92,5101.72,sh000903
2021-05-10 00:00:00,5103.61,5090.12,5121.6,5050.65,66957187.0,138701619200.0,1.39,5090.12,sh000903
2021-05-11 00:00:00,5054.19,5135.22,5142.95,5037.13,57456829.0,124604682240.0,2.08,5135.22,sh000903
2021-05-12 00:00:00,5117.44,5150.61,5159.36,5109.64,52053565.0,110535630848.0,0.97,5150.61,sh000903
2021-05-13 00:00:00,5100.95,5093.66,5127.34,5070.82,54359342.0,110444519424.0,1.1,5093.66,sh000903
2021-05-14 00:00:00,5109.45,5211.87,5214.85,5079.11,71832855.0,164203491328.0,2.66,5211.87,sh000903
2021-05-17 00:00:00,5213.45,5279.72,5302.57,5213.45,66273987.0,166529736704.0,1.71,5279.72,sh000903
2021-05-18 00:00:00,5289.55,5281.94,5299.21,5251.64,50315113.0,106814459904.0,0.9,5281.94,sh000903
2021-05-19 00:00:00,5268.59,5254.08,5279.98,5239.99,50179031.0,117529223168.0,0.76,5254.08,sh000903
2021-05-20 00:00:00,5255.7,5279.0,5288.93,5238.29,56067279.0,130688745472.0,0.96,5279.0,sh000903
2021-05-21 00:00:00,5290.54,5219.86,5308.75,5210.13,50695613.0,132484136960.0,1.87,5219.86,sh000903
2021-05-24 00:00:00,5224.07,5237.28,5237.32,5174.51,54132416.0,138478047232.0,1.2,5237.28,sh000903
2021-05-25 00:00:00,5248.39,5422.71,5429.04,5247.36,88721229.0,228507426816.0,3.47,5422.71,sh000903
2021-05-26 00:00:00,5434.26,5426.55,5454.32,5411.51,69756890.0,173180657664.0,0.79,5426.55,sh000903
2021-05-27 00:00:00,5420.44,5437.36,5492.41,5387.28,60871229.0,153916379136.0,1.94,5437.36,sh000903
2021-05-28 00:00:00,5437.74,5419.15,5457.73,5382.58,68568184.0,155468881920.0,1.38,5419.15,sh000903
2021-05-31 00:00:00,5408.48,5405.03,5408.48,5351.37,57808873.0,148271271936.0,1.05,5405.03,sh000903
2021-06-01 00:00:00,5395.91,5416.53,5418.56,5345.25,59102369.0,157120184320.0,1.36,5416.53,sh000903
2021-06-02 00:00:00,5424.09,5372.1,5428.81,5347.55,59247846.0,144439279616.0,1.5,5372.1,sh000903
2021-06-03 00:00:00,5368.82,5344.49,5402.15,5341.64,60294024.0,141472530432.0,1.13,5344.49,sh000903
2021-06-04 00:00:00,5317.37,5372.73,5426.98,5311.89,64463731.0,145542942720.0,2.15,5372.73,sh000903
2021-06-07 00:00:00,5370.95,5355.82,5372.55,5321.9,55322025.0,135387377664.0,0.94,5355.82,sh000903
2021-06-08 00:00:00,5353.86,5309.25,5396.23,5278.04,56666150.0,155183104000.0,2.21,5309.25,sh000903
2021-06-09 00:00:00,5301.98,5316.57,5336.14,5294.86,53904530.0,124414504960.0,0.78,5316.57,sh000903
2021-06-10 00:00:00,5317.26,5344.73,5378.48,5307.06,64884362.0,153804894208.0,1.34,5344.73,sh000903
2021-06-11 00:00:00,5345.91,5296.73,5347.13,5282.18,85592092.0,188874469376.0,1.22,5296.73,sh000903
2021-06-15 00:00:00,5291.29,5230.95,5298.81,5197.51,69039985.0,174657212416.0,1.91,5230.95,sh000903
2021-06-16 00:00:00,5227.63,5161.49,5233.1,5156.01,60830973.0,155421044736.0,1.47,5161.49,sh000903
2021-06-17 00:00:00,5152.2,5154.58,5191.51,5136.14,55768919.0,136764710912.0,1.07,5154.58,sh000903
2021-06-18 00:00:00,5151.47,5126.9,5170.03,5091.72,72711798.0,183752425472.0,1.52,5126.9,sh000903
2021-06-21 00:00:00,5109.18,5095.7,5132.3,5070.4,63536241.0,168136503296.0,1.21,5095.7,sh000903
2021-06-22 00:00:00,5113.57,5129.65,5139.96,5094.52,63543562.0,162239496192.0,0.89,5129.65,sh000903
2021-06-23 00:00:00,5134.03,5145.15,5170.72,5117.06,58206838.0,168262377472.0,1.05,5145.15,sh000903
2021-06-24 00:00:00,5155.11,5168.38,5171.75,5119.42,54493207.0,150780776448.0,1.02,5168.38,sh000903
2021-06-25 00:00:00,5170.32,5252.36,5264.68,5166.99,67946276.0,187196674048.0,1.89,5252.36,sh000903
2021-06-28 00:00:00,5268.03,5251.24,5271.99,5226.35,58889777.0,163238612992.0,0.87,5251.24,sh000903
2021-06-29 00:00:00,5247.13,5184.54,5247.33,5175.77,56881720.0,154473279488.0,1.36,5184.54,sh000903
2021-06-30 00:00:00,5177.59,5205.36,5214.47,5174.91,45340055.0,129577689088.0,0.76,5205.36,sh000903
2021-07-01 00:00:00,5225.34,5241.25,5241.36,5172.44,57497482.0,162290511872.0,1.32,5241.25,sh000903
2021-07-02 00:00:00,5189.31,5070.22,5189.31,5063.57,64122760.0,177876328448.0,2.4,5070.22,sh000903
2021-07-05 00:00:00,5058.21,5056.54,5071.08,5021.33,58141647.0,158302908416.0,0.98,5056.54,sh000903
2021-07-06 00:00:00,5056.31,5061.16,5064.59,5006.14,59112179.0,170724331520.0,1.16,5061.16,sh000903
2021-07-07 00:00:00,5036.88,5092.37,5106.54,5031.95,53262131.0,149674442752.0,1.47,5092.37,sh000903
2021-07-08 00:00:00,5101.68,5019.89,5104.56,5007.36,67667625.0,181782425600.0,1.91,5019.89,sh000903
2021-07-09 00:00:00,4996.14,4993.44,5012.3,4948.31,59679050.0,154012667904.0,1.27,4993.44,sh000903
2021-07-12 00:00:00,5028.96,5038.34,5070.33,4983.57,77509356.0,199503085568.0,1.74,5038.34,sh000903
2021-07-13 00:00:00,5036.56,5052.57,5068.32,5025.47,63230039.0,161222766592.0,0.85,5052.57,sh000903
2021-07-14 00:00:00,5045.28,4999.17,5045.28,4986.01,76823104.0,180055531520.0,1.17,4999.17,sh000903
2021-07-15 00:00:00,4991.77,5074.15,5078.19,4985.74,71339200.0,179191988224.0,1.85,5074.15,sh000903
2021-07-16 00:00:00,5063.42,5010.98,5065.79,5006.36,61888783.0,159097602048.0,1.17,5010.98,sh000903
2021-07-19 00:00:00,5000.27,5039.59,5047.45,4957.49,60484575.0,153456005120.0,1.8,5039.59,sh000903
2021-07-20 00:00:00,5006.0,5019.5,5032.48,4990.7,49052902.0,123014537216.0,0.83,5019.5,sh000903
2021-07-21 00:00:00,5030.33,5026.13,5065.43,5016.06,61391470.0,171975458816.0,0.98,5026.13,sh000903
2021-07-22 00:00:00,5028.7,5019.75,5055.15,5012.01,67007043.0,189304090624.0,0.86,5019.75,sh000903
2021-07-23 00:00:00,5011.48,4954.77,5011.48,4947.13,75802552.0,193480593408.0,1.28,4954.77,sh000903
2021-07-26 00:00:00,4926.47,4762.99,4926.47,4715.64,88492636.0,237445685248.0,4.26,4762.99,sh000903
2021-07-27 00:00:00,4760.03,4592.43,4768.32,4585.6,90653222.0,233162579968.0,3.84,4592.43,sh000903
2021-07-28 00:00:00,4562.82,4622.34,4640.56,4536.5,78647798.0,195556827136.0,2.27,4622.34,sh000903
2021-07-29 00:00:00,4698.48,4662.92,4702.1,4637.13,67272788.0,186291884032.0,1.41,4662.92,sh000903
2021-07-30 00:00:00,4634.28,4593.64,4634.28,4559.22,65521966.0,187468328960.0,1.61,4593.64,sh000903
2021-08-02 00:00:00,4566.32,4723.45,4729.54,4526.25,88902170.0,244569776128.0,4.43,4723.45,sh000903
2021-08-03 00:00:00,4701.26,4754.87,4760.6,4685.74,70472481.0,204038840320.0,1.58,4754.87,sh000903
2021-08-04 00:00:00,4749.17,4761.81,4768.91,4727.23,60727875.0,186164682752.0,0.88,4761.81,sh000903
2021-08-05 00:00:00,4726.55,4733.05,4792.13,4703.99,60411328.0,177455800320.0,1.85,4733.05,sh000903
2021-08-06 00:00:00,4717.67,4701.65,4717.81,4680.72,52923236.0,153276346368.0,0.78,4701.65,sh000903
2021-08-09 00:00:00,4673.15,4779.75,4805.0,4669.99,73159795.0,190885285888.0,2.87,4779.75,sh000903
2021-08-10 00:00:00,4774.08,4858.14,4858.27,4725.86,62098767.0,188547883008.0,2.77,4858.14,sh000903
2021-08-11 00:00:00,4851.8,4826.03,4879.68,4820.86,71827354.0,168156553216.0,1.21,4826.03,sh000903
2021-08-12 00:00:00,4810.91,4776.09,4826.61,4771.85,57790487.0,156077195264.0,1.13,4776.09,sh000903
2021-08-13 00:00:00,4759.76,4762.26,4792.89,4735.66,53993800.0,139313393664.0,1.2,4762.26,sh000903
2021-08-16 00:00:00,4756.28,4772.41,4800.34,4747.78,58006561.0,143856771072.0,1.1,4772.41,sh000903
2021-08-17 00:00:00,4765.79,4669.78,4794.54,4658.7,70425027.0,170375028736.0,2.85,4669.78,sh000903
2021-08-18 00:00:00,4667.39,4726.65,4746.5,4641.11,79562130.0,184446504960.0,2.26,4726.65,sh000903
2021-08-19 00:00:00,4716.36,4663.64,4722.56,4641.66,78177910.0,176556011520.0,1.71,4663.64,sh000903
2021-08-20 00:00:00,4607.08,4556.65,4620.69,4515.78,68886016.0,186978746368.0,2.25,4556.65,sh000903
2021-08-23 00:00:00,4558.56,4594.73,4606.61,4548.14,58473464.0,163307687936.0,1.28,4594.73,sh000903
2021-08-24 00:00:00,4605.39,4649.51,4666.94,4603.66,68673610.0,181827907584.0,1.38,4649.51,sh000903
2021-08-25 00:00:00,4654.42,4656.84,4673.9,4633.15,67178586.0,165914083328.0,0.88,4656.84,sh000903
2021-08-26 00:00:00,4654.25,4551.79,4654.25,4550.6,66911660.0,152858087424.0,2.23,4551.79,sh000903
2021-08-27 00:00:00,4545.65,4581.99,4622.92,4544.82,65731366.0,155322462208.0,1.72,4581.99,sh000903
2021-08-30 00:00:00,4603.27,4552.31,4604.96,4523.18,87775060.0,213934518272.0,1.78,4552.31,sh000903
2021-08-31 00:00:00,4547.18,4543.54,4574.78,4485.86,99662963.0,210765791232.0,1.95,4543.54,sh000903
2021-09-01 00:00:00,4537.02,4647.37,4681.72,4504.17,138208220.0,274333233152.0,3.91,4647.37,sh000903
2021-09-02 00:00:00,4649.89,4643.94,4675.04,4615.02,104976973.0,210726400000.0,1.29,4643.94,sh000903
2021-09-03 00:00:00,4649.79,4644.11,4676.12,4594.04,106472100.0,210675269632.0,1.77,4644.11,sh000903
2021-09-06 00:00:00,4639.58,4721.73,4739.13,4635.92,100462285.0,224208396288.0,2.22,4721.73,sh000903
2021-09-07 00:00:00,4719.96,4766.86,4783.68,4693.37,103162926.0,190585761792.0,1.91,4766.86,sh000903
2021-09-08 00:00:00,4758.42,4733.97,4783.98,4719.7,102474345.0,185392078848.0,1.35,4733.97,sh000903
2021-09-09 00:00:00,4714.8,4730.15,4730.56,4698.02,105808996.0,168942399488.0,0.69,4730.15,sh000903
2021-09-10 00:00:00,4728.39,4786.55,4816.87,4725.02,121635494.0,211298422784.0,1.94,4786.55,sh000903
2021-09-13 00:00:00,4777.8,4771.53,4808.65,4743.52,102741714.0,189190512640.0,1.36,4771.53,sh000903
2021-09-14 00:00:00,4774.07,4693.48,4785.92,4685.43,108152212.0,192941625344.0,2.11,4693.48,sh000903
2021-09-15 00:00:00,4678.6,4632.37,4678.6,4608.22,80217080.0,160512176128.0,1.5,4632.37,sh000903
2021-09-16 00:00:00,4629.82,4608.18,4646.81,4590.2,91077466.0,173838409728.0,1.22,4608.18,sh000903
2021-09-17 00:00:00,4597.1,4661.19,4661.33,4590.11,80290191.0,161591836672.0,1.55,4661.19,sh000903
2021-09-22 00:00:00,4572.54,4606.72,4616.14,4566.64,85686098.0,144260907008.0,1.06,4606.72,sh000903
2021-09-23 00:00:00,4627.02,4619.62,4661.03,4602.14,86207078.0,153701007360.0,1.28,4619.62,sh000903
2021-09-24 00:00:00,4609.51,4634.16,4677.22,4607.99,79107231.0,164969349120.0,1.5,4634.16,sh000903
2021-09-27 00:00:00,4661.28,4716.42,4750.32,4661.28,90112655.0,216338997248.0,1.92,4716.42,sh000903
2021-09-28 00:00:00,4711.14,4730.24,4747.99,4681.62,77160573.0,159878721536.0,1.41,4730.24,sh000903
2021-09-29 00:00:00,4697.47,4715.59,4745.72,4660.07,82400822.0,158143377408.0,1.81,4715.59,sh000903
2021-09-30 00:00:00,4719.9,4730.05,4745.08,4714.07,61091144.0,140091256832.0,0.66,4730.05,sh000903
2021-10-08 00:00:00,4780.8,4825.59,4838.49,4761.21,80840317.0,187827863552.0,1.63,4825.59,sh000903
2021-10-11 00:00:00,4840.15,4840.89,4903.09,4838.33,75926610.0,167155773440.0,1.34,4840.89,sh000903
2021-10-12 00:00:00,4824.33,4811.92,4844.5,4772.21,73674235.0,148302843904.0,1.49,4811.92,sh000903
2021-10-13 00:00:00,4806.1,4863.96,4884.38,4795.17,59103557.0,148205940736.0,1.85,4863.96,sh000903
2021-10-14 00:00:00,4860.68,4827.06,4879.68,4818.24,48502062.0,117984604160.0,1.26,4827.06,sh000903
2021-10-15 00:00:00,4807.79,4843.24,4851.13,4797.37,64173737.0,146561503232.0,1.11,4843.24,sh000903
2021-10-18 00:00:00,4830.97,4757.94,4830.97,4734.19,62523953.0,155267641344.0,2.0,4757.94,sh000903
2021-10-19 00:00:00,4750.06,4807.55,4818.12,4750.05,58388529.0,140148047872.0,1.43,4807.55,sh000903
2021-10-20 00:00:00,4821.2,4795.05,4841.46,4781.88,57042678.0,132021547008.0,1.24,4795.05,sh000903
2021-10-21 00:00:00,4798.85,4828.04,4842.71,4791.41,64972027.0,137652387840.0,1.07,4828.04,sh000903
2021-10-22 00:00:00,4840.99,4876.85,4903.97,4834.15,60743828.0,144195510272.0,1.45,4876.85,sh000903
2021-10-25 00:00:00,4852.57,4869.75,4873.15,4830.63,59106660.0,145960759296.0,0.87,4869.75,sh000903
2021-10-26 00:00:00,4867.01,4839.49,4887.79,4832.93,54179868.0,132423053312.0,1.13,4839.49,sh000903
2021-10-27 00:00:00,4821.35,4767.84,4821.35,4753.42,60593536.0,140238647296.0,1.4,4767.84,sh000903
2021-10-28 00:00:00,4750.52,4747.06,4769.68,4732.58,61272443.0,141082501120.0,0.78,4747.06,sh000903
2021-10-29 00:00:00,4748.5,4785.49,4785.49,4742.28,68190999.0,177066573824.0,0.91,4785.49,sh000903
2021-11-01 00:00:00,4742.17,4766.19,4780.64,4716.66,74671529.0,183484551168.0,1.34,4766.19,sh000903
2021-11-02 00:00:00,4758.58,4703.06,4783.78,4663.42,84504965.0,187905478656.0,2.53,4703.06,sh000903
2021-11-03 00:00:00,4696.87,4674.34,4718.07,4664.53,61018762.0,139028348928.0,1.14,4674.34,sh000903
2021-11-04 00:00:00,4695.2,4720.78,4730.44,4688.47,56726461.0,148405227520.0,0.9,4720.78,sh000903
2021-11-05 00:00:00,4708.41,4703.05,4743.74,4694.85,55430426.0,134082625536.0,1.04,4703.05,sh000903
2021-11-08 00:00:00,4699.64,4697.69,4719.89,4680.95,51224648.0,121367031808.0,0.83,4697.69,sh000903
2021-11-09 00:00:00,4706.29,4682.99,4719.62,4662.52,48321779.0,112945991680.0,1.22,4682.99,sh000903
2021-11-10 00:00:00,4670.07,4653.01,4671.73,4593.2,59496292.0,140755382272.0,1.68,4653.01,sh000903
2021-11-11 00:00:00,4649.48,4741.91,4742.09,4642.37,75154885.0,158209884160.0,2.14,4741.91,sh000903
2021-11-12 00:00:00,4750.15,4722.25,4753.97,4711.99,53462822.0,118932156416.0,0.89,4722.25,sh000903
2021-11-15 00:00:00,4732.94,4730.72,4747.64,4711.28,47408804.0,112986238976.0,0.77,4730.72,sh000903
2021-11-16 00:00:00,4733.39,4741.72,4767.75,4731.22,49382807.0,123049881600.0,0.77,4741.72,sh000903
2021-11-17 00:00:00,4738.48,4728.31,4749.52,4715.98,41670505.0,100820357120.0,0.71,4728.31,sh000903
2021-11-18 00:00:00,4713.59,4677.91,4713.59,4672.61,41719716.0,93831360512.0,0.87,4677.91,sh000903
2021-11-19 00:00:00,4670.83,4731.65,4738.44,4669.84,50984387.0,118429523968.0,1.47,4731.65,sh000903
2021-11-22 00:00:00,4737.39,4731.73,4752.74,4725.45,52491965.0,133990707200.0,0.58,4731.73,sh000903
2021-11-23 00:00:00,4723.58,4738.3,4756.62,4717.57,54576371.0,127727669248.0,0.83,4738.3,sh000903
2021-11-24 00:00:00,4743.76,4756.4,4774.8,4729.31,47626386.0,131089051648.0,0.96,4756.4,sh000903
2021-11-25 00:00:00,4759.2,4734.72,4764.04,4727.52,42109065.0,115360694272.0,0.77,4734.72,sh000903
2021-11-26 00:00:00,4726.58,4690.84,4726.63,4680.86,44049349.0,105644912640.0,0.97,4690.84,sh000903
2021-11-29 00:00:00,4657.24,4678.9,4687.49,4652.02,49060685.0,118513631232.0,0.76,4678.9,sh000903
2021-11-30 00:00:00,4679.68,4645.25,4692.93,4629.38,47525716.0,109178077184.0,1.36,4645.25,sh000903
2021-12-01 00:00:00,4649.07,4663.84,4665.1,4639.21,45702431.0,104950038528.0,0.56,4663.84,sh000903
2021-12-02 00:00:00,4656.84,4678.33,4688.41,4643.21,55691026.0,116010545152.0,0.97,4678.33,sh000903
2021-12-03 00:00:00,4678.95,4723.63,4723.63,4674.77,53640169.0,139685453824.0,1.04,4723.63,sh000903
2021-12-06 00:00:00,4735.61,4733.9,4778.25,4729.66,71683087.0,160780554240.0,1.03,4733.9,sh000903
2021-12-07 00:00:00,4770.95,4774.66,4784.4,4751.5,72170537.0,162336018432.0,0.69,4774.66,sh000903
2021-12-08 00:00:00,4786.06,4844.25,4845.45,4758.72,62352212.0,159952375808.0,1.82,4844.25,sh000903
2021-12-09 00:00:00,4851.09,4931.76,4975.3,4848.92,96332718.0,216112738304.0,2.61,4931.76,sh000903
2021-12-10 00:00:00,4899.62,4914.5,4917.77,4890.83,82222147.0,161932738560.0,0.55,4914.5,sh000903
2021-12-13 00:00:00,4955.52,4945.97,5016.28,4943.59,96722898.0,233692487680.0,1.48,4945.97,sh000903
2021-12-14 00:00:00,4929.02,4914.79,4940.63,4903.61,70174374.0,162198122496.0,0.75,4914.79,sh000903
2021-12-15 00:00:00,4900.93,4871.64,4928.79,4870.91,58639652.0,139843833856.0,1.18,4871.64,sh000903
2021-12-16 00:00:00,4871.38,4893.75,4893.75,4849.01,56618944.0,146099249152.0,0.92,4893.75,sh000903
2021-12-17 00:00:00,4877.69,4817.77,4880.74,4815.04,59420598.0,153972867072.0,1.34,4817.77,sh000903
2021-12-20 00:00:00,4801.45,4761.68,4837.77,4751.33,60047401.0,150664200192.0,1.79,4761.68,sh000903
2021-12-21 00:00:00,4756.45,4788.96,4796.23,4752.59,53944932.0,127885062144.0,0.92,4788.96,sh000903
2021-12-22 00:00:00,4800.14,4785.6,4813.76,4772.97,49505510.0,117887545344.0,0.85,4785.6,sh000903
2021-12-23 00:00:00,4796.25,4825.84,4825.84,4772.32,52920960.0,126850949120.0,1.12,4825.84,sh000903
2021-12-24 00:00:00,4829.91,4805.85,4843.84,4787.35,55382451.0,151552606208.0,1.17,4805.85,sh000903
2021-12-27 00:00:00,4801.13,4798.76,4819.23,4775.41,49440172.0,129310834688.0,0.91,4798.76,sh000903
2021-12-28 00:00:00,4802.73,4834.71,4839.65,4798.1,55382538.0,138393112576.0,0.87,4834.71,sh000903
2021-12-29 00:00:00,4839.83,4747.92,4839.83,4747.92,47192489.0,142302027776.0,1.9,4747.92,sh000903
2021-12-30 00:00:00,4747.58,4780.37,4801.1,4741.52,51270748.0,130901139456.0,1.25,4780.37,sh000903
2021-12-31 00:00:00,4797.01,4792.91,4808.63,4775.77,49029919.0,130361126912.0,0.69,4792.91,sh000903
2022-01-04 00:00:00,4812.64,4779.48,4816.78,4726.52,66256407.0,173892206592.0,1.88,4779.48,sh000903
2022-01-05 00:00:00,4767.91,4751.67,4799.21,4735.61,84478277.0,196830838784.0,1.33,4751.67,sh000903
2022-01-06 00:00:00,4728.14,4687.43,4741.61,4665.31,67779930.0,167156629504.0,1.61,4687.43,sh000903
2022-01-07 00:00:00,4696.8,4704.76,4731.96,4693.2,87466153.0,169115340800.0,0.83,4704.76,sh000903
2022-01-10 00:00:00,4692.19,4724.55,4727.87,4661.74,71371750.0,158287515648.0,1.41,4724.55,sh000903
2022-01-11 00:00:00,4719.53,4686.56,4737.55,4681.27,66890506.0,148435369984.0,1.19,4686.56,sh000903
2022-01-12 00:00:00,4708.74,4729.63,4737.95,4698.98,66058542.0,156191150080.0,0.83,4729.63,sh000903
2022-01-13 00:00:00,4740.77,4654.33,4743.0,4653.52,67619868.0,151159230464.0,1.89,4654.33,sh000903
2022-01-14 00:00:00,4632.81,4605.96,4648.66,4603.95,69271549.0,140333637632.0,0.96,4605.96,sh000903
2022-01-17 00:00:00,4610.58,4640.95,4649.88,4606.42,52459791.0,133878226944.0,0.94,4640.95,sh000903
2022-01-18 00:00:00,4641.11,4689.74,4701.37,4620.81,67638994.0,140464427008.0,1.74,4689.74,sh000903
2022-01-19 00:00:00,4699.2,4667.31,4711.34,4642.28,61365204.0,144560840704.0,1.47,4667.31,sh000903
2022-01-20 00:00:00,4662.58,4732.76,4755.3,4662.08,80303534.0,164883415040.0,2.0,4732.76,sh000903
2022-01-21 00:00:00,4718.09,4697.35,4730.24,4674.95,65316854.0,141737480192.0,1.17,4697.35,sh000903
2022-01-24 00:00:00,4671.68,4691.64,4708.51,4656.89,55073247.0,129464795136.0,1.1,4691.64,sh000903
2022-01-25 00:00:00,4663.05,4592.53,4680.39,4592.26,61969091.0,126577635328.0,1.88,4592.53,sh000903
2022-01-26 00:00:00,4613.06,4632.75,4633.55,4569.33,48895626.0,118301802496.0,1.4,4632.75,sh000903
2022-01-27 00:00:00,4628.3,4546.82,4629.15,4542.9,58127112.0,140090007552.0,1.86,4546.82,sh000903
2022-01-28 00:00:00,4570.01,4486.91,4588.47,4480.62,63158077.0,156560318464.0,2.37,4486.91,sh000903
2022-02-07 00:00:00,4563.63,4555.24,4591.47,4533.39,68600177.0,148457816064.0,1.29,4555.24,sh000903
2022-02-08 00:00:00,4546.31,4528.42,4546.31,4443.51,77484644.0,156055126016.0,2.26,4528.42,sh000903
2022-02-09 00:00:00,4529.25,4571.6,4581.03,4520.52,72593567.0,149880934400.0,1.34,4571.6,sh000903
2022-02-10 00:00:00,4578.01,4556.18,4578.01,4523.09,69306104.0,160054919168.0,1.2,4556.18,sh000903
2022-02-11 00:00:00,4533.89,4529.47,4583.15,4523.81,80120105.0,178113200128.0,1.3,4529.47,sh000903
2022-02-14 00:00:00,4509.81,4481.55,4522.13,4461.62,74681574.0,157512384512.0,1.34,4481.55,sh000903
2022-02-15 00:00:00,4482.33,4518.66,4522.28,4477.94,58195241.0,139322408960.0,0.99,4518.66,sh000903
2022-02-16 00:00:00,4538.05,4538.84,4562.32,4528.7,48495593.0,108753330176.0,0.74,4538.84,sh000903
2022-02-17 00:00:00,4539.63,4544.57,4566.85,4530.54,48554232.0,111889108992.0,0.8,4544.57,sh000903
2022-02-18 00:00:00,4521.13,4569.0,4569.02,4515.28,47584338.0,99169734656.0,1.18,4569.0,sh000903
2022-02-21 00:00:00,4559.25,4542.35,4559.25,4521.64,54964288.0,109163450368.0,0.82,4542.35,sh000903
2022-02-22 00:00:00,4506.77,4475.7,4506.98,4450.3,57702144.0,129791909888.0,1.25,4475.7,sh000903
2022-02-23 00:00:00,4486.54,4510.91,4513.55,4472.25,58809633.0,132216315904.0,0.92,4510.91,sh000903
2022-02-24 00:00:00,4478.65,4416.92,4490.78,4381.59,87184817.0,175229849600.0,2.42,4416.92,sh000903
2022-02-25 00:00:00,4451.56,4454.52,4494.65,4445.02,65164600.0,136898387968.0,1.12,4454.52,sh000903
2022-02-28 00:00:00,4441.78,4460.57,4460.57,4410.63,61931295.0,125801152512.0,1.12,4460.57,sh000903
2022-03-01 00:00:00,4478.81,4509.6,4513.67,4471.66,55719196.0,135807946752.0,0.94,4509.6,sh000903
2022-03-02 00:00:00,4482.06,4460.73,4482.18,4446.67,52487355.0,109902888960.0,0.79,4460.73,sh000903
2022-03-03 00:00:00,4477.68,4437.32,4482.22,4430.48,65902769.0,127768285184.0,1.16,4437.32,sh000903
2022-03-04 00:00:00,4395.37,4373.44,4410.94,4359.54,59647905.0,133322678272.0,1.16,4373.44,sh000903
2022-03-07 00:00:00,4331.79,4225.54,4331.79,4212.39,78688586.0,172182102016.0,2.73,4225.54,sh000903
2022-03-08 00:00:00,4239.69,4161.93,4262.53,4146.13,78031752.0,168525672448.0,2.75,4161.93,sh000903
2022-03-09 00:00:00,4177.98,4132.35,4204.51,3981.13,93729060.0,185519210496.0,5.37,4132.35,sh000903
2022-03-10 00:00:00,4231.02,4191.86,4235.9,4187.7,70511716.0,165614866432.0,1.17,4191.86,sh000903
2022-03-11 00:00:00,4133.72,4201.47,4212.29,4075.47,73791803.0,161056243712.0,3.26,4201.47,sh000903
2022-03-14 00:00:00,4136.93,4059.34,4165.91,4059.34,62701366.0,140376408064.0,2.54,4059.34,sh000903
2022-03-15 00:00:00,4008.72,3870.99,4042.56,3870.99,102932298.0,195915620352.0,4.23,3870.99,sh000903
2022-03-16 00:00:00,3938.23,4046.6,4060.32,3841.39,98846438.0,216444596224.0,5.66,4046.6,sh000903
2022-03-17 00:00:00,4135.59,4134.27,4195.86,4109.75,88015977.0,215314415616.0,2.13,4134.27,sh000903
2022-03-18 00:00:00,4116.32,4165.33,4186.14,4089.29,79112069.0,154412318720.0,2.34,4165.33,sh000903
2022-03-21 00:00:00,4183.01,4142.03,4183.01,4113.23,61949793.0,133408952320.0,1.68,4142.03,sh000903
2022-03-22 00:00:00,4139.58,4145.91,4172.99,4123.75,60034130.0,110157488128.0,1.19,4145.91,sh000903
2022-03-23 00:00:00,4162.08,4168.98,4182.26,4133.07,54469975.0,116028747776.0,1.19,4168.98,sh000903
2022-03-24 00:00:00,4142.76,4145.97,4167.26,4113.5,50334938.0,114239094784.0,1.29,4145.97,sh000903
2022-03-25 00:00:00,4141.54,4068.35,4150.51,4067.22,51224302.0,112640610304.0,2.01,4068.35,sh000903
2022-03-28 00:00:00,4021.49,4044.32,4067.41,3983.39,59080404.0,118606553088.0,2.07,4044.32,sh000903
2022-03-29 00:00:00,4048.74,4028.3,4073.8,4018.98,46933888.0,96896557056.0,1.36,4028.3,sh000903
2022-03-30 00:00:00,4058.64,4153.82,4153.82,4058.52,69382799.0,146681544704.0,2.37,4153.82,sh000903
2022-03-31 00:00:00,4132.56,4131.76,4148.62,4114.09,66150415.0,121937809408.0,0.83,4131.76,sh000903
2022-04-01 00:00:00,4112.07,4196.46,4210.1,4101.79,69354883.0,136691634176.0,2.62,4196.46,sh000903
2022-04-06 00:00:00,4172.32,4185.7,4198.98,4159.97,81998351.0,138621796352.0,0.93,4185.7,sh000903
2022-04-07 00:00:00,4161.84,4138.19,4200.51,4130.22,66985098.0,114101891072.0,1.68,4138.19,sh000903
2022-04-08 00:00:00,4141.19,4163.04,4170.3,4114.92,66676790.0,118497980416.0,1.34,4163.04,sh000903
2022-04-11 00:00:00,4134.14,4046.47,4134.14,4036.4,70155973.0,143065382912.0,2.35,4046.47,sh000903
2022-04-12 00:00:00,4055.29,4128.97,4128.97,4028.7,68782989.0,136455761920.0,2.48,4128.97,sh000903
2022-04-13 00:00:00,4105.78,4102.75,4155.05,4091.91,59057782.0,116678189056.0,1.53,4102.75,sh000903
2022-04-14 00:00:00,4137.34,4153.46,4181.54,4121.36,59815229.0,137899200512.0,1.47,4153.46,sh000903
2022-04-15 00:00:00,4123.29,4148.16,4168.18,4113.92,56777810.0,117295013888.0,1.31,4148.16,sh000903
2022-04-18 00:00:00,4112.19,4106.9,4117.33,4076.4,55656881.0,114176958464.0,0.99,4106.9,sh000903
2022-04-19 00:00:00,4103.69,4076.21,4131.36,4054.77,54193528.0,119752630272.0,1.86,4076.21,sh000903
2022-04-20 00:00:00,4069.26,4014.79,4074.67,4005.12,56381371.0,126816673792.0,1.71,4014.79,sh000903
2022-04-21 00:00:00,3994.63,3956.89,4031.31,3937.18,65869235.0,127009509376.0,2.34,3956.89,sh000903
2022-04-22 00:00:00,3927.93,3989.57,4009.03,3920.19,63351660.0,116418981888.0,2.25,3989.57,sh000903
2022-04-25 00:00:00,3903.9,3805.47,3934.98,3805.0,85924165.0,157959868416.0,3.26,3805.47,sh000903
2022-04-26 00:00:00,3810.08,3794.12,3872.32,3782.4,76628221.0,145988734976.0,2.36,3794.12,sh000903
2022-04-27 00:00:00,3775.45,3891.87,3891.87,3775.08,83474350.0,165924290560.0,3.08,3891.87,sh000903
2022-04-28 00:00:00,3881.79,3921.87,3937.87,3873.96,75396618.0,147382677504.0,1.64,3921.87,sh000903
2022-04-29 00:00:00,3937.24,3995.52,4004.58,3886.27,90463048.0,182501670912.0,3.02,3995.52,sh000903
2022-05-05 00:00:00,3971.35,3976.81,4006.26,3963.07,77806313.0,164997943296.0,1.08,3976.81,sh000903
2022-05-06 00:00:00,3901.54,3873.32,3915.18,3867.34,59521887.0,118611054592.0,1.2,3873.32,sh000903
2022-05-09 00:00:00,3847.63,3833.84,3872.36,3810.15,43164388.0,93298900992.0,1.61,3833.84,sh000903
2022-05-10 00:00:00,3776.18,3870.49,3886.04,3760.27,67009528.0,130402516992.0,3.28,3870.49,sh000903
2022-05-11 00:00:00,3867.17,3922.13,3969.7,3865.36,77398930.0,163954819072.0,2.7,3922.13,sh000903
2022-05-12 00:00:00,3896.4,3899.04,3926.68,3880.66,51313009.0,106060550144.0,1.17,3899.04,sh000903
2022-05-13 00:00:00,3927.66,3932.18,3948.1,3901.44,52645578.0,110467563520.0,1.2,3932.18,sh000903
2022-05-16 00:00:00,3958.9,3899.52,3961.66,3888.31,53805020.0,110899335168.0,1.87,3899.52,sh000903
2022-05-17 00:00:00,3909.74,3951.69,3951.69,3903.88,51788879.0,110328037376.0,1.23,3951.69,sh000903
2022-05-18 00:00:00,3961.07,3932.19,3961.07,3899.49,49104778.0,107043721216.0,1.56,3932.19,sh000903
2022-05-19 00:00:00,3880.79,3928.77,3932.11,3877.26,52004037.0,108552065024.0,1.39,3928.77,sh000903
2022-05-20 00:00:00,3952.72,4014.77,4015.31,3952.67,69838254.0,149488824320.0,1.59,4014.77,sh000903
2022-05-23 00:00:00,4017.69,3974.48,4017.69,3955.51,55554020.0,118708633600.0,1.55,3974.48,sh000903
2022-05-24 00:00:00,3972.63,3890.53,3972.63,3890.46,60971666.0,122821079040.0,2.07,3890.53,sh000903
2022-05-25 00:00:00,3894.98,3906.75,3910.48,3877.93,45082271.0,96452812800.0,0.84,3906.75,sh000903
2022-05-26 00:00:00,3911.88,3911.59,3935.75,3864.91,56926820.0,116174049280.0,1.81,3911.59,sh000903
2022-05-27 00:00:00,3946.13,3929.49,3978.26,3913.97,55241649.0,116413595648.0,1.64,3929.49,sh000903
2022-05-30 00:00:00,3950.49,3956.21,3972.17,3938.58,54955159.0,119218044928.0,0.85,3956.21,sh000903
2022-05-31 00:00:00,3959.79,4017.17,4022.61,3947.87,66258519.0,148638384128.0,1.89,4017.17,sh000903
2022-06-01 00:00:00,4014.5,4008.64,4019.18,3987.26,52834404.0,116597141504.0,0.79,4008.64,sh000903
2022-06-02 00:00:00,3988.38,4001.99,4005.85,3983.82,48844915.0,110851649536.0,0.55,4001.99,sh000903
2022-06-06 00:00:00,4006.29,4072.25,4073.09,3974.73,81230935.0,173755330560.0,2.46,4072.25,sh000903
2022-06-07 00:00:00,4071.8,4092.74,4110.37,4061.92,67764206.0,153859674112.0,1.19,4092.74,sh000903
2022-06-08 00:00:00,4104.16,4138.21,4138.75,4078.45,68702080.0,174608265216.0,1.47,4138.21,sh000903
2022-06-09 00:00:00,4130.83,4101.28,4148.7,4088.76,74750380.0,150291791872.0,1.45,4101.28,sh000903
2022-06-10 00:00:00,4070.71,4157.67,4160.95,4064.59,80908014.0,166122954752.0,2.35,4157.67,sh000903
2022-06-13 00:00:00,4109.69,4105.28,4133.9,4072.85,80534999.0,189785149440.0,1.47,4105.28,sh000903
2022-06-14 00:00:00,4058.69,4124.24,4125.46,4015.57,80054904.0,183942991872.0,2.68,4124.24,sh000903
2022-06-15 00:00:00,4129.19,4178.12,4246.38,4128.99,115602803.0,244864389120.0,2.85,4178.12,sh000903
2022-06-16 00:00:00,4187.41,4156.07,4211.32,4146.28,83712561.0,174117810176.0,1.56,4156.07,sh000903
2022-06-17 00:00:00,4125.86,4228.66,4239.43,4124.22,74583478.0,194589790208.0,2.77,4228.66,sh000903
2022-06-20 00:00:00,4244.01,4247.41,4286.47,4216.94,83193349.0,205103710208.0,1.64,4247.41,sh000903
2022-06-21 00:00:00,4246.57,4242.4,4273.53,4203.29,84402980.0,176269668352.0,1.65,4242.4,sh000903
2022-06-22 00:00:00,4252.53,4186.02,4253.18,4184.25,90637281.0,172263653376.0,1.62,4186.02,sh000903
2022-06-23 00:00:00,4194.33,4255.17,4255.17,4171.31,94109624.0,183260348416.0,2.0,4255.17,sh000903
2022-06-24 00:00:00,4270.88,4324.27,4327.73,4261.77,91332966.0,203867316224.0,1.55,4324.27,sh000903
2022-06-27 00:00:00,4344.96,4362.57,4395.26,4340.01,93297111.0,214169452544.0,1.28,4362.57,sh000903
2022-06-28 00:00:00,4361.8,4409.14,4416.62,4320.5,93231872.0,201308221440.0,2.2,4409.14,sh000903
2022-06-29 00:00:00,4392.5,4339.74,4425.71,4331.71,91283415.0,215957680128.0,2.13,4339.74,sh000903
2022-06-30 00:00:00,4334.11,4406.01,4438.75,4334.11,74208435.0,189896216576.0,2.41,4406.01,sh000903
2022-07-01 00:00:00,4414.92,4391.85,4428.28,4372.24,71116362.0,171250548736.0,1.27,4391.85,sh000903
2022-07-04 00:00:00,4365.19,4421.75,4421.78,4349.9,69242360.0,200047058944.0,1.64,4421.75,sh000903
2022-07-05 00:00:00,4434.25,4422.66,4461.85,4369.34,80160215.0,210064982016.0,2.09,4422.66,sh000903
2022-07-06 00:00:00,4408.07,4348.3,4414.65,4317.12,77112151.0,200271159296.0,2.21,4348.3,sh000903
2022-07-07 00:00:00,4354.31,4375.2,4391.59,4321.44,69108682.0,191646425088.0,1.61,4375.2,sh000903
2022-07-08 00:00:00,4404.36,4357.54,4417.67,4355.3,62747891.0,175116185600.0,1.43,4357.54,sh000903
2022-07-11 00:00:00,4335.25,4275.92,4335.25,4250.62,69051817.0,175605391360.0,1.94,4275.92,sh000903
2022-07-12 00:00:00,4276.66,4233.94,4292.61,4214.58,57762953.0,164857841435.8,1.82,4233.94,sh000903
2022-07-13 00:00:00,4233.93,4251.64,4270.51,4206.54,58705807.0,161583567395.3,1.51,4251.64,sh000903
2022-07-14 00:00:00,4242.36,4257.89,4290.84,4227.43,64767950.0,169432887695.3,1.49,4257.89,sh000903
2022-07-15 00:00:00,4233.68,4180.95,4280.49,4180.95,71194079.0,175977238463.1,2.34,4180.95,sh000903
2022-07-18 00:00:00,4199.83,4231.73,4239.99,4148.55,62422555.0,157361125318.1,2.19,4231.73,sh000903
2022-07-19 00:00:00,4228.14,4193.8,4228.14,4165.05,51715609.0,129225937207.1,1.49,4193.8,sh000903
2022-07-20 00:00:00,4219.44,4202.1,4228.28,4189.4,43759983.0,111881859480.6,0.93,4202.1,sh000903
2022-07-21 00:00:00,4186.25,4154.04,4198.58,4153.87,58700072.0,131938197050.1,1.06,4154.04,sh000903
2022-07-22 00:00:00,4172.71,4158.78,4198.63,4126.94,51552274.0,125034263321.3,1.73,4158.78,sh000903
2022-07-25 00:00:00,4154.27,4131.47,4158.9,4120.69,40802442.0,101856976486.2,0.92,4131.47,sh000903
2022-07-26 00:00:00,4138.55,4160.39,4175.82,4130.03,40988370.0,103307363527.9,1.11,4160.39,sh000903
2022-07-27 00:00:00,4150.28,4133.95,4152.46,4124.42,38378912.0,106115929809.9,0.67,4133.95,sh000903
2022-07-28 00:00:00,4153.14,4132.58,4181.39,4130.48,52937618.0,137188784055.7,1.23,4132.58,sh000903
2022-07-29 00:00:00,4137.22,4082.16,4160.96,4073.44,55260396.0,132727617707.4,2.12,4082.16,sh000903
2022-08-01 00:00:00,4072.78,4103.41,4112.32,4039.25,50731982.0,130250593910.8,1.79,4103.41,sh000903
2022-08-02 00:00:00,4057.47,4021.81,4057.47,3986.0,68010067.0,146259979906.2,1.74,4021.81,sh000903
2022-08-03 00:00:00,4029.74,3977.27,4067.31,3966.05,55622658.0,146338953736.6,2.52,3977.27,sh000903
2022-08-04 00:00:00,4000.16,4014.16,4022.91,3978.23,41926535.0,119663830715.0,1.12,4014.16,sh000903
2022-08-05 00:00:00,4021.46,4067.45,4071.11,4007.53,49877341.0,133712750292.1,1.58,4067.45,sh000903
2022-08-08 00:00:00,4049.29,4054.71,4060.93,4038.83,42683401.0,118526806565.1,0.54,4054.71,sh000903
2022-08-09 00:00:00,4051.21,4072.47,4079.16,4037.32,41397994.0,117890294493.4,1.03,4072.47,sh000903
2022-08-10 00:00:00,4065.88,4024.29,4074.16,4005.47,43590402.0,119185496334.5,1.69,4024.29,sh000903
2022-08-11 00:00:00,4046.24,4108.35,4109.15,4029.85,56196784.0,143948718273.4,1.97,4108.35,sh000903
2022-08-12 00:00:00,4100.9,4107.4,4117.75,4089.99,47954939.0,115144393656.2,0.68,4107.4,sh000903
2022-08-15 00:00:00,4099.19,4115.99,4148.31,4095.12,52310397.0,137477197142.9,1.29,4115.99,sh000903
2022-08-16 00:00:00,4121.51,4105.47,4140.12,4098.24,46567185.0,132366694367.9,1.02,4105.47,sh000903
2022-08-17 00:00:00,4111.01,4146.8,4153.68,4082.26,53094298.0,137796378379.9,1.74,4146.8,sh000903
2022-08-18 00:00:00,4136.64,4108.9,4143.56,4104.1,45985459.0,123345159806.0,0.95,4108.9,sh000903
2022-08-19 00:00:00,4106.93,4079.62,4110.41,4079.15,55298111.0,142386524337.7,0.76,4079.62,sh000903
2022-08-22 00:00:00,4066.0,4113.16,4116.62,4061.42,52515670.0,143318896146.6,1.35,4113.16,sh000903
2022-08-23 00:00:00,4107.14,4093.34,4121.07,4079.17,44861555.0,127589390356.9,1.02,4093.34,sh000903
2022-08-24 00:00:00,4106.2,4008.99,4109.86,4004.46,55745254.0,146884306830.7,2.57,4008.99,sh000903
2022-08-25 00:00:00,4019.48,4037.39,4040.79,3976.01,54125178.0,133055287602.0,1.62,4037.39,sh000903
2022-08-26 00:00:00,4050.59,4023.96,4054.43,4019.39,46467168.0,119042300604.4,0.87,4023.96,sh000903
2022-08-29 00:00:00,3978.89,4007.99,4010.9,3974.17,42868139.0,102939281967.5,0.91,4007.99,sh000903
2022-08-30 00:00:00,4006.12,3987.17,4009.51,3959.46,44517296.0,103813492466.2,1.25,3987.17,sh000903
2022-08-31 00:00:00,3964.45,3990.65,4022.59,3954.99,64022283.0,166031843266.5,1.7,3990.65,sh000903
2022-09-01 00:00:00,3977.76,3952.53,4004.53,3949.88,46560336.0,114854929202.3,1.37,3952.53,sh000903
2022-09-02 00:00:00,3965.85,3932.13,3966.83,3912.69,38464015.0,96896735459.8,1.37,3932.13,sh000903
2022-09-05 00:00:00,3916.46,3921.13,3925.08,3889.31,44019591.0,110718151991.7,0.91,3921.13,sh000903
2022-09-06 00:00:00,3929.54,3951.33,3953.32,3907.45,50756147.0,130172288648.3,1.17,3951.33,sh000903
2022-09-07 00:00:00,3929.12,3956.88,3968.88,3925.33,49997850.0,119881530878.1,1.1,3956.88,sh000903
2022-09-08 00:00:00,3960.8,3932.75,3968.34,3931.06,43757452.0,99194829993.1,0.94,3932.75,sh000903
2022-09-09 00:00:00,3948.97,3995.32,4000.42,3939.41,53539453.0,121377642822.1,1.55,3995.32,sh000903
2022-09-13 00:00:00,4015.97,4012.61,4028.33,3997.16,48636217.0,115768111011.3,0.78,4012.61,sh000903
2022-09-14 00:00:00,3959.81,3962.92,3988.75,3945.0,42348298.0,103100127674.3,1.09,3962.92,sh000903
2022-09-15 00:00:00,3975.85,3923.76,3984.68,3895.92,57528664.0,139586897710.5,2.24,3923.76,sh000903
2022-09-16 00:00:00,3909.72,3835.2,3916.1,3835.05,65510530.0,134160220842.1,2.07,3835.2,sh000903
2022-09-19 00:00:00,3829.93,3832.64,3859.99,3815.16,46998745.0,100442632169.1,1.17,3832.64,sh000903
2022-09-20 00:00:00,3849.5,3835.13,3861.42,3823.79,40851555.0,99930551795.1,0.98,3835.13,sh000903
2022-09-21 00:00:00,3822.88,3797.65,3823.55,3782.62,42418140.0,96388891578.9,1.07,3797.65,sh000903
2022-09-22 00:00:00,3766.66,3757.8,3789.96,3748.26,41024647.0,92591880720.1,1.1,3757.8,sh000903
2022-09-23 00:00:00,3754.55,3745.7,3777.34,3720.23,46230307.0,94742429665.1,1.52,3745.7,sh000903
2022-09-26 00:00:00,3717.26,3731.97,3787.03,3715.84,52780223.0,108337631413.5,1.9,3731.97,sh000903
2022-09-27 00:00:00,3739.39,3784.04,3785.23,3720.77,44375341.0,99236325891.4,1.73,3784.04,sh000903
2022-09-28 00:00:00,3771.09,3713.46,3771.09,3712.16,42606926.0,93687333910.4,1.56,3713.46,sh000903
2022-09-29 00:00:00,3751.97,3720.9,3760.83,3702.99,42544192.0,97634437611.6,1.56,3720.9,sh000903
2022-09-30 00:00:00,3729.89,3697.86,3742.02,3692.14,39741936.0,91934002970.8,1.34,3697.86,sh000903
2022-10-10 00:00:00,3708.04,3618.59,3708.12,3613.08,48672552.0,105653961019.6,2.57,3618.59,sh000903
2022-10-11 00:00:00,3632.38,3632.03,3641.84,3611.32,39719952.0,92354174101.5,0.84,3632.03,sh000903
2022-10-12 00:00:00,3625.66,3686.58,3686.64,3560.66,58548740.0,122387681403.0,3.47,3686.58,sh000903
2022-10-13 00:00:00,3654.82,3644.12,3676.5,3639.3,51314847.0,112485180532.1,1.01,3644.12,sh000903
2022-10-14 00:00:00,3679.09,3743.41,3765.69,3674.36,60437489.0,149722986193.5,2.51,3743.41,sh000903
2022-10-17 00:00:00,3720.89,3747.89,3751.27,3706.72,54712678.0,124273853055.5,1.19,3747.89,sh000903
2022-10-18 00:00:00,3769.96,3738.58,3772.41,3731.9,42208039.0,103251944081.2,1.08,3738.58,sh000903
2022-10-19 00:00:00,3728.68,3676.01,3744.21,3676.01,40620210.0,105245204786.1,1.82,3676.01,sh000903
2022-10-20 00:00:00,3640.82,3646.72,3696.9,3617.26,41747192.0,110456418756.5,2.17,3646.72,sh000903
2022-10-21 00:00:00,3640.72,3631.41,3657.62,3611.1,41409192.0,94419916239.0,1.28,3631.41,sh000903
2022-10-24 00:00:00,3609.88,3517.33,3646.53,3502.9,59945276.0,145288374481.1,3.96,3517.33,sh000903
2022-10-25 00:00:00,3506.19,3507.46,3553.47,3476.36,51007708.0,121980659551.7,2.19,3507.46,sh000903
2022-10-26 00:00:00,3514.66,3533.72,3581.65,3512.82,58538212.0,132594869479.8,1.96,3533.72,sh000903
2022-10-27 00:00:00,3548.84,3509.07,3567.53,3506.81,55604666.0,140708147930.2,1.72,3509.07,sh000903
2022-10-28 00:00:00,3481.88,3406.49,3492.14,3398.54,55982614.0,137071932135.3,2.67,3406.49,sh000903
2022-10-31 00:00:00,3366.98,3374.87,3422.42,3362.74,68583084.0,142703181858.0,1.75,3374.87,sh000903
2022-11-01 00:00:00,3387.41,3506.67,3506.67,3381.9,72739737.0,166138471815.1,3.7,3506.67,sh000903
2022-11-02 00:00:00,3495.25,3549.45,3573.6,3483.15,69177567.0,157324659254.6,2.58,3549.45,sh000903
2022-11-03 00:00:00,3517.48,3515.02,3543.58,3495.51,58766347.0,118475274493.4,1.35,3515.02,sh000903
2022-11-04 00:00:00,3514.67,3638.34,3653.36,3514.67,75298188.0,172663692013.9,3.95,3638.34,sh000903
2022-11-07 00:00:00,3628.09,3651.15,3671.42,3622.29,69986541.0,142298384110.6,1.35,3651.15,sh000903
2022-11-08 00:00:00,3651.19,3627.88,3660.05,3599.87,51511184.0,109484798768.4,1.65,3627.88,sh000903
2022-11-09 00:00:00,3629.28,3587.58,3638.66,3583.93,45838339.0,95295440026.3,1.51,3587.58,sh000903
2022-11-10 00:00:00,3554.81,3548.63,3565.99,3527.41,56775182.0,101435336795.0,1.08,3548.63,sh000903
2022-11-11 00:00:00,3657.45,3660.15,3699.91,3616.77,100684751.0,195929301876.2,2.34,3660.15,sh000903
2022-11-14 00:00:00,3697.68,3667.92,3726.9,3655.26,83753615.0,176570994083.9,1.96,3667.92,sh000903
2022-11-15 00:00:00,3664.8,3743.18,3746.8,3646.69,73907454.0,158713763875.9,2.73,3743.18,sh000903
2022-11-16 00:00:00,3740.05,3712.8,3753.56,3707.79,59835191.0,128967092937.2,1.22,3712.8,sh000903
2022-11-17 00:00:00,3701.9,3689.95,3701.9,3648.49,53989474.0,122263937736.5,1.44,3689.95,sh000903
2022-11-18 00:00:00,3697.2,3678.47,3717.05,3678.43,56326282.0,121044406348.2,1.05,3678.47,sh000903
2022-11-21 00:00:00,3645.83,3646.22,3647.91,3610.5,47003476.0,101916538941.1,1.02,3646.22,sh000903
2022-11-22 00:00:00,3643.14,3641.45,3683.67,3624.96,63018219.0,104755365597.1,1.61,3641.45,sh000903
2022-11-23 00:00:00,3629.09,3643.46,3663.11,3622.21,61757074.0,104391613733.0,1.12,3643.46,sh000903
2022-11-24 00:00:00,3664.14,3627.13,3677.27,3621.53,43771849.0,83586000573.4,1.53,3627.13,sh000903
2022-11-25 00:00:00,3621.59,3645.08,3660.85,3613.44,67101398.0,103831671863.9,1.31,3645.08,sh000903
2022-11-28 00:00:00,3567.93,3596.58,3600.75,3535.03,58757866.0,105161390875.6,1.8,3596.58,sh000903
2022-11-29 00:00:00,3636.46,3713.57,3721.41,3634.26,75352963.0,147924940754.5,2.42,3713.57,sh000903
2022-11-30 00:00:00,3700.68,3718.28,3729.55,3697.53,71103390.0,128403621591.9,0.86,3718.28,sh000903
2022-12-01 00:00:00,3789.19,3765.51,3811.83,3764.41,83069663.0,162846713136.8,1.28,3765.51,sh000903
2022-12-02 00:00:00,3756.96,3740.76,3769.39,3737.26,55753010.0,105335247215.3,0.85,3740.76,sh000903
2022-12-05 00:00:00,3773.71,3808.11,3809.07,3763.79,98734319.0,159318827840.0,1.21,3808.11,sh000903
2022-12-06 00:00:00,3790.66,3829.92,3845.95,3784.85,72749376.0,142100923842.7,1.6,3829.92,sh000903
2022-12-07 00:00:00,3818.24,3826.32,3866.96,3812.73,67522481.0,137509374245.3,1.42,3826.32,sh000903
2022-12-08 00:00:00,3820.97,3826.49,3839.82,3808.11,51718427.0,102189607506.8,0.83,3826.49,sh000903
2022-12-09 00:00:00,3831.09,3871.54,3876.24,3817.59,72891573.0,140096867584.6,1.53,3871.54,sh000903
2022-12-12 00:00:00,3847.59,3832.71,3862.93,3829.54,58859115.0,120194906987.1,0.86,3832.71,sh000903
2022-12-13 00:00:00,3833.59,3817.48,3838.18,3812.81,47605699.0,96878984888.3,0.66,3817.48,sh000903
2022-12-14 00:00:00,3823.67,3820.72,3838.15,3804.46,49162925.0,105794562251.9,0.88,3820.72,sh000903
2022-12-15 00:00:00,3822.13,3827.64,3833.74,3795.94,43905646.0,100556875011.2,0.99,3827.64,sh000903
2022-12-16 00:00:00,3806.16,3825.82,3831.69,3800.97,42618780.0,90129347697.9,0.8,3825.82,sh000903
2022-12-19 00:00:00,3824.74,3773.02,3840.49,3757.27,51222586.0,99067600401.0,2.18,3773.02,sh000903
2022-12-20 00:00:00,3759.05,3706.91,3759.05,3688.42,38896960.0,89182450488.6,1.87,3706.91,sh000903
2022-12-21 00:00:00,3715.02,3708.8,3731.22,3700.11,31295391.0,66357787168.6,0.84,3708.8,sh000903
2022-12-22 00:00:00,3740.11,3712.53,3757.06,3698.13,41484282.0,89321528643.5,1.59,3712.53,sh000903
2022-12-23 00:00:00,3688.32,3706.02,3725.92,3679.33,32962627.0,70726134149.1,1.25,3706.02,sh000903
2022-12-26 00:00:00,3707.84,3720.57,3734.03,3705.62,34562353.0,82789294452.4,0.77,3720.57,sh000903
2022-12-27 00:00:00,3735.66,3757.82,3762.11,3729.81,35171630.0,80859988197.3,0.87,3757.82,sh000903
2022-12-28 00:00:00,3743.92,3740.21,3751.45,3718.76,38712987.0,86700439636.0,0.87,3740.21,sh000903
2022-12-29 00:00:00,3721.41,3726.38,3738.31,3707.11,38450248.0,81089714553.1,0.83,3726.38,sh000903
2022-12-30 00:00:00,3744.87,3735.1,3760.0,3735.1,35468537.0,80608063457.6,0.67,3735.1,sh000903
2023-01-03 00:00:00,3728.94,3759.04,3766.56,3697.21,53654517.0,106667904434.6,1.86,3759.04,sh000903
2023-01-04 00:00:00,3757.81,3760.33,3775.96,3740.24,52710263.0,112236685534.2,0.95,3760.33,sh000903
2023-01-05 00:00:00,3783.12,3844.84,3849.82,3782.02,58905212.0,148467307317.5,1.8,3844.84,sh000903
2023-01-06 00:00:00,3845.2,3859.63,3883.13,3844.01,58084669.0,135121531467.4,1.02,3859.63,sh000903
2023-01-09 00:00:00,3879.27,3890.1,3901.73,3870.85,56724350.0,124576223792.0,0.8,3890.1,sh000903
2023-01-10 00:00:00,3891.8,3898.05,3911.89,3879.53,44968014.0,117471349580.6,0.83,3898.05,sh000903
2023-01-11 00:00:00,3903.07,3894.52,3929.73,3892.64,48671209.0,111188623071.1,0.95,3894.52,sh000903
2023-01-12 00:00:00,3908.56,3904.64,3924.2,3892.97,45590122.0,105096885622.6,0.8,3904.64,sh000903
2023-01-13 00:00:00,3924.52,3959.89,3959.89,3917.85,44250076.0,114465782283.5,1.08,3959.89,sh000903
2023-01-16 00:00:00,3960.46,4024.63,4062.67,3958.69,65392820.0,167203718505.8,2.63,4024.63,sh000903
2023-01-17 00:00:00,4024.9,4024.7,4036.71,4007.56,44782224.0,109751148755.8,0.72,4024.7,sh000903
2023-01-18 00:00:00,4029.37,4018.32,4038.43,4012.76,40607128.0,89849827946.8,0.64,4018.32,sh000903
2023-01-19 00:00:00,4013.94,4046.89,4046.89,3994.27,48775126.0,108542512242.5,1.31,4046.89,sh000903
2023-01-20 00:00:00,4059.52,4079.36,4089.91,4056.55,70199111.0,129979371768.5,0.82,4079.36,sh000903
2023-01-30 00:00:00,4175.02,4100.82,4175.02,4096.39,87226803.0,190386531130.2,1.93,4100.82,sh000903
2023-01-31 00:00:00,4101.09,4062.44,4114.77,4057.74,64473174.0,141594166860.5,1.39,4062.44,sh000903
2023-02-01 00:00:00,4079.18,4102.91,4102.91,4047.45,72066003.0,149058213884.7,1.37,4102.91,sh000903
2023-02-02 00:00:00,4112.21,4087.77,4112.38,4077.3,62714822.0,142590988031.1,0.86,4087.77,sh000903
2023-02-03 00:00:00,4067.09,4044.15,4067.09,4004.44,58862677.0,130377650371.2,1.53,4044.15,sh000903
2023-02-06 00:00:00,4003.51,3987.9,4004.46,3960.44,58691068.0,130147699190.1,1.09,3987.9,sh000903
2023-02-07 00:00:00,3998.94,3991.26,4006.95,3975.6,44175216.0,96798096175.7,0.79,3991.26,sh000903
2023-02-08 00:00:00,3997.47,3976.06,4011.43,3971.46,43024679.0,94433028753.1,1.0,3976.06,sh000903
2023-02-09 00:00:00,3964.61,4025.42,4025.42,3961.04,46751972.0,108501087565.9,1.62,4025.42,sh000903
2023-02-10 00:00:00,4017.21,3995.78,4019.32,3982.4,42169782.0,99115582430.6,0.92,3995.78,sh000903
2023-02-13 00:00:00,3988.74,4034.05,4036.53,3982.38,54600928.0,125572642246.6,1.36,4034.05,sh000903
2023-02-14 00:00:00,4044.03,4033.77,4045.15,4012.44,46131026.0,103531046863.8,0.81,4033.77,sh000903
2023-02-15 00:00:00,4035.04,4010.71,4044.48,4003.05,65480464.0,118612770130.3,1.03,4010.71,sh000903
2023-02-16 00:00:00,4013.95,3985.73,4057.62,3959.52,80002992.0,147275846872.1,2.45,3985.73,sh000903
2023-02-17 00:00:00,3978.31,3919.84,3994.06,3918.19,57885053.0,122252506751.2,1.9,3919.84,sh000903
2023-02-20 00:00:00,3921.11,4020.97,4022.41,3918.1,83200910.0,157618281264.7,2.66,4020.97,sh000903
2023-02-21 00:00:00,4018.19,4035.85,4045.61,4006.7,77037221.0,138216839584.7,0.97,4035.85,sh000903
2023-02-22 00:00:00,4007.25,3989.2,4018.53,3984.13,54761750.0,106394869260.9,0.85,3989.2,sh000903
2023-02-23 00:00:00,3989.04,3986.2,4014.68,3970.3,51500447.0,105585881884.6,1.11,3986.2,sh000903
2023-02-24 00:00:00,3981.45,3939.09,3983.66,3926.65,50753785.0,99249388911.4,1.43,3939.09,sh000903
2023-02-27 00:00:00,3915.83,3915.94,3940.77,3908.45,46326710.0,99081666936.9,0.82,3915.94,sh000903
2023-02-28 00:00:00,3931.9,3943.69,3949.39,3898.76,58229208.0,111422189430.2,1.29,3943.69,sh000903
2023-03-01 00:00:00,3942.54,4005.8,4017.32,3936.05,78188561.0,138368381027.4,2.06,4005.8,sh000903
2023-03-02 00:00:00,3997.66,3994.06,4016.88,3989.33,73462086.0,127574233375.2,0.69,3994.06,sh000903
2023-03-03 00:00:00,4003.23,4003.18,4011.38,3975.56,74093006.0,116093723605.3,0.9,4003.18,sh000903
2023-03-06 00:00:00,4004.08,3983.1,4005.87,3954.08,75695331.0,147081529227.0,1.29,3983.1,sh000903
2023-03-07 00:00:00,3976.1,3922.5,3998.92,3919.38,92502822.0,139728130530.7,2.0,3922.5,sh000903
2023-03-08 00:00:00,3902.45,3903.37,3910.32,3880.19,56543153.0,98975872432.3,0.77,3903.37,sh000903
2023-03-09 00:00:00,3904.46,3893.79,3915.25,3871.85,58318785.0,108409502399.2,1.11,3893.79,sh000903
2023-03-10 00:00:00,3865.25,3846.18,3880.11,3845.16,60637831.0,116563789037.1,0.9,3846.18,sh000903
2023-03-13 00:00:00,3840.9,3885.94,3887.51,3840.9,74590451.0,133117476325.9,1.21,3885.94,sh000903
2023-03-14 00:00:00,3877.33,3864.4,3882.35,3824.74,75712443.0,147147623101.4,1.48,3864.4,sh000903
2023-03-15 00:00:00,3892.44,3866.77,3901.11,3866.54,67182794.0,124071238980.1,0.89,3866.77,sh000903
2023-03-16 00:00:00,3833.23,3810.97,3854.11,3808.02,69537082.0,128565530818.9,1.19,3810.97,sh000903
2023-03-17 00:00:00,3845.89,3832.12,3878.62,3817.62,85832287.0,170322582908.1,1.6,3832.12,sh000903
2023-03-20 00:00:00,3835.46,3809.46,3852.0,3804.56,93210422.0,165625079115.9,1.24,3809.46,sh000903
2023-03-21 00:00:00,3818.06,3858.4,3858.8,3817.41,64539917.0,128972714505.9,1.09,3858.4,sh000903
2023-03-22 00:00:00,3871.8,3877.01,3893.62,3862.48,73271475.0,141313300956.3,0.81,3877.01,sh000903
2023-03-23 00:00:00,3862.23,3909.31,3909.31,3859.73,77366934.0,152061134209.7,1.28,3909.31,sh000903
2023-03-24 00:00:00,3906.05,3895.14,3906.05,3884.6,77723320.0,156448764193.4,0.55,3895.14,sh000903
2023-03-27 00:00:00,3890.53,3883.28,3890.53,3858.49,81133707.0,165352469360.5,0.82,3883.28,sh000903
2023-03-28 00:00:00,3887.28,3864.11,3893.83,3859.36,64342963.0,123590288058.9,0.89,3864.11,sh000903
2023-03-29 00:00:00,3880.47,3871.62,3885.7,3862.71,60533017.0,131600954953.8,0.59,3871.62,sh000903
2023-03-30 00:00:00,3874.31,3904.62,3905.85,3851.19,71869833.0,149879854236.6,1.41,3904.62,sh000903
2023-03-31 00:00:00,3914.93,3917.21,3929.61,3906.33,65344162.0,149853739941.6,0.6,3917.21,sh000903
2023-04-03 00:00:00,3926.91,3950.52,3954.47,3918.03,89505385.0,209807608298.0,0.93,3950.52,sh000903
2023-04-04 00:00:00,3949.58,3951.03,3952.0,3928.02,95756990.0,209069361293.9,0.61,3951.03,sh000903
2023-04-06 00:00:00,3928.32,3945.89,3947.73,3922.08,73665327.0,170886043827.3,0.65,3945.89,sh000903
2023-04-07 00:00:00,3948.57,3982.61,3990.9,3947.59,62332132.0,153927642307.9,1.1,3982.61,sh000903
2023-04-10 00:00:00,3993.57,3975.47,3994.64,3965.53,74054461.0,180161512599.5,0.73,3975.47,sh000903
2023-04-11 00:00:00,3979.15,3972.8,3988.69,3956.3,73160109.0,167167493965.8,0.81,3972.8,sh000903
2023-04-12 00:00:00,3974.72,3972.82,3983.42,3964.79,82703485.0,171238086701.2,0.47,3972.82,sh000903
2023-04-13 00:00:00,3955.43,3939.53,3959.19,3929.51,70406633.0,152680096124.6,0.75,3939.53,sh000903
2023-04-14 00:00:00,3949.85,3967.22,3976.42,3948.06,67951941.0,164365332555.3,0.72,3967.22,sh000903
2023-04-17 00:00:00,3963.18,4020.34,4020.34,3960.15,82413577.0,178826218692.5,1.52,4020.34,sh000903
2023-04-18 00:00:00,4008.19,4029.11,4041.16,4007.14,74868542.0,170516166180.9,0.85,4029.11,sh000903
2023-04-19 00:00:00,4028.59,3991.92,4028.59,3986.43,77361252.0,161038974672.5,1.05,3991.92,sh000903
2023-04-20 00:00:00,3989.12,3969.97,3989.88,3951.67,76041516.0,176039076853.2,0.96,3969.97,sh000903
2023-04-21 00:00:00,3973.98,3893.29,3973.98,3891.57,81492286.0,182998896355.1,2.08,3893.29,sh000903
2023-04-24 00:00:00,3891.71,3842.19,3893.99,3827.05,77540732.0,172492665655.6,1.72,3842.19,sh000903
2023-04-25 00:00:00,3843.76,3808.31,3847.21,3775.41,74868858.0,168312099068.1,1.87,3808.31,sh000903
2023-04-26 00:00:00,3795.53,3818.71,3834.2,3785.32,68799787.0,166699574518.7,1.28,3818.71,sh000903
2023-04-27 00:00:00,3807.97,3850.99,3862.1,3803.35,63598512.0,155128965890.1,1.54,3850.99,sh000903
2023-04-28 00:00:00,3857.31,3886.03,3886.58,3857.31,68714436.0,156382971514.4,0.76,3886.03,sh000903
2023-05-04 00:00:00,3869.31,3872.06,3882.19,3852.78,87963922.0,163779765714.0,0.76,3872.06,sh000903
2023-05-05 00:00:00,3874.41,3849.67,3876.53,3826.5,77685001.0,143334937190.4,1.29,3849.67,sh000903
2023-05-08 00:00:00,3863.33,3880.58,3884.79,3845.57,91295528.0,167686895037.9,1.02,3880.58,sh000903
2023-05-09 00:00:00,3878.42,3841.34,3898.22,3839.7,95980345.0,171779362973.2,1.51,3841.34,sh000903
2023-05-10 00:00:00,3833.6,3834.19,3849.69,3818.93,72136197.0,143603766646.5,0.8,3834.19,sh000903
2023-05-11 00:00:00,3841.12,3830.72,3849.33,3829.41,53856080.0,118438496016.8,0.52,3830.72,sh000903
2023-05-12 00:00:00,3829.69,3776.55,3838.56,3776.48,60997744.0,119004291449.7,1.62,3776.55,sh000903
2023-05-15 00:00:00,3778.71,3836.51,3836.51,3767.33,68372945.0,139775493781.6,1.83,3836.51,sh000903
2023-05-16 00:00:00,3841.66,3818.48,3841.66,3806.75,50291352.0,114380583686.4,0.91,3818.48,sh000903
2023-05-17 00:00:00,3812.9,3799.5,3821.1,3786.88,48362870.0,99577289843.6,0.9,3799.5,sh000903
2023-05-18 00:00:00,3805.99,3784.59,3814.16,3769.7,51314679.0,107129132423.4,1.17,3784.59,sh000903
2023-05-19 00:00:00,3772.22,3776.05,3797.74,3756.48,45892937.0,96722478482.3,1.09,3776.05,sh000903
2023-05-22 00:00:00,3774.03,3805.23,3818.76,3770.33,42563797.0,93100305127.0,1.28,3805.23,sh000903
2023-05-23 00:00:00,3806.32,3754.71,3810.12,3754.71,48690149.0,90974275110.5,1.46,3754.71,sh000903
2023-05-24 00:00:00,3747.81,3706.09,3748.37,3706.09,55097206.0,102973004087.9,1.13,3706.09,sh000903
2023-05-25 00:00:00,3696.63,3689.27,3706.57,3659.85,54459286.0,104921058611.8,1.26,3689.27,sh000903
2023-05-26 00:00:00,3686.55,3678.06,3686.55,3645.48,41079248.0,92612476219.9,1.11,3678.06,sh000903
2023-05-29 00:00:00,3691.52,3656.39,3694.98,3642.08,56505421.0,109691339595.7,1.44,3656.39,sh000903
2023-05-30 00:00:00,3651.1,3665.87,3671.77,3615.87,62389785.0,122379341968.0,1.53,3665.87,sh000903
2023-05-31 00:00:00,3653.34,3617.3,3653.54,3602.66,56456932.0,117168415081.1,1.39,3617.3,sh000903
2023-06-01 00:00:00,3607.96,3634.33,3659.93,3607.24,56267816.0,116845454451.1,1.46,3634.33,sh000903
2023-06-02 00:00:00,3651.4,3700.65,3704.0,3651.4,54643187.0,120467308715.1,1.45,3700.65,sh000903
2023-06-05 00:00:00,3697.95,3679.96,3697.99,3669.16,46288335.0,105480081656.7,0.78,3679.96,sh000903
2023-06-06 00:00:00,3676.19,3649.31,3703.2,3644.71,54085097.0,112588657844.9,1.59,3649.31,sh000903
2023-06-07 00:00:00,3659.31,3626.07,3665.94,3618.3,42185940.0,99519741433.5,1.31,3626.07,sh000903
2023-06-08 00:00:00,3630.71,3654.96,3670.12,3617.64,48898115.0,98892948850.9,1.45,3654.96,sh000903
2023-06-09 00:00:00,3657.74,3667.93,3668.18,3642.27,62547054.0,124877093172.0,0.71,3667.93,sh000903
2023-06-12 00:00:00,3657.24,3673.86,3689.2,3645.07,55151031.0,119964559984.4,1.2,3673.86,sh000903
2023-06-13 00:00:00,3667.21,3694.15,3697.71,3660.37,49160841.0,110640143105.4,1.02,3694.15,sh000903
2023-06-14 00:00:00,3704.49,3693.72,3719.63,3691.22,53323160.0,119070543525.5,0.77,3693.72,sh000903
2023-06-15 00:00:00,3702.35,3766.04,3766.04,3702.09,56778348.0,153631955062.3,1.73,3766.04,sh000903
2023-06-16 00:00:00,3772.79,3805.52,3810.09,3769.6,59783535.0,144446961879.5,1.08,3805.52,sh000903
2023-06-19 00:00:00,3800.72,3766.25,3800.72,3759.1,57604219.0,130132279611.2,1.09,3766.25,sh000903
2023-06-20 00:00:00,3762.85,3765.98,3779.09,3759.86,52092715.0,132492751206.6,0.51,3765.98,sh000903
2023-06-21 00:00:00,3752.58,3709.22,3765.62,3709.22,53296061.0,124841858982.9,1.5,3709.22,sh000903
2023-06-26 00:00:00,3679.2,3667.43,3696.85,3655.54,58400978.0,118269062731.6,1.11,3667.43,sh000903
2023-06-27 00:00:00,3669.7,3701.67,3710.13,3665.56,53644754.0,105977290284.7,1.22,3701.67,sh000903
2023-06-28 00:00:00,3693.14,3696.92,3702.78,3664.76,48298309.0,107466446669.0,1.03,3696.92,sh000903
2023-06-29 00:00:00,3694.8,3675.46,3699.39,3670.17,44632024.0,101725031133.2,0.79,3675.46,sh000903
2023-06-30 00:00:00,3667.1,3688.14,3708.07,3661.73,46863770.0,106360079907.0,1.26,3688.14,sh000903
2023-07-03 00:00:00,3702.25,3731.95,3739.49,3701.08,60982861.0,130894381540.7,1.04,3731.95,sh000903
2023-07-04 00:00:00,3728.35,3736.68,3738.46,3719.27,49225448.0,107644049905.1,0.51,3736.68,sh000903
2023-07-05 00:00:00,3732.87,3712.29,3739.71,3707.38,48302014.0,96173325352.7,0.87,3712.29,sh000903
2023-07-06 00:00:00,3700.97,3683.27,3719.47,3677.55,49508336.0,95594702218.6,1.13,3683.27,sh000903
2023-07-07 00:00:00,3671.51,3660.65,3679.44,3654.36,51909750.0,90661258312.3,0.68,3660.65,sh000903
2023-07-10 00:00:00,3677.36,3686.1,3707.81,3674.71,47059451.0,101529986654.3,0.9,3686.1,sh000903
2023-07-11 00:00:00,3697.25,3710.27,3712.42,3686.44,40848094.0,91735852740.0,0.7,3710.27,sh000903
2023-07-12 00:00:00,3707.3,3691.81,3720.25,3686.08,52089612.0,108282603903.3,0.92,3691.81,sh000903
2023-07-13 00:00:00,3702.77,3739.31,3741.36,3702.77,56110150.0,121533179143.8,1.05,3739.31,sh000903
2023-07-14 00:00:00,3748.36,3742.27,3753.82,3736.49,61307704.0,113223761279.5,0.46,3742.27,sh000903
2023-07-17 00:00:00,3726.36,3709.61,3726.36,3695.13,48406830.0,85517933694.3,0.83,3709.61,sh000903
2023-07-18 00:00:00,3715.44,3697.34,3715.44,3686.28,39902164.0,80761965261.5,0.79,3697.34,sh000903
2023-07-19 00:00:00,3691.86,3694.75,3704.41,3675.62,36182018.0,77885251474.1,0.78,3694.75,sh000903
2023-07-20 00:00:00,3702.13,3673.55,3723.72,3668.74,43079101.0,90738120851.7,1.49,3673.55,sh000903
2023-07-21 00:00:00,3666.61,3669.03,3696.75,3655.82,39243794.0,83231085360.9,1.11,3669.03,sh000903
2023-07-24 00:00:00,3647.66,3647.18,3672.45,3641.51,33984922.0,77095901265.6,0.84,3647.18,sh000903
2023-07-25 00:00:00,3706.18,3755.99,3755.99,3706.18,70799987.0,146772987064.7,1.37,3755.99,sh000903
2023-07-26 00:00:00,3748.91,3749.01,3752.71,3735.61,47422572.0,93275789022.6,0.46,3749.01,sh000903
2023-07-27 00:00:00,3756.58,3741.81,3772.03,3734.44,46781148.0,92387008707.4,1.0,3741.81,sh000903
2023-07-28 00:00:00,3730.03,3824.68,3832.62,3727.09,71789355.0,140279680845.3,2.82,3824.68,sh000903
2023-07-31 00:00:00,3852.09,3843.6,3891.11,3831.51,78200090.0,172605022103.1,1.56,3843.6,sh000903
2023-08-01 00:00:00,3840.07,3829.38,3859.62,3815.45,59745416.0,122633300320.2,1.15,3829.38,sh000903
2023-08-02 00:00:00,3818.91,3803.13,3838.23,3792.1,50120376.0,96738393165.0,1.2,3803.13,sh000903
2023-08-03 00:00:00,3793.02,3833.04,3833.39,3792.88,50073774.0,105063657118.1,1.07,3833.04,sh000903
2023-08-04 00:00:00,3861.27,3846.54,3881.39,3837.91,71319235.0,146180770114.0,1.13,3846.54,sh000903
2023-08-07 00:00:00,3831.02,3816.26,3831.02,3803.29,51962038.0,112605171200.9,0.72,3816.26,sh000903
2023-08-08 00:00:00,3809.49,3808.11,3829.49,3792.48,42710803.0,93826501781.0,0.97,3808.11,sh000903
2023-08-09 00:00:00,3796.96,3799.3,3813.86,3794.15,38396581.0,81316336740.4,0.52,3799.3,sh000903
2023-08-10 00:00:00,3794.51,3802.85,3806.62,3773.74,38072881.0,80151878530.6,0.87,3802.85,sh000903
2023-08-11 00:00:00,3807.18,3715.5,3807.18,3715.5,53509387.0,97929402147.3,2.41,3715.5,sh000903
2023-08-14 00:00:00,3673.13,3687.75,3690.86,3646.99,50420343.0,99183654787.2,1.18,3687.75,sh000903
2023-08-15 00:00:00,3689.04,3673.52,3695.12,3640.94,42366885.0,86915238403.2,1.47,3673.52,sh000903
2023-08-16 00:00:00,3658.34,3642.67,3673.55,3642.03,40076902.0,86853274229.7,0.86,3642.67,sh000903
2023-08-17 00:00:00,3626.68,3657.07,3662.15,3606.28,38127108.0,82047638390.9,1.53,3657.07,sh000903
2023-08-18 00:00:00,3655.98,3608.53,3664.45,3608.53,38249920.0,80091929530.2,1.53,3608.53,sh000903
2023-08-21 00:00:00,3595.88,3561.97,3611.78,3561.97,40660721.0,85180494297.3,1.38,3561.97,sh000903
2023-08-22 00:00:00,3580.04,3584.39,3598.48,3535.24,58776237.0,106290495149.7,1.78,3584.39,sh000903
2023-08-23 00:00:00,3578.92,3522.38,3582.75,3520.74,44884393.0,83026795106.3,1.73,3522.38,sh000903
2023-08-24 00:00:00,3538.09,3554.94,3579.14,3531.56,52988258.0,97498641310.3,1.35,3554.94,sh000903
2023-08-25 00:00:00,3537.21,3543.78,3568.99,3529.8,47460434.0,87963324799.5,1.1,3543.78,sh000903
2023-08-28 00:00:00,3737.15,3594.87,3737.15,3582.39,81991888.0,161761192569.9,4.37,3594.87,sh000903
2023-08-29 00:00:00,3587.65,3636.08,3658.25,3586.99,63154387.0,129139827528.3,1.98,3636.08,sh000903
2023-08-30 00:00:00,3653.15,3644.19,3666.71,3634.41,58151053.0,110758236684.0,0.89,3644.19,sh000903
2023-08-31 00:00:00,3644.96,3625.64,3651.13,3620.7,47990392.0,91513426558.8,0.84,3625.64,sh000903
2023-09-01 00:00:00,3639.01,3649.71,3667.99,3637.51,45344818.0,83733676051.7,0.84,3649.71,sh000903
2023-09-04 00:00:00,3675.06,3707.81,3713.92,3664.73,64509488.0,118491226932.4,1.35,3707.81,sh000903
2023-09-05 00:00:00,3699.02,3683.2,3699.54,3677.5,44151472.0,91029300170.0,0.59,3683.2,sh000903
2023-09-06 00:00:00,3671.93,3672.11,3678.36,3651.98,40351320.0,83755338429.5,0.72,3672.11,sh000903
2023-09-07 00:00:00,3661.91,3615.8,3661.91,3614.59,41818342.0,85404940480.7,1.29,3615.8,sh000903
2023-09-08 00:00:00,3605.09,3588.6,3610.38,3575.95,30628649.0,64883425377.9,0.95,3588.6,sh000903
2023-09-11 00:00:00,3589.19,3610.27,3632.26,3583.27,42520491.0,90714216893.4,1.37,3610.27,sh000903
2023-09-12 00:00:00,3607.64,3604.95,3617.62,3597.03,34623665.0,69630590980.8,0.57,3604.95,sh000903
2023-09-13 00:00:00,3603.53,3581.95,3613.95,3564.76,37809075.0,71578082826.6,1.36,3581.95,sh000903
2023-09-14 00:00:00,3581.93,3576.89,3594.12,3561.46,41968158.0,77042538839.9,0.91,3576.89,sh000903
2023-09-15 00:00:00,3583.67,3551.4,3591.79,3542.11,48943125.0,96631630257.7,1.39,3551.4,sh000903
2023-09-18 00:00:00,3541.77,3574.56,3586.22,3536.37,38845471.0,84342833212.9,1.4,3574.56,sh000903
2023-09-19 00:00:00,3570.25,3565.76,3570.25,3547.58,34081303.0,67769423763.0,0.63,3565.76,sh000903
2023-09-20 00:00:00,3561.17,3549.48,3562.34,3547.61,31807261.0,59449261949.3,0.41,3549.48,sh000903
2023-09-21 00:00:00,3540.82,3514.55,3551.12,3514.55,36145722.0,67920879704.3,1.03,3514.55,sh000903
2023-09-22 00:00:00,3516.52,3587.69,3588.34,3506.64,49903674.0,100515897243.7,2.32,3587.69,sh000903
2023-09-25 00:00:00,3588.02,3560.99,3588.02,3557.2,37924101.0,76542715201.9,0.86,3560.99,sh000903
2023-09-26 00:00:00,3555.55,3532.88,3567.51,3532.06,35013001.0,70893589029.2,1.0,3532.88,sh000903
2023-09-27 00:00:00,3534.25,3543.32,3573.65,3533.46,39737070.0,86755991562.4,1.14,3543.32,sh000903
2023-09-28 00:00:00,3555.17,3527.9,3558.79,3523.71,37679479.0,79358903544.9,0.99,3527.9,sh000903
2023-10-09 00:00:00,3517.09,3523.68,3532.55,3480.68,45127053.0,96849225239.3,1.47,3523.68,sh000903
2023-10-10 00:00:00,3534.97,3498.61,3540.2,3497.86,43321988.0,84366304954.9,1.2,3498.61,sh000903
2023-10-11 00:00:00,3518.01,3514.66,3536.36,3505.22,44357021.0,101808352075.2,0.89,3514.66,sh000903
2023-10-12 00:00:00,3544.33,3547.94,3558.84,3529.02,46374685.0,99629958812.1,0.85,3547.94,sh000903
2023-10-13 00:00:00,3522.39,3506.6,3522.39,3494.96,40327992.0,86631130471.1,0.77,3506.6,sh000903
2023-10-16 00:00:00,3507.77,3465.8,3507.77,3455.24,41280097.0,82933590769.8,1.5,3465.8,sh000903
2023-10-17 00:00:00,3476.58,3476.25,3482.58,3459.32,39108273.0,73824912880.3,0.67,3476.25,sh000903
2023-10-18 00:00:00,3471.12,3452.58,3471.12,3450.53,40868653.0,82525152841.7,0.59,3452.58,sh000903
2023-10-19 00:00:00,3429.55,3373.14,3430.02,3371.47,46663949.0,99493643216.2,1.7,3373.14,sh000903
2023-10-20 00:00:00,3357.28,3351.49,3376.12,3341.69,44825106.0,94298170479.9,1.02,3351.49,sh000903
2023-10-23 00:00:00,3344.49,3319.51,3347.84,3294.69,43915245.0,81359639469.5,1.59,3319.51,sh000903
2023-10-24 00:00:00,3328.18,3325.59,3336.83,3295.19,50947544.0,99439285812.1,1.25,3325.59,sh000903
2023-10-25 00:00:00,3362.22,3337.23,3369.9,3334.96,61843775.0,109113589268.5,1.05,3337.23,sh000903
2023-10-26 00:00:00,3318.48,3343.3,3344.78,3307.81,47682877.0,95457046796.2,1.11,3343.3,sh000903
2023-10-27 00:00:00,3329.79,3394.1,3409.01,3324.16,53515111.0,123370095870.6,2.54,3394.1,sh000903
2023-10-30 00:00:00,3386.49,3425.29,3434.38,3385.96,65943121.0,131697224098.7,1.43,3425.29,sh000903
2023-10-31 00:00:00,3418.6,3407.3,3418.6,3390.28,50322968.0,101924643733.5,0.83,3407.3,sh000903
2023-11-01 00:00:00,3443.31,3406.12,3444.28,3398.89,46178512.0,99501013839.4,1.33,3406.12,sh000903
2023-11-02 00:00:00,3417.65,3392.14,3435.01,3391.85,41178621.0,80429924059.1,1.27,3392.14,sh000903
2023-11-03 00:00:00,3397.09,3423.78,3433.34,3396.47,45704056.0,88623986482.2,1.09,3423.78,sh000903
2023-11-06 00:00:00,3444.36,3473.81,3477.71,3443.78,73352296.0,136437038616.5,0.99,3473.81,sh000903
2023-11-07 00:00:00,3465.46,3453.96,3465.46,3441.91,48660935.0,97753207742.5,0.68,3453.96,sh000903
2023-11-08 00:00:00,3444.06,3448.8,3463.94,3430.97,48621574.0,99811978865.0,0.95,3448.8,sh000903
2023-11-09 00:00:00,3438.83,3445.56,3459.81,3436.47,46725243.0,93222864071.0,0.68,3445.56,sh000903
2023-11-10 00:00:00,3427.21,3418.5,3430.12,3409.09,39659939.0,78333240913.7,0.61,3418.5,sh000903
2023-11-13 00:00:00,3426.17,3410.03,3433.18,3394.28,42195969.0,83805525558.6,1.14,3410.03,sh000903
2023-11-14 00:00:00,3412.27,3405.52,3428.0,3393.4,39669720.0,76372556778.9,1.01,3405.52,sh000903
2023-11-15 00:00:00,3442.02,3433.67,3445.33,3422.72,45089590.0,93705881610.0,0.66,3433.67,sh000903
2023-11-16 00:00:00,3427.77,3396.81,3429.64,3395.21,36925906.0,72500980594.4,1.0,3396.81,sh000903
2023-11-17 00:00:00,3384.22,3388.53,3394.85,3367.35,37015566.0,67390404199.6,0.81,3388.53,sh000903
2023-11-20 00:00:00,3390.29,3395.28,3407.83,3365.97,38256798.0,75690219304.8,1.24,3395.28,sh000903
2023-11-21 00:00:00,3409.11,3402.57,3434.83,3397.64,46185959.0,86111537695.4,1.1,3402.57,sh000903
2023-11-22 00:00:00,3391.03,3364.24,3395.21,3364.24,38473724.0,69650368844.2,0.91,3364.24,sh000903
2023-11-23 00:00:00,3360.76,3381.17,3381.99,3347.63,33542277.0,63082204891.4,1.02,3381.17,sh000903
2023-11-24 00:00:00,3381.41,3355.88,3381.41,3352.26,34006699.0,68323814844.4,0.86,3355.88,sh000903
2023-11-27 00:00:00,3350.62,3326.22,3350.62,3308.65,41372744.0,77458263643.1,1.25,3326.22,sh000903
2023-11-28 00:00:00,3323.86,3334.76,3335.8,3315.16,34672848.0,65159298888.0,0.62,3334.76,sh000903
2023-11-29 00:00:00,3335.53,3306.3,3337.12,3300.41,39248428.0,72694181700.3,1.1,3306.3,sh000903
2023-11-30 00:00:00,3302.5,3311.36,3322.39,3298.4,39868278.0,72260423034.6,0.73,3311.36,sh000903
2023-12-01 00:00:00,3309.48,3294.34,3309.48,3261.96,46935811.0,90260948783.8,1.44,3294.34,sh000903
2023-12-04 00:00:00,3291.85,3269.39,3296.49,3268.38,42765033.0,80690042207.3,0.85,3269.39,sh000903
2023-12-05 00:00:00,3258.67,3203.72,3258.67,3203.27,44220405.0,84889158866.5,1.69,3203.72,sh000903
2023-12-06 00:00:00,3197.1,3213.23,3234.13,3193.04,48113661.0,93159416926.6,1.28,3213.23,sh000903
2023-12-07 00:00:00,3206.65,3202.4,3217.08,3181.64,41467631.0,82906873919.2,1.1,3202.4,sh000903
2023-12-08 00:00:00,3203.91,3213.02,3221.64,3194.99,54303909.0,96579971828.0,0.83,3213.02,sh000903
2023-12-11 00:00:00,3191.33,3234.69,3242.55,3165.4,60935279.0,104817292987.0,2.4,3234.69,sh000903
2023-12-12 00:00:00,3225.72,3240.41,3241.41,3221.69,45868018.0,79020276299.3,0.61,3240.41,sh000903
2023-12-13 00:00:00,3231.12,3183.78,3231.12,3183.57,41419121.0,78942050202.9,1.47,3183.78,sh000903
2023-12-14 00:00:00,3203.82,3168.9,3215.48,3167.24,37377402.0,76763777610.1,1.52,3168.9,sh000903
2023-12-15 00:00:00,3185.32,3161.26,3208.31,3159.13,45766120.0,89880019719.1,1.55,3161.26,sh000903
2023-12-18 00:00:00,3147.71,3148.19,3170.21,3133.62,39088149.0,74560497677.6,1.16,3148.19,sh000903
2023-12-19 00:00:00,3143.98,3157.55,3167.96,3132.95,35549956.0,68404005965.7,1.11,3157.55,sh000903
2023-12-20 00:00:00,3155.74,3125.42,3160.41,3125.1,40388203.0,73129918491.7,1.12,3125.42,sh000903
2023-12-21 00:00:00,3113.47,3162.97,3171.57,3112.43,47385848.0,93726212514.7,1.89,3162.97,sh000903
2023-12-22 00:00:00,3160.59,3171.5,3192.91,3147.98,50238578.0,89224688812.5,1.42,3171.5,sh000903
2023-12-25 00:00:00,3164.66,3177.09,3182.33,3161.7,33614843.0,60503711852.3,0.65,3177.09,sh000903
2023-12-26 00:00:00,3175.22,3157.91,3175.22,3148.9,32441422.0,59439973948.2,0.83,3157.91,sh000903
2023-12-27 00:00:00,3161.08,3170.45,3176.52,3145.65,44369971.0,72979199617.6,0.98,3170.45,sh000903
2023-12-28 00:00:00,3169.93,3250.63,3258.13,3165.77,67560750.0,131285825303.8,2.91,3250.63,sh000903
2023-12-29 00:00:00,3248.01,3263.05,3268.97,3246.54,56271215.0,103671285554.8,0.69,3263.05,sh000903
2024-01-02 00:00:00,3260.23,3218.49,3260.23,3218.49,52673533.0,95311989609.0,1.28,3218.49,sh000903
2024-01-03 00:00:00,3211.59,3208.99,3224.25,3193.47,46921205.0,85158826498.7,0.96,3208.99,sh000903
2024-01-04 00:00:00,3205.75,3178.25,3206.36,3154.6,48790990.0,86827126502.8,1.61,3178.25,sh000903
2024-01-05 00:00:00,3172.41,3162.03,3202.66,3145.81,54687807.0,95299202754.6,1.79,3162.03,sh000903
2024-01-08 00:00:00,3157.21,3123.37,3171.1,3119.6,55401939.0,88182022707.3,1.63,3123.37,sh000903
2024-01-09 00:00:00,3124.45,3129.95,3142.57,3112.25,50011586.0,90522518641.8,0.97,3129.95,sh000903
2024-01-10 00:00:00,3118.32,3111.37,3149.09,3105.81,44001200.0,83552356111.8,1.38,3111.37,sh000903
2024-01-11 00:00:00,3110.59,3131.49,3146.43,3102.57,49707584.0,98351627702.6,1.41,3131.49,sh000903
2024-01-12 00:00:00,3119.07,3119.39,3143.71,3112.34,44081801.0,83524301018.0,1.0,3119.39,sh000903
2024-01-15 00:00:00,3104.23,3115.94,3140.94,3096.11,39887365.0,74309565699.8,1.44,3115.94,sh000903
2024-01-16 00:00:00,3107.51,3133.77,3133.77,3095.35,47869348.0,89289371422.6,1.23,3133.77,sh000903
2024-01-17 00:00:00,3124.06,3060.48,3124.06,3060.48,46503170.0,90793348430.0,2.03,3060.48,sh000903
2024-01-18 00:00:00,3046.18,3111.3,3116.05,3012.45,76980323.0,136521027686.2,3.39,3111.3,sh000903
2024-01-19 00:00:00,3098.63,3112.17,3127.96,3091.28,55325262.0,106190418785.3,1.18,3112.17,sh000903
2024-01-22 00:00:00,3105.06,3072.15,3128.05,3046.33,65855311.0,122027544152.7,2.63,3072.15,sh000903
2024-01-23 00:00:00,3062.19,3081.17,3098.39,3045.27,55014870.0,105290980682.1,1.73,3081.17,sh000903
2024-01-24 00:00:00,3096.44,3118.13,3121.9,3039.07,65597954.0,112054791678.7,2.69,3118.13,sh000903
2024-01-25 00:00:00,3116.09,3179.03,3180.36,3109.33,87305165.0,131960966054.6,2.28,3179.03,sh000903
2024-01-26 00:00:00,3162.41,3163.53,3181.15,3148.2,81490113.0,122779820470.0,1.04,3163.53,sh000903
2024-01-29 00:00:00,3164.26,3127.24,3176.89,3127.24,78906794.0,126620715925.3,1.57,3127.24,sh000903
2024-01-30 00:00:00,3109.38,3071.6,3121.82,3071.56,62078465.0,104430341840.2,1.61,3071.6,sh000903
2024-01-31 00:00:00,3062.1,3049.43,3082.25,3036.38,64640683.0,114733283201.6,1.49,3049.43,sh000903
2024-02-01 00:00:00,3038.2,3051.96,3085.97,3028.84,61431774.0,104445003695.5,1.87,3051.96,sh000903
2024-02-02 00:00:00,3053.4,3011.6,3063.83,2947.49,73621843.0,120492796091.0,3.81,3011.6,sh000903
2024-02-05 00:00:00,2995.52,3042.52,3072.74,2956.95,87502535.0,148217505239.8,3.84,3042.52,sh000903
2024-02-06 00:00:00,3028.21,3147.3,3148.48,3026.29,86660075.0,148752448906.4,4.02,3147.3,sh000903
2024-02-07 00:00:00,3150.16,3183.12,3183.12,3126.75,93673893.0,155522352734.6,1.79,3183.12,sh000903
2024-02-08 00:00:00,3189.97,3207.2,3214.82,3183.24,80266241.0,137746320708.8,0.99,3207.2,sh000903
2024-02-19 00:00:00,3235.77,3234.86,3235.77,3204.95,79755603.0,136812861975.7,0.96,3234.86,sh000903
2024-02-20 00:00:00,3228.74,3238.31,3242.91,3210.96,58694347.0,108815727521.3,0.99,3238.31,sh000903
2024-02-21 00:00:00,3219.52,3277.71,3318.18,3212.97,78052790.0,141918369029.2,3.25,3277.71,sh000903
2024-02-22 00:00:00,3272.26,3302.14,3302.39,3271.11,59133807.0,106620701457.7,0.95,3302.14,sh000903
2024-02-23 00:00:00,3305.64,3298.23,3314.77,3281.51,60803498.0,112592932175.6,1.01,3298.23,sh000903
2024-02-26 00:00:00,3295.01,3265.65,3301.6,3258.12,63634045.0,117096164845.4,1.32,3265.65,sh000903
2024-02-27 00:00:00,3253.16,3305.22,3305.22,3250.41,59402431.0,121509935498.2,1.68,3305.22,sh000903
2024-02-28 00:00:00,3311.28,3263.6,3331.33,3263.6,80138347.0,162615021696.9,2.05,3263.6,sh000903
2024-02-29 00:00:00,3252.91,3326.71,3327.37,3252.91,68659714.0,145773768195.2,2.28,3326.71,sh000903
2024-03-01 00:00:00,3326.26,3348.79,3354.43,3314.13,73307463.0,148275259831.6,1.21,3348.79,sh000903
2024-03-04 00:00:00,3351.42,3352.89,3364.19,3335.97,73450072.0,153415637987.6,0.84,3352.89,sh000903
2024-03-05 00:00:00,3336.92,3377.1,3381.92,3331.15,75674368.0,154577788346.8,1.51,3377.1,sh000903
2024-03-06 00:00:00,3367.49,3366.19,3392.06,3358.04,63508086.0,123752961924.4,1.01,3366.19,sh000903
2024-03-07 00:00:00,3362.59,3349.3,3384.49,3340.52,70345976.0,130532767357.5,1.31,3349.3,sh000903
2024-03-08 00:00:00,3347.83,3358.9,3363.19,3328.34,59308020.0,117620605706.8,1.04,3358.9,sh000903
2024-03-11 00:00:00,3363.19,3410.79,3410.79,3362.17,68924612.0,154899545186.9,1.45,3410.79,sh000903
2024-03-12 00:00:00,3415.46,3419.56,3427.49,3394.34,84106392.0,180467323885.4,0.97,3419.56,sh000903
2024-03-13 00:00:00,3417.72,3395.11,3417.72,3384.74,63072381.0,130231662697.5,0.96,3395.11,sh000903
2024-03-14 00:00:00,3400.78,3387.24,3425.03,3372.5,65194941.0,137751230196.7,1.55,3387.24,sh000903
2024-03-15 00:00:00,3378.83,3387.08,3390.96,3350.7,62264907.0,126145283854.6,1.19,3387.08,sh000903
2024-03-18 00:00:00,3396.4,3414.49,3415.22,3387.14,67996466.0,145014270586.4,0.83,3414.49,sh000903
2024-03-19 00:00:00,3404.14,3388.58,3422.33,3388.32,70816593.0,131748225274.1,1.0,3388.58,sh000903
2024-03-20 00:00:00,3378.43,3399.0,3403.39,3378.43,62236238.0,114162664823.7,0.74,3399.0,sh000903
2024-03-21 00:00:00,3408.58,3395.11,3419.06,3392.13,58477376.0,116493328381.7,0.79,3395.11,sh000903
2024-03-22 00:00:00,3385.04,3366.44,3391.41,3342.78,64786866.0,129420037394.8,1.43,3366.44,sh000903
2024-03-25 00:00:00,3359.49,3353.15,3390.01,3351.51,61965543.0,117610566020.6,1.14,3353.15,sh000903
2024-03-26 00:00:00,3354.26,3368.98,3374.04,3347.88,55244066.0,118033637480.3,0.78,3368.98,sh000903
2024-03-27 00:00:00,3364.06,3332.42,3369.65,3332.42,56540021.0,109838145918.9,1.11,3332.42,sh000903
2024-03-28 00:00:00,3329.71,3354.27,3384.04,3322.01,60829884.0,117135435315.8,1.86,3354.27,sh000903
2024-03-29 00:00:00,3353.96,3373.86,3377.18,3353.96,54343376.0,98089615484.6,0.69,3373.86,sh000903
2024-04-01 00:00:00,3389.46,3433.67,3440.1,3389.46,81480288.0,132813467059.3,1.5,3433.67,sh000903
2024-04-02 00:00:00,3431.52,3422.8,3434.06,3411.0,68402168.0,116192944649.8,0.67,3422.8,sh000903
2024-04-03 00:00:00,3423.13,3416.82,3426.59,3407.5,70330875.0,116490605452.9,0.56,3416.82,sh000903
2024-04-08 00:00:00,3405.3,3389.7,3421.44,3389.15,76483938.0,132000643451.9,0.95,3389.7,sh000903
2024-04-09 00:00:00,3385.47,3383.71,3396.8,3370.2,65439586.0,107678461479.8,0.78,3383.71,sh000903
2024-04-10 00:00:00,3379.34,3356.53,3379.86,3342.33,61345452.0,105887982878.7,1.11,3356.53,sh000903
2024-04-11 00:00:00,3334.76,3352.77,3368.2,3334.74,57562279.0,104904361660.2,1.0,3352.77,sh000903
2024-04-12 00:00:00,3353.95,3326.28,3362.51,3320.15,59690035.0,109114047271.7,1.26,3326.28,sh000903
2024-04-15 00:00:00,3323.57,3397.2,3399.23,3323.57,83840204.0,139926367259.5,2.27,3397.2,sh000903
2024-04-16 00:00:00,3382.25,3368.28,3398.57,3357.16,79656599.0,130756431546.8,1.22,3368.28,sh000903
2024-04-17 00:00:00,3363.86,3414.67,3415.63,3355.12,75913191.0,127211099285.0,1.8,3414.67,sh000903
2024-04-18 00:00:00,3399.48,3412.88,3444.61,3396.14,75212193.0,129829148586.9,1.42,3412.88,sh000903
2024-04-19 00:00:00,3395.48,3386.94,3407.98,3372.34,68378483.0,119494390980.4,1.04,3386.94,sh000903
2024-04-22 00:00:00,3383.54,3378.23,3404.5,3375.4,69304238.0,120863664079.2,0.86,3378.23,sh000903
2024-04-23 00:00:00,3371.24,3348.6,3377.68,3342.26,70272033.0,117918936028.0,1.05,3348.6,sh000903
2024-04-24 00:00:00,3354.48,3357.97,3362.04,3334.99,56110735.0,102232101640.5,0.81,3357.97,sh000903
2024-04-25 00:00:00,3346.33,3368.01,3382.59,3342.78,54073266.0,98853572511.3,1.19,3368.01,sh000903
2024-04-26 00:00:00,3365.87,3421.49,3425.88,3365.68,81020790.0,150561962787.1,1.79,3421.49,sh000903
2024-04-29 00:00:00,3419.8,3460.45,3484.26,3416.1,94344748.0,175521536806.6,1.99,3460.45,sh000903
2024-04-30 00:00:00,3452.42,3435.19,3464.44,3435.19,86799967.0,139963851719.8,0.85,3435.19,sh000903
2024-05-06 00:00:00,3488.71,3497.66,3501.62,3479.55,100739858.0,177601634634.3,0.64,3497.66,sh000903
2024-05-07 00:00:00,3497.71,3500.07,3508.43,3491.71,75852855.0,121940616269.0,0.48,3500.07,sh000903
2024-05-08 00:00:00,3491.76,3469.81,3491.91,3468.52,59050960.0,100423741329.2,0.67,3469.81,sh000903
2024-05-09 00:00:00,3471.12,3505.54,3512.08,3471.12,67114764.0,120438973514.7,1.18,3505.54,sh000903
2024-05-10 00:00:00,3512.14,3504.45,3517.06,3482.62,69130899.0,122046283525.8,0.98,3504.45,sh000903
2024-05-13 00:00:00,3482.95,3499.47,3508.57,3472.96,71299603.0,130360939678.6,1.02,3499.47,sh000903
2024-05-14 00:00:00,3504.13,3485.47,3509.9,3477.44,60606535.0,110928886890.1,0.93,3485.47,sh000903
2024-05-15 00:00:00,3479.27,3457.72,3486.24,3455.41,57328529.0,98502284657.1,0.88,3457.72,sh000903
2024-05-16 00:00:00,3468.96,3468.09,3485.18,3455.46,73778757.0,127691328680.9,0.86,3468.09,sh000903
2024-05-17 00:00:00,3469.16,3507.45,3507.45,3455.3,81910306.0,138688415395.7,1.5,3507.45,sh000903
2024-05-20 00:00:00,3513.31,3515.86,3527.98,3501.59,89980680.0,150700384914.0,0.75,3515.86,sh000903
2024-05-21 00:00:00,3507.83,3495.89,3511.02,3485.74,61516495.0,102288817095.9,0.72,3495.89,sh000903
2024-05-22 00:00:00,3495.82,3504.34,3512.61,3486.28,72458364.0,125633972433.5,0.75,3504.34,sh000903
2024-05-23 00:00:00,3490.31,3463.13,3491.12,3454.1,67922304.0,114383376218.3,1.06,3463.13,sh000903
2024-05-24 00:00:00,3451.48,3424.63,3469.27,3422.82,55566873.0,99552099307.0,1.34,3424.63,sh000903
2024-05-27 00:00:00,3429.06,3453.86,3456.58,3425.84,59670781.0,108134646159.7,0.9,3453.86,sh000903
2024-05-28 00:00:00,3452.81,3429.47,3458.73,3425.54,61665812.0,99283563903.5,0.96,3429.47,sh000903
2024-05-29 00:00:00,3430.33,3440.84,3457.62,3430.33,54222649.0,96605634951.3,0.8,3440.84,sh000903
2024-05-30 00:00:00,3437.17,3421.53,3451.06,3414.47,57518343.0,104221047266.7,1.06,3421.53,sh000903
2024-05-31 00:00:00,3427.07,3400.58,3439.63,3400.58,51191560.0,94240615427.2,1.14,3400.58,sh000903
2024-06-03 00:00:00,3399.89,3420.93,3432.02,3393.49,61346473.0,117377887072.4,1.13,3420.93,sh000903
2024-06-04 00:00:00,3416.96,3450.91,3457.72,3411.88,60388749.0,107321876306.1,1.34,3450.91,sh000903
2024-06-05 00:00:00,3445.12,3430.99,3460.37,3430.76,51093145.0,97162745789.5,0.86,3430.99,sh000903
2024-06-06 00:00:00,3439.09,3435.35,3468.55,3426.64,64751573.0,121524827265.9,1.22,3435.35,sh000903
2024-06-07 00:00:00,3435.84,3411.14,3442.73,3390.29,59724479.0,115940476191.2,1.53,3411.14,sh000903
2024-06-11 00:00:00,3387.23,3379.68,3399.59,3361.4,60257008.0,120204393347.7,1.12,3379.68,sh000903
2024-06-12 00:00:00,3375.7,3378.43,3386.41,3368.33,56344566.0,109774396458.4,0.53,3378.43,sh000903
2024-06-13 00:00:00,3384.38,3356.16,3384.41,3350.29,53356211.0,111809039665.6,1.01,3356.16,sh000903
2024-06-14 00:00:00,3347.77,3373.87,3379.45,3335.49,66805341.0,145844034434.7,1.31,3373.87,sh000903
2024-06-17 00:00:00,3353.38,3369.97,3377.28,3353.38,59201009.0,119760672411.1,0.71,3369.97,sh000903
2024-06-18 00:00:00,3366.24,3378.14,3384.16,3366.05,54834241.0,107784194613.0,0.54,3378.14,sh000903
2024-06-19 00:00:00,3374.55,3361.55,3374.55,3354.72,47185326.0,93969787535.4,0.59,3361.55,sh000903
2024-06-20 00:00:00,3359.15,3340.24,3369.42,3336.64,53166273.0,98334062416.7,0.98,3340.24,sh000903
2024-06-21 00:00:00,3335.63,3330.05,3342.2,3308.83,50952171.0,98294119887.6,1.0,3330.05,sh000903
2024-06-24 00:00:00,3307.82,3320.83,3346.31,3303.5,53728438.0,104787377121.8,1.29,3320.83,sh000903
2024-06-25 00:00:00,3317.95,3305.3,3327.74,3289.18,54069518.0,102717899050.0,1.16,3305.3,sh000903
2024-06-26 00:00:00,3298.43,3324.23,3332.01,3289.99,47326912.0,89183661887.6,1.27,3324.23,sh000903
2024-06-27 00:00:00,3311.87,3300.26,3314.24,3297.56,53110429.0,92738128365.7,0.5,3300.26,sh000903
2024-06-28 00:00:00,3288.71,3309.99,3330.3,3288.71,62996534.0,108261121957.6,1.26,3309.99,sh000903
2024-07-01 00:00:00,3308.24,3318.49,3321.84,3288.67,57241101.0,100795449358.9,1.0,3318.49,sh000903
2024-07-02 00:00:00,3311.1,3312.23,3327.42,3305.23,55102011.0,98862190591.4,0.67,3312.23,sh000903
2024-07-03 00:00:00,3312.75,3312.77,3319.95,3297.79,46848010.0,87035564617.7,0.67,3312.77,sh000903
2024-07-04 00:00:00,3318.54,3299.68,3337.09,3299.48,47844285.0,83908320571.8,1.14,3299.68,sh000903
2024-07-05 00:00:00,3297.52,3287.27,3306.17,3254.65,51771527.0,95096876981.0,1.56,3287.27,sh000903
2024-07-08 00:00:00,3276.08,3258.36,3283.38,3253.0,53018502.0,96414058944.5,0.92,3258.36,sh000903
2024-07-09 00:00:00,3255.64,3293.87,3304.62,3244.12,60291544.0,113297465068.4,1.86,3293.87,sh000903
2024-07-10 00:00:00,3284.43,3285.53,3307.49,3280.15,58703661.0,103158855036.6,0.83,3285.53,sh000903
2024-07-11 00:00:00,3302.94,3323.86,3329.21,3290.14,67048057.0,122107016764.6,1.19,3323.86,sh000903
2024-07-12 00:00:00,3321.81,3338.34,3345.13,3320.13,62766367.0,112047570574.6,0.75,3338.34,sh000903
2024-07-15 00:00:00,3326.79,3333.59,3343.07,3323.86,59349291.0,91067456900.5,0.58,3333.59,sh000903
2024-07-16 00:00:00,3322.74,3353.79,3355.83,3317.98,57173267.0,105689453424.8,1.14,3353.79,sh000903
2024-07-17 00:00:00,3350.92,3355.22,3367.0,3340.45,62076202.0,118628674516.8,0.79,3355.22,sh000903
2024-07-18 00:00:00,3337.48,3379.18,3381.04,3335.0,58488610.0,117166657749.2,1.37,3379.18,sh000903
2024-07-19 00:00:00,3355.16,3394.26,3400.05,3346.03,62264118.0,121699679233.8,1.6,3394.26,sh000903
2024-07-22 00:00:00,3392.86,3371.39,3395.45,3351.05,60529242.0,112846444640.4,1.31,3371.39,sh000903
2024-07-23 00:00:00,3366.4,3294.59,3366.4,3294.59,59697984.0,106714770026.8,2.13,3294.59,sh000903
2024-07-24 00:00:00,3288.04,3272.11,3307.64,3261.61,60864932.0,96965198889.5,1.4,3272.11,sh000903
2024-07-25 00:00:00,3258.32,3252.89,3271.63,3238.15,61495078.0,101339542004.3,1.02,3252.89,sh000903
2024-07-26 00:00:00,3260.2,3267.44,3276.85,3243.66,58534310.0,104502685523.0,1.02,3267.44,sh000903
2024-07-29 00:00:00,3261.52,3239.15,3261.52,3239.15,47796535.0,87674706649.2,0.68,3239.15,sh000903
2024-07-30 00:00:00,3227.36,3215.07,3227.69,3197.87,47774689.0,87355152044.5,0.92,3215.07,sh000903
2024-07-31 00:00:00,3207.75,3286.34,3289.3,3207.75,75312838.0,129808130923.8,2.54,3286.34,sh000903
2024-08-01 00:00:00,3287.93,3260.85,3293.6,3259.7,57835077.0,101189982662.0,1.03,3260.85,sh000903
2024-08-02 00:00:00,3234.35,3225.81,3261.21,3222.74,50855111.0,90736433256.0,1.18,3225.81,sh000903
2024-08-05 00:00:00,3202.25,3188.0,3251.79,3188.0,64304847.0,114767485063.9,1.98,3188.0,sh000903
2024-08-06 00:00:00,3211.62,3184.05,3220.8,3161.89,52601998.0,95163917847.5,1.85,3184.05,sh000903
2024-08-07 00:00:00,3180.09,3180.19,3201.45,3170.84,39964383.0,70900612592.8,0.96,3180.19,sh000903
2024-08-08 00:00:00,3171.07,3182.32,3201.26,3158.91,40966399.0,73101741702.6,1.33,3182.32,sh000903
2024-08-09 00:00:00,3199.25,3174.6,3210.14,3174.6,43974894.0,75432999972.6,1.12,3174.6,sh000903
2024-08-12 00:00:00,3171.36,3169.15,3181.91,3163.45,35452277.0,59151481181.8,0.58,3169.15,sh000903
2024-08-13 00:00:00,3170.56,3176.63,3177.77,3153.73,35867779.0,62994987116.4,0.76,3176.63,sh000903
2024-08-14 00:00:00,3175.33,3149.7,3175.33,3149.52,31590991.0,56617918200.8,0.81,3149.7,sh000903
2024-08-15 00:00:00,3141.95,3183.79,3197.91,3138.12,45879514.0,75208218765.0,1.9,3183.79,sh000903
2024-08-16 00:00:00,3184.66,3188.79,3199.21,3178.22,41920818.0,67478123616.4,0.66,3188.79,sh000903
2024-08-19 00:00:00,3189.11,3195.55,3221.75,3188.73,43071591.0,70294611693.3,1.04,3195.55,sh000903
2024-08-20 00:00:00,3201.73,3178.84,3202.47,3168.19,41639698.0,67828565338.7,1.07,3178.84,sh000903
2024-08-21 00:00:00,3169.91,3172.46,3188.74,3154.94,38951445.0,66653410645.8,1.06,3172.46,sh000903
2024-08-22 00:00:00,3174.06,3170.38,3179.34,3158.23,42602474.0,75860505472.2,0.67,3170.38,sh000903
2024-08-23 00:00:00,3162.12,3185.86,3194.39,3161.35,38845460.0,70963323182.7,1.04,3185.86,sh000903
2024-08-26 00:00:00,3190.3,3183.64,3195.95,3169.65,44642871.0,75727314068.5,0.83,3183.64,sh000903
2024-08-27 00:00:00,3174.6,3167.34,3181.41,3162.33,44167381.0,67537921847.8,0.6,3167.34,sh000903
2024-08-28 00:00:00,3161.78,3148.34,3168.53,3135.57,41506147.0,70572985225.9,1.04,3148.34,sh000903
2024-08-29 00:00:00,3134.53,3144.96,3157.63,3133.64,56154219.0,89309173084.4,0.76,3144.96,sh000903
2024-08-30 00:00:00,3143.2,3195.94,3224.97,3142.39,80602618.0,136043851331.3,2.63,3195.94,sh000903
2024-09-02 00:00:00,3179.97,3139.09,3182.73,3138.31,58087186.0,91780107794.0,1.39,3139.09,sh000903
2024-09-03 00:00:00,3135.32,3153.6,3162.58,3135.32,52625249.0,78361875229.7,0.87,3153.6,sh000903
2024-09-04 00:00:00,3133.43,3131.14,3152.59,3128.68,47594337.0,75241698582.3,0.76,3131.14,sh000903
2024-09-05 00:00:00,3131.43,3132.82,3144.98,3123.65,43048247.0,69699391889.0,0.68,3132.82,sh000903
2024-09-06 00:00:00,3135.0,3103.78,3144.43,3103.65,33631653.0,55584988997.7,1.3,3103.78,sh000903
2024-09-09 00:00:00,3086.53,3066.51,3097.17,3054.06,48296116.0,77968336724.7,1.39,3066.51,sh000903
2024-09-10 00:00:00,3065.59,3065.66,3075.98,3047.05,42052091.0,70101170840.3,0.94,3065.66,sh000903
2024-09-11 00:00:00,3058.65,3067.45,3076.39,3047.63,45911161.0,78806958358.0,0.94,3067.45,sh000903
2024-09-12 00:00:00,3071.5,3054.25,3085.52,3053.25,42293009.0,75319418020.8,1.05,3054.25,sh000903
2024-09-13 00:00:00,3055.17,3043.92,3071.86,3043.92,40240045.0,75215224256.4,0.91,3043.92,sh000903
2024-09-18 00:00:00,3044.6,3058.44,3068.91,3036.61,39685649.0,67343412708.4,1.06,3058.44,sh000903
2024-09-19 00:00:00,3061.12,3077.61,3095.96,3034.71,56166979.0,94679373359.9,2.0,3077.61,sh000903
2024-09-20 00:00:00,3075.89,3083.55,3090.43,3056.14,53613790.0,89122970991.3,1.11,3083.55,sh000903
2024-09-23 00:00:00,3084.28,3089.96,3108.99,3080.85,40361651.0,75770339683.2,0.91,3089.96,sh000903
2024-09-24 00:00:00,3124.35,3223.26,3223.35,3097.22,88277174.0,160990084992.1,4.08,3223.26,sh000903
2024-09-25 00:00:00,3276.83,3272.66,3337.8,3267.63,103653150.0,184213289956.8,2.18,3272.66,sh000903
2024-09-26 00:00:00,3273.3,3406.7,3407.2,3263.7,102770860.0,188405533815.8,4.38,3406.7,sh000903
2024-09-27 00:00:00,3480.19,3562.61,3571.57,3463.55,116269630.0,243456705769.1,3.17,3562.61,sh000903
2024-09-30 00:00:00,3692.92,3861.49,3883.9,3647.48,223144067.0,452392876102.8,6.64,3861.49,sh000903
2024-10-08 00:00:00,4284.12,4094.76,4284.12,3934.07,275043248.0,615858492734.8,9.07,4094.76,sh000903
2024-10-09 00:00:00,4007.15,3792.28,4022.2,3777.3,199741178.0,510271960511.8,5.98,3792.28,sh000903
2024-10-10 00:00:00,3814.0,3844.35,3938.38,3764.56,160213904.0,352904399029.2,4.58,3844.35,sh000903
2024-10-11 00:00:00,3814.98,3725.7,3814.98,3686.78,109456895.0,234843519397.7,3.33,3725.7,sh000903
2024-10-14 00:00:00,3750.54,3795.24,3813.25,3715.13,112586745.0,241441494099.3,2.63,3795.24,sh000903
2024-10-15 00:00:00,3781.89,3699.12,3805.72,3699.12,92313570.0,204017580803.5,2.81,3699.12,sh000903
2024-10-16 00:00:00,3651.15,3662.38,3705.25,3642.19,87088351.0,179809804279.9,1.7,3662.38,sh000903
2024-10-17 00:00:00,3681.76,3611.21,3703.45,3610.61,81934786.0,165151666505.1,2.53,3611.21,sh000903
2024-10-18 00:00:00,3602.65,3742.87,3811.23,3595.19,118323513.0,287170970340.7,5.98,3742.87,sh000903
2024-10-21 00:00:00,3775.72,3764.01,3805.25,3727.36,122129398.0,296876763997.3,2.08,3764.01,sh000903
2024-10-22 00:00:00,3754.03,3783.59,3789.8,3746.05,93616997.0,212578432060.6,1.16,3783.59,sh000903
2024-10-23 00:00:00,3777.39,3799.58,3835.33,3764.12,110253482.0,230466771392.3,1.88,3799.58,sh000903
2024-10-24 00:00:00,3779.67,3752.16,3783.96,3738.5,78184283.0,173580435735.2,1.2,3752.16,sh000903
2024-10-25 00:00:00,3755.12,3784.02,3822.18,3747.1,96251026.0,216853586973.8,2.0,3784.02,sh000903
2024-10-28 00:00:00,3780.7,3787.1,3787.7,3743.93,100930565.0,197865178268.5,1.16,3787.1,sh000903
2024-10-29 00:00:00,3793.03,3746.81,3809.66,3744.51,95717528.0,213402728982.8,1.72,3746.81,sh000903
2024-10-30 00:00:00,3727.58,3715.74,3749.85,3692.37,112618689.0,201893092479.2,1.53,3715.74,sh000903
2024-10-31 00:00:00,3715.97,3709.31,3739.92,3679.02,141682771.0,241441397633.9,1.64,3709.31,sh000903
2024-11-01 00:00:00,3703.87,3716.35,3754.31,3700.08,156830950.0,232301071959.9,1.46,3716.35,sh000903
2024-11-04 00:00:00,3724.79,3763.56,3763.56,3716.4,108492110.0,178044550344.7,1.27,3763.56,sh000903
2024-11-05 00:00:00,3754.74,3851.27,3851.88,3745.56,147365169.0,272837842625.3,2.82,3851.27,sh000903
2024-11-06 00:00:00,3856.89,3827.29,3888.69,3804.44,159741981.0,305545716671.0,2.19,3827.29,sh000903
2024-11-07 00:00:00,3790.13,3922.28,3923.32,3785.75,152050842.0,302117444408.0,3.59,3922.28,sh000903
2024-11-08 00:00:00,3970.08,3890.19,3979.2,3881.18,152456382.0,329898481632.8,2.5,3890.19,sh000903
2024-11-11 00:00:00,3854.67,3916.38,3918.22,3833.79,135545563.0,308924314744.5,2.17,3916.38,sh000903
2024-11-12 00:00:00,3920.31,3874.43,3971.03,3853.59,137643237.0,334297824026.8,3.0,3874.43,sh000903
2024-11-13 00:00:00,3847.69,3901.93,3912.64,3847.69,116673956.0,260093671351.0,1.68,3901.93,sh000903
2024-11-14 00:00:00,3894.28,3830.99,3907.4,3825.66,108314147.0,227723964033.9,2.09,3830.99,sh000903
2024-11-15 00:00:00,3815.07,3764.93,3837.72,3764.93,115027600.0,226223965682.1,1.9,3764.93,sh000903
2024-11-18 00:00:00,3773.64,3738.15,3815.16,3720.17,130585652.0,218284400754.6,2.52,3738.15,sh000903
2024-11-19 00:00:00,3744.02,3761.37,3765.52,3688.56,102622761.0,185096020862.9,2.06,3761.37,sh000903
2024-11-20 00:00:00,3753.97,3768.81,3783.37,3743.24,77047465.0,162195370220.1,1.07,3768.81,sh000903
2024-11-21 00:00:00,3763.18,3764.89,3775.35,3744.12,67617355.0,140443848104.3,0.83,3764.89,sh000903
2024-11-22 00:00:00,3760.56,3653.29,3767.89,3653.29,90373454.0,181471604755.8,3.04,3653.29,sh000903
2024-11-25 00:00:00,3663.26,3630.08,3682.35,3601.96,80709051.0,161111097570.7,2.2,3630.08,sh000903
2024-11-26 00:00:00,3619.88,3622.33,3652.46,3617.06,60510336.0,119141050268.1,0.98,3622.33,sh000903
2024-11-27 00:00:00,3612.74,3678.43,3678.65,3600.21,71629829.0,143279612654.5,2.17,3678.43,sh000903
2024-11-28 00:00:00,3677.45,3644.89,3679.59,3636.29,60926226.0,124585396710.4,1.18,3644.89,sh000903
2024-11-29 00:00:00,3640.79,3682.05,3723.51,3640.79,74059169.0,163993033954.6,2.27,3682.05,sh000903
2024-12-02 00:00:00,3678.49,3711.95,3720.99,3670.53,83554440.0,166428888446.7,1.37,3711.95,sh000903
2024-12-03 00:00:00,3711.05,3710.89,3720.03,3684.52,72778536.0,142804330327.2,0.96,3710.89,sh000903
2024-12-04 00:00:00,3708.81,3694.29,3715.8,3683.03,76751706.0,143565040399.0,0.88,3694.29,sh000903
2024-12-05 00:00:00,3680.58,3679.17,3694.84,3669.64,57077970.0,114072644266.0,0.68,3679.17,sh000903
2024-12-06 00:00:00,3681.67,3733.23,3752.27,3681.67,79314351.0,158245377546.5,1.92,3733.23,sh000903
2024-12-09 00:00:00,3731.85,3729.75,3755.91,3712.9,79880064.0,145359040872.1,1.15,3729.75,sh000903
2024-12-10 00:00:00,3848.97,3757.28,3852.81,3750.67,115122553.0,228018767622.7,2.74,3757.28,sh000903
2024-12-11 00:00:00,3752.89,3751.78,3767.79,3741.74,82401660.0,143066105589.6,0.69,3751.78,sh000903
2024-12-12 00:00:00,3747.64,3787.19,3790.31,3741.42,79075512.0,152998709839.1,1.3,3787.19,sh000903
2024-12-13 00:00:00,3760.27,3694.41,3760.27,3692.99,106027142.0,199796365784.9,1.78,3694.41,sh000903
2024-12-16 00:00:00,3693.12,3680.33,3702.83,3671.74,78516857.0,159939860284.6,0.84,3680.33,sh000903
2024-12-17 00:00:00,3676.23,3697.87,3729.5,3676.23,73874518.0,161833273085.6,1.45,3697.87,sh000903
2024-12-18 00:00:00,3708.86,3721.0,3732.58,3706.98,71743382.0,151234066199.7,0.69,3721.0,sh000903
2024-12-19 00:00:00,3693.71,3729.63,3739.41,3681.04,76335221.0,175802489675.5,1.57,3729.63,sh000903
2024-12-20 00:00:00,3719.86,3706.83,3736.89,3702.58,72134074.0,183441511457.8,0.92,3706.83,sh000903
2024-12-23 00:00:00,3709.17,3718.63,3746.77,3709.17,90303064.0,194270779117.7,1.01,3718.63,sh000903
2024-12-24 00:00:00,3719.25,3765.71,3767.96,3719.25,73219986.0,162203850320.0,1.31,3765.71,sh000903
2024-12-25 00:00:00,3771.1,3769.05,3789.65,3754.74,73408282.0,157674521247.7,0.93,3769.05,sh000903
2024-12-26 00:00:00,3766.77,3770.3,3774.5,3749.99,65431839.0,163015143948.1,0.65,3770.3,sh000903
2024-12-27 00:00:00,3771.6,3761.46,3786.53,3753.96,73427151.0,179296344510.2,0.86,3761.46,sh000903
2024-12-30 00:00:00,3758.86,3779.48,3788.32,3758.86,74539861.0,171257911858.0,0.78,3779.48,sh000903
2024-12-31 00:00:00,3775.44,3724.97,3782.83,3724.97,80553938.0,180047750202.9,1.53,3724.97,sh000903
2025-01-02 00:00:00,3723.74,3624.45,3725.95,3602.37,94271652.0,197872406720.5,3.32,3624.45,sh000903
2025-01-03 00:00:00,3630.42,3589.44,3643.77,3580.62,78506557.0,155709238571.5,1.74,3589.44,sh000903
2025-01-06 00:00:00,3593.75,3583.49,3603.27,3559.03,66592161.0,136049379857.8,1.23,3583.49,sh000903
2025-01-07 00:00:00,3569.83,3605.55,3607.38,3558.22,73024698.0,147037679991.7,1.37,3605.55,sh000903
2025-01-08 00:00:00,3590.75,3598.9,3619.97,3546.71,78331775.0,163872816342.7,2.03,3598.9,sh000903
2025-01-09 00:00:00,3590.63,3593.18,3606.79,3579.22,57912870.0,136668715662.1,0.77,3593.18,sh000903
2025-01-10 00:00:00,3595.8,3554.0,3602.78,3554.0,62901256.0,151480565022.0,1.36,3554.0,sh000903
2025-01-13 00:00:00,3526.22,3545.89,3558.51,3525.52,60795223.0,133243391857.0,0.93,3545.89,sh000903
2025-01-14 00:00:00,3550.59,3630.47,3638.16,3540.94,72623260.0,173291648342.5,2.74,3630.47,sh000903
2025-01-15 00:00:00,3619.77,3607.3,3627.89,3601.91,60017428.0,141662639779.4,0.72,3607.3,sh000903
2025-01-16 00:00:00,3621.83,3602.13,3652.68,3583.33,65161605.0,163912822112.2,1.92,3602.13,sh000903
2025-01-17 00:00:00,3590.09,3613.48,3633.2,3578.78,57994533.0,140793889169.4,1.51,3613.48,sh000903
2025-01-20 00:00:00,3636.08,3637.7,3661.06,3630.82,63004531.0,154626270766.0,0.84,3637.7,sh000903
2025-01-21 00:00:00,3656.1,3639.14,3657.75,3628.72,71651478.0,152023952186.2,0.8,3639.14,sh000903
2025-01-22 00:00:00,3630.01,3600.4,3631.71,3587.59,62292941.0,152673307898.1,1.21,3600.4,sh000903
2025-01-23 00:00:00,3629.87,3601.04,3662.68,3599.07,76821374.0,168583968847.3,1.77,3601.04,sh000903
2025-01-24 00:00:00,3594.96,3628.49,3646.55,3594.02,64678690.0,151102018509.8,1.46,3628.49,sh000903
2025-01-27 00:00:00,3631.55,3615.24,3646.63,3615.12,61987398.0,141144081832.5,0.87,3615.24,sh000903
2025-02-05 00:00:00,3649.24,3604.47,3649.24,3594.56,69760209.0,183494806930.9,1.51,3604.47,sh000903
2025-02-06 00:00:00,3598.51,3653.43,3654.15,3597.0,76234399.0,197453897231.9,1.59,3653.43,sh000903
2025-02-07 00:00:00,3656.23,3704.02,3727.52,3643.61,99148366.0,249149602914.2,2.3,3704.02,sh000903
2025-02-10 00:00:00,3709.1,3715.0,3720.48,3690.17,89086978.0,195905353717.2,0.82,3715.0,sh000903
2025-02-11 00:00:00,3723.13,3695.6,3723.13,3687.9,74739823.0,167939549847.4,0.95,3695.6,sh000903
2025-02-12 00:00:00,3691.26,3737.32,3739.11,3680.98,74943796.0,186150287409.2,1.57,3737.32,sh000903
2025-02-13 00:00:00,3732.5,3722.68,3756.31,3721.91,80141666.0,196809607349.4,0.92,3722.68,sh000903
2025-02-14 00:00:00,3719.46,3762.63,3765.56,3719.46,88418747.0,195355214607.7,1.24,3762.63,sh000903
2025-02-17 00:00:00,3775.52,3764.03,3777.37,3741.12,102735164.0,220145920174.2,0.96,3764.03,sh000903
2025-02-18 00:00:00,3762.78,3736.25,3783.71,3725.29,98905316.0,206316130662.4,1.55,3736.25,sh000903
2025-02-19 00:00:00,3729.4,3763.2,3768.99,3729.4,89320099.0,195335855901.2,1.06,3763.2,sh000903
2025-02-20 00:00:00,3758.6,3749.82,3760.96,3735.17,83130223.0,177715512112.2,0.69,3749.82,sh000903
2025-02-21 00:00:00,3759.7,3812.38,3815.04,3758.3,111201264.0,280745453506.6,1.51,3812.38,sh000903
2025-02-24 00:00:00,3805.8,3802.47,3829.57,3781.68,105822240.0,245621596945.0,1.26,3802.47,sh000903
2025-02-25 00:00:00,3766.34,3760.57,3792.45,3750.73,84726544.0,207993196890.1,1.1,3760.57,sh000903
2025-02-26 00:00:00,3768.47,3788.95,3790.26,3757.3,89103081.0,200619472743.7,0.88,3788.95,sh000903
2025-02-27 00:00:00,3793.14,3799.44,3806.1,3767.17,93676072.0,220179544901.0,1.03,3799.44,sh000903
2025-02-28 00:00:00,3783.53,3727.84,3807.64,3725.01,88634438.0,222807015412.7,2.17,3727.84,sh000903
2025-03-03 00:00:00,3738.41,3728.44,3772.09,3712.34,82754438.0,194021378952.8,1.6,3728.44,sh000903
2025-03-04 00:00:00,3706.49,3720.06,3727.9,3692.84,73408857.0,166678999359.9,0.94,3720.06,sh000903
2025-03-05 00:00:00,3723.46,3735.54,3739.61,3713.67,71024916.0,154704175806.5,0.7,3735.54,sh000903
2025-03-06 00:00:00,3759.09,3795.38,3803.29,3756.99,86714518.0,205691938285.1,1.24,3795.38,sh000903
2025-03-07 00:00:00,3783.19,3782.77,3805.71,3774.76,72567541.0,168406584129.1,0.82,3782.77,sh000903
2025-03-10 00:00:00,3786.15,3770.14,3791.98,3745.51,71688410.0,158437247676.3,1.23,3770.14,sh000903
2025-03-11 00:00:00,3731.83,3779.99,3779.99,3730.98,67281737.0,151610594673.5,1.3,3779.99,sh000903
2025-03-12 00:00:00,3785.85,3763.39,3788.18,3756.94,68994706.0,154808448651.1,0.83,3763.39,sh000903
2025-03-13 00:00:00,3763.51,3748.91,3776.85,3735.55,68575650.0,150399889511.7,1.1,3748.91,sh000903
2025-03-14 00:00:00,3757.6,3841.43,3847.85,3757.13,89390886.0,214792695542.0,2.42,3841.43,sh000903
2025-03-17 00:00:00,3859.52,3829.78,3859.84,3824.69,65406086.0,153406774274.5,0.92,3829.78,sh000903
2025-03-18 00:00:00,3847.05,3845.82,3856.63,3835.12,62223627.0,153619173349.9,0.56,3845.82,sh000903
2025-03-19 00:00:00,3846.16,3859.58,3872.37,3831.3,64687697.0,152326235841.2,1.07,3859.58,sh000903
2025-03-20 00:00:00,3860.28,3819.67,3861.37,3814.57,57923972.0,135671294509.6,1.21,3819.67,sh000903
2025-03-21 00:00:00,3810.58,3755.97,3825.61,3745.13,71766079.0,164677698801.1,2.11,3755.97,sh000903
2025-03-24 00:00:00,3758.6,3776.48,3780.74,3753.4,63833473.0,136471092297.0,0.73,3776.48,sh000903
2025-03-25 00:00:00,3780.36,3773.13,3788.52,3762.25,55963595.0,121406571595.4,0.7,3773.13,sh000903
2025-03-26 00:00:00,3772.08,3757.7,3781.71,3755.35,56148418.0,117156928579.0,0.7,3757.7,sh000903
2025-03-27 00:00:00,3750.98,3771.11,3792.68,3743.65,52130371.0,117484964047.2,1.3,3771.11,sh000903
2025-03-28 00:00:00,3768.42,3756.09,3772.58,3746.58,50840000.0,107909883155.4,0.69,3756.09,sh000903
2025-03-31 00:00:00,3747.38,3728.92,3770.35,3714.5,63774355.0,132648179158.3,1.49,3728.92,sh000903
2025-04-01 00:00:00,3734.84,3725.52,3742.79,3719.12,53874343.0,126555024851.1,0.63,3725.52,sh000903
2025-04-02 00:00:00,3722.08,3715.68,3734.23,3709.06,44921590.0,104132294336.8,0.68,3715.68,sh000903
2025-04-03 00:00:00,3673.53,3690.89,3714.52,3673.53,61794993.0,143871301715.0,1.1,3690.89,sh000903
2025-04-07 00:00:00,3507.36,3437.94,3540.03,3362.07,135790569.0,284812194948.5,4.82,3437.94,sh000903
2025-04-08 00:00:00,3447.2,3500.92,3500.92,3434.64,128759751.0,255791126109.2,1.93,3500.92,sh000903
2025-04-09 00:00:00,3456.56,3529.04,3529.91,3441.09,120014715.0,251485686617.9,2.54,3529.04,sh000903
2025-04-10 00:00:00,3590.39,3576.84,3595.82,3549.68,104407511.0,219265422992.1,1.31,3576.84,sh000903
2025-04-11 00:00:00,3574.33,3598.27,3609.12,3551.68,76881792.0,178713878485.5,1.61,3598.27,sh000903
2025-04-14 00:00:00,3618.19,3601.59,3619.39,3596.09,72415448.0,156740569481.6,0.65,3601.59,sh000903
2025-04-15 00:00:00,3598.96,3600.68,3604.49,3580.11,57651694.0,122823953508.2,0.68,3600.68,sh000903
2025-04-16 00:00:00,3597.63,3611.99,3616.23,3561.72,68072933.0,139303758930.0,1.51,3611.99,sh000903
2025-04-17 00:00:00,3595.99,3611.77,3618.59,3591.04,55499799.0,110968550029.9,0.76,3611.77,sh000903
2025-04-18 00:00:00,3599.77,3611.88,3622.11,3593.61,43239861.0,89827923998.1,0.79,3611.88,sh000903
2025-04-21 00:00:00,3609.01,3625.69,3631.49,3602.89,48797618.0,105337739773.7,0.79,3625.69,sh000903
2025-04-22 00:00:00,3620.67,3622.0,3637.48,3617.94,53353598.0,109246390484.7,0.54,3622.0,sh000903
2025-04-23 00:00:00,3642.65,3625.52,3646.93,3619.9,54823557.0,127076903431.4,0.75,3625.52,sh000903
2025-04-24 00:00:00,3628.09,3624.14,3646.17,3613.75,44524030.0,100201476770.4,0.89,3624.14,sh000903
2025-04-25 00:00:00,3632.74,3628.53,3643.96,3623.19,53808417.0,111777943601.3,0.57,3628.53,sh000903
2025-04-28 00:00:00,3628.39,3624.51,3634.36,3614.23,50473448.0,108102853618.5,0.55,3624.51,sh000903
2025-04-29 00:00:00,3620.82,3621.39,3628.46,3612.4,46019421.0,102684268659.3,0.44,3621.39,sh000903
2025-04-30 00:00:00,3622.21,3617.51,3633.15,3613.54,54833235.0,120553372008.9,0.54,3617.51,sh000903
2025-05-06 00:00:00,3643.33,3653.14,3654.6,3630.46,65811388.0,132226107792.6,0.67,3653.14,sh000903
2025-05-07 00:00:00,3702.94,3675.94,3703.8,3660.26,67153787.0,144007737648.8,1.19,3675.94,sh000903
2025-05-08 00:00:00,3665.67,3697.15,3715.6,3661.11,52072498.0,128073245455.7,1.48,3697.15,sh000903
2025-05-09 00:00:00,3693.11,3694.6,3700.67,3685.06,47677324.0,113522491922.3,0.42,3694.6,sh000903
2025-05-12 00:00:00,3715.05,3737.34,3740.8,3708.03,63445375.0,156903945305.7,0.89,3737.34,sh000903
2025-05-13 00:00:00,3764.26,3740.93,3764.26,3733.4,61972305.0,140073857812.7,0.83,3740.93,sh000903
2025-05-14 00:00:00,3740.28,3783.87,3799.36,3736.12,66008919.0,150561650898.6,1.69,3783.87,sh000903
2025-05-15 00:00:00,3776.61,3753.74,3777.32,3749.69,55606988.0,121096110836.7,0.73,3753.74,sh000903
2025-05-16 00:00:00,3744.48,3736.11,3749.71,3723.06,48885859.0,108358578860.4,0.71,3736.11,sh000903
2025-05-19 00:00:00,3730.09,3725.5,3732.78,3712.78,39329980.0,95408571796.7,0.54,3725.5,sh000903
2025-05-20 00:00:00,3732.46,3749.09,3763.02,3729.58,43079538.0,108003926063.9,0.9,3749.09,sh000903
2025-05-21 00:00:00,3750.96,3768.34,3782.83,3750.96,45063650.0,118775574362.8,0.85,3768.34,sh000903
2025-05-22 00:00:00,3766.14,3762.37,3772.03,3752.11,41690364.0,96082326850.4,0.53,3762.37,sh000903
2025-05-23 00:00:00,3758.7,3731.44,3779.09,3731.44,46400114.0,113666143795.6,1.27,3731.44,sh000903
2025-05-26 00:00:00,3723.54,3704.32,3730.2,3692.84,42959121.0,105966643203.3,1.0,3704.32,sh000903
2025-05-27 00:00:00,3700.94,3679.83,3708.81,3676.67,38782345.0,88773895680.4,0.87,3679.83,sh000903
2025-05-28 00:00:00,3684.2,3675.06,3692.11,3673.46,35598100.0,77644529610.1,0.51,3675.06,sh000903
2025-05-29 00:00:00,3675.89,3692.16,3706.69,3666.02,42182832.0,99932979494.6,1.11,3692.16,sh000903
2025-05-30 00:00:00,3684.51,3668.4,3691.43,3657.48,44018920.0,98855966637.5,0.92,3668.4,sh000903
2025-06-03 00:00:00,3666.62,3677.14,3690.74,3666.39,48391976.0,110946279107.9,0.66,3677.14,sh000903
2025-06-04 00:00:00,3680.98,3690.74,3698.27,3680.98,47859060.0,100979722401.5,0.47,3690.74,sh000903
2025-06-05 00:00:00,3693.8,3698.59,3703.89,3682.22,48772722.0,109018800317.2,0.59,3698.59,sh000903
2025-06-06 00:00:00,3701.45,3697.56,3711.59,3692.97,44385764.0,97473532715.5,0.5,3697.56,sh000903
2025-06-09 00:00:00,3699.48,3700.3,3717.2,3693.44,54309560.0,129888980264.7,0.64,3700.3,sh000903
2025-06-10 00:00:00,3702.9,3678.67,3709.83,3667.14,56172114.0,132670198035.0,1.15,3678.67,sh000903
2025-06-11 00:00:00,3683.11,3707.94,3724.83,3683.11,57940422.0,123810202019.5,1.13,3707.94,sh000903
2025-06-12 00:00:00,3699.87,3703.24,3712.64,3683.63,54398443.0,126002318269.9,0.78,3703.24,sh000903
2025-06-13 00:00:00,3691.57,3681.38,3701.04,3669.34,66144585.0,150645249248.0,0.86,3681.38,sh000903
2021-01-04 00:00:00,5349.75,5389.63,5410.05,5324.43,100438700.0,248041914368.0,1.6,5389.63,sh000903
2021-01-05 00:00:00,5368.86,5494.64,5494.64,5357.82,107118124.0,264864169984.0,2.54,5494.64,sh000903
2021-01-06 00:00:00,5515.31,5575.13,5582.71,5486.97,97337526.0,247636070400.0,1.74,5575.13,sh000903
2021-01-07 00:00:00,5591.29,5683.97,5683.97,5569.86,97968492.0,246767235072.0,2.05,5683.97,sh000903
2021-01-08 00:00:00,5699.88,5652.08,5724.26,5595.61,95270484.0,256628396032.0,2.26,5652.08,sh000903
2021-01-11 00:00:00,5656.84,5599.31,5710.52,5572.0,107119508.0,268059942912.0,2.45,5599.31,sh000903
2021-01-12 00:00:00,5575.79,5772.24,5772.24,5575.46,109026555.0,262568370176.0,3.51,5772.24,sh000903
2021-01-13 00:00:00,5782.95,5745.52,5812.64,5700.26,126297620.0,280347484160.0,1.95,5745.52,sh000903
2021-01-14 00:00:00,5724.88,5632.09,5733.81,5618.72,122910866.0,263571611648.0,2.0,5632.09,sh000903
2021-01-15 00:00:00,5641.05,5625.71,5683.52,5566.71,133288161.0,271215534080.0,2.07,5625.71,sh000903
2021-01-18 00:00:00,5605.78,5673.28,5703.5,5580.13,106641792.0,229812363264.0,2.19,5673.28,sh000903
2021-01-19 00:00:00,5683.12,5597.02,5690.04,5574.36,103273441.0,233606852608.0,2.04,5597.02,sh000903
2021-01-20 00:00:00,5600.84,5619.18,5646.72,5582.15,82582295.0,204720087040.0,1.15,5619.18,sh000903
2021-01-21 00:00:00,5637.66,5705.34,5734.51,5632.01,91841050.0,237530726400.0,1.82,5705.34,sh000903
2021-01-22 00:00:00,5701.74,5699.63,5711.45,5653.24,84481375.0,221313597440.0,1.02,5699.63,sh000903
2021-01-25 00:00:00,5696.36,5797.22,5808.53,5678.21,86784732.0,262319751168.0,2.29,5797.22,sh000903
2021-01-26 00:00:00,5769.67,5673.78,5769.67,5668.77,77130452.0,213394055168.0,1.74,5673.78,sh000903
2021-01-27 00:00:00,5669.21,5687.83,5694.53,5620.13,71561590.0,195816669184.0,1.31,5687.83,sh000903
2021-01-28 00:00:00,5611.92,5543.81,5615.45,5523.42,78186998.0,194852859904.0,1.62,5543.81,sh000903
2021-01-29 00:00:00,5579.28,5522.78,5598.79,5464.22,83904901.0,205684760576.0,2.43,5522.78,sh000903
2021-02-01 00:00:00,5530.12,5585.41,5591.93,5514.83,72892209.0,175959928832.0,1.4,5585.41,sh000903
2021-02-02 00:00:00,5591.94,5652.83,5655.47,5575.35,72663905.0,200157728768.0,1.43,5652.83,sh000903
2021-02-03 00:00:00,5650.0,5651.45,5684.56,5623.49,75993907.0,213248372736.0,1.08,5651.45,sh000903
2021-02-04 00:00:00,5620.79,5662.89,5699.43,5606.92,79425167.0,217949032448.0,1.64,5662.89,sh000903
2021-02-05 00:00:00,5685.54,5716.01,5777.06,5680.9,87583278.0,215367278592.0,1.7,5716.01,sh000903
2021-02-08 00:00:00,5742.14,5784.37,5795.62,5704.76,72939067.0,198148259840.0,1.59,5784.37,sh000903
2021-02-09 00:00:00,5800.16,5894.43,5894.43,5763.65,74123525.0,202413043712.0,2.26,5894.43,sh000903
2021-02-10 00:00:00,5920.75,6030.54,6046.6,5920.62,80593953.0,230034112512.0,2.14,6030.54,sh000903
2021-02-18 00:00:00,6142.69,5972.14,6154.55,5948.77,100490734.0,279022383104.0,3.41,5972.14,sh000903
2021-02-19 00:00:00,5938.95,5993.8,6005.13,5879.48,100483909.0,248601075712.0,2.1,5993.8,sh000903
2021-02-22 00:00:00,5999.07,5772.14,5999.07,5772.14,132203950.0,304275439616.0,3.79,5772.14,sh000903
2021-02-23 00:00:00,5719.21,5764.09,5830.17,5719.21,99773412.0,223378935808.0,1.92,5764.09,sh000903
2021-02-24 00:00:00,5780.97,5621.4,5790.14,5557.48,94514880.0,254279057408.0,4.04,5621.4,sh000903
2021-02-25 00:00:00,5680.6,5676.26,5730.36,5637.34,102825948.0,227492151296.0,1.65,5676.26,sh000903
2021-02-26 00:00:00,5548.47,5531.53,5621.87,5519.5,94903396.0,227816390656.0,1.8,5531.53,sh000903
2021-03-01 00:00:00,5586.24,5597.68,5606.34,5534.71,75738181.0,191878406144.0,1.29,5597.68,sh000903
2021-03-02 00:00:00,5636.65,5515.21,5640.96,5468.54,80064625.0,202257371136.0,3.08,5515.21,sh000903
2021-03-03 00:00:00,5497.72,5642.67,5642.9,5489.83,85361638.0,180578054144.0,2.78,5642.67,sh000903
2021-03-04 00:00:00,5573.91,5469.99,5578.98,5440.49,87140106.0,204779819008.0,2.45,5469.99,sh000903
2021-03-05 00:00:00,5379.05,5441.14,5489.25,5348.51,86651725.0,189027434496.0,2.57,5441.14,sh000903
2021-03-08 00:00:00,5477.72,5254.46,5505.35,5254.15,96014838.0,218285076480.0,4.62,5254.46,sh000903
2021-03-09 00:00:00,5243.54,5152.0,5275.15,5104.93,101295450.0,230895992832.0,3.24,5152.0,sh000903
2021-03-10 00:00:00,5231.6,5192.27,5245.82,5174.24,70269829.0,167142920192.0,1.39,5192.27,sh000903
2021-03-11 00:00:00,5218.43,5322.45,5337.56,5214.95,81191191.0,182156013568.0,2.36,5322.45,sh000903
2021-03-12 00:00:00,5353.81,5346.92,5353.81,5289.05,87542666.0,171909230592.0,1.22,5346.92,sh000903
2021-03-15 00:00:00,5319.03,5230.46,5325.76,5183.73,86190932.0,183099633664.0,2.66,5230.46,sh000903
2021-03-16 00:00:00,5252.04,5289.43,5289.69,5217.65,64602094.0,142915899392.0,1.38,5289.43,sh000903
2021-03-17 00:00:00,5272.91,5294.93,5327.97,5225.09,64624312.0,143439347712.0,1.95,5294.93,sh000903
2021-03-18 00:00:00,5311.8,5336.51,5355.73,5308.12,57776543.0,135448276992.0,0.9,5336.51,sh000903
2021-03-19 00:00:00,5264.88,5183.7,5279.21,5155.3,73230003.0,154163089408.0,2.32,5183.7,sh000903
2021-03-22 00:00:00,5184.08,5222.14,5240.73,5168.35,69285693.0,138576330752.0,1.4,5222.14,sh000903
2021-03-23 00:00:00,5228.25,5186.82,5232.68,5139.33,63295311.0,127048040448.0,1.79,5186.82,sh000903
2021-03-24 00:00:00,5168.29,5114.28,5208.55,5103.12,63752520.0,134491123712.0,2.03,5114.28,sh000903
2021-03-25 00:00:00,5092.44,5105.14,5127.77,5065.16,57049265.0,117666619392.0,1.22,5105.14,sh000903
2021-03-26 00:00:00,5135.06,5210.2,5224.32,5132.09,63693166.0,148388794368.0,1.81,5210.2,sh000903
2021-03-29 00:00:00,5224.32,5223.48,5264.7,5181.47,68466916.0,148159946752.0,1.6,5223.48,sh000903
2021-03-30 00:00:00,5222.44,5274.59,5287.4,5206.87,60369385.0,136846983168.0,1.54,5274.59,sh000903
2021-03-31 00:00:00,5265.81,5218.57,5265.81,5184.7,65155904.0,132322308096.0,1.54,5218.57,sh000903
2021-04-01 00:00:00,5232.55,5286.64,5291.46,5227.97,49977467.0,109263994880.0,1.22,5286.64,sh000903
2021-04-02 00:00:00,5306.93,5338.86,5346.0,5289.5,57199969.0,135779799040.0,1.07,5338.86,sh000903
2021-04-06 00:00:00,5353.66,5305.26,5353.66,5287.38,47572180.0,112644743168.0,1.24,5305.26,sh000903
2021-04-07 00:00:00,5306.1,5249.84,5306.1,5216.75,63225649.0,131619794944.0,1.68,5249.84,sh000903
2021-04-08 00:00:00,5220.52,5265.06,5279.36,5205.3,51591767.0,107696533504.0,1.41,5265.06,sh000903
2021-04-09 00:00:00,5249.56,5178.59,5249.56,5165.54,52363640.0,109411450880.0,1.6,5178.59,sh000903
2021-04-12 00:00:00,5171.65,5105.1,5189.28,5088.77,65236099.0,137668898816.0,1.94,5105.1,sh000903
2021-04-13 00:00:00,5110.32,5092.64,5152.93,5076.24,61859937.0,121037799424.0,1.5,5092.64,sh000903
2021-04-14 00:00:00,5101.42,5121.85,5131.72,5083.12,59533443.0,121849085952.0,0.95,5121.85,sh000903
2021-04-15 00:00:00,5109.89,5078.32,5109.89,5028.16,52680745.0,123478745088.0,1.6,5078.32,sh000903
2021-04-16 00:00:00,5098.08,5098.58,5113.55,5048.63,48928023.0,110340165632.0,1.28,5098.58,sh000903
2021-04-19 00:00:00,5099.81,5208.88,5211.5,5069.16,67545679.0,158350221312.0,2.79,5208.88,sh000903
2021-04-20 00:00:00,5186.22,5207.69,5242.94,5177.33,52455951.0,134626177024.0,1.26,5207.69,sh000903
2021-04-21 00:00:00,5179.03,5225.17,5237.56,5176.38,51405030.0,120603189248.0,1.17,5225.17,sh000903
2021-04-22 00:00:00,5239.87,5203.7,5245.04,5183.67,52637240.0,117718786048.0,1.17,5203.7,sh000903
2021-04-23 00:00:00,5207.2,5267.63,5279.76,5204.54,55856911.0,141695623168.0,1.45,5267.63,sh000903
2021-04-26 00:00:00,5292.29,5193.71,5305.89,5188.51,69223793.0,166972522496.0,2.23,5193.71,sh000903
2021-04-27 00:00:00,5193.16,5211.3,5216.2,5162.45,53581847.0,128927088640.0,1.03,5211.3,sh000903
2021-04-28 00:00:00,5186.46,5229.93,5230.32,5175.36,52083991.0,137884893184.0,1.05,5229.93,sh000903
2021-04-29 00:00:00,5244.46,5287.43,5292.58,5228.91,62758863.0,153239101440.0,1.22,5287.43,sh000903
2021-04-30 00:00:00,5287.14,5238.64,5289.71,5210.98,74796209.0,157348737024.0,1.49,5238.64,sh000903
2021-05-06 00:00:00,5209.99,5164.69,5253.01,5150.35,71152340.0,162926665728.0,1.96,5164.69,sh000903
2021-05-07 00:00:00,5181.45,5101.72,5198.39,5099.26,74823795.0,151243345920.0,1.92,5101.72,sh000903
2021-05-10 00:00:00,5103.61,5090.12,5121.6,5050.65,66957187.0,138701619200.0,1.39,5090.12,sh000903
2021-05-11 00:00:00,5054.19,5135.22,5142.95,5037.13,57456829.0,124604682240.0,2.08,5135.22,sh000903
2021-05-12 00:00:00,5117.44,5150.61,5159.36,5109.64,52053565.0,110535630848.0,0.97,5150.61,sh000903
2021-05-13 00:00:00,5100.95,5093.66,5127.34,5070.82,54359342.0,110444519424.0,1.1,5093.66,sh000903
2021-05-14 00:00:00,5109.45,5211.87,5214.85,5079.11,71832855.0,164203491328.0,2.66,5211.87,sh000903
2021-05-17 00:00:00,5213.45,5279.72,5302.57,5213.45,66273987.0,166529736704.0,1.71,5279.72,sh000903
2021-05-18 00:00:00,5289.55,5281.94,5299.21,5251.64,50315113.0,106814459904.0,0.9,5281.94,sh000903
2021-05-19 00:00:00,5268.59,5254.08,5279.98,5239.99,50179031.0,117529223168.0,0.76,5254.08,sh000903
2021-05-20 00:00:00,5255.7,5279.0,5288.93,5238.29,56067279.0,130688745472.0,0.96,5279.0,sh000903
2021-05-21 00:00:00,5290.54,5219.86,5308.75,5210.13,50695613.0,132484136960.0,1.87,5219.86,sh000903
2021-05-24 00:00:00,5224.07,5237.28,5237.32,5174.51,54132416.0,138478047232.0,1.2,5237.28,sh000903
2021-05-25 00:00:00,5248.39,5422.71,5429.04,5247.36,88721229.0,228507426816.0,3.47,5422.71,sh000903
2021-05-26 00:00:00,5434.26,5426.55,5454.32,5411.51,69756890.0,173180657664.0,0.79,5426.55,sh000903
2021-05-27 00:00:00,5420.44,5437.36,5492.41,5387.28,60871229.0,153916379136.0,1.94,5437.36,sh000903
2021-05-28 00:00:00,5437.74,5419.15,5457.73,5382.58,68568184.0,155468881920.0,1.38,5419.15,sh000903
2021-05-31 00:00:00,5408.48,5405.03,5408.48,5351.37,57808873.0,148271271936.0,1.05,5405.03,sh000903
2021-06-01 00:00:00,5395.91,5416.53,5418.56,5345.25,59102369.0,157120184320.0,1.36,5416.53,sh000903
2021-06-02 00:00:00,5424.09,5372.1,5428.81,5347.55,59247846.0,144439279616.0,1.5,5372.1,sh000903
2021-06-03 00:00:00,5368.82,5344.49,5402.15,5341.64,60294024.0,141472530432.0,1.13,5344.49,sh000903
2021-06-04 00:00:00,5317.37,5372.73,5426.98,5311.89,64463731.0,145542942720.0,2.15,5372.73,sh000903
2021-06-07 00:00:00,5370.95,5355.82,5372.55,5321.9,55322025.0,135387377664.0,0.94,5355.82,sh000903
2021-06-08 00:00:00,5353.86,5309.25,5396.23,5278.04,56666150.0,155183104000.0,2.21,5309.25,sh000903
2021-06-09 00:00:00,5301.98,5316.57,5336.14,5294.86,53904530.0,124414504960.0,0.78,5316.57,sh000903
2021-06-10 00:00:00,5317.26,5344.73,5378.48,5307.06,64884362.0,153804894208.0,1.34,5344.73,sh000903
2021-06-11 00:00:00,5345.91,5296.73,5347.13,5282.18,85592092.0,188874469376.0,1.22,5296.73,sh000903
2021-06-15 00:00:00,5291.29,5230.95,5298.81,5197.51,69039985.0,174657212416.0,1.91,5230.95,sh000903
2021-06-16 00:00:00,5227.63,5161.49,5233.1,5156.01,60830973.0,155421044736.0,1.47,5161.49,sh000903
2021-06-17 00:00:00,5152.2,5154.58,5191.51,5136.14,55768919.0,136764710912.0,1.07,5154.58,sh000903
2021-06-18 00:00:00,5151.47,5126.9,5170.03,5091.72,72711798.0,183752425472.0,1.52,5126.9,sh000903
2021-06-21 00:00:00,5109.18,5095.7,5132.3,5070.4,63536241.0,168136503296.0,1.21,5095.7,sh000903
2021-06-22 00:00:00,5113.57,5129.65,5139.96,5094.52,63543562.0,162239496192.0,0.89,5129.65,sh000903
2021-06-23 00:00:00,5134.03,5145.15,5170.72,5117.06,58206838.0,168262377472.0,1.05,5145.15,sh000903
2021-06-24 00:00:00,5155.11,5168.38,5171.75,5119.42,54493207.0,150780776448.0,1.02,5168.38,sh000903
2021-06-25 00:00:00,5170.32,5252.36,5264.68,5166.99,67946276.0,187196674048.0,1.89,5252.36,sh000903
2021-06-28 00:00:00,5268.03,5251.24,5271.99,5226.35,58889777.0,163238612992.0,0.87,5251.24,sh000903
2021-06-29 00:00:00,5247.13,5184.54,5247.33,5175.77,56881720.0,154473279488.0,1.36,5184.54,sh000903
2021-06-30 00:00:00,5177.59,5205.36,5214.47,5174.91,45340055.0,129577689088.0,0.76,5205.36,sh000903
2021-07-01 00:00:00,5225.34,5241.25,5241.36,5172.44,57497482.0,162290511872.0,1.32,5241.25,sh000903
2021-07-02 00:00:00,5189.31,5070.22,5189.31,5063.57,64122760.0,177876328448.0,2.4,5070.22,sh000903
2021-07-05 00:00:00,5058.21,5056.54,5071.08,5021.33,58141647.0,158302908416.0,0.98,5056.54,sh000903
2021-07-06 00:00:00,5056.31,5061.16,5064.59,5006.14,59112179.0,170724331520.0,1.16,5061.16,sh000903
2021-07-07 00:00:00,5036.88,5092.37,5106.54,5031.95,53262131.0,149674442752.0,1.47,5092.37,sh000903
2021-07-08 00:00:00,5101.68,5019.89,5104.56,5007.36,67667625.0,181782425600.0,1.91,5019.89,sh000903
2021-07-09 00:00:00,4996.14,4993.44,5012.3,4948.31,59679050.0,154012667904.0,1.27,4993.44,sh000903
2021-07-12 00:00:00,5028.96,5038.34,5070.33,4983.57,77509356.0,199503085568.0,1.74,5038.34,sh000903
2021-07-13 00:00:00,5036.56,5052.57,5068.32,5025.47,63230039.0,161222766592.0,0.85,5052.57,sh000903
2021-07-14 00:00:00,5045.28,4999.17,5045.28,4986.01,76823104.0,180055531520.0,1.17,4999.17,sh000903
2021-07-15 00:00:00,4991.77,5074.15,5078.19,4985.74,71339200.0,179191988224.0,1.85,5074.15,sh000903
2021-07-16 00:00:00,5063.42,5010.98,5065.79,5006.36,61888783.0,159097602048.0,1.17,5010.98,sh000903
2021-07-19 00:00:00,5000.27,5039.59,5047.45,4957.49,60484575.0,153456005120.0,1.8,5039.59,sh000903
2021-07-20 00:00:00,5006.0,5019.5,5032.48,4990.7,49052902.0,123014537216.0,0.83,5019.5,sh000903
2021-07-21 00:00:00,5030.33,5026.13,5065.43,5016.06,61391470.0,171975458816.0,0.98,5026.13,sh000903
2021-07-22 00:00:00,5028.7,5019.75,5055.15,5012.01,67007043.0,189304090624.0,0.86,5019.75,sh000903
2021-07-23 00:00:00,5011.48,4954.77,5011.48,4947.13,75802552.0,193480593408.0,1.28,4954.77,sh000903
2021-07-26 00:00:00,4926.47,4762.99,4926.47,4715.64,88492636.0,237445685248.0,4.26,4762.99,sh000903
2021-07-27 00:00:00,4760.03,4592.43,4768.32,4585.6,90653222.0,233162579968.0,3.84,4592.43,sh000903
2021-07-28 00:00:00,4562.82,4622.34,4640.56,4536.5,78647798.0,195556827136.0,2.27,4622.34,sh000903
2021-07-29 00:00:00,4698.48,4662.92,4702.1,4637.13,67272788.0,186291884032.0,1.41,4662.92,sh000903
2021-07-30 00:00:00,4634.28,4593.64,4634.28,4559.22,65521966.0,187468328960.0,1.61,4593.64,sh000903
2021-08-02 00:00:00,4566.32,4723.45,4729.54,4526.25,88902170.0,244569776128.0,4.43,4723.45,sh000903
2021-08-03 00:00:00,4701.26,4754.87,4760.6,4685.74,70472481.0,204038840320.0,1.58,4754.87,sh000903
2021-08-04 00:00:00,4749.17,4761.81,4768.91,4727.23,60727875.0,186164682752.0,0.88,4761.81,sh000903
2021-08-05 00:00:00,4726.55,4733.05,4792.13,4703.99,60411328.0,177455800320.0,1.85,4733.05,sh000903
2021-08-06 00:00:00,4717.67,4701.65,4717.81,4680.72,52923236.0,153276346368.0,0.78,4701.65,sh000903
2021-08-09 00:00:00,4673.15,4779.75,4805.0,4669.99,73159795.0,190885285888.0,2.87,4779.75,sh000903
2021-08-10 00:00:00,4774.08,4858.14,4858.27,4725.86,62098767.0,188547883008.0,2.77,4858.14,sh000903
2021-08-11 00:00:00,4851.8,4826.03,4879.68,4820.86,71827354.0,168156553216.0,1.21,4826.03,sh000903
2021-08-12 00:00:00,4810.91,4776.09,4826.61,4771.85,57790487.0,156077195264.0,1.13,4776.09,sh000903
2021-08-13 00:00:00,4759.76,4762.26,4792.89,4735.66,53993800.0,139313393664.0,1.2,4762.26,sh000903
2021-08-16 00:00:00,4756.28,4772.41,4800.34,4747.78,58006561.0,143856771072.0,1.1,4772.41,sh000903
2021-08-17 00:00:00,4765.79,4669.78,4794.54,4658.7,70425027.0,170375028736.0,2.85,4669.78,sh000903
2021-08-18 00:00:00,4667.39,4726.65,4746.5,4641.11,79562130.0,184446504960.0,2.26,4726.65,sh000903
2021-08-19 00:00:00,4716.36,4663.64,4722.56,4641.66,78177910.0,176556011520.0,1.71,4663.64,sh000903
2021-08-20 00:00:00,4607.08,4556.65,4620.69,4515.78,68886016.0,186978746368.0,2.25,4556.65,sh000903
2021-08-23 00:00:00,4558.56,4594.73,4606.61,4548.14,58473464.0,163307687936.0,1.28,4594.73,sh000903
2021-08-24 00:00:00,4605.39,4649.51,4666.94,4603.66,68673610.0,181827907584.0,1.38,4649.51,sh000903
2021-08-25 00:00:00,4654.42,4656.84,4673.9,4633.15,67178586.0,165914083328.0,0.88,4656.84,sh000903
2021-08-26 00:00:00,4654.25,4551.79,4654.25,4550.6,66911660.0,152858087424.0,2.23,4551.79,sh000903
2021-08-27 00:00:00,4545.65,4581.99,4622.92,4544.82,65731366.0,155322462208.0,1.72,4581.99,sh000903
2021-08-30 00:00:00,4603.27,4552.31,4604.96,4523.18,87775060.0,213934518272.0,1.78,4552.31,sh000903
2021-08-31 00:00:00,4547.18,4543.54,4574.78,4485.86,99662963.0,210765791232.0,1.95,4543.54,sh000903
2021-09-01 00:00:00,4537.02,4647.37,4681.72,4504.17,138208220.0,274333233152.0,3.91,4647.37,sh000903
2021-09-02 00:00:00,4649.89,4643.94,4675.04,4615.02,104976973.0,210726400000.0,1.29,4643.94,sh000903
2021-09-03 00:00:00,4649.79,4644.11,4676.12,4594.04,106472100.0,210675269632.0,1.77,4644.11,sh000903
2021-09-06 00:00:00,4639.58,4721.73,4739.13,4635.92,100462285.0,224208396288.0,2.22,4721.73,sh000903
2021-09-07 00:00:00,4719.96,4766.86,4783.68,4693.37,103162926.0,190585761792.0,1.91,4766.86,sh000903
2021-09-08 00:00:00,4758.42,4733.97,4783.98,4719.7,102474345.0,185392078848.0,1.35,4733.97,sh000903
2021-09-09 00:00:00,4714.8,4730.15,4730.56,4698.02,105808996.0,168942399488.0,0.69,4730.15,sh000903
2021-09-10 00:00:00,4728.39,4786.55,4816.87,4725.02,121635494.0,211298422784.0,1.94,4786.55,sh000903
2021-09-13 00:00:00,4777.8,4771.53,4808.65,4743.52,102741714.0,189190512640.0,1.36,4771.53,sh000903
2021-09-14 00:00:00,4774.07,4693.48,4785.92,4685.43,108152212.0,192941625344.0,2.11,4693.48,sh000903
2021-09-15 00:00:00,4678.6,4632.37,4678.6,4608.22,80217080.0,160512176128.0,1.5,4632.37,sh000903
2021-09-16 00:00:00,4629.82,4608.18,4646.81,4590.2,91077466.0,173838409728.0,1.22,4608.18,sh000903
2021-09-17 00:00:00,4597.1,4661.19,4661.33,4590.11,80290191.0,161591836672.0,1.55,4661.19,sh000903
2021-09-22 00:00:00,4572.54,4606.72,4616.14,4566.64,85686098.0,144260907008.0,1.06,4606.72,sh000903
2021-09-23 00:00:00,4627.02,4619.62,4661.03,4602.14,86207078.0,153701007360.0,1.28,4619.62,sh000903
2021-09-24 00:00:00,4609.51,4634.16,4677.22,4607.99,79107231.0,164969349120.0,1.5,4634.16,sh000903
2021-09-27 00:00:00,4661.28,4716.42,4750.32,4661.28,90112655.0,216338997248.0,1.92,4716.42,sh000903
2021-09-28 00:00:00,4711.14,4730.24,4747.99,4681.62,77160573.0,159878721536.0,1.41,4730.24,sh000903
2021-09-29 00:00:00,4697.47,4715.59,4745.72,4660.07,82400822.0,158143377408.0,1.81,4715.59,sh000903
2021-09-30 00:00:00,4719.9,4730.05,4745.08,4714.07,61091144.0,140091256832.0,0.66,4730.05,sh000903
2021-10-08 00:00:00,4780.8,4825.59,4838.49,4761.21,80840317.0,187827863552.0,1.63,4825.59,sh000903
2021-10-11 00:00:00,4840.15,4840.89,4903.09,4838.33,75926610.0,167155773440.0,1.34,4840.89,sh000903
2021-10-12 00:00:00,4824.33,4811.92,4844.5,4772.21,73674235.0,148302843904.0,1.49,4811.92,sh000903
2021-10-13 00:00:00,4806.1,4863.96,4884.38,4795.17,59103557.0,148205940736.0,1.85,4863.96,sh000903
2021-10-14 00:00:00,4860.68,4827.06,4879.68,4818.24,48502062.0,117984604160.0,1.26,4827.06,sh000903
2021-10-15 00:00:00,4807.79,4843.24,4851.13,4797.37,64173737.0,146561503232.0,1.11,4843.24,sh000903
2021-10-18 00:00:00,4830.97,4757.94,4830.97,4734.19,62523953.0,155267641344.0,2.0,4757.94,sh000903
2021-10-19 00:00:00,4750.06,4807.55,4818.12,4750.05,58388529.0,140148047872.0,1.43,4807.55,sh000903
2021-10-20 00:00:00,4821.2,4795.05,4841.46,4781.88,57042678.0,132021547008.0,1.24,4795.05,sh000903
2021-10-21 00:00:00,4798.85,4828.04,4842.71,4791.41,64972027.0,137652387840.0,1.07,4828.04,sh000903
2021-10-22 00:00:00,4840.99,4876.85,4903.97,4834.15,60743828.0,144195510272.0,1.45,4876.85,sh000903
2021-10-25 00:00:00,4852.57,4869.75,4873.15,4830.63,59106660.0,145960759296.0,0.87,4869.75,sh000903
2021-10-26 00:00:00,4867.01,4839.49,4887.79,4832.93,54179868.0,132423053312.0,1.13,4839.49,sh000903
2021-10-27 00:00:00,4821.35,4767.84,4821.35,4753.42,60593536.0,140238647296.0,1.4,4767.84,sh000903
2021-10-28 00:00:00,4750.52,4747.06,4769.68,4732.58,61272443.0,141082501120.0,0.78,4747.06,sh000903
2021-10-29 00:00:00,4748.5,4785.49,4785.49,4742.28,68190999.0,177066573824.0,0.91,4785.49,sh000903
2021-11-01 00:00:00,4742.17,4766.19,4780.64,4716.66,74671529.0,183484551168.0,1.34,4766.19,sh000903
2021-11-02 00:00:00,4758.58,4703.06,4783.78,4663.42,84504965.0,187905478656.0,2.53,4703.06,sh000903
2021-11-03 00:00:00,4696.87,4674.34,4718.07,4664.53,61018762.0,139028348928.0,1.14,4674.34,sh000903
2021-11-04 00:00:00,4695.2,4720.78,4730.44,4688.47,56726461.0,148405227520.0,0.9,4720.78,sh000903
2021-11-05 00:00:00,4708.41,4703.05,4743.74,4694.85,55430426.0,134082625536.0,1.04,4703.05,sh000903
2021-11-08 00:00:00,4699.64,4697.69,4719.89,4680.95,51224648.0,121367031808.0,0.83,4697.69,sh000903
2021-11-09 00:00:00,4706.29,4682.99,4719.62,4662.52,48321779.0,112945991680.0,1.22,4682.99,sh000903
2021-11-10 00:00:00,4670.07,4653.01,4671.73,4593.2,59496292.0,140755382272.0,1.68,4653.01,sh000903
2021-11-11 00:00:00,4649.48,4741.91,4742.09,4642.37,75154885.0,158209884160.0,2.14,4741.91,sh000903
2021-11-12 00:00:00,4750.15,4722.25,4753.97,4711.99,53462822.0,118932156416.0,0.89,4722.25,sh000903
2021-11-15 00:00:00,4732.94,4730.72,4747.64,4711.28,47408804.0,112986238976.0,0.77,4730.72,sh000903
2021-11-16 00:00:00,4733.39,4741.72,4767.75,4731.22,49382807.0,123049881600.0,0.77,4741.72,sh000903
2021-11-17 00:00:00,4738.48,4728.31,4749.52,4715.98,41670505.0,100820357120.0,0.71,4728.31,sh000903
2021-11-18 00:00:00,4713.59,4677.91,4713.59,4672.61,41719716.0,93831360512.0,0.87,4677.91,sh000903
2021-11-19 00:00:00,4670.83,4731.65,4738.44,4669.84,50984387.0,118429523968.0,1.47,4731.65,sh000903
2021-11-22 00:00:00,4737.39,4731.73,4752.74,4725.45,52491965.0,133990707200.0,0.58,4731.73,sh000903
2021-11-23 00:00:00,4723.58,4738.3,4756.62,4717.57,54576371.0,127727669248.0,0.83,4738.3,sh000903
2021-11-24 00:00:00,4743.76,4756.4,4774.8,4729.31,47626386.0,131089051648.0,0.96,4756.4,sh000903
2021-11-25 00:00:00,4759.2,4734.72,4764.04,4727.52,42109065.0,115360694272.0,0.77,4734.72,sh000903
2021-11-26 00:00:00,4726.58,4690.84,4726.63,4680.86,44049349.0,105644912640.0,0.97,4690.84,sh000903
2021-11-29 00:00:00,4657.24,4678.9,4687.49,4652.02,49060685.0,118513631232.0,0.76,4678.9,sh000903
2021-11-30 00:00:00,4679.68,4645.25,4692.93,4629.38,47525716.0,109178077184.0,1.36,4645.25,sh000903
2021-12-01 00:00:00,4649.07,4663.84,4665.1,4639.21,45702431.0,104950038528.0,0.56,4663.84,sh000903
2021-12-02 00:00:00,4656.84,4678.33,4688.41,4643.21,55691026.0,116010545152.0,0.97,4678.33,sh000903
2021-12-03 00:00:00,4678.95,4723.63,4723.63,4674.77,53640169.0,139685453824.0,1.04,4723.63,sh000903
2021-12-06 00:00:00,4735.61,4733.9,4778.25,4729.66,71683087.0,160780554240.0,1.03,4733.9,sh000903
2021-12-07 00:00:00,4770.95,4774.66,4784.4,4751.5,72170537.0,162336018432.0,0.69,4774.66,sh000903
2021-12-08 00:00:00,4786.06,4844.25,4845.45,4758.72,62352212.0,159952375808.0,1.82,4844.25,sh000903
2021-12-09 00:00:00,4851.09,4931.76,4975.3,4848.92,96332718.0,216112738304.0,2.61,4931.76,sh000903
2021-12-10 00:00:00,4899.62,4914.5,4917.77,4890.83,82222147.0,161932738560.0,0.55,4914.5,sh000903
2021-12-13 00:00:00,4955.52,4945.97,5016.28,4943.59,96722898.0,233692487680.0,1.48,4945.97,sh000903
2021-12-14 00:00:00,4929.02,4914.79,4940.63,4903.61,70174374.0,162198122496.0,0.75,4914.79,sh000903
2021-12-15 00:00:00,4900.93,4871.64,4928.79,4870.91,58639652.0,139843833856.0,1.18,4871.64,sh000903
2021-12-16 00:00:00,4871.38,4893.75,4893.75,4849.01,56618944.0,146099249152.0,0.92,4893.75,sh000903
2021-12-17 00:00:00,4877.69,4817.77,4880.74,4815.04,59420598.0,153972867072.0,1.34,4817.77,sh000903
2021-12-20 00:00:00,4801.45,4761.68,4837.77,4751.33,60047401.0,150664200192.0,1.79,4761.68,sh000903
2021-12-21 00:00:00,4756.45,4788.96,4796.23,4752.59,53944932.0,127885062144.0,0.92,4788.96,sh000903
2021-12-22 00:00:00,4800.14,4785.6,4813.76,4772.97,49505510.0,117887545344.0,0.85,4785.6,sh000903
2021-12-23 00:00:00,4796.25,4825.84,4825.84,4772.32,52920960.0,126850949120.0,1.12,4825.84,sh000903
2021-12-24 00:00:00,4829.91,4805.85,4843.84,4787.35,55382451.0,151552606208.0,1.17,4805.85,sh000903
2021-12-27 00:00:00,4801.13,4798.76,4819.23,4775.41,49440172.0,129310834688.0,0.91,4798.76,sh000903
2021-12-28 00:00:00,4802.73,4834.71,4839.65,4798.1,55382538.0,138393112576.0,0.87,4834.71,sh000903
2021-12-29 00:00:00,4839.83,4747.92,4839.83,4747.92,47192489.0,142302027776.0,1.9,4747.92,sh000903
2021-12-30 00:00:00,4747.58,4780.37,4801.1,4741.52,51270748.0,130901139456.0,1.25,4780.37,sh000903
2021-12-31 00:00:00,4797.01,4792.91,4808.63,4775.77,49029919.0,130361126912.0,0.69,4792.91,sh000903
2022-01-04 00:00:00,4812.64,4779.48,4816.78,4726.52,66256407.0,173892206592.0,1.88,4779.48,sh000903
2022-01-05 00:00:00,4767.91,4751.67,4799.21,4735.61,84478277.0,196830838784.0,1.33,4751.67,sh000903
2022-01-06 00:00:00,4728.14,4687.43,4741.61,4665.31,67779930.0,167156629504.0,1.61,4687.43,sh000903
2022-01-07 00:00:00,4696.8,4704.76,4731.96,4693.2,87466153.0,169115340800.0,0.83,4704.76,sh000903
2022-01-10 00:00:00,4692.19,4724.55,4727.87,4661.74,71371750.0,158287515648.0,1.41,4724.55,sh000903
2022-01-11 00:00:00,4719.53,4686.56,4737.55,4681.27,66890506.0,148435369984.0,1.19,4686.56,sh000903
2022-01-12 00:00:00,4708.74,4729.63,4737.95,4698.98,66058542.0,156191150080.0,0.83,4729.63,sh000903
2022-01-13 00:00:00,4740.77,4654.33,4743.0,4653.52,67619868.0,151159230464.0,1.89,4654.33,sh000903
2022-01-14 00:00:00,4632.81,4605.96,4648.66,4603.95,69271549.0,140333637632.0,0.96,4605.96,sh000903
2022-01-17 00:00:00,4610.58,4640.95,4649.88,4606.42,52459791.0,133878226944.0,0.94,4640.95,sh000903
2022-01-18 00:00:00,4641.11,4689.74,4701.37,4620.81,67638994.0,140464427008.0,1.74,4689.74,sh000903
2022-01-19 00:00:00,4699.2,4667.31,4711.34,4642.28,61365204.0,144560840704.0,1.47,4667.31,sh000903
2022-01-20 00:00:00,4662.58,4732.76,4755.3,4662.08,80303534.0,164883415040.0,2.0,4732.76,sh000903
2022-01-21 00:00:00,4718.09,4697.35,4730.24,4674.95,65316854.0,141737480192.0,1.17,4697.35,sh000903
2022-01-24 00:00:00,4671.68,4691.64,4708.51,4656.89,55073247.0,129464795136.0,1.1,4691.64,sh000903
2022-01-25 00:00:00,4663.05,4592.53,4680.39,4592.26,61969091.0,126577635328.0,1.88,4592.53,sh000903
2022-01-26 00:00:00,4613.06,4632.75,4633.55,4569.33,48895626.0,118301802496.0,1.4,4632.75,sh000903
2022-01-27 00:00:00,4628.3,4546.82,4629.15,4542.9,58127112.0,140090007552.0,1.86,4546.82,sh000903
2022-01-28 00:00:00,4570.01,4486.91,4588.47,4480.62,63158077.0,156560318464.0,2.37,4486.91,sh000903
2022-02-07 00:00:00,4563.63,4555.24,4591.47,4533.39,68600177.0,148457816064.0,1.29,4555.24,sh000903
2022-02-08 00:00:00,4546.31,4528.42,4546.31,4443.51,77484644.0,156055126016.0,2.26,4528.42,sh000903
2022-02-09 00:00:00,4529.25,4571.6,4581.03,4520.52,72593567.0,149880934400.0,1.34,4571.6,sh000903
2022-02-10 00:00:00,4578.01,4556.18,4578.01,4523.09,69306104.0,160054919168.0,1.2,4556.18,sh000903
2022-02-11 00:00:00,4533.89,4529.47,4583.15,4523.81,80120105.0,178113200128.0,1.3,4529.47,sh000903
2022-02-14 00:00:00,4509.81,4481.55,4522.13,4461.62,74681574.0,157512384512.0,1.34,4481.55,sh000903
2022-02-15 00:00:00,4482.33,4518.66,4522.28,4477.94,58195241.0,139322408960.0,0.99,4518.66,sh000903
2022-02-16 00:00:00,4538.05,4538.84,4562.32,4528.7,48495593.0,108753330176.0,0.74,4538.84,sh000903
2022-02-17 00:00:00,4539.63,4544.57,4566.85,4530.54,48554232.0,111889108992.0,0.8,4544.57,sh000903
2022-02-18 00:00:00,4521.13,4569.0,4569.02,4515.28,47584338.0,99169734656.0,1.18,4569.0,sh000903
2022-02-21 00:00:00,4559.25,4542.35,4559.25,4521.64,54964288.0,109163450368.0,0.82,4542.35,sh000903
2022-02-22 00:00:00,4506.77,4475.7,4506.98,4450.3,57702144.0,129791909888.0,1.25,4475.7,sh000903
2022-02-23 00:00:00,4486.54,4510.91,4513.55,4472.25,58809633.0,132216315904.0,0.92,4510.91,sh000903
2022-02-24 00:00:00,4478.65,4416.92,4490.78,4381.59,87184817.0,175229849600.0,2.42,4416.92,sh000903
2022-02-25 00:00:00,4451.56,4454.52,4494.65,4445.02,65164600.0,136898387968.0,1.12,4454.52,sh000903
2022-02-28 00:00:00,4441.78,4460.57,4460.57,4410.63,61931295.0,125801152512.0,1.12,4460.57,sh000903
2022-03-01 00:00:00,4478.81,4509.6,4513.67,4471.66,55719196.0,135807946752.0,0.94,4509.6,sh000903
2022-03-02 00:00:00,4482.06,4460.73,4482.18,4446.67,52487355.0,109902888960.0,0.79,4460.73,sh000903
2022-03-03 00:00:00,4477.68,4437.32,4482.22,4430.48,65902769.0,127768285184.0,1.16,4437.32,sh000903
2022-03-04 00:00:00,4395.37,4373.44,4410.94,4359.54,59647905.0,133322678272.0,1.16,4373.44,sh000903
2022-03-07 00:00:00,4331.79,4225.54,4331.79,4212.39,78688586.0,172182102016.0,2.73,4225.54,sh000903
2022-03-08 00:00:00,4239.69,4161.93,4262.53,4146.13,78031752.0,168525672448.0,2.75,4161.93,sh000903
2022-03-09 00:00:00,4177.98,4132.35,4204.51,3981.13,93729060.0,185519210496.0,5.37,4132.35,sh000903
2022-03-10 00:00:00,4231.02,4191.86,4235.9,4187.7,70511716.0,165614866432.0,1.17,4191.86,sh000903
2022-03-11 00:00:00,4133.72,4201.47,4212.29,4075.47,73791803.0,161056243712.0,3.26,4201.47,sh000903
2022-03-14 00:00:00,4136.93,4059.34,4165.91,4059.34,62701366.0,140376408064.0,2.54,4059.34,sh000903
2022-03-15 00:00:00,4008.72,3870.99,4042.56,3870.99,102932298.0,195915620352.0,4.23,3870.99,sh000903
2022-03-16 00:00:00,3938.23,4046.6,4060.32,3841.39,98846438.0,216444596224.0,5.66,4046.6,sh000903
2022-03-17 00:00:00,4135.59,4134.27,4195.86,4109.75,88015977.0,215314415616.0,2.13,4134.27,sh000903
2022-03-18 00:00:00,4116.32,4165.33,4186.14,4089.29,79112069.0,154412318720.0,2.34,4165.33,sh000903
2022-03-21 00:00:00,4183.01,4142.03,4183.01,4113.23,61949793.0,133408952320.0,1.68,4142.03,sh000903
2022-03-22 00:00:00,4139.58,4145.91,4172.99,4123.75,60034130.0,110157488128.0,1.19,4145.91,sh000903
2022-03-23 00:00:00,4162.08,4168.98,4182.26,4133.07,54469975.0,116028747776.0,1.19,4168.98,sh000903
2022-03-24 00:00:00,4142.76,4145.97,4167.26,4113.5,50334938.0,114239094784.0,1.29,4145.97,sh000903
2022-03-25 00:00:00,4141.54,4068.35,4150.51,4067.22,51224302.0,112640610304.0,2.01,4068.35,sh000903
2022-03-28 00:00:00,4021.49,4044.32,4067.41,3983.39,59080404.0,118606553088.0,2.07,4044.32,sh000903
2022-03-29 00:00:00,4048.74,4028.3,4073.8,4018.98,46933888.0,96896557056.0,1.36,4028.3,sh000903
2022-03-30 00:00:00,4058.64,4153.82,4153.82,4058.52,69382799.0,146681544704.0,2.37,4153.82,sh000903
2022-03-31 00:00:00,4132.56,4131.76,4148.62,4114.09,66150415.0,121937809408.0,0.83,4131.76,sh000903
2022-04-01 00:00:00,4112.07,4196.46,4210.1,4101.79,69354883.0,136691634176.0,2.62,4196.46,sh000903
2022-04-06 00:00:00,4172.32,4185.7,4198.98,4159.97,81998351.0,138621796352.0,0.93,4185.7,sh000903
2022-04-07 00:00:00,4161.84,4138.19,4200.51,4130.22,66985098.0,114101891072.0,1.68,4138.19,sh000903
2022-04-08 00:00:00,4141.19,4163.04,4170.3,4114.92,66676790.0,118497980416.0,1.34,4163.04,sh000903
2022-04-11 00:00:00,4134.14,4046.47,4134.14,4036.4,70155973.0,143065382912.0,2.35,4046.47,sh000903
2022-04-12 00:00:00,4055.29,4128.97,4128.97,4028.7,68782989.0,136455761920.0,2.48,4128.97,sh000903
2022-04-13 00:00:00,4105.78,4102.75,4155.05,4091.91,59057782.0,116678189056.0,1.53,4102.75,sh000903
2022-04-14 00:00:00,4137.34,4153.46,4181.54,4121.36,59815229.0,137899200512.0,1.47,4153.46,sh000903
2022-04-15 00:00:00,4123.29,4148.16,4168.18,4113.92,56777810.0,117295013888.0,1.31,4148.16,sh000903
2022-04-18 00:00:00,4112.19,4106.9,4117.33,4076.4,55656881.0,114176958464.0,0.99,4106.9,sh000903
2022-04-19 00:00:00,4103.69,4076.21,4131.36,4054.77,54193528.0,119752630272.0,1.86,4076.21,sh000903
2022-04-20 00:00:00,4069.26,4014.79,4074.67,4005.12,56381371.0,126816673792.0,1.71,4014.79,sh000903
2022-04-21 00:00:00,3994.63,3956.89,4031.31,3937.18,65869235.0,127009509376.0,2.34,3956.89,sh000903
2022-04-22 00:00:00,3927.93,3989.57,4009.03,3920.19,63351660.0,116418981888.0,2.25,3989.57,sh000903
2022-04-25 00:00:00,3903.9,3805.47,3934.98,3805.0,85924165.0,157959868416.0,3.26,3805.47,sh000903
2022-04-26 00:00:00,3810.08,3794.12,3872.32,3782.4,76628221.0,145988734976.0,2.36,3794.12,sh000903
2022-04-27 00:00:00,3775.45,3891.87,3891.87,3775.08,83474350.0,165924290560.0,3.08,3891.87,sh000903
2022-04-28 00:00:00,3881.79,3921.87,3937.87,3873.96,75396618.0,147382677504.0,1.64,3921.87,sh000903
2022-04-29 00:00:00,3937.24,3995.52,4004.58,3886.27,90463048.0,182501670912.0,3.02,3995.52,sh000903
2022-05-05 00:00:00,3971.35,3976.81,4006.26,3963.07,77806313.0,164997943296.0,1.08,3976.81,sh000903
2022-05-06 00:00:00,3901.54,3873.32,3915.18,3867.34,59521887.0,118611054592.0,1.2,3873.32,sh000903
2022-05-09 00:00:00,3847.63,3833.84,3872.36,3810.15,43164388.0,93298900992.0,1.61,3833.84,sh000903
2022-05-10 00:00:00,3776.18,3870.49,3886.04,3760.27,67009528.0,130402516992.0,3.28,3870.49,sh000903
2022-05-11 00:00:00,3867.17,3922.13,3969.7,3865.36,77398930.0,163954819072.0,2.7,3922.13,sh000903
2022-05-12 00:00:00,3896.4,3899.04,3926.68,3880.66,51313009.0,106060550144.0,1.17,3899.04,sh000903
2022-05-13 00:00:00,3927.66,3932.18,3948.1,3901.44,52645578.0,110467563520.0,1.2,3932.18,sh000903
2022-05-16 00:00:00,3958.9,3899.52,3961.66,3888.31,53805020.0,110899335168.0,1.87,3899.52,sh000903
2022-05-17 00:00:00,3909.74,3951.69,3951.69,3903.88,51788879.0,110328037376.0,1.23,3951.69,sh000903
2022-05-18 00:00:00,3961.07,3932.19,3961.07,3899.49,49104778.0,107043721216.0,1.56,3932.19,sh000903
2022-05-19 00:00:00,3880.79,3928.77,3932.11,3877.26,52004037.0,108552065024.0,1.39,3928.77,sh000903
2022-05-20 00:00:00,3952.72,4014.77,4015.31,3952.67,69838254.0,149488824320.0,1.59,4014.77,sh000903
2022-05-23 00:00:00,4017.69,3974.48,4017.69,3955.51,55554020.0,118708633600.0,1.55,3974.48,sh000903
2022-05-24 00:00:00,3972.63,3890.53,3972.63,3890.46,60971666.0,122821079040.0,2.07,3890.53,sh000903
2022-05-25 00:00:00,3894.98,3906.75,3910.48,3877.93,45082271.0,96452812800.0,0.84,3906.75,sh000903
2022-05-26 00:00:00,3911.88,3911.59,3935.75,3864.91,56926820.0,116174049280.0,1.81,3911.59,sh000903
2022-05-27 00:00:00,3946.13,3929.49,3978.26,3913.97,55241649.0,116413595648.0,1.64,3929.49,sh000903
2022-05-30 00:00:00,3950.49,3956.21,3972.17,3938.58,54955159.0,119218044928.0,0.85,3956.21,sh000903
2022-05-31 00:00:00,3959.79,4017.17,4022.61,3947.87,66258519.0,148638384128.0,1.89,4017.17,sh000903
2022-06-01 00:00:00,4014.5,4008.64,4019.18,3987.26,52834404.0,116597141504.0,0.79,4008.64,sh000903
2022-06-02 00:00:00,3988.38,4001.99,4005.85,3983.82,48844915.0,110851649536.0,0.55,4001.99,sh000903
2022-06-06 00:00:00,4006.29,4072.25,4073.09,3974.73,81230935.0,173755330560.0,2.46,4072.25,sh000903
2022-06-07 00:00:00,4071.8,4092.74,4110.37,4061.92,67764206.0,153859674112.0,1.19,4092.74,sh000903
2022-06-08 00:00:00,4104.16,4138.21,4138.75,4078.45,68702080.0,174608265216.0,1.47,4138.21,sh000903
2022-06-09 00:00:00,4130.83,4101.28,4148.7,4088.76,74750380.0,150291791872.0,1.45,4101.28,sh000903
2022-06-10 00:00:00,4070.71,4157.67,4160.95,4064.59,80908014.0,166122954752.0,2.35,4157.67,sh000903
2022-06-13 00:00:00,4109.69,4105.28,4133.9,4072.85,80534999.0,189785149440.0,1.47,4105.28,sh000903
2022-06-14 00:00:00,4058.69,4124.24,4125.46,4015.57,80054904.0,183942991872.0,2.68,4124.24,sh000903
2022-06-15 00:00:00,4129.19,4178.12,4246.38,4128.99,115602803.0,244864389120.0,2.85,4178.12,sh000903
2022-06-16 00:00:00,4187.41,4156.07,4211.32,4146.28,83712561.0,174117810176.0,1.56,4156.07,sh000903
2022-06-17 00:00:00,4125.86,4228.66,4239.43,4124.22,74583478.0,194589790208.0,2.77,4228.66,sh000903
2022-06-20 00:00:00,4244.01,4247.41,4286.47,4216.94,83193349.0,205103710208.0,1.64,4247.41,sh000903
2022-06-21 00:00:00,4246.57,4242.4,4273.53,4203.29,84402980.0,176269668352.0,1.65,4242.4,sh000903
2022-06-22 00:00:00,4252.53,4186.02,4253.18,4184.25,90637281.0,172263653376.0,1.62,4186.02,sh000903
2022-06-23 00:00:00,4194.33,4255.17,4255.17,4171.31,94109624.0,183260348416.0,2.0,4255.17,sh000903
2022-06-24 00:00:00,4270.88,4324.27,4327.73,4261.77,91332966.0,203867316224.0,1.55,4324.27,sh000903
2022-06-27 00:00:00,4344.96,4362.57,4395.26,4340.01,93297111.0,214169452544.0,1.28,4362.57,sh000903
2022-06-28 00:00:00,4361.8,4409.14,4416.62,4320.5,93231872.0,201308221440.0,2.2,4409.14,sh000903
2022-06-29 00:00:00,4392.5,4339.74,4425.71,4331.71,91283415.0,215957680128.0,2.13,4339.74,sh000903
2022-06-30 00:00:00,4334.11,4406.01,4438.75,4334.11,74208435.0,189896216576.0,2.41,4406.01,sh000903
2022-07-01 00:00:00,4414.92,4391.85,4428.28,4372.24,71116362.0,171250548736.0,1.27,4391.85,sh000903
2022-07-04 00:00:00,4365.19,4421.75,4421.78,4349.9,69242360.0,200047058944.0,1.64,4421.75,sh000903
2022-07-05 00:00:00,4434.25,4422.66,4461.85,4369.34,80160215.0,210064982016.0,2.09,4422.66,sh000903
2022-07-06 00:00:00,4408.07,4348.3,4414.65,4317.12,77112151.0,200271159296.0,2.21,4348.3,sh000903
2022-07-07 00:00:00,4354.31,4375.2,4391.59,4321.44,69108682.0,191646425088.0,1.61,4375.2,sh000903
2022-07-08 00:00:00,4404.36,4357.54,4417.67,4355.3,62747891.0,175116185600.0,1.43,4357.54,sh000903
2022-07-11 00:00:00,4335.25,4275.92,4335.25,4250.62,69051817.0,175605391360.0,1.94,4275.92,sh000903
2022-07-12 00:00:00,4276.66,4233.94,4292.61,4214.58,57762953.0,164857841435.8,1.82,4233.94,sh000903
2022-07-13 00:00:00,4233.93,4251.64,4270.51,4206.54,58705807.0,161583567395.3,1.51,4251.64,sh000903
2022-07-14 00:00:00,4242.36,4257.89,4290.84,4227.43,64767950.0,169432887695.3,1.49,4257.89,sh000903
2022-07-15 00:00:00,4233.68,4180.95,4280.49,4180.95,71194079.0,175977238463.1,2.34,4180.95,sh000903
2022-07-18 00:00:00,4199.83,4231.73,4239.99,4148.55,62422555.0,157361125318.1,2.19,4231.73,sh000903
2022-07-19 00:00:00,4228.14,4193.8,4228.14,4165.05,51715609.0,129225937207.1,1.49,4193.8,sh000903
2022-07-20 00:00:00,4219.44,4202.1,4228.28,4189.4,43759983.0,111881859480.6,0.93,4202.1,sh000903
2022-07-21 00:00:00,4186.25,4154.04,4198.58,4153.87,58700072.0,131938197050.1,1.06,4154.04,sh000903
2022-07-22 00:00:00,4172.71,4158.78,4198.63,4126.94,51552274.0,125034263321.3,1.73,4158.78,sh000903
2022-07-25 00:00:00,4154.27,4131.47,4158.9,4120.69,40802442.0,101856976486.2,0.92,4131.47,sh000903
2022-07-26 00:00:00,4138.55,4160.39,4175.82,4130.03,40988370.0,103307363527.9,1.11,4160.39,sh000903
2022-07-27 00:00:00,4150.28,4133.95,4152.46,4124.42,38378912.0,106115929809.9,0.67,4133.95,sh000903
2022-07-28 00:00:00,4153.14,4132.58,4181.39,4130.48,52937618.0,137188784055.7,1.23,4132.58,sh000903
2022-07-29 00:00:00,4137.22,4082.16,4160.96,4073.44,55260396.0,132727617707.4,2.12,4082.16,sh000903
2022-08-01 00:00:00,4072.78,4103.41,4112.32,4039.25,50731982.0,130250593910.8,1.79,4103.41,sh000903
2022-08-02 00:00:00,4057.47,4021.81,4057.47,3986.0,68010067.0,146259979906.2,1.74,4021.81,sh000903
2022-08-03 00:00:00,4029.74,3977.27,4067.31,3966.05,55622658.0,146338953736.6,2.52,3977.27,sh000903
2022-08-04 00:00:00,4000.16,4014.16,4022.91,3978.23,41926535.0,119663830715.0,1.12,4014.16,sh000903
2022-08-05 00:00:00,4021.46,4067.45,4071.11,4007.53,49877341.0,133712750292.1,1.58,4067.45,sh000903
2022-08-08 00:00:00,4049.29,4054.71,4060.93,4038.83,42683401.0,118526806565.1,0.54,4054.71,sh000903
2022-08-09 00:00:00,4051.21,4072.47,4079.16,4037.32,41397994.0,117890294493.4,1.03,4072.47,sh000903
2022-08-10 00:00:00,4065.88,4024.29,4074.16,4005.47,43590402.0,119185496334.5,1.69,4024.29,sh000903
2022-08-11 00:00:00,4046.24,4108.35,4109.15,4029.85,56196784.0,143948718273.4,1.97,4108.35,sh000903
2022-08-12 00:00:00,4100.9,4107.4,4117.75,4089.99,47954939.0,115144393656.2,0.68,4107.4,sh000903
2022-08-15 00:00:00,4099.19,4115.99,4148.31,4095.12,52310397.0,137477197142.9,1.29,4115.99,sh000903
2022-08-16 00:00:00,4121.51,4105.47,4140.12,4098.24,46567185.0,132366694367.9,1.02,4105.47,sh000903
2022-08-17 00:00:00,4111.01,4146.8,4153.68,4082.26,53094298.0,137796378379.9,1.74,4146.8,sh000903
2022-08-18 00:00:00,4136.64,4108.9,4143.56,4104.1,45985459.0,123345159806.0,0.95,4108.9,sh000903
2022-08-19 00:00:00,4106.93,4079.62,4110.41,4079.15,55298111.0,142386524337.7,0.76,4079.62,sh000903
2022-08-22 00:00:00,4066.0,4113.16,4116.62,4061.42,52515670.0,143318896146.6,1.35,4113.16,sh000903
2022-08-23 00:00:00,4107.14,4093.34,4121.07,4079.17,44861555.0,127589390356.9,1.02,4093.34,sh000903
2022-08-24 00:00:00,4106.2,4008.99,4109.86,4004.46,55745254.0,146884306830.7,2.57,4008.99,sh000903
2022-08-25 00:00:00,4019.48,4037.39,4040.79,3976.01,54125178.0,133055287602.0,1.62,4037.39,sh000903
2022-08-26 00:00:00,4050.59,4023.96,4054.43,4019.39,46467168.0,119042300604.4,0.87,4023.96,sh000903
2022-08-29 00:00:00,3978.89,4007.99,4010.9,3974.17,42868139.0,102939281967.5,0.91,4007.99,sh000903
2022-08-30 00:00:00,4006.12,3987.17,4009.51,3959.46,44517296.0,103813492466.2,1.25,3987.17,sh000903
2022-08-31 00:00:00,3964.45,3990.65,4022.59,3954.99,64022283.0,166031843266.5,1.7,3990.65,sh000903
2022-09-01 00:00:00,3977.76,3952.53,4004.53,3949.88,46560336.0,114854929202.3,1.37,3952.53,sh000903
2022-09-02 00:00:00,3965.85,3932.13,3966.83,3912.69,38464015.0,96896735459.8,1.37,3932.13,sh000903
2022-09-05 00:00:00,3916.46,3921.13,3925.08,3889.31,44019591.0,110718151991.7,0.91,3921.13,sh000903
2022-09-06 00:00:00,3929.54,3951.33,3953.32,3907.45,50756147.0,130172288648.3,1.17,3951.33,sh000903
2022-09-07 00:00:00,3929.12,3956.88,3968.88,3925.33,49997850.0,119881530878.1,1.1,3956.88,sh000903
2022-09-08 00:00:00,3960.8,3932.75,3968.34,3931.06,43757452.0,99194829993.1,0.94,3932.75,sh000903
2022-09-09 00:00:00,3948.97,3995.32,4000.42,3939.41,53539453.0,121377642822.1,1.55,3995.32,sh000903
2022-09-13 00:00:00,4015.97,4012.61,4028.33,3997.16,48636217.0,115768111011.3,0.78,4012.61,sh000903
2022-09-14 00:00:00,3959.81,3962.92,3988.75,3945.0,42348298.0,103100127674.3,1.09,3962.92,sh000903
2022-09-15 00:00:00,3975.85,3923.76,3984.68,3895.92,57528664.0,139586897710.5,2.24,3923.76,sh000903
2022-09-16 00:00:00,3909.72,3835.2,3916.1,3835.05,65510530.0,134160220842.1,2.07,3835.2,sh000903
2022-09-19 00:00:00,3829.93,3832.64,3859.99,3815.16,46998745.0,100442632169.1,1.17,3832.64,sh000903
2022-09-20 00:00:00,3849.5,3835.13,3861.42,3823.79,40851555.0,99930551795.1,0.98,3835.13,sh000903
2022-09-21 00:00:00,3822.88,3797.65,3823.55,3782.62,42418140.0,96388891578.9,1.07,3797.65,sh000903
2022-09-22 00:00:00,3766.66,3757.8,3789.96,3748.26,41024647.0,92591880720.1,1.1,3757.8,sh000903
2022-09-23 00:00:00,3754.55,3745.7,3777.34,3720.23,46230307.0,94742429665.1,1.52,3745.7,sh000903
2022-09-26 00:00:00,3717.26,3731.97,3787.03,3715.84,52780223.0,108337631413.5,1.9,3731.97,sh000903
2022-09-27 00:00:00,3739.39,3784.04,3785.23,3720.77,44375341.0,99236325891.4,1.73,3784.04,sh000903
2022-09-28 00:00:00,3771.09,3713.46,3771.09,3712.16,42606926.0,93687333910.4,1.56,3713.46,sh000903
2022-09-29 00:00:00,3751.97,3720.9,3760.83,3702.99,42544192.0,97634437611.6,1.56,3720.9,sh000903
2022-09-30 00:00:00,3729.89,3697.86,3742.02,3692.14,39741936.0,91934002970.8,1.34,3697.86,sh000903
2022-10-10 00:00:00,3708.04,3618.59,3708.12,3613.08,48672552.0,105653961019.6,2.57,3618.59,sh000903
2022-10-11 00:00:00,3632.38,3632.03,3641.84,3611.32,39719952.0,92354174101.5,0.84,3632.03,sh000903
2022-10-12 00:00:00,3625.66,3686.58,3686.64,3560.66,58548740.0,122387681403.0,3.47,3686.58,sh000903
2022-10-13 00:00:00,3654.82,3644.12,3676.5,3639.3,51314847.0,112485180532.1,1.01,3644.12,sh000903
2022-10-14 00:00:00,3679.09,3743.41,3765.69,3674.36,60437489.0,149722986193.5,2.51,3743.41,sh000903
2022-10-17 00:00:00,3720.89,3747.89,3751.27,3706.72,54712678.0,124273853055.5,1.19,3747.89,sh000903
2022-10-18 00:00:00,3769.96,3738.58,3772.41,3731.9,42208039.0,103251944081.2,1.08,3738.58,sh000903
2022-10-19 00:00:00,3728.68,3676.01,3744.21,3676.01,40620210.0,105245204786.1,1.82,3676.01,sh000903
2022-10-20 00:00:00,3640.82,3646.72,3696.9,3617.26,41747192.0,110456418756.5,2.17,3646.72,sh000903
2022-10-21 00:00:00,3640.72,3631.41,3657.62,3611.1,41409192.0,94419916239.0,1.28,3631.41,sh000903
2022-10-24 00:00:00,3609.88,3517.33,3646.53,3502.9,59945276.0,145288374481.1,3.96,3517.33,sh000903
2022-10-25 00:00:00,3506.19,3507.46,3553.47,3476.36,51007708.0,121980659551.7,2.19,3507.46,sh000903
2022-10-26 00:00:00,3514.66,3533.72,3581.65,3512.82,58538212.0,132594869479.8,1.96,3533.72,sh000903
2022-10-27 00:00:00,3548.84,3509.07,3567.53,3506.81,55604666.0,140708147930.2,1.72,3509.07,sh000903
2022-10-28 00:00:00,3481.88,3406.49,3492.14,3398.54,55982614.0,137071932135.3,2.67,3406.49,sh000903
2022-10-31 00:00:00,3366.98,3374.87,3422.42,3362.74,68583084.0,142703181858.0,1.75,3374.87,sh000903
2022-11-01 00:00:00,3387.41,3506.67,3506.67,3381.9,72739737.0,166138471815.1,3.7,3506.67,sh000903
2022-11-02 00:00:00,3495.25,3549.45,3573.6,3483.15,69177567.0,157324659254.6,2.58,3549.45,sh000903
2022-11-03 00:00:00,3517.48,3515.02,3543.58,3495.51,58766347.0,118475274493.4,1.35,3515.02,sh000903
2022-11-04 00:00:00,3514.67,3638.34,3653.36,3514.67,75298188.0,172663692013.9,3.95,3638.34,sh000903
2022-11-07 00:00:00,3628.09,3651.15,3671.42,3622.29,69986541.0,142298384110.6,1.35,3651.15,sh000903
2022-11-08 00:00:00,3651.19,3627.88,3660.05,3599.87,51511184.0,109484798768.4,1.65,3627.88,sh000903
2022-11-09 00:00:00,3629.28,3587.58,3638.66,3583.93,45838339.0,95295440026.3,1.51,3587.58,sh000903
2022-11-10 00:00:00,3554.81,3548.63,3565.99,3527.41,56775182.0,101435336795.0,1.08,3548.63,sh000903
2022-11-11 00:00:00,3657.45,3660.15,3699.91,3616.77,100684751.0,195929301876.2,2.34,3660.15,sh000903
2022-11-14 00:00:00,3697.68,3667.92,3726.9,3655.26,83753615.0,176570994083.9,1.96,3667.92,sh000903
2022-11-15 00:00:00,3664.8,3743.18,3746.8,3646.69,73907454.0,158713763875.9,2.73,3743.18,sh000903
2022-11-16 00:00:00,3740.05,3712.8,3753.56,3707.79,59835191.0,128967092937.2,1.22,3712.8,sh000903
2022-11-17 00:00:00,3701.9,3689.95,3701.9,3648.49,53989474.0,122263937736.5,1.44,3689.95,sh000903
2022-11-18 00:00:00,3697.2,3678.47,3717.05,3678.43,56326282.0,121044406348.2,1.05,3678.47,sh000903
2022-11-21 00:00:00,3645.83,3646.22,3647.91,3610.5,47003476.0,101916538941.1,1.02,3646.22,sh000903
2022-11-22 00:00:00,3643.14,3641.45,3683.67,3624.96,63018219.0,104755365597.1,1.61,3641.45,sh000903
2022-11-23 00:00:00,3629.09,3643.46,3663.11,3622.21,61757074.0,104391613733.0,1.12,3643.46,sh000903
2022-11-24 00:00:00,3664.14,3627.13,3677.27,3621.53,43771849.0,83586000573.4,1.53,3627.13,sh000903
2022-11-25 00:00:00,3621.59,3645.08,3660.85,3613.44,67101398.0,103831671863.9,1.31,3645.08,sh000903
2022-11-28 00:00:00,3567.93,3596.58,3600.75,3535.03,58757866.0,105161390875.6,1.8,3596.58,sh000903
2022-11-29 00:00:00,3636.46,3713.57,3721.41,3634.26,75352963.0,147924940754.5,2.42,3713.57,sh000903
2022-11-30 00:00:00,3700.68,3718.28,3729.55,3697.53,71103390.0,128403621591.9,0.86,3718.28,sh000903
2022-12-01 00:00:00,3789.19,3765.51,3811.83,3764.41,83069663.0,162846713136.8,1.28,3765.51,sh000903
2022-12-02 00:00:00,3756.96,3740.76,3769.39,3737.26,55753010.0,105335247215.3,0.85,3740.76,sh000903
2022-12-05 00:00:00,3773.71,3808.11,3809.07,3763.79,98734319.0,159318827840.0,1.21,3808.11,sh000903
2022-12-06 00:00:00,3790.66,3829.92,3845.95,3784.85,72749376.0,142100923842.7,1.6,3829.92,sh000903
2022-12-07 00:00:00,3818.24,3826.32,3866.96,3812.73,67522481.0,137509374245.3,1.42,3826.32,sh000903
2022-12-08 00:00:00,3820.97,3826.49,3839.82,3808.11,51718427.0,102189607506.8,0.83,3826.49,sh000903
2022-12-09 00:00:00,3831.09,3871.54,3876.24,3817.59,72891573.0,140096867584.6,1.53,3871.54,sh000903
2022-12-12 00:00:00,3847.59,3832.71,3862.93,3829.54,58859115.0,120194906987.1,0.86,3832.71,sh000903
2022-12-13 00:00:00,3833.59,3817.48,3838.18,3812.81,47605699.0,96878984888.3,0.66,3817.48,sh000903
2022-12-14 00:00:00,3823.67,3820.72,3838.15,3804.46,49162925.0,105794562251.9,0.88,3820.72,sh000903
2022-12-15 00:00:00,3822.13,3827.64,3833.74,3795.94,43905646.0,100556875011.2,0.99,3827.64,sh000903
2022-12-16 00:00:00,3806.16,3825.82,3831.69,3800.97,42618780.0,90129347697.9,0.8,3825.82,sh000903
2022-12-19 00:00:00,3824.74,3773.02,3840.49,3757.27,51222586.0,99067600401.0,2.18,3773.02,sh000903
2022-12-20 00:00:00,3759.05,3706.91,3759.05,3688.42,38896960.0,89182450488.6,1.87,3706.91,sh000903
2022-12-21 00:00:00,3715.02,3708.8,3731.22,3700.11,31295391.0,66357787168.6,0.84,3708.8,sh000903
2022-12-22 00:00:00,3740.11,3712.53,3757.06,3698.13,41484282.0,89321528643.5,1.59,3712.53,sh000903
2022-12-23 00:00:00,3688.32,3706.02,3725.92,3679.33,32962627.0,70726134149.1,1.25,3706.02,sh000903
2022-12-26 00:00:00,3707.84,3720.57,3734.03,3705.62,34562353.0,82789294452.4,0.77,3720.57,sh000903
2022-12-27 00:00:00,3735.66,3757.82,3762.11,3729.81,35171630.0,80859988197.3,0.87,3757.82,sh000903
2022-12-28 00:00:00,3743.92,3740.21,3751.45,3718.76,38712987.0,86700439636.0,0.87,3740.21,sh000903
2022-12-29 00:00:00,3721.41,3726.38,3738.31,3707.11,38450248.0,81089714553.1,0.83,3726.38,sh000903
2022-12-30 00:00:00,3744.87,3735.1,3760.0,3735.1,35468537.0,80608063457.6,0.67,3735.1,sh000903
2023-01-03 00:00:00,3728.94,3759.04,3766.56,3697.21,53654517.0,106667904434.6,1.86,3759.04,sh000903
2023-01-04 00:00:00,3757.81,3760.33,3775.96,3740.24,52710263.0,112236685534.2,0.95,3760.33,sh000903
2023-01-05 00:00:00,3783.12,3844.84,3849.82,3782.02,58905212.0,148467307317.5,1.8,3844.84,sh000903
2023-01-06 00:00:00,3845.2,3859.63,3883.13,3844.01,58084669.0,135121531467.4,1.02,3859.63,sh000903
2023-01-09 00:00:00,3879.27,3890.1,3901.73,3870.85,56724350.0,124576223792.0,0.8,3890.1,sh000903
2023-01-10 00:00:00,3891.8,3898.05,3911.89,3879.53,44968014.0,117471349580.6,0.83,3898.05,sh000903
2023-01-11 00:00:00,3903.07,3894.52,3929.73,3892.64,48671209.0,111188623071.1,0.95,3894.52,sh000903
2023-01-12 00:00:00,3908.56,3904.64,3924.2,3892.97,45590122.0,105096885622.6,0.8,3904.64,sh000903
2023-01-13 00:00:00,3924.52,3959.89,3959.89,3917.85,44250076.0,114465782283.5,1.08,3959.89,sh000903
2023-01-16 00:00:00,3960.46,4024.63,4062.67,3958.69,65392820.0,167203718505.8,2.63,4024.63,sh000903
2023-01-17 00:00:00,4024.9,4024.7,4036.71,4007.56,44782224.0,109751148755.8,0.72,4024.7,sh000903
2023-01-18 00:00:00,4029.37,4018.32,4038.43,4012.76,40607128.0,89849827946.8,0.64,4018.32,sh000903
2023-01-19 00:00:00,4013.94,4046.89,4046.89,3994.27,48775126.0,108542512242.5,1.31,4046.89,sh000903
2023-01-20 00:00:00,4059.52,4079.36,4089.91,4056.55,70199111.0,129979371768.5,0.82,4079.36,sh000903
2023-01-30 00:00:00,4175.02,4100.82,4175.02,4096.39,87226803.0,190386531130.2,1.93,4100.82,sh000903
2023-01-31 00:00:00,4101.09,4062.44,4114.77,4057.74,64473174.0,141594166860.5,1.39,4062.44,sh000903
2023-02-01 00:00:00,4079.18,4102.91,4102.91,4047.45,72066003.0,149058213884.7,1.37,4102.91,sh000903
2023-02-02 00:00:00,4112.21,4087.77,4112.38,4077.3,62714822.0,142590988031.1,0.86,4087.77,sh000903
2023-02-03 00:00:00,4067.09,4044.15,4067.09,4004.44,58862677.0,130377650371.2,1.53,4044.15,sh000903
2023-02-06 00:00:00,4003.51,3987.9,4004.46,3960.44,58691068.0,130147699190.1,1.09,3987.9,sh000903
2023-02-07 00:00:00,3998.94,3991.26,4006.95,3975.6,44175216.0,96798096175.7,0.79,3991.26,sh000903
2023-02-08 00:00:00,3997.47,3976.06,4011.43,3971.46,43024679.0,94433028753.1,1.0,3976.06,sh000903
2023-02-09 00:00:00,3964.61,4025.42,4025.42,3961.04,46751972.0,108501087565.9,1.62,4025.42,sh000903
2023-02-10 00:00:00,4017.21,3995.78,4019.32,3982.4,42169782.0,99115582430.6,0.92,3995.78,sh000903
2023-02-13 00:00:00,3988.74,4034.05,4036.53,3982.38,54600928.0,125572642246.6,1.36,4034.05,sh000903
2023-02-14 00:00:00,4044.03,4033.77,4045.15,4012.44,46131026.0,103531046863.8,0.81,4033.77,sh000903
2023-02-15 00:00:00,4035.04,4010.71,4044.48,4003.05,65480464.0,118612770130.3,1.03,4010.71,sh000903
2023-02-16 00:00:00,4013.95,3985.73,4057.62,3959.52,80002992.0,147275846872.1,2.45,3985.73,sh000903
2023-02-17 00:00:00,3978.31,3919.84,3994.06,3918.19,57885053.0,122252506751.2,1.9,3919.84,sh000903
2023-02-20 00:00:00,3921.11,4020.97,4022.41,3918.1,83200910.0,157618281264.7,2.66,4020.97,sh000903
2023-02-21 00:00:00,4018.19,4035.85,4045.61,4006.7,77037221.0,138216839584.7,0.97,4035.85,sh000903
2023-02-22 00:00:00,4007.25,3989.2,4018.53,3984.13,54761750.0,106394869260.9,0.85,3989.2,sh000903
2023-02-23 00:00:00,3989.04,3986.2,4014.68,3970.3,51500447.0,105585881884.6,1.11,3986.2,sh000903
2023-02-24 00:00:00,3981.45,3939.09,3983.66,3926.65,50753785.0,99249388911.4,1.43,3939.09,sh000903
2023-02-27 00:00:00,3915.83,3915.94,3940.77,3908.45,46326710.0,99081666936.9,0.82,3915.94,sh000903
2023-02-28 00:00:00,3931.9,3943.69,3949.39,3898.76,58229208.0,111422189430.2,1.29,3943.69,sh000903
2023-03-01 00:00:00,3942.54,4005.8,4017.32,3936.05,78188561.0,138368381027.4,2.06,4005.8,sh000903
2023-03-02 00:00:00,3997.66,3994.06,4016.88,3989.33,73462086.0,127574233375.2,0.69,3994.06,sh000903
2023-03-03 00:00:00,4003.23,4003.18,4011.38,3975.56,74093006.0,116093723605.3,0.9,4003.18,sh000903
2023-03-06 00:00:00,4004.08,3983.1,4005.87,3954.08,75695331.0,147081529227.0,1.29,3983.1,sh000903
2023-03-07 00:00:00,3976.1,3922.5,3998.92,3919.38,92502822.0,139728130530.7,2.0,3922.5,sh000903
2023-03-08 00:00:00,3902.45,3903.37,3910.32,3880.19,56543153.0,98975872432.3,0.77,3903.37,sh000903
2023-03-09 00:00:00,3904.46,3893.79,3915.25,3871.85,58318785.0,108409502399.2,1.11,3893.79,sh000903
2023-03-10 00:00:00,3865.25,3846.18,3880.11,3845.16,60637831.0,116563789037.1,0.9,3846.18,sh000903
2023-03-13 00:00:00,3840.9,3885.94,3887.51,3840.9,74590451.0,133117476325.9,1.21,3885.94,sh000903
2023-03-14 00:00:00,3877.33,3864.4,3882.35,3824.74,75712443.0,147147623101.4,1.48,3864.4,sh000903
2023-03-15 00:00:00,3892.44,3866.77,3901.11,3866.54,67182794.0,124071238980.1,0.89,3866.77,sh000903
2023-03-16 00:00:00,3833.23,3810.97,3854.11,3808.02,69537082.0,128565530818.9,1.19,3810.97,sh000903
2023-03-17 00:00:00,3845.89,3832.12,3878.62,3817.62,85832287.0,170322582908.1,1.6,3832.12,sh000903
2023-03-20 00:00:00,3835.46,3809.46,3852.0,3804.56,93210422.0,165625079115.9,1.24,3809.46,sh000903
2023-03-21 00:00:00,3818.06,3858.4,3858.8,3817.41,64539917.0,128972714505.9,1.09,3858.4,sh000903
2023-03-22 00:00:00,3871.8,3877.01,3893.62,3862.48,73271475.0,141313300956.3,0.81,3877.01,sh000903
2023-03-23 00:00:00,3862.23,3909.31,3909.31,3859.73,77366934.0,152061134209.7,1.28,3909.31,sh000903
2023-03-24 00:00:00,3906.05,3895.14,3906.05,3884.6,77723320.0,156448764193.4,0.55,3895.14,sh000903
2023-03-27 00:00:00,3890.53,3883.28,3890.53,3858.49,81133707.0,165352469360.5,0.82,3883.28,sh000903
2023-03-28 00:00:00,3887.28,3864.11,3893.83,3859.36,64342963.0,123590288058.9,0.89,3864.11,sh000903
2023-03-29 00:00:00,3880.47,3871.62,3885.7,3862.71,60533017.0,131600954953.8,0.59,3871.62,sh000903
2023-03-30 00:00:00,3874.31,3904.62,3905.85,3851.19,71869833.0,149879854236.6,1.41,3904.62,sh000903
2023-03-31 00:00:00,3914.93,3917.21,3929.61,3906.33,65344162.0,149853739941.6,0.6,3917.21,sh000903
2023-04-03 00:00:00,3926.91,3950.52,3954.47,3918.03,89505385.0,209807608298.0,0.93,3950.52,sh000903
2023-04-04 00:00:00,3949.58,3951.03,3952.0,3928.02,95756990.0,209069361293.9,0.61,3951.03,sh000903
2023-04-06 00:00:00,3928.32,3945.89,3947.73,3922.08,73665327.0,170886043827.3,0.65,3945.89,sh000903
2023-04-07 00:00:00,3948.57,3982.61,3990.9,3947.59,62332132.0,153927642307.9,1.1,3982.61,sh000903
2023-04-10 00:00:00,3993.57,3975.47,3994.64,3965.53,74054461.0,180161512599.5,0.73,3975.47,sh000903
2023-04-11 00:00:00,3979.15,3972.8,3988.69,3956.3,73160109.0,167167493965.8,0.81,3972.8,sh000903
2023-04-12 00:00:00,3974.72,3972.82,3983.42,3964.79,82703485.0,171238086701.2,0.47,3972.82,sh000903
2023-04-13 00:00:00,3955.43,3939.53,3959.19,3929.51,70406633.0,152680096124.6,0.75,3939.53,sh000903
2023-04-14 00:00:00,3949.85,3967.22,3976.42,3948.06,67951941.0,164365332555.3,0.72,3967.22,sh000903
2023-04-17 00:00:00,3963.18,4020.34,4020.34,3960.15,82413577.0,178826218692.5,1.52,4020.34,sh000903
2023-04-18 00:00:00,4008.19,4029.11,4041.16,4007.14,74868542.0,170516166180.9,0.85,4029.11,sh000903
2023-04-19 00:00:00,4028.59,3991.92,4028.59,3986.43,77361252.0,161038974672.5,1.05,3991.92,sh000903
2023-04-20 00:00:00,3989.12,3969.97,3989.88,3951.67,76041516.0,176039076853.2,0.96,3969.97,sh000903
2023-04-21 00:00:00,3973.98,3893.29,3973.98,3891.57,81492286.0,182998896355.1,2.08,3893.29,sh000903
2023-04-24 00:00:00,3891.71,3842.19,3893.99,3827.05,77540732.0,172492665655.6,1.72,3842.19,sh000903
2023-04-25 00:00:00,3843.76,3808.31,3847.21,3775.41,74868858.0,168312099068.1,1.87,3808.31,sh000903
2023-04-26 00:00:00,3795.53,3818.71,3834.2,3785.32,68799787.0,166699574518.7,1.28,3818.71,sh000903
2023-04-27 00:00:00,3807.97,3850.99,3862.1,3803.35,63598512.0,155128965890.1,1.54,3850.99,sh000903
2023-04-28 00:00:00,3857.31,3886.03,3886.58,3857.31,68714436.0,156382971514.4,0.76,3886.03,sh000903
2023-05-04 00:00:00,3869.31,3872.06,3882.19,3852.78,87963922.0,163779765714.0,0.76,3872.06,sh000903
2023-05-05 00:00:00,3874.41,3849.67,3876.53,3826.5,77685001.0,143334937190.4,1.29,3849.67,sh000903
2023-05-08 00:00:00,3863.33,3880.58,3884.79,3845.57,91295528.0,167686895037.9,1.02,3880.58,sh000903
2023-05-09 00:00:00,3878.42,3841.34,3898.22,3839.7,95980345.0,171779362973.2,1.51,3841.34,sh000903
2023-05-10 00:00:00,3833.6,3834.19,3849.69,3818.93,72136197.0,143603766646.5,0.8,3834.19,sh000903
2023-05-11 00:00:00,3841.12,3830.72,3849.33,3829.41,53856080.0,118438496016.8,0.52,3830.72,sh000903
2023-05-12 00:00:00,3829.69,3776.55,3838.56,3776.48,60997744.0,119004291449.7,1.62,3776.55,sh000903
2023-05-15 00:00:00,3778.71,3836.51,3836.51,3767.33,68372945.0,139775493781.6,1.83,3836.51,sh000903
2023-05-16 00:00:00,3841.66,3818.48,3841.66,3806.75,50291352.0,114380583686.4,0.91,3818.48,sh000903
2023-05-17 00:00:00,3812.9,3799.5,3821.1,3786.88,48362870.0,99577289843.6,0.9,3799.5,sh000903
2023-05-18 00:00:00,3805.99,3784.59,3814.16,3769.7,51314679.0,107129132423.4,1.17,3784.59,sh000903
2023-05-19 00:00:00,3772.22,3776.05,3797.74,3756.48,45892937.0,96722478482.3,1.09,3776.05,sh000903
2023-05-22 00:00:00,3774.03,3805.23,3818.76,3770.33,42563797.0,93100305127.0,1.28,3805.23,sh000903
2023-05-23 00:00:00,3806.32,3754.71,3810.12,3754.71,48690149.0,90974275110.5,1.46,3754.71,sh000903
2023-05-24 00:00:00,3747.81,3706.09,3748.37,3706.09,55097206.0,102973004087.9,1.13,3706.09,sh000903
2023-05-25 00:00:00,3696.63,3689.27,3706.57,3659.85,54459286.0,104921058611.8,1.26,3689.27,sh000903
2023-05-26 00:00:00,3686.55,3678.06,3686.55,3645.48,41079248.0,92612476219.9,1.11,3678.06,sh000903
2023-05-29 00:00:00,3691.52,3656.39,3694.98,3642.08,56505421.0,109691339595.7,1.44,3656.39,sh000903
2023-05-30 00:00:00,3651.1,3665.87,3671.77,3615.87,62389785.0,122379341968.0,1.53,3665.87,sh000903
2023-05-31 00:00:00,3653.34,3617.3,3653.54,3602.66,56456932.0,117168415081.1,1.39,3617.3,sh000903
2023-06-01 00:00:00,3607.96,3634.33,3659.93,3607.24,56267816.0,116845454451.1,1.46,3634.33,sh000903
2023-06-02 00:00:00,3651.4,3700.65,3704.0,3651.4,54643187.0,120467308715.1,1.45,3700.65,sh000903
2023-06-05 00:00:00,3697.95,3679.96,3697.99,3669.16,46288335.0,105480081656.7,0.78,3679.96,sh000903
2023-06-06 00:00:00,3676.19,3649.31,3703.2,3644.71,54085097.0,112588657844.9,1.59,3649.31,sh000903
2023-06-07 00:00:00,3659.31,3626.07,3665.94,3618.3,42185940.0,99519741433.5,1.31,3626.07,sh000903
2023-06-08 00:00:00,3630.71,3654.96,3670.12,3617.64,48898115.0,98892948850.9,1.45,3654.96,sh000903
2023-06-09 00:00:00,3657.74,3667.93,3668.18,3642.27,62547054.0,124877093172.0,0.71,3667.93,sh000903
2023-06-12 00:00:00,3657.24,3673.86,3689.2,3645.07,55151031.0,119964559984.4,1.2,3673.86,sh000903
2023-06-13 00:00:00,3667.21,3694.15,3697.71,3660.37,49160841.0,110640143105.4,1.02,3694.15,sh000903
2023-06-14 00:00:00,3704.49,3693.72,3719.63,3691.22,53323160.0,119070543525.5,0.77,3693.72,sh000903
2023-06-15 00:00:00,3702.35,3766.04,3766.04,3702.09,56778348.0,153631955062.3,1.73,3766.04,sh000903
2023-06-16 00:00:00,3772.79,3805.52,3810.09,3769.6,59783535.0,144446961879.5,1.08,3805.52,sh000903
2023-06-19 00:00:00,3800.72,3766.25,3800.72,3759.1,57604219.0,130132279611.2,1.09,3766.25,sh000903
2023-06-20 00:00:00,3762.85,3765.98,3779.09,3759.86,52092715.0,132492751206.6,0.51,3765.98,sh000903
2023-06-21 00:00:00,3752.58,3709.22,3765.62,3709.22,53296061.0,124841858982.9,1.5,3709.22,sh000903
2023-06-26 00:00:00,3679.2,3667.43,3696.85,3655.54,58400978.0,118269062731.6,1.11,3667.43,sh000903
2023-06-27 00:00:00,3669.7,3701.67,3710.13,3665.56,53644754.0,105977290284.7,1.22,3701.67,sh000903
2023-06-28 00:00:00,3693.14,3696.92,3702.78,3664.76,48298309.0,107466446669.0,1.03,3696.92,sh000903
2023-06-29 00:00:00,3694.8,3675.46,3699.39,3670.17,44632024.0,101725031133.2,0.79,3675.46,sh000903
2023-06-30 00:00:00,3667.1,3688.14,3708.07,3661.73,46863770.0,106360079907.0,1.26,3688.14,sh000903
2023-07-03 00:00:00,3702.25,3731.95,3739.49,3701.08,60982861.0,130894381540.7,1.04,3731.95,sh000903
2023-07-04 00:00:00,3728.35,3736.68,3738.46,3719.27,49225448.0,107644049905.1,0.51,3736.68,sh000903
2023-07-05 00:00:00,3732.87,3712.29,3739.71,3707.38,48302014.0,96173325352.7,0.87,3712.29,sh000903
2023-07-06 00:00:00,3700.97,3683.27,3719.47,3677.55,49508336.0,95594702218.6,1.13,3683.27,sh000903
2023-07-07 00:00:00,3671.51,3660.65,3679.44,3654.36,51909750.0,90661258312.3,0.68,3660.65,sh000903
2023-07-10 00:00:00,3677.36,3686.1,3707.81,3674.71,47059451.0,101529986654.3,0.9,3686.1,sh000903
2023-07-11 00:00:00,3697.25,3710.27,3712.42,3686.44,40848094.0,91735852740.0,0.7,3710.27,sh000903
2023-07-12 00:00:00,3707.3,3691.81,3720.25,3686.08,52089612.0,108282603903.3,0.92,3691.81,sh000903
2023-07-13 00:00:00,3702.77,3739.31,3741.36,3702.77,56110150.0,121533179143.8,1.05,3739.31,sh000903
2023-07-14 00:00:00,3748.36,3742.27,3753.82,3736.49,61307704.0,113223761279.5,0.46,3742.27,sh000903
2023-07-17 00:00:00,3726.36,3709.61,3726.36,3695.13,48406830.0,85517933694.3,0.83,3709.61,sh000903
2023-07-18 00:00:00,3715.44,3697.34,3715.44,3686.28,39902164.0,80761965261.5,0.79,3697.34,sh000903
2023-07-19 00:00:00,3691.86,3694.75,3704.41,3675.62,36182018.0,77885251474.1,0.78,3694.75,sh000903
2023-07-20 00:00:00,3702.13,3673.55,3723.72,3668.74,43079101.0,90738120851.7,1.49,3673.55,sh000903
2023-07-21 00:00:00,3666.61,3669.03,3696.75,3655.82,39243794.0,83231085360.9,1.11,3669.03,sh000903
2023-07-24 00:00:00,3647.66,3647.18,3672.45,3641.51,33984922.0,77095901265.6,0.84,3647.18,sh000903
2023-07-25 00:00:00,3706.18,3755.99,3755.99,3706.18,70799987.0,146772987064.7,1.37,3755.99,sh000903
2023-07-26 00:00:00,3748.91,3749.01,3752.71,3735.61,47422572.0,93275789022.6,0.46,3749.01,sh000903
2023-07-27 00:00:00,3756.58,3741.81,3772.03,3734.44,46781148.0,92387008707.4,1.0,3741.81,sh000903
2023-07-28 00:00:00,3730.03,3824.68,3832.62,3727.09,71789355.0,140279680845.3,2.82,3824.68,sh000903
2023-07-31 00:00:00,3852.09,3843.6,3891.11,3831.51,78200090.0,172605022103.1,1.56,3843.6,sh000903
2023-08-01 00:00:00,3840.07,3829.38,3859.62,3815.45,59745416.0,122633300320.2,1.15,3829.38,sh000903
2023-08-02 00:00:00,3818.91,3803.13,3838.23,3792.1,50120376.0,96738393165.0,1.2,3803.13,sh000903
2023-08-03 00:00:00,3793.02,3833.04,3833.39,3792.88,50073774.0,105063657118.1,1.07,3833.04,sh000903
2023-08-04 00:00:00,3861.27,3846.54,3881.39,3837.91,71319235.0,146180770114.0,1.13,3846.54,sh000903
2023-08-07 00:00:00,3831.02,3816.26,3831.02,3803.29,51962038.0,112605171200.9,0.72,3816.26,sh000903
2023-08-08 00:00:00,3809.49,3808.11,3829.49,3792.48,42710803.0,93826501781.0,0.97,3808.11,sh000903
2023-08-09 00:00:00,3796.96,3799.3,3813.86,3794.15,38396581.0,81316336740.4,0.52,3799.3,sh000903
2023-08-10 00:00:00,3794.51,3802.85,3806.62,3773.74,38072881.0,80151878530.6,0.87,3802.85,sh000903
2023-08-11 00:00:00,3807.18,3715.5,3807.18,3715.5,53509387.0,97929402147.3,2.41,3715.5,sh000903
2023-08-14 00:00:00,3673.13,3687.75,3690.86,3646.99,50420343.0,99183654787.2,1.18,3687.75,sh000903
2023-08-15 00:00:00,3689.04,3673.52,3695.12,3640.94,42366885.0,86915238403.2,1.47,3673.52,sh000903
2023-08-16 00:00:00,3658.34,3642.67,3673.55,3642.03,40076902.0,86853274229.7,0.86,3642.67,sh000903
2023-08-17 00:00:00,3626.68,3657.07,3662.15,3606.28,38127108.0,82047638390.9,1.53,3657.07,sh000903
2023-08-18 00:00:00,3655.98,3608.53,3664.45,3608.53,38249920.0,80091929530.2,1.53,3608.53,sh000903
2023-08-21 00:00:00,3595.88,3561.97,3611.78,3561.97,40660721.0,85180494297.3,1.38,3561.97,sh000903
2023-08-22 00:00:00,3580.04,3584.39,3598.48,3535.24,58776237.0,106290495149.7,1.78,3584.39,sh000903
2023-08-23 00:00:00,3578.92,3522.38,3582.75,3520.74,44884393.0,83026795106.3,1.73,3522.38,sh000903
2023-08-24 00:00:00,3538.09,3554.94,3579.14,3531.56,52988258.0,97498641310.3,1.35,3554.94,sh000903
2023-08-25 00:00:00,3537.21,3543.78,3568.99,3529.8,47460434.0,87963324799.5,1.1,3543.78,sh000903
2023-08-28 00:00:00,3737.15,3594.87,3737.15,3582.39,81991888.0,161761192569.9,4.37,3594.87,sh000903
2023-08-29 00:00:00,3587.65,3636.08,3658.25,3586.99,63154387.0,129139827528.3,1.98,3636.08,sh000903
2023-08-30 00:00:00,3653.15,3644.19,3666.71,3634.41,58151053.0,110758236684.0,0.89,3644.19,sh000903
2023-08-31 00:00:00,3644.96,3625.64,3651.13,3620.7,47990392.0,91513426558.8,0.84,3625.64,sh000903
2023-09-01 00:00:00,3639.01,3649.71,3667.99,3637.51,45344818.0,83733676051.7,0.84,3649.71,sh000903
2023-09-04 00:00:00,3675.06,3707.81,3713.92,3664.73,64509488.0,118491226932.4,1.35,3707.81,sh000903
2023-09-05 00:00:00,3699.02,3683.2,3699.54,3677.5,44151472.0,91029300170.0,0.59,3683.2,sh000903
2023-09-06 00:00:00,3671.93,3672.11,3678.36,3651.98,40351320.0,83755338429.5,0.72,3672.11,sh000903
2023-09-07 00:00:00,3661.91,3615.8,3661.91,3614.59,41818342.0,85404940480.7,1.29,3615.8,sh000903
2023-09-08 00:00:00,3605.09,3588.6,3610.38,3575.95,30628649.0,64883425377.9,0.95,3588.6,sh000903
2023-09-11 00:00:00,3589.19,3610.27,3632.26,3583.27,42520491.0,90714216893.4,1.37,3610.27,sh000903
2023-09-12 00:00:00,3607.64,3604.95,3617.62,3597.03,34623665.0,69630590980.8,0.57,3604.95,sh000903
2023-09-13 00:00:00,3603.53,3581.95,3613.95,3564.76,37809075.0,71578082826.6,1.36,3581.95,sh000903
2023-09-14 00:00:00,3581.93,3576.89,3594.12,3561.46,41968158.0,77042538839.9,0.91,3576.89,sh000903
2023-09-15 00:00:00,3583.67,3551.4,3591.79,3542.11,48943125.0,96631630257.7,1.39,3551.4,sh000903
2023-09-18 00:00:00,3541.77,3574.56,3586.22,3536.37,38845471.0,84342833212.9,1.4,3574.56,sh000903
2023-09-19 00:00:00,3570.25,3565.76,3570.25,3547.58,34081303.0,67769423763.0,0.63,3565.76,sh000903
2023-09-20 00:00:00,3561.17,3549.48,3562.34,3547.61,31807261.0,59449261949.3,0.41,3549.48,sh000903
2023-09-21 00:00:00,3540.82,3514.55,3551.12,3514.55,36145722.0,67920879704.3,1.03,3514.55,sh000903
2023-09-22 00:00:00,3516.52,3587.69,3588.34,3506.64,49903674.0,100515897243.7,2.32,3587.69,sh000903
2023-09-25 00:00:00,3588.02,3560.99,3588.02,3557.2,37924101.0,76542715201.9,0.86,3560.99,sh000903
2023-09-26 00:00:00,3555.55,3532.88,3567.51,3532.06,35013001.0,70893589029.2,1.0,3532.88,sh000903
2023-09-27 00:00:00,3534.25,3543.32,3573.65,3533.46,39737070.0,86755991562.4,1.14,3543.32,sh000903
2023-09-28 00:00:00,3555.17,3527.9,3558.79,3523.71,37679479.0,79358903544.9,0.99,3527.9,sh000903
2023-10-09 00:00:00,3517.09,3523.68,3532.55,3480.68,45127053.0,96849225239.3,1.47,3523.68,sh000903
2023-10-10 00:00:00,3534.97,3498.61,3540.2,3497.86,43321988.0,84366304954.9,1.2,3498.61,sh000903
2023-10-11 00:00:00,3518.01,3514.66,3536.36,3505.22,44357021.0,101808352075.2,0.89,3514.66,sh000903
2023-10-12 00:00:00,3544.33,3547.94,3558.84,3529.02,46374685.0,99629958812.1,0.85,3547.94,sh000903
2023-10-13 00:00:00,3522.39,3506.6,3522.39,3494.96,40327992.0,86631130471.1,0.77,3506.6,sh000903
2023-10-16 00:00:00,3507.77,3465.8,3507.77,3455.24,41280097.0,82933590769.8,1.5,3465.8,sh000903
2023-10-17 00:00:00,3476.58,3476.25,3482.58,3459.32,39108273.0,73824912880.3,0.67,3476.25,sh000903
2023-10-18 00:00:00,3471.12,3452.58,3471.12,3450.53,40868653.0,82525152841.7,0.59,3452.58,sh000903
2023-10-19 00:00:00,3429.55,3373.14,3430.02,3371.47,46663949.0,99493643216.2,1.7,3373.14,sh000903
2023-10-20 00:00:00,3357.28,3351.49,3376.12,3341.69,44825106.0,94298170479.9,1.02,3351.49,sh000903
2023-10-23 00:00:00,3344.49,3319.51,3347.84,3294.69,43915245.0,81359639469.5,1.59,3319.51,sh000903
2023-10-24 00:00:00,3328.18,3325.59,3336.83,3295.19,50947544.0,99439285812.1,1.25,3325.59,sh000903
2023-10-25 00:00:00,3362.22,3337.23,3369.9,3334.96,61843775.0,109113589268.5,1.05,3337.23,sh000903
2023-10-26 00:00:00,3318.48,3343.3,3344.78,3307.81,47682877.0,95457046796.2,1.11,3343.3,sh000903
2023-10-27 00:00:00,3329.79,3394.1,3409.01,3324.16,53515111.0,123370095870.6,2.54,3394.1,sh000903
2023-10-30 00:00:00,3386.49,3425.29,3434.38,3385.96,65943121.0,131697224098.7,1.43,3425.29,sh000903
2023-10-31 00:00:00,3418.6,3407.3,3418.6,3390.28,50322968.0,101924643733.5,0.83,3407.3,sh000903
2023-11-01 00:00:00,3443.31,3406.12,3444.28,3398.89,46178512.0,99501013839.4,1.33,3406.12,sh000903
2023-11-02 00:00:00,3417.65,3392.14,3435.01,3391.85,41178621.0,80429924059.1,1.27,3392.14,sh000903
2023-11-03 00:00:00,3397.09,3423.78,3433.34,3396.47,45704056.0,88623986482.2,1.09,3423.78,sh000903
2023-11-06 00:00:00,3444.36,3473.81,3477.71,3443.78,73352296.0,136437038616.5,0.99,3473.81,sh000903
2023-11-07 00:00:00,3465.46,3453.96,3465.46,3441.91,48660935.0,97753207742.5,0.68,3453.96,sh000903
2023-11-08 00:00:00,3444.06,3448.8,3463.94,3430.97,48621574.0,99811978865.0,0.95,3448.8,sh000903
2023-11-09 00:00:00,3438.83,3445.56,3459.81,3436.47,46725243.0,93222864071.0,0.68,3445.56,sh000903
2023-11-10 00:00:00,3427.21,3418.5,3430.12,3409.09,39659939.0,78333240913.7,0.61,3418.5,sh000903
2023-11-13 00:00:00,3426.17,3410.03,3433.18,3394.28,42195969.0,83805525558.6,1.14,3410.03,sh000903
2023-11-14 00:00:00,3412.27,3405.52,3428.0,3393.4,39669720.0,76372556778.9,1.01,3405.52,sh000903
2023-11-15 00:00:00,3442.02,3433.67,3445.33,3422.72,45089590.0,93705881610.0,0.66,3433.67,sh000903
2023-11-16 00:00:00,3427.77,3396.81,3429.64,3395.21,36925906.0,72500980594.4,1.0,3396.81,sh000903
2023-11-17 00:00:00,3384.22,3388.53,3394.85,3367.35,37015566.0,67390404199.6,0.81,3388.53,sh000903
2023-11-20 00:00:00,3390.29,3395.28,3407.83,3365.97,38256798.0,75690219304.8,1.24,3395.28,sh000903
2023-11-21 00:00:00,3409.11,3402.57,3434.83,3397.64,46185959.0,86111537695.4,1.1,3402.57,sh000903
2023-11-22 00:00:00,3391.03,3364.24,3395.21,3364.24,38473724.0,69650368844.2,0.91,3364.24,sh000903
2023-11-23 00:00:00,3360.76,3381.17,3381.99,3347.63,33542277.0,63082204891.4,1.02,3381.17,sh000903
2023-11-24 00:00:00,3381.41,3355.88,3381.41,3352.26,34006699.0,68323814844.4,0.86,3355.88,sh000903
2023-11-27 00:00:00,3350.62,3326.22,3350.62,3308.65,41372744.0,77458263643.1,1.25,3326.22,sh000903
2023-11-28 00:00:00,3323.86,3334.76,3335.8,3315.16,34672848.0,65159298888.0,0.62,3334.76,sh000903
2023-11-29 00:00:00,3335.53,3306.3,3337.12,3300.41,39248428.0,72694181700.3,1.1,3306.3,sh000903
2023-11-30 00:00:00,3302.5,3311.36,3322.39,3298.4,39868278.0,72260423034.6,0.73,3311.36,sh000903
2023-12-01 00:00:00,3309.48,3294.34,3309.48,3261.96,46935811.0,90260948783.8,1.44,3294.34,sh000903
2023-12-04 00:00:00,3291.85,3269.39,3296.49,3268.38,42765033.0,80690042207.3,0.85,3269.39,sh000903
2023-12-05 00:00:00,3258.67,3203.72,3258.67,3203.27,44220405.0,84889158866.5,1.69,3203.72,sh000903
2023-12-06 00:00:00,3197.1,3213.23,3234.13,3193.04,48113661.0,93159416926.6,1.28,3213.23,sh000903
2023-12-07 00:00:00,3206.65,3202.4,3217.08,3181.64,41467631.0,82906873919.2,1.1,3202.4,sh000903
2023-12-08 00:00:00,3203.91,3213.02,3221.64,3194.99,54303909.0,96579971828.0,0.83,3213.02,sh000903
2023-12-11 00:00:00,3191.33,3234.69,3242.55,3165.4,60935279.0,104817292987.0,2.4,3234.69,sh000903
2023-12-12 00:00:00,3225.72,3240.41,3241.41,3221.69,45868018.0,79020276299.3,0.61,3240.41,sh000903
2023-12-13 00:00:00,3231.12,3183.78,3231.12,3183.57,41419121.0,78942050202.9,1.47,3183.78,sh000903
2023-12-14 00:00:00,3203.82,3168.9,3215.48,3167.24,37377402.0,76763777610.1,1.52,3168.9,sh000903
2023-12-15 00:00:00,3185.32,3161.26,3208.31,3159.13,45766120.0,89880019719.1,1.55,3161.26,sh000903
2023-12-18 00:00:00,3147.71,3148.19,3170.21,3133.62,39088149.0,74560497677.6,1.16,3148.19,sh000903
2023-12-19 00:00:00,3143.98,3157.55,3167.96,3132.95,35549956.0,68404005965.7,1.11,3157.55,sh000903
2023-12-20 00:00:00,3155.74,3125.42,3160.41,3125.1,40388203.0,73129918491.7,1.12,3125.42,sh000903
2023-12-21 00:00:00,3113.47,3162.97,3171.57,3112.43,47385848.0,93726212514.7,1.89,3162.97,sh000903
2023-12-22 00:00:00,3160.59,3171.5,3192.91,3147.98,50238578.0,89224688812.5,1.42,3171.5,sh000903
2023-12-25 00:00:00,3164.66,3177.09,3182.33,3161.7,33614843.0,60503711852.3,0.65,3177.09,sh000903
2023-12-26 00:00:00,3175.22,3157.91,3175.22,3148.9,32441422.0,59439973948.2,0.83,3157.91,sh000903
2023-12-27 00:00:00,3161.08,3170.45,3176.52,3145.65,44369971.0,72979199617.6,0.98,3170.45,sh000903
2023-12-28 00:00:00,3169.93,3250.63,3258.13,3165.77,67560750.0,131285825303.8,2.91,3250.63,sh000903
2023-12-29 00:00:00,3248.01,3263.05,3268.97,3246.54,56271215.0,103671285554.8,0.69,3263.05,sh000903
2024-01-02 00:00:00,3260.23,3218.49,3260.23,3218.49,52673533.0,95311989609.0,1.28,3218.49,sh000903
2024-01-03 00:00:00,3211.59,3208.99,3224.25,3193.47,46921205.0,85158826498.7,0.96,3208.99,sh000903
2024-01-04 00:00:00,3205.75,3178.25,3206.36,3154.6,48790990.0,86827126502.8,1.61,3178.25,sh000903
2024-01-05 00:00:00,3172.41,3162.03,3202.66,3145.81,54687807.0,95299202754.6,1.79,3162.03,sh000903
2024-01-08 00:00:00,3157.21,3123.37,3171.1,3119.6,55401939.0,88182022707.3,1.63,3123.37,sh000903
2024-01-09 00:00:00,3124.45,3129.95,3142.57,3112.25,50011586.0,90522518641.8,0.97,3129.95,sh000903
2024-01-10 00:00:00,3118.32,3111.37,3149.09,3105.81,44001200.0,83552356111.8,1.38,3111.37,sh000903
2024-01-11 00:00:00,3110.59,3131.49,3146.43,3102.57,49707584.0,98351627702.6,1.41,3131.49,sh000903
2024-01-12 00:00:00,3119.07,3119.39,3143.71,3112.34,44081801.0,83524301018.0,1.0,3119.39,sh000903
2024-01-15 00:00:00,3104.23,3115.94,3140.94,3096.11,39887365.0,74309565699.8,1.44,3115.94,sh000903
2024-01-16 00:00:00,3107.51,3133.77,3133.77,3095.35,47869348.0,89289371422.6,1.23,3133.77,sh000903
2024-01-17 00:00:00,3124.06,3060.48,3124.06,3060.48,46503170.0,90793348430.0,2.03,3060.48,sh000903
2024-01-18 00:00:00,3046.18,3111.3,3116.05,3012.45,76980323.0,136521027686.2,3.39,3111.3,sh000903
2024-01-19 00:00:00,3098.63,3112.17,3127.96,3091.28,55325262.0,106190418785.3,1.18,3112.17,sh000903
2024-01-22 00:00:00,3105.06,3072.15,3128.05,3046.33,65855311.0,122027544152.7,2.63,3072.15,sh000903
2024-01-23 00:00:00,3062.19,3081.17,3098.39,3045.27,55014870.0,105290980682.1,1.73,3081.17,sh000903
2024-01-24 00:00:00,3096.44,3118.13,3121.9,3039.07,65597954.0,112054791678.7,2.69,3118.13,sh000903
2024-01-25 00:00:00,3116.09,3179.03,3180.36,3109.33,87305165.0,131960966054.6,2.28,3179.03,sh000903
2024-01-26 00:00:00,3162.41,3163.53,3181.15,3148.2,81490113.0,122779820470.0,1.04,3163.53,sh000903
2024-01-29 00:00:00,3164.26,3127.24,3176.89,3127.24,78906794.0,126620715925.3,1.57,3127.24,sh000903
2024-01-30 00:00:00,3109.38,3071.6,3121.82,3071.56,62078465.0,104430341840.2,1.61,3071.6,sh000903
2024-01-31 00:00:00,3062.1,3049.43,3082.25,3036.38,64640683.0,114733283201.6,1.49,3049.43,sh000903
2024-02-01 00:00:00,3038.2,3051.96,3085.97,3028.84,61431774.0,104445003695.5,1.87,3051.96,sh000903
2024-02-02 00:00:00,3053.4,3011.6,3063.83,2947.49,73621843.0,120492796091.0,3.81,3011.6,sh000903
2024-02-05 00:00:00,2995.52,3042.52,3072.74,2956.95,87502535.0,148217505239.8,3.84,3042.52,sh000903
2024-02-06 00:00:00,3028.21,3147.3,3148.48,3026.29,86660075.0,148752448906.4,4.02,3147.3,sh000903
2024-02-07 00:00:00,3150.16,3183.12,3183.12,3126.75,93673893.0,155522352734.6,1.79,3183.12,sh000903
2024-02-08 00:00:00,3189.97,3207.2,3214.82,3183.24,80266241.0,137746320708.8,0.99,3207.2,sh000903
2024-02-19 00:00:00,3235.77,3234.86,3235.77,3204.95,79755603.0,136812861975.7,0.96,3234.86,sh000903
2024-02-20 00:00:00,3228.74,3238.31,3242.91,3210.96,58694347.0,108815727521.3,0.99,3238.31,sh000903
2024-02-21 00:00:00,3219.52,3277.71,3318.18,3212.97,78052790.0,141918369029.2,3.25,3277.71,sh000903
2024-02-22 00:00:00,3272.26,3302.14,3302.39,3271.11,59133807.0,106620701457.7,0.95,3302.14,sh000903
2024-02-23 00:00:00,3305.64,3298.23,3314.77,3281.51,60803498.0,112592932175.6,1.01,3298.23,sh000903
2024-02-26 00:00:00,3295.01,3265.65,3301.6,3258.12,63634045.0,117096164845.4,1.32,3265.65,sh000903
2024-02-27 00:00:00,3253.16,3305.22,3305.22,3250.41,59402431.0,121509935498.2,1.68,3305.22,sh000903
2024-02-28 00:00:00,3311.28,3263.6,3331.33,3263.6,80138347.0,162615021696.9,2.05,3263.6,sh000903
2024-02-29 00:00:00,3252.91,3326.71,3327.37,3252.91,68659714.0,145773768195.2,2.28,3326.71,sh000903
2024-03-01 00:00:00,3326.26,3348.79,3354.43,3314.13,73307463.0,148275259831.6,1.21,3348.79,sh000903
2024-03-04 00:00:00,3351.42,3352.89,3364.19,3335.97,73450072.0,153415637987.6,0.84,3352.89,sh000903
2024-03-05 00:00:00,3336.92,3377.1,3381.92,3331.15,75674368.0,154577788346.8,1.51,3377.1,sh000903
2024-03-06 00:00:00,3367.49,3366.19,3392.06,3358.04,63508086.0,123752961924.4,1.01,3366.19,sh000903
2024-03-07 00:00:00,3362.59,3349.3,3384.49,3340.52,70345976.0,130532767357.5,1.31,3349.3,sh000903
2024-03-08 00:00:00,3347.83,3358.9,3363.19,3328.34,59308020.0,117620605706.8,1.04,3358.9,sh000903
2024-03-11 00:00:00,3363.19,3410.79,3410.79,3362.17,68924612.0,154899545186.9,1.45,3410.79,sh000903
2024-03-12 00:00:00,3415.46,3419.56,3427.49,3394.34,84106392.0,180467323885.4,0.97,3419.56,sh000903
2024-03-13 00:00:00,3417.72,3395.11,3417.72,3384.74,63072381.0,130231662697.5,0.96,3395.11,sh000903
2024-03-14 00:00:00,3400.78,3387.24,3425.03,3372.5,65194941.0,137751230196.7,1.55,3387.24,sh000903
2024-03-15 00:00:00,3378.83,3387.08,3390.96,3350.7,62264907.0,126145283854.6,1.19,3387.08,sh000903
2024-03-18 00:00:00,3396.4,3414.49,3415.22,3387.14,67996466.0,145014270586.4,0.83,3414.49,sh000903
2024-03-19 00:00:00,3404.14,3388.58,3422.33,3388.32,70816593.0,131748225274.1,1.0,3388.58,sh000903
2024-03-20 00:00:00,3378.43,3399.0,3403.39,3378.43,62236238.0,114162664823.7,0.74,3399.0,sh000903
2024-03-21 00:00:00,3408.58,3395.11,3419.06,3392.13,58477376.0,116493328381.7,0.79,3395.11,sh000903
2024-03-22 00:00:00,3385.04,3366.44,3391.41,3342.78,64786866.0,129420037394.8,1.43,3366.44,sh000903
2024-03-25 00:00:00,3359.49,3353.15,3390.01,3351.51,61965543.0,117610566020.6,1.14,3353.15,sh000903
2024-03-26 00:00:00,3354.26,3368.98,3374.04,3347.88,55244066.0,118033637480.3,0.78,3368.98,sh000903
2024-03-27 00:00:00,3364.06,3332.42,3369.65,3332.42,56540021.0,109838145918.9,1.11,3332.42,sh000903
2024-03-28 00:00:00,3329.71,3354.27,3384.04,3322.01,60829884.0,117135435315.8,1.86,3354.27,sh000903
2024-03-29 00:00:00,3353.96,3373.86,3377.18,3353.96,54343376.0,98089615484.6,0.69,3373.86,sh000903
2024-04-01 00:00:00,3389.46,3433.67,3440.1,3389.46,81480288.0,132813467059.3,1.5,3433.67,sh000903
2024-04-02 00:00:00,3431.52,3422.8,3434.06,3411.0,68402168.0,116192944649.8,0.67,3422.8,sh000903
2024-04-03 00:00:00,3423.13,3416.82,3426.59,3407.5,70330875.0,116490605452.9,0.56,3416.82,sh000903
2024-04-08 00:00:00,3405.3,3389.7,3421.44,3389.15,76483938.0,132000643451.9,0.95,3389.7,sh000903
2024-04-09 00:00:00,3385.47,3383.71,3396.8,3370.2,65439586.0,107678461479.8,0.78,3383.71,sh000903
2024-04-10 00:00:00,3379.34,3356.53,3379.86,3342.33,61345452.0,105887982878.7,1.11,3356.53,sh000903
2024-04-11 00:00:00,3334.76,3352.77,3368.2,3334.74,57562279.0,104904361660.2,1.0,3352.77,sh000903
2024-04-12 00:00:00,3353.95,3326.28,3362.51,3320.15,59690035.0,109114047271.7,1.26,3326.28,sh000903
2024-04-15 00:00:00,3323.57,3397.2,3399.23,3323.57,83840204.0,139926367259.5,2.27,3397.2,sh000903
2024-04-16 00:00:00,3382.25,3368.28,3398.57,3357.16,79656599.0,130756431546.8,1.22,3368.28,sh000903
2024-04-17 00:00:00,3363.86,3414.67,3415.63,3355.12,75913191.0,127211099285.0,1.8,3414.67,sh000903
2024-04-18 00:00:00,3399.48,3412.88,3444.61,3396.14,75212193.0,129829148586.9,1.42,3412.88,sh000903
2024-04-19 00:00:00,3395.48,3386.94,3407.98,3372.34,68378483.0,119494390980.4,1.04,3386.94,sh000903
2024-04-22 00:00:00,3383.54,3378.23,3404.5,3375.4,69304238.0,120863664079.2,0.86,3378.23,sh000903
2024-04-23 00:00:00,3371.24,3348.6,3377.68,3342.26,70272033.0,117918936028.0,1.05,3348.6,sh000903
2024-04-24 00:00:00,3354.48,3357.97,3362.04,3334.99,56110735.0,102232101640.5,0.81,3357.97,sh000903
2024-04-25 00:00:00,3346.33,3368.01,3382.59,3342.78,54073266.0,98853572511.3,1.19,3368.01,sh000903
2024-04-26 00:00:00,3365.87,3421.49,3425.88,3365.68,81020790.0,150561962787.1,1.79,3421.49,sh000903
2024-04-29 00:00:00,3419.8,3460.45,3484.26,3416.1,94344748.0,175521536806.6,1.99,3460.45,sh000903
2024-04-30 00:00:00,3452.42,3435.19,3464.44,3435.19,86799967.0,139963851719.8,0.85,3435.19,sh000903
2024-05-06 00:00:00,3488.71,3497.66,3501.62,3479.55,100739858.0,177601634634.3,0.64,3497.66,sh000903
2024-05-07 00:00:00,3497.71,3500.07,3508.43,3491.71,75852855.0,121940616269.0,0.48,3500.07,sh000903
2024-05-08 00:00:00,3491.76,3469.81,3491.91,3468.52,59050960.0,100423741329.2,0.67,3469.81,sh000903
2024-05-09 00:00:00,3471.12,3505.54,3512.08,3471.12,67114764.0,120438973514.7,1.18,3505.54,sh000903
2024-05-10 00:00:00,3512.14,3504.45,3517.06,3482.62,69130899.0,122046283525.8,0.98,3504.45,sh000903
2024-05-13 00:00:00,3482.95,3499.47,3508.57,3472.96,71299603.0,130360939678.6,1.02,3499.47,sh000903
2024-05-14 00:00:00,3504.13,3485.47,3509.9,3477.44,60606535.0,110928886890.1,0.93,3485.47,sh000903
2024-05-15 00:00:00,3479.27,3457.72,3486.24,3455.41,57328529.0,98502284657.1,0.88,3457.72,sh000903
2024-05-16 00:00:00,3468.96,3468.09,3485.18,3455.46,73778757.0,127691328680.9,0.86,3468.09,sh000903
2024-05-17 00:00:00,3469.16,3507.45,3507.45,3455.3,81910306.0,138688415395.7,1.5,3507.45,sh000903
2024-05-20 00:00:00,3513.31,3515.86,3527.98,3501.59,89980680.0,150700384914.0,0.75,3515.86,sh000903
2024-05-21 00:00:00,3507.83,3495.89,3511.02,3485.74,61516495.0,102288817095.9,0.72,3495.89,sh000903
2024-05-22 00:00:00,3495.82,3504.34,3512.61,3486.28,72458364.0,125633972433.5,0.75,3504.34,sh000903
2024-05-23 00:00:00,3490.31,3463.13,3491.12,3454.1,67922304.0,114383376218.3,1.06,3463.13,sh000903
2024-05-24 00:00:00,3451.48,3424.63,3469.27,3422.82,55566873.0,99552099307.0,1.34,3424.63,sh000903
2024-05-27 00:00:00,3429.06,3453.86,3456.58,3425.84,59670781.0,108134646159.7,0.9,3453.86,sh000903
2024-05-28 00:00:00,3452.81,3429.47,3458.73,3425.54,61665812.0,99283563903.5,0.96,3429.47,sh000903
2024-05-29 00:00:00,3430.33,3440.84,3457.62,3430.33,54222649.0,96605634951.3,0.8,3440.84,sh000903
2024-05-30 00:00:00,3437.17,3421.53,3451.06,3414.47,57518343.0,104221047266.7,1.06,3421.53,sh000903
2024-05-31 00:00:00,3427.07,3400.58,3439.63,3400.58,51191560.0,94240615427.2,1.14,3400.58,sh000903
2024-06-03 00:00:00,3399.89,3420.93,3432.02,3393.49,61346473.0,117377887072.4,1.13,3420.93,sh000903
2024-06-04 00:00:00,3416.96,3450.91,3457.72,3411.88,60388749.0,107321876306.1,1.34,3450.91,sh000903
2024-06-05 00:00:00,3445.12,3430.99,3460.37,3430.76,51093145.0,97162745789.5,0.86,3430.99,sh000903
2024-06-06 00:00:00,3439.09,3435.35,3468.55,3426.64,64751573.0,121524827265.9,1.22,3435.35,sh000903
2024-06-07 00:00:00,3435.84,3411.14,3442.73,3390.29,59724479.0,115940476191.2,1.53,3411.14,sh000903
2024-06-11 00:00:00,3387.23,3379.68,3399.59,3361.4,60257008.0,120204393347.7,1.12,3379.68,sh000903
2024-06-12 00:00:00,3375.7,3378.43,3386.41,3368.33,56344566.0,109774396458.4,0.53,3378.43,sh000903
2024-06-13 00:00:00,3384.38,3356.16,3384.41,3350.29,53356211.0,111809039665.6,1.01,3356.16,sh000903
2024-06-14 00:00:00,3347.77,3373.87,3379.45,3335.49,66805341.0,145844034434.7,1.31,3373.87,sh000903
2024-06-17 00:00:00,3353.38,3369.97,3377.28,3353.38,59201009.0,119760672411.1,0.71,3369.97,sh000903
2024-06-18 00:00:00,3366.24,3378.14,3384.16,3366.05,54834241.0,107784194613.0,0.54,3378.14,sh000903
2024-06-19 00:00:00,3374.55,3361.55,3374.55,3354.72,47185326.0,93969787535.4,0.59,3361.55,sh000903
2024-06-20 00:00:00,3359.15,3340.24,3369.42,3336.64,53166273.0,98334062416.7,0.98,3340.24,sh000903
2024-06-21 00:00:00,3335.63,3330.05,3342.2,3308.83,50952171.0,98294119887.6,1.0,3330.05,sh000903
2024-06-24 00:00:00,3307.82,3320.83,3346.31,3303.5,53728438.0,104787377121.8,1.29,3320.83,sh000903
2024-06-25 00:00:00,3317.95,3305.3,3327.74,3289.18,54069518.0,102717899050.0,1.16,3305.3,sh000903
2024-06-26 00:00:00,3298.43,3324.23,3332.01,3289.99,47326912.0,89183661887.6,1.27,3324.23,sh000903
2024-06-27 00:00:00,3311.87,3300.26,3314.24,3297.56,53110429.0,92738128365.7,0.5,3300.26,sh000903
2024-06-28 00:00:00,3288.71,3309.99,3330.3,3288.71,62996534.0,108261121957.6,1.26,3309.99,sh000903
2024-07-01 00:00:00,3308.24,3318.49,3321.84,3288.67,57241101.0,100795449358.9,1.0,3318.49,sh000903
2024-07-02 00:00:00,3311.1,3312.23,3327.42,3305.23,55102011.0,98862190591.4,0.67,3312.23,sh000903
2024-07-03 00:00:00,3312.75,3312.77,3319.95,3297.79,46848010.0,87035564617.7,0.67,3312.77,sh000903
2024-07-04 00:00:00,3318.54,3299.68,3337.09,3299.48,47844285.0,83908320571.8,1.14,3299.68,sh000903
2024-07-05 00:00:00,3297.52,3287.27,3306.17,3254.65,51771527.0,95096876981.0,1.56,3287.27,sh000903
2024-07-08 00:00:00,3276.08,3258.36,3283.38,3253.0,53018502.0,96414058944.5,0.92,3258.36,sh000903
2024-07-09 00:00:00,3255.64,3293.87,3304.62,3244.12,60291544.0,113297465068.4,1.86,3293.87,sh000903
2024-07-10 00:00:00,3284.43,3285.53,3307.49,3280.15,58703661.0,103158855036.6,0.83,3285.53,sh000903
2024-07-11 00:00:00,3302.94,3323.86,3329.21,3290.14,67048057.0,122107016764.6,1.19,3323.86,sh000903
2024-07-12 00:00:00,3321.81,3338.34,3345.13,3320.13,62766367.0,112047570574.6,0.75,3338.34,sh000903
2024-07-15 00:00:00,3326.79,3333.59,3343.07,3323.86,59349291.0,91067456900.5,0.58,3333.59,sh000903
2024-07-16 00:00:00,3322.74,3353.79,3355.83,3317.98,57173267.0,105689453424.8,1.14,3353.79,sh000903
2024-07-17 00:00:00,3350.92,3355.22,3367.0,3340.45,62076202.0,118628674516.8,0.79,3355.22,sh000903
2024-07-18 00:00:00,3337.48,3379.18,3381.04,3335.0,58488610.0,117166657749.2,1.37,3379.18,sh000903
2024-07-19 00:00:00,3355.16,3394.26,3400.05,3346.03,62264118.0,121699679233.8,1.6,3394.26,sh000903
2024-07-22 00:00:00,3392.86,3371.39,3395.45,3351.05,60529242.0,112846444640.4,1.31,3371.39,sh000903
2024-07-23 00:00:00,3366.4,3294.59,3366.4,3294.59,59697984.0,106714770026.8,2.13,3294.59,sh000903
2024-07-24 00:00:00,3288.04,3272.11,3307.64,3261.61,60864932.0,96965198889.5,1.4,3272.11,sh000903
2024-07-25 00:00:00,3258.32,3252.89,3271.63,3238.15,61495078.0,101339542004.3,1.02,3252.89,sh000903
2024-07-26 00:00:00,3260.2,3267.44,3276.85,3243.66,58534310.0,104502685523.0,1.02,3267.44,sh000903
2024-07-29 00:00:00,3261.52,3239.15,3261.52,3239.15,47796535.0,87674706649.2,0.68,3239.15,sh000903
2024-07-30 00:00:00,3227.36,3215.07,3227.69,3197.87,47774689.0,87355152044.5,0.92,3215.07,sh000903
2024-07-31 00:00:00,3207.75,3286.34,3289.3,3207.75,75312838.0,129808130923.8,2.54,3286.34,sh000903
2024-08-01 00:00:00,3287.93,3260.85,3293.6,3259.7,57835077.0,101189982662.0,1.03,3260.85,sh000903
2024-08-02 00:00:00,3234.35,3225.81,3261.21,3222.74,50855111.0,90736433256.0,1.18,3225.81,sh000903
2024-08-05 00:00:00,3202.25,3188.0,3251.79,3188.0,64304847.0,114767485063.9,1.98,3188.0,sh000903
2024-08-06 00:00:00,3211.62,3184.05,3220.8,3161.89,52601998.0,95163917847.5,1.85,3184.05,sh000903
2024-08-07 00:00:00,3180.09,3180.19,3201.45,3170.84,39964383.0,70900612592.8,0.96,3180.19,sh000903
2024-08-08 00:00:00,3171.07,3182.32,3201.26,3158.91,40966399.0,73101741702.6,1.33,3182.32,sh000903
2024-08-09 00:00:00,3199.25,3174.6,3210.14,3174.6,43974894.0,75432999972.6,1.12,3174.6,sh000903
2024-08-12 00:00:00,3171.36,3169.15,3181.91,3163.45,35452277.0,59151481181.8,0.58,3169.15,sh000903
2024-08-13 00:00:00,3170.56,3176.63,3177.77,3153.73,35867779.0,62994987116.4,0.76,3176.63,sh000903
2024-08-14 00:00:00,3175.33,3149.7,3175.33,3149.52,31590991.0,56617918200.8,0.81,3149.7,sh000903
2024-08-15 00:00:00,3141.95,3183.79,3197.91,3138.12,45879514.0,75208218765.0,1.9,3183.79,sh000903
2024-08-16 00:00:00,3184.66,3188.79,3199.21,3178.22,41920818.0,67478123616.4,0.66,3188.79,sh000903
2024-08-19 00:00:00,3189.11,3195.55,3221.75,3188.73,43071591.0,70294611693.3,1.04,3195.55,sh000903
2024-08-20 00:00:00,3201.73,3178.84,3202.47,3168.19,41639698.0,67828565338.7,1.07,3178.84,sh000903
2024-08-21 00:00:00,3169.91,3172.46,3188.74,3154.94,38951445.0,66653410645.8,1.06,3172.46,sh000903
2024-08-22 00:00:00,3174.06,3170.38,3179.34,3158.23,42602474.0,75860505472.2,0.67,3170.38,sh000903
2024-08-23 00:00:00,3162.12,3185.86,3194.39,3161.35,38845460.0,70963323182.7,1.04,3185.86,sh000903
2024-08-26 00:00:00,3190.3,3183.64,3195.95,3169.65,44642871.0,75727314068.5,0.83,3183.64,sh000903
2024-08-27 00:00:00,3174.6,3167.34,3181.41,3162.33,44167381.0,67537921847.8,0.6,3167.34,sh000903
2024-08-28 00:00:00,3161.78,3148.34,3168.53,3135.57,41506147.0,70572985225.9,1.04,3148.34,sh000903
2024-08-29 00:00:00,3134.53,3144.96,3157.63,3133.64,56154219.0,89309173084.4,0.76,3144.96,sh000903
2024-08-30 00:00:00,3143.2,3195.94,3224.97,3142.39,80602618.0,136043851331.3,2.63,3195.94,sh000903
2024-09-02 00:00:00,3179.97,3139.09,3182.73,3138.31,58087186.0,91780107794.0,1.39,3139.09,sh000903
2024-09-03 00:00:00,3135.32,3153.6,3162.58,3135.32,52625249.0,78361875229.7,0.87,3153.6,sh000903
2024-09-04 00:00:00,3133.43,3131.14,3152.59,3128.68,47594337.0,75241698582.3,0.76,3131.14,sh000903
2024-09-05 00:00:00,3131.43,3132.82,3144.98,3123.65,43048247.0,69699391889.0,0.68,3132.82,sh000903
2024-09-06 00:00:00,3135.0,3103.78,3144.43,3103.65,33631653.0,55584988997.7,1.3,3103.78,sh000903
2024-09-09 00:00:00,3086.53,3066.51,3097.17,3054.06,48296116.0,77968336724.7,1.39,3066.51,sh000903
2024-09-10 00:00:00,3065.59,3065.66,3075.98,3047.05,42052091.0,70101170840.3,0.94,3065.66,sh000903
2024-09-11 00:00:00,3058.65,3067.45,3076.39,3047.63,45911161.0,78806958358.0,0.94,3067.45,sh000903
2024-09-12 00:00:00,3071.5,3054.25,3085.52,3053.25,42293009.0,75319418020.8,1.05,3054.25,sh000903
2024-09-13 00:00:00,3055.17,3043.92,3071.86,3043.92,40240045.0,75215224256.4,0.91,3043.92,sh000903
2024-09-18 00:00:00,3044.6,3058.44,3068.91,3036.61,39685649.0,67343412708.4,1.06,3058.44,sh000903
2024-09-19 00:00:00,3061.12,3077.61,3095.96,3034.71,56166979.0,94679373359.9,2.0,3077.61,sh000903
2024-09-20 00:00:00,3075.89,3083.55,3090.43,3056.14,53613790.0,89122970991.3,1.11,3083.55,sh000903
2024-09-23 00:00:00,3084.28,3089.96,3108.99,3080.85,40361651.0,75770339683.2,0.91,3089.96,sh000903
2024-09-24 00:00:00,3124.35,3223.26,3223.35,3097.22,88277174.0,160990084992.1,4.08,3223.26,sh000903
2024-09-25 00:00:00,3276.83,3272.66,3337.8,3267.63,103653150.0,184213289956.8,2.18,3272.66,sh000903
2024-09-26 00:00:00,3273.3,3406.7,3407.2,3263.7,102770860.0,188405533815.8,4.38,3406.7,sh000903
2024-09-27 00:00:00,3480.19,3562.61,3571.57,3463.55,116269630.0,243456705769.1,3.17,3562.61,sh000903
2024-09-30 00:00:00,3692.92,3861.49,3883.9,3647.48,223144067.0,452392876102.8,6.64,3861.49,sh000903
2024-10-08 00:00:00,4284.12,4094.76,4284.12,3934.07,275043248.0,615858492734.8,9.07,4094.76,sh000903
2024-10-09 00:00:00,4007.15,3792.28,4022.2,3777.3,199741178.0,510271960511.8,5.98,3792.28,sh000903
2024-10-10 00:00:00,3814.0,3844.35,3938.38,3764.56,160213904.0,352904399029.2,4.58,3844.35,sh000903
2024-10-11 00:00:00,3814.98,3725.7,3814.98,3686.78,109456895.0,234843519397.7,3.33,3725.7,sh000903
2024-10-14 00:00:00,3750.54,3795.24,3813.25,3715.13,112586745.0,241441494099.3,2.63,3795.24,sh000903
2024-10-15 00:00:00,3781.89,3699.12,3805.72,3699.12,92313570.0,204017580803.5,2.81,3699.12,sh000903
2024-10-16 00:00:00,3651.15,3662.38,3705.25,3642.19,87088351.0,179809804279.9,1.7,3662.38,sh000903
2024-10-17 00:00:00,3681.76,3611.21,3703.45,3610.61,81934786.0,165151666505.1,2.53,3611.21,sh000903
2024-10-18 00:00:00,3602.65,3742.87,3811.23,3595.19,118323513.0,287170970340.7,5.98,3742.87,sh000903
2024-10-21 00:00:00,3775.72,3764.01,3805.25,3727.36,122129398.0,296876763997.3,2.08,3764.01,sh000903
2024-10-22 00:00:00,3754.03,3783.59,3789.8,3746.05,93616997.0,212578432060.6,1.16,3783.59,sh000903
2024-10-23 00:00:00,3777.39,3799.58,3835.33,3764.12,110253482.0,230466771392.3,1.88,3799.58,sh000903
2024-10-24 00:00:00,3779.67,3752.16,3783.96,3738.5,78184283.0,173580435735.2,1.2,3752.16,sh000903
2024-10-25 00:00:00,3755.12,3784.02,3822.18,3747.1,96251026.0,216853586973.8,2.0,3784.02,sh000903
2024-10-28 00:00:00,3780.7,3787.1,3787.7,3743.93,100930565.0,197865178268.5,1.16,3787.1,sh000903
2024-10-29 00:00:00,3793.03,3746.81,3809.66,3744.51,95717528.0,213402728982.8,1.72,3746.81,sh000903
2024-10-30 00:00:00,3727.58,3715.74,3749.85,3692.37,112618689.0,201893092479.2,1.53,3715.74,sh000903
2024-10-31 00:00:00,3715.97,3709.31,3739.92,3679.02,141682771.0,241441397633.9,1.64,3709.31,sh000903
2024-11-01 00:00:00,3703.87,3716.35,3754.31,3700.08,156830950.0,232301071959.9,1.46,3716.35,sh000903
2024-11-04 00:00:00,3724.79,3763.56,3763.56,3716.4,108492110.0,178044550344.7,1.27,3763.56,sh000903
2024-11-05 00:00:00,3754.74,3851.27,3851.88,3745.56,147365169.0,272837842625.3,2.82,3851.27,sh000903
2024-11-06 00:00:00,3856.89,3827.29,3888.69,3804.44,159741981.0,305545716671.0,2.19,3827.29,sh000903
2024-11-07 00:00:00,3790.13,3922.28,3923.32,3785.75,152050842.0,302117444408.0,3.59,3922.28,sh000903
2024-11-08 00:00:00,3970.08,3890.19,3979.2,3881.18,152456382.0,329898481632.8,2.5,3890.19,sh000903
2024-11-11 00:00:00,3854.67,3916.38,3918.22,3833.79,135545563.0,308924314744.5,2.17,3916.38,sh000903
2024-11-12 00:00:00,3920.31,3874.43,3971.03,3853.59,137643237.0,334297824026.8,3.0,3874.43,sh000903
2024-11-13 00:00:00,3847.69,3901.93,3912.64,3847.69,116673956.0,260093671351.0,1.68,3901.93,sh000903
2024-11-14 00:00:00,3894.28,3830.99,3907.4,3825.66,108314147.0,227723964033.9,2.09,3830.99,sh000903
2024-11-15 00:00:00,3815.07,3764.93,3837.72,3764.93,115027600.0,226223965682.1,1.9,3764.93,sh000903
2024-11-18 00:00:00,3773.64,3738.15,3815.16,3720.17,130585652.0,218284400754.6,2.52,3738.15,sh000903
2024-11-19 00:00:00,3744.02,3761.37,3765.52,3688.56,102622761.0,185096020862.9,2.06,3761.37,sh000903
2024-11-20 00:00:00,3753.97,3768.81,3783.37,3743.24,77047465.0,162195370220.1,1.07,3768.81,sh000903
2024-11-21 00:00:00,3763.18,3764.89,3775.35,3744.12,67617355.0,140443848104.3,0.83,3764.89,sh000903
2024-11-22 00:00:00,3760.56,3653.29,3767.89,3653.29,90373454.0,181471604755.8,3.04,3653.29,sh000903
2024-11-25 00:00:00,3663.26,3630.08,3682.35,3601.96,80709051.0,161111097570.7,2.2,3630.08,sh000903
2024-11-26 00:00:00,3619.88,3622.33,3652.46,3617.06,60510336.0,119141050268.1,0.98,3622.33,sh000903
2024-11-27 00:00:00,3612.74,3678.43,3678.65,3600.21,71629829.0,143279612654.5,2.17,3678.43,sh000903
2024-11-28 00:00:00,3677.45,3644.89,3679.59,3636.29,60926226.0,124585396710.4,1.18,3644.89,sh000903
2024-11-29 00:00:00,3640.79,3682.05,3723.51,3640.79,74059169.0,163993033954.6,2.27,3682.05,sh000903
2024-12-02 00:00:00,3678.49,3711.95,3720.99,3670.53,83554440.0,166428888446.7,1.37,3711.95,sh000903
2024-12-03 00:00:00,3711.05,3710.89,3720.03,3684.52,72778536.0,142804330327.2,0.96,3710.89,sh000903
2024-12-04 00:00:00,3708.81,3694.29,3715.8,3683.03,76751706.0,143565040399.0,0.88,3694.29,sh000903
2024-12-05 00:00:00,3680.58,3679.17,3694.84,3669.64,57077970.0,114072644266.0,0.68,3679.17,sh000903
2024-12-06 00:00:00,3681.67,3733.23,3752.27,3681.67,79314351.0,158245377546.5,1.92,3733.23,sh000903
2024-12-09 00:00:00,3731.85,3729.75,3755.91,3712.9,79880064.0,145359040872.1,1.15,3729.75,sh000903
2024-12-10 00:00:00,3848.97,3757.28,3852.81,3750.67,115122553.0,228018767622.7,2.74,3757.28,sh000903
2024-12-11 00:00:00,3752.89,3751.78,3767.79,3741.74,82401660.0,143066105589.6,0.69,3751.78,sh000903
2024-12-12 00:00:00,3747.64,3787.19,3790.31,3741.42,79075512.0,152998709839.1,1.3,3787.19,sh000903
2024-12-13 00:00:00,3760.27,3694.41,3760.27,3692.99,106027142.0,199796365784.9,1.78,3694.41,sh000903
2024-12-16 00:00:00,3693.12,3680.33,3702.83,3671.74,78516857.0,159939860284.6,0.84,3680.33,sh000903
2024-12-17 00:00:00,3676.23,3697.87,3729.5,3676.23,73874518.0,161833273085.6,1.45,3697.87,sh000903
2024-12-18 00:00:00,3708.86,3721.0,3732.58,3706.98,71743382.0,151234066199.7,0.69,3721.0,sh000903
2024-12-19 00:00:00,3693.71,3729.63,3739.41,3681.04,76335221.0,175802489675.5,1.57,3729.63,sh000903
2024-12-20 00:00:00,3719.86,3706.83,3736.89,3702.58,72134074.0,183441511457.8,0.92,3706.83,sh000903
2024-12-23 00:00:00,3709.17,3718.63,3746.77,3709.17,90303064.0,194270779117.7,1.01,3718.63,sh000903
2024-12-24 00:00:00,3719.25,3765.71,3767.96,3719.25,73219986.0,162203850320.0,1.31,3765.71,sh000903
2024-12-25 00:00:00,3771.1,3769.05,3789.65,3754.74,73408282.0,157674521247.7,0.93,3769.05,sh000903
2024-12-26 00:00:00,3766.77,3770.3,3774.5,3749.99,65431839.0,163015143948.1,0.65,3770.3,sh000903
2024-12-27 00:00:00,3771.6,3761.46,3786.53,3753.96,73427151.0,179296344510.2,0.86,3761.46,sh000903
2024-12-30 00:00:00,3758.86,3779.48,3788.32,3758.86,74539861.0,171257911858.0,0.78,3779.48,sh000903
2024-12-31 00:00:00,3775.44,3724.97,3782.83,3724.97,80553938.0,180047750202.9,1.53,3724.97,sh000903
2025-01-02 00:00:00,3723.74,3624.45,3725.95,3602.37,94271652.0,197872406720.5,3.32,3624.45,sh000903
2025-01-03 00:00:00,3630.42,3589.44,3643.77,3580.62,78506557.0,155709238571.5,1.74,3589.44,sh000903
2025-01-06 00:00:00,3593.75,3583.49,3603.27,3559.03,66592161.0,136049379857.8,1.23,3583.49,sh000903
2025-01-07 00:00:00,3569.83,3605.55,3607.38,3558.22,73024698.0,147037679991.7,1.37,3605.55,sh000903
2025-01-08 00:00:00,3590.75,3598.9,3619.97,3546.71,78331775.0,163872816342.7,2.03,3598.9,sh000903
2025-01-09 00:00:00,3590.63,3593.18,3606.79,3579.22,57912870.0,136668715662.1,0.77,3593.18,sh000903
2025-01-10 00:00:00,3595.8,3554.0,3602.78,3554.0,62901256.0,151480565022.0,1.36,3554.0,sh000903
2025-01-13 00:00:00,3526.22,3545.89,3558.51,3525.52,60795223.0,133243391857.0,0.93,3545.89,sh000903
2025-01-14 00:00:00,3550.59,3630.47,3638.16,3540.94,72623260.0,173291648342.5,2.74,3630.47,sh000903
2025-01-15 00:00:00,3619.77,3607.3,3627.89,3601.91,60017428.0,141662639779.4,0.72,3607.3,sh000903
2025-01-16 00:00:00,3621.83,3602.13,3652.68,3583.33,65161605.0,163912822112.2,1.92,3602.13,sh000903
2025-01-17 00:00:00,3590.09,3613.48,3633.2,3578.78,57994533.0,140793889169.4,1.51,3613.48,sh000903
2025-01-20 00:00:00,3636.08,3637.7,3661.06,3630.82,63004531.0,154626270766.0,0.84,3637.7,sh000903
2025-01-21 00:00:00,3656.1,3639.14,3657.75,3628.72,71651478.0,152023952186.2,0.8,3639.14,sh000903
2025-01-22 00:00:00,3630.01,3600.4,3631.71,3587.59,62292941.0,152673307898.1,1.21,3600.4,sh000903
2025-01-23 00:00:00,3629.87,3601.04,3662.68,3599.07,76821374.0,168583968847.3,1.77,3601.04,sh000903
2025-01-24 00:00:00,3594.96,3628.49,3646.55,3594.02,64678690.0,151102018509.8,1.46,3628.49,sh000903
2025-01-27 00:00:00,3631.55,3615.24,3646.63,3615.12,61987398.0,141144081832.5,0.87,3615.24,sh000903
2025-02-05 00:00:00,3649.24,3604.47,3649.24,3594.56,69760209.0,183494806930.9,1.51,3604.47,sh000903
2025-02-06 00:00:00,3598.51,3653.43,3654.15,3597.0,76234399.0,197453897231.9,1.59,3653.43,sh000903
2025-02-07 00:00:00,3656.23,3704.02,3727.52,3643.61,99148366.0,249149602914.2,2.3,3704.02,sh000903
2025-02-10 00:00:00,3709.1,3715.0,3720.48,3690.17,89086978.0,195905353717.2,0.82,3715.0,sh000903
2025-02-11 00:00:00,3723.13,3695.6,3723.13,3687.9,74739823.0,167939549847.4,0.95,3695.6,sh000903
2025-02-12 00:00:00,3691.26,3737.32,3739.11,3680.98,74943796.0,186150287409.2,1.57,3737.32,sh000903
2025-02-13 00:00:00,3732.5,3722.68,3756.31,3721.91,80141666.0,196809607349.4,0.92,3722.68,sh000903
2025-02-14 00:00:00,3719.46,3762.63,3765.56,3719.46,88418747.0,195355214607.7,1.24,3762.63,sh000903
2025-02-17 00:00:00,3775.52,3764.03,3777.37,3741.12,102735164.0,220145920174.2,0.96,3764.03,sh000903
2025-02-18 00:00:00,3762.78,3736.25,3783.71,3725.29,98905316.0,206316130662.4,1.55,3736.25,sh000903
2025-02-19 00:00:00,3729.4,3763.2,3768.99,3729.4,89320099.0,195335855901.2,1.06,3763.2,sh000903
2025-02-20 00:00:00,3758.6,3749.82,3760.96,3735.17,83130223.0,177715512112.2,0.69,3749.82,sh000903
2025-02-21 00:00:00,3759.7,3812.38,3815.04,3758.3,111201264.0,280745453506.6,1.51,3812.38,sh000903
2025-02-24 00:00:00,3805.8,3802.47,3829.57,3781.68,105822240.0,245621596945.0,1.26,3802.47,sh000903
2025-02-25 00:00:00,3766.34,3760.57,3792.45,3750.73,84726544.0,207993196890.1,1.1,3760.57,sh000903
2025-02-26 00:00:00,3768.47,3788.95,3790.26,3757.3,89103081.0,200619472743.7,0.88,3788.95,sh000903
2025-02-27 00:00:00,3793.14,3799.44,3806.1,3767.17,93676072.0,220179544901.0,1.03,3799.44,sh000903
2025-02-28 00:00:00,3783.53,3727.84,3807.64,3725.01,88634438.0,222807015412.7,2.17,3727.84,sh000903
2025-03-03 00:00:00,3738.41,3728.44,3772.09,3712.34,82754438.0,194021378952.8,1.6,3728.44,sh000903
2025-03-04 00:00:00,3706.49,3720.06,3727.9,3692.84,73408857.0,166678999359.9,0.94,3720.06,sh000903
2025-03-05 00:00:00,3723.46,3735.54,3739.61,3713.67,71024916.0,154704175806.5,0.7,3735.54,sh000903
2025-03-06 00:00:00,3759.09,3795.38,3803.29,3756.99,86714518.0,205691938285.1,1.24,3795.38,sh000903
2025-03-07 00:00:00,3783.19,3782.77,3805.71,3774.76,72567541.0,168406584129.1,0.82,3782.77,sh000903
2025-03-10 00:00:00,3786.15,3770.14,3791.98,3745.51,71688410.0,158437247676.3,1.23,3770.14,sh000903
2025-03-11 00:00:00,3731.83,3779.99,3779.99,3730.98,67281737.0,151610594673.5,1.3,3779.99,sh000903
2025-03-12 00:00:00,3785.85,3763.39,3788.18,3756.94,68994706.0,154808448651.1,0.83,3763.39,sh000903
2025-03-13 00:00:00,3763.51,3748.91,3776.85,3735.55,68575650.0,150399889511.7,1.1,3748.91,sh000903
2025-03-14 00:00:00,3757.6,3841.43,3847.85,3757.13,89390886.0,214792695542.0,2.42,3841.43,sh000903
2025-03-17 00:00:00,3859.52,3829.78,3859.84,3824.69,65406086.0,153406774274.5,0.92,3829.78,sh000903
2025-03-18 00:00:00,3847.05,3845.82,3856.63,3835.12,62223627.0,153619173349.9,0.56,3845.82,sh000903
2025-03-19 00:00:00,3846.16,3859.58,3872.37,3831.3,64687697.0,152326235841.2,1.07,3859.58,sh000903
2025-03-20 00:00:00,3860.28,3819.67,3861.37,3814.57,57923972.0,135671294509.6,1.21,3819.67,sh000903
2025-03-21 00:00:00,3810.58,3755.97,3825.61,3745.13,71766079.0,164677698801.1,2.11,3755.97,sh000903
2025-03-24 00:00:00,3758.6,3776.48,3780.74,3753.4,63833473.0,136471092297.0,0.73,3776.48,sh000903
2025-03-25 00:00:00,3780.36,3773.13,3788.52,3762.25,55963595.0,121406571595.4,0.7,3773.13,sh000903
2025-03-26 00:00:00,3772.08,3757.7,3781.71,3755.35,56148418.0,117156928579.0,0.7,3757.7,sh000903
2025-03-27 00:00:00,3750.98,3771.11,3792.68,3743.65,52130371.0,117484964047.2,1.3,3771.11,sh000903
2025-03-28 00:00:00,3768.42,3756.09,3772.58,3746.58,50840000.0,107909883155.4,0.69,3756.09,sh000903
2025-03-31 00:00:00,3747.38,3728.92,3770.35,3714.5,63774355.0,132648179158.3,1.49,3728.92,sh000903
2025-04-01 00:00:00,3734.84,3725.52,3742.79,3719.12,53874343.0,126555024851.1,0.63,3725.52,sh000903
2025-04-02 00:00:00,3722.08,3715.68,3734.23,3709.06,44921590.0,104132294336.8,0.68,3715.68,sh000903
2025-04-03 00:00:00,3673.53,3690.89,3714.52,3673.53,61794993.0,143871301715.0,1.1,3690.89,sh000903
2025-04-07 00:00:00,3507.36,3437.94,3540.03,3362.07,135790569.0,284812194948.5,4.82,3437.94,sh000903
2025-04-08 00:00:00,3447.2,3500.92,3500.92,3434.64,128759751.0,255791126109.2,1.93,3500.92,sh000903
2025-04-09 00:00:00,3456.56,3529.04,3529.91,3441.09,120014715.0,251485686617.9,2.54,3529.04,sh000903
2025-04-10 00:00:00,3590.39,3576.84,3595.82,3549.68,104407511.0,219265422992.1,1.31,3576.84,sh000903
2025-04-11 00:00:00,3574.33,3598.27,3609.12,3551.68,76881792.0,178713878485.5,1.61,3598.27,sh000903
2025-04-14 00:00:00,3618.19,3601.59,3619.39,3596.09,72415448.0,156740569481.6,0.65,3601.59,sh000903
2025-04-15 00:00:00,3598.96,3600.68,3604.49,3580.11,57651694.0,122823953508.2,0.68,3600.68,sh000903
2025-04-16 00:00:00,3597.63,3611.99,3616.23,3561.72,68072933.0,139303758930.0,1.51,3611.99,sh000903
2025-04-17 00:00:00,3595.99,3611.77,3618.59,3591.04,55499799.0,110968550029.9,0.76,3611.77,sh000903
2025-04-18 00:00:00,3599.77,3611.88,3622.11,3593.61,43239861.0,89827923998.1,0.79,3611.88,sh000903
2025-04-21 00:00:00,3609.01,3625.69,3631.49,3602.89,48797618.0,105337739773.7,0.79,3625.69,sh000903
2025-04-22 00:00:00,3620.67,3622.0,3637.48,3617.94,53353598.0,109246390484.7,0.54,3622.0,sh000903
2025-04-23 00:00:00,3642.65,3625.52,3646.93,3619.9,54823557.0,127076903431.4,0.75,3625.52,sh000903
2025-04-24 00:00:00,3628.09,3624.14,3646.17,3613.75,44524030.0,100201476770.4,0.89,3624.14,sh000903
2025-04-25 00:00:00,3632.74,3628.53,3643.96,3623.19,53808417.0,111777943601.3,0.57,3628.53,sh000903
2025-04-28 00:00:00,3628.39,3624.51,3634.36,3614.23,50473448.0,108102853618.5,0.55,3624.51,sh000903
2025-04-29 00:00:00,3620.82,3621.39,3628.46,3612.4,46019421.0,102684268659.3,0.44,3621.39,sh000903
2025-04-30 00:00:00,3622.21,3617.51,3633.15,3613.54,54833235.0,120553372008.9,0.54,3617.51,sh000903
2025-05-06 00:00:00,3643.33,3653.14,3654.6,3630.46,65811388.0,132226107792.6,0.67,3653.14,sh000903
2025-05-07 00:00:00,3702.94,3675.94,3703.8,3660.26,67153787.0,144007737648.8,1.19,3675.94,sh000903
2025-05-08 00:00:00,3665.67,3697.15,3715.6,3661.11,52072498.0,128073245455.7,1.48,3697.15,sh000903
2025-05-09 00:00:00,3693.11,3694.6,3700.67,3685.06,47677324.0,113522491922.3,0.42,3694.6,sh000903
2025-05-12 00:00:00,3715.05,3737.34,3740.8,3708.03,63445375.0,156903945305.7,0.89,3737.34,sh000903
2025-05-13 00:00:00,3764.26,3740.93,3764.26,3733.4,61972305.0,140073857812.7,0.83,3740.93,sh000903
2025-05-14 00:00:00,3740.28,3783.87,3799.36,3736.12,66008919.0,150561650898.6,1.69,3783.87,sh000903
2025-05-15 00:00:00,3776.61,3753.74,3777.32,3749.69,55606988.0,121096110836.7,0.73,3753.74,sh000903
2025-05-16 00:00:00,3744.48,3736.11,3749.71,3723.06,48885859.0,108358578860.4,0.71,3736.11,sh000903
2025-05-19 00:00:00,3730.09,3725.5,3732.78,3712.78,39329980.0,95408571796.7,0.54,3725.5,sh000903
2025-05-20 00:00:00,3732.46,3749.09,3763.02,3729.58,43079538.0,108003926063.9,0.9,3749.09,sh000903
2025-05-21 00:00:00,3750.96,3768.34,3782.83,3750.96,45063650.0,118775574362.8,0.85,3768.34,sh000903
2025-05-22 00:00:00,3766.14,3762.37,3772.03,3752.11,41690364.0,96082326850.4,0.53,3762.37,sh000903
2025-05-23 00:00:00,3758.7,3731.44,3779.09,3731.44,46400114.0,113666143795.6,1.27,3731.44,sh000903
2025-05-26 00:00:00,3723.54,3704.32,3730.2,3692.84,42959121.0,105966643203.3,1.0,3704.32,sh000903
2025-05-27 00:00:00,3700.94,3679.83,3708.81,3676.67,38782345.0,88773895680.4,0.87,3679.83,sh000903
2025-05-28 00:00:00,3684.2,3675.06,3692.11,3673.46,35598100.0,77644529610.1,0.51,3675.06,sh000903
2025-05-29 00:00:00,3675.89,3692.16,3706.69,3666.02,42182832.0,99932979494.6,1.11,3692.16,sh000903
2025-05-30 00:00:00,3684.51,3668.4,3691.43,3657.48,44018920.0,98855966637.5,0.92,3668.4,sh000903
2025-06-03 00:00:00,3666.62,3677.14,3690.74,3666.39,48391976.0,110946279107.9,0.66,3677.14,sh000903
2025-06-04 00:00:00,3680.98,3690.74,3698.27,3680.98,47859060.0,100979722401.5,0.47,3690.74,sh000903
2025-06-05 00:00:00,3693.8,3698.59,3703.89,3682.22,48772722.0,109018800317.2,0.59,3698.59,sh000903
2025-06-06 00:00:00,3701.45,3697.56,3711.59,3692.97,44385764.0,97473532715.5,0.5,3697.56,sh000903
2025-06-09 00:00:00,3699.48,3700.3,3717.2,3693.44,54309560.0,129888980264.7,0.64,3700.3,sh000903
2025-06-10 00:00:00,3702.9,3678.67,3709.83,3667.14,56172114.0,132670198035.0,1.15,3678.67,sh000903
2025-06-11 00:00:00,3683.11,3707.94,3724.83,3683.11,57940422.0,123810202019.5,1.13,3707.94,sh000903
2025-06-12 00:00:00,3699.87,3703.24,3712.64,3683.63,54398443.0,126002318269.9,0.78,3703.24,sh000903
2025-06-13 00:00:00,3691.57,3681.38,3701.04,3669.34,66144585.0,150645249248.0,0.86,3681.38,sh000903
2021-01-04 00:00:00,5349.75,5389.63,5410.05,5324.43,100438700.0,248041914368.0,1.6,5389.63,sh000903
2021-01-05 00:00:00,5368.86,5494.64,5494.64,5357.82,107118124.0,264864169984.0,2.54,5494.64,sh000903
2021-01-06 00:00:00,5515.31,5575.13,5582.71,5486.97,97337526.0,247636070400.0,1.74,5575.13,sh000903
2021-01-07 00:00:00,5591.29,5683.97,5683.97,5569.86,97968492.0,246767235072.0,2.05,5683.97,sh000903
2021-01-08 00:00:00,5699.88,5652.08,5724.26,5595.61,95270484.0,256628396032.0,2.26,5652.08,sh000903
2021-01-11 00:00:00,5656.84,5599.31,5710.52,5572.0,107119508.0,268059942912.0,2.45,5599.31,sh000903
2021-01-12 00:00:00,5575.79,5772.24,5772.24,5575.46,109026555.0,262568370176.0,3.51,5772.24,sh000903
2021-01-13 00:00:00,5782.95,5745.52,5812.64,5700.26,126297620.0,280347484160.0,1.95,5745.52,sh000903
2021-01-14 00:00:00,5724.88,5632.09,5733.81,5618.72,122910866.0,263571611648.0,2.0,5632.09,sh000903
2021-01-15 00:00:00,5641.05,5625.71,5683.52,5566.71,133288161.0,271215534080.0,2.07,5625.71,sh000903
2021-01-18 00:00:00,5605.78,5673.28,5703.5,5580.13,106641792.0,229812363264.0,2.19,5673.28,sh000903
2021-01-19 00:00:00,5683.12,5597.02,5690.04,5574.36,103273441.0,233606852608.0,2.04,5597.02,sh000903
2021-01-20 00:00:00,5600.84,5619.18,5646.72,5582.15,82582295.0,204720087040.0,1.15,5619.18,sh000903
2021-01-21 00:00:00,5637.66,5705.34,5734.51,5632.01,91841050.0,237530726400.0,1.82,5705.34,sh000903
2021-01-22 00:00:00,5701.74,5699.63,5711.45,5653.24,84481375.0,221313597440.0,1.02,5699.63,sh000903
2021-01-25 00:00:00,5696.36,5797.22,5808.53,5678.21,86784732.0,262319751168.0,2.29,5797.22,sh000903
2021-01-26 00:00:00,5769.67,5673.78,5769.67,5668.77,77130452.0,213394055168.0,1.74,5673.78,sh000903
2021-01-27 00:00:00,5669.21,5687.83,5694.53,5620.13,71561590.0,195816669184.0,1.31,5687.83,sh000903
2021-01-28 00:00:00,5611.92,5543.81,5615.45,5523.42,78186998.0,194852859904.0,1.62,5543.81,sh000903
2021-01-29 00:00:00,5579.28,5522.78,5598.79,5464.22,83904901.0,205684760576.0,2.43,5522.78,sh000903
2021-02-01 00:00:00,5530.12,5585.41,5591.93,5514.83,72892209.0,175959928832.0,1.4,5585.41,sh000903
2021-02-02 00:00:00,5591.94,5652.83,5655.47,5575.35,72663905.0,200157728768.0,1.43,5652.83,sh000903
2021-02-03 00:00:00,5650.0,5651.45,5684.56,5623.49,75993907.0,213248372736.0,1.08,5651.45,sh000903
2021-02-04 00:00:00,5620.79,5662.89,5699.43,5606.92,79425167.0,217949032448.0,1.64,5662.89,sh000903
2021-02-05 00:00:00,5685.54,5716.01,5777.06,5680.9,87583278.0,215367278592.0,1.7,5716.01,sh000903
2021-02-08 00:00:00,5742.14,5784.37,5795.62,5704.76,72939067.0,198148259840.0,1.59,5784.37,sh000903
2021-02-09 00:00:00,5800.16,5894.43,5894.43,5763.65,74123525.0,202413043712.0,2.26,5894.43,sh000903
2021-02-10 00:00:00,5920.75,6030.54,6046.6,5920.62,80593953.0,230034112512.0,2.14,6030.54,sh000903
2021-02-18 00:00:00,6142.69,5972.14,6154.55,5948.77,100490734.0,279022383104.0,3.41,5972.14,sh000903
2021-02-19 00:00:00,5938.95,5993.8,6005.13,5879.48,100483909.0,248601075712.0,2.1,5993.8,sh000903
2021-02-22 00:00:00,5999.07,5772.14,5999.07,5772.14,132203950.0,304275439616.0,3.79,5772.14,sh000903
2021-02-23 00:00:00,5719.21,5764.09,5830.17,5719.21,99773412.0,223378935808.0,1.92,5764.09,sh000903
2021-02-24 00:00:00,5780.97,5621.4,5790.14,5557.48,94514880.0,254279057408.0,4.04,5621.4,sh000903
2021-02-25 00:00:00,5680.6,5676.26,5730.36,5637.34,102825948.0,227492151296.0,1.65,5676.26,sh000903
2021-02-26 00:00:00,5548.47,5531.53,5621.87,5519.5,94903396.0,227816390656.0,1.8,5531.53,sh000903
2021-03-01 00:00:00,5586.24,5597.68,5606.34,5534.71,75738181.0,191878406144.0,1.29,5597.68,sh000903
2021-03-02 00:00:00,5636.65,5515.21,5640.96,5468.54,80064625.0,202257371136.0,3.08,5515.21,sh000903
2021-03-03 00:00:00,5497.72,5642.67,5642.9,5489.83,85361638.0,180578054144.0,2.78,5642.67,sh000903
2021-03-04 00:00:00,5573.91,5469.99,5578.98,5440.49,87140106.0,204779819008.0,2.45,5469.99,sh000903
2021-03-05 00:00:00,5379.05,5441.14,5489.25,5348.51,86651725.0,189027434496.0,2.57,5441.14,sh000903
2021-03-08 00:00:00,5477.72,5254.46,5505.35,5254.15,96014838.0,218285076480.0,4.62,5254.46,sh000903
2021-03-09 00:00:00,5243.54,5152.0,5275.15,5104.93,101295450.0,230895992832.0,3.24,5152.0,sh000903
2021-03-10 00:00:00,5231.6,5192.27,5245.82,5174.24,70269829.0,167142920192.0,1.39,5192.27,sh000903
2021-03-11 00:00:00,5218.43,5322.45,5337.56,5214.95,81191191.0,182156013568.0,2.36,5322.45,sh000903
2021-03-12 00:00:00,5353.81,5346.92,5353.81,5289.05,87542666.0,171909230592.0,1.22,5346.92,sh000903
2021-03-15 00:00:00,5319.03,5230.46,5325.76,5183.73,86190932.0,183099633664.0,2.66,5230.46,sh000903
2021-03-16 00:00:00,5252.04,5289.43,5289.69,5217.65,64602094.0,142915899392.0,1.38,5289.43,sh000903
2021-03-17 00:00:00,5272.91,5294.93,5327.97,5225.09,64624312.0,143439347712.0,1.95,5294.93,sh000903
2021-03-18 00:00:00,5311.8,5336.51,5355.73,5308.12,57776543.0,135448276992.0,0.9,5336.51,sh000903
2021-03-19 00:00:00,5264.88,5183.7,5279.21,5155.3,73230003.0,154163089408.0,2.32,5183.7,sh000903
2021-03-22 00:00:00,5184.08,5222.14,5240.73,5168.35,69285693.0,138576330752.0,1.4,5222.14,sh000903
2021-03-23 00:00:00,5228.25,5186.82,5232.68,5139.33,63295311.0,127048040448.0,1.79,5186.82,sh000903
2021-03-24 00:00:00,5168.29,5114.28,5208.55,5103.12,63752520.0,134491123712.0,2.03,5114.28,sh000903
2021-03-25 00:00:00,5092.44,5105.14,5127.77,5065.16,57049265.0,117666619392.0,1.22,5105.14,sh000903
2021-03-26 00:00:00,5135.06,5210.2,5224.32,5132.09,63693166.0,148388794368.0,1.81,5210.2,sh000903
2021-03-29 00:00:00,5224.32,5223.48,5264.7,5181.47,68466916.0,148159946752.0,1.6,5223.48,sh000903
2021-03-30 00:00:00,5222.44,5274.59,5287.4,5206.87,60369385.0,136846983168.0,1.54,5274.59,sh000903
2021-03-31 00:00:00,5265.81,5218.57,5265.81,5184.7,65155904.0,132322308096.0,1.54,5218.57,sh000903
2021-04-01 00:00:00,5232.55,5286.64,5291.46,5227.97,49977467.0,109263994880.0,1.22,5286.64,sh000903
2021-04-02 00:00:00,5306.93,5338.86,5346.0,5289.5,57199969.0,135779799040.0,1.07,5338.86,sh000903
2021-04-06 00:00:00,5353.66,5305.26,5353.66,5287.38,47572180.0,112644743168.0,1.24,5305.26,sh000903
2021-04-07 00:00:00,5306.1,5249.84,5306.1,5216.75,63225649.0,131619794944.0,1.68,5249.84,sh000903
2021-04-08 00:00:00,5220.52,5265.06,5279.36,5205.3,51591767.0,107696533504.0,1.41,5265.06,sh000903
2021-04-09 00:00:00,5249.56,5178.59,5249.56,5165.54,52363640.0,109411450880.0,1.6,5178.59,sh000903
2021-04-12 00:00:00,5171.65,5105.1,5189.28,5088.77,65236099.0,137668898816.0,1.94,5105.1,sh000903
2021-04-13 00:00:00,5110.32,5092.64,5152.93,5076.24,61859937.0,121037799424.0,1.5,5092.64,sh000903
2021-04-14 00:00:00,5101.42,5121.85,5131.72,5083.12,59533443.0,121849085952.0,0.95,5121.85,sh000903
2021-04-15 00:00:00,5109.89,5078.32,5109.89,5028.16,52680745.0,123478745088.0,1.6,5078.32,sh000903
2021-04-16 00:00:00,5098.08,5098.58,5113.55,5048.63,48928023.0,110340165632.0,1.28,5098.58,sh000903
2021-04-19 00:00:00,5099.81,5208.88,5211.5,5069.16,67545679.0,158350221312.0,2.79,5208.88,sh000903
2021-04-20 00:00:00,5186.22,5207.69,5242.94,5177.33,52455951.0,134626177024.0,1.26,5207.69,sh000903
2021-04-21 00:00:00,5179.03,5225.17,5237.56,5176.38,51405030.0,120603189248.0,1.17,5225.17,sh000903
2021-04-22 00:00:00,5239.87,5203.7,5245.04,5183.67,52637240.0,117718786048.0,1.17,5203.7,sh000903
2021-04-23 00:00:00,5207.2,5267.63,5279.76,5204.54,55856911.0,141695623168.0,1.45,5267.63,sh000903
2021-04-26 00:00:00,5292.29,5193.71,5305.89,5188.51,69223793.0,166972522496.0,2.23,5193.71,sh000903
2021-04-27 00:00:00,5193.16,5211.3,5216.2,5162.45,53581847.0,128927088640.0,1.03,5211.3,sh000903
2021-04-28 00:00:00,5186.46,5229.93,5230.32,5175.36,52083991.0,137884893184.0,1.05,5229.93,sh000903
2021-04-29 00:00:00,5244.46,5287.43,5292.58,5228.91,62758863.0,153239101440.0,1.22,5287.43,sh000903
2021-04-30 00:00:00,5287.14,5238.64,5289.71,5210.98,74796209.0,157348737024.0,1.49,5238.64,sh000903
2021-05-06 00:00:00,5209.99,5164.69,5253.01,5150.35,71152340.0,162926665728.0,1.96,5164.69,sh000903
2021-05-07 00:00:00,5181.45,5101.72,5198.39,5099.26,74823795.0,151243345920.0,1.92,5101.72,sh000903
2021-05-10 00:00:00,5103.61,5090.12,5121.6,5050.65,66957187.0,138701619200.0,1.39,5090.12,sh000903
2021-05-11 00:00:00,5054.19,5135.22,5142.95,5037.13,57456829.0,124604682240.0,2.08,5135.22,sh000903
2021-05-12 00:00:00,5117.44,5150.61,5159.36,5109.64,52053565.0,110535630848.0,0.97,5150.61,sh000903
2021-05-13 00:00:00,5100.95,5093.66,5127.34,5070.82,54359342.0,110444519424.0,1.1,5093.66,sh000903
2021-05-14 00:00:00,5109.45,5211.87,5214.85,5079.11,71832855.0,164203491328.0,2.66,5211.87,sh000903
2021-05-17 00:00:00,5213.45,5279.72,5302.57,5213.45,66273987.0,166529736704.0,1.71,5279.72,sh000903
2021-05-18 00:00:00,5289.55,5281.94,5299.21,5251.64,50315113.0,106814459904.0,0.9,5281.94,sh000903
2021-05-19 00:00:00,5268.59,5254.08,5279.98,5239.99,50179031.0,117529223168.0,0.76,5254.08,sh000903
2021-05-20 00:00:00,5255.7,5279.0,5288.93,5238.29,56067279.0,130688745472.0,0.96,5279.0,sh000903
2021-05-21 00:00:00,5290.54,5219.86,5308.75,5210.13,50695613.0,132484136960.0,1.87,5219.86,sh000903
2021-05-24 00:00:00,5224.07,5237.28,5237.32,5174.51,54132416.0,138478047232.0,1.2,5237.28,sh000903
2021-05-25 00:00:00,5248.39,5422.71,5429.04,5247.36,88721229.0,228507426816.0,3.47,5422.71,sh000903
2021-05-26 00:00:00,5434.26,5426.55,5454.32,5411.51,69756890.0,173180657664.0,0.79,5426.55,sh000903
2021-05-27 00:00:00,5420.44,5437.36,5492.41,5387.28,60871229.0,153916379136.0,1.94,5437.36,sh000903
2021-05-28 00:00:00,5437.74,5419.15,5457.73,5382.58,68568184.0,155468881920.0,1.38,5419.15,sh000903
2021-05-31 00:00:00,5408.48,5405.03,5408.48,5351.37,57808873.0,148271271936.0,1.05,5405.03,sh000903
2021-06-01 00:00:00,5395.91,5416.53,5418.56,5345.25,59102369.0,157120184320.0,1.36,5416.53,sh000903
2021-06-02 00:00:00,5424.09,5372.1,5428.81,5347.55,59247846.0,144439279616.0,1.5,5372.1,sh000903
2021-06-03 00:00:00,5368.82,5344.49,5402.15,5341.64,60294024.0,141472530432.0,1.13,5344.49,sh000903
2021-06-04 00:00:00,5317.37,5372.73,5426.98,5311.89,64463731.0,145542942720.0,2.15,5372.73,sh000903
2021-06-07 00:00:00,5370.95,5355.82,5372.55,5321.9,55322025.0,135387377664.0,0.94,5355.82,sh000903
2021-06-08 00:00:00,5353.86,5309.25,5396.23,5278.04,56666150.0,155183104000.0,2.21,5309.25,sh000903
2021-06-09 00:00:00,5301.98,5316.57,5336.14,5294.86,53904530.0,124414504960.0,0.78,5316.57,sh000903
2021-06-10 00:00:00,5317.26,5344.73,5378.48,5307.06,64884362.0,153804894208.0,1.34,5344.73,sh000903
2021-06-11 00:00:00,5345.91,5296.73,5347.13,5282.18,85592092.0,188874469376.0,1.22,5296.73,sh000903
2021-06-15 00:00:00,5291.29,5230.95,5298.81,5197.51,69039985.0,174657212416.0,1.91,5230.95,sh000903
2021-06-16 00:00:00,5227.63,5161.49,5233.1,5156.01,60830973.0,155421044736.0,1.47,5161.49,sh000903
2021-06-17 00:00:00,5152.2,5154.58,5191.51,5136.14,55768919.0,136764710912.0,1.07,5154.58,sh000903
2021-06-18 00:00:00,5151.47,5126.9,5170.03,5091.72,72711798.0,183752425472.0,1.52,5126.9,sh000903
2021-06-21 00:00:00,5109.18,5095.7,5132.3,5070.4,63536241.0,168136503296.0,1.21,5095.7,sh000903
2021-06-22 00:00:00,5113.57,5129.65,5139.96,5094.52,63543562.0,162239496192.0,0.89,5129.65,sh000903
2021-06-23 00:00:00,5134.03,5145.15,5170.72,5117.06,58206838.0,168262377472.0,1.05,5145.15,sh000903
2021-06-24 00:00:00,5155.11,5168.38,5171.75,5119.42,54493207.0,150780776448.0,1.02,5168.38,sh000903
2021-06-25 00:00:00,5170.32,5252.36,5264.68,5166.99,67946276.0,187196674048.0,1.89,5252.36,sh000903
2021-06-28 00:00:00,5268.03,5251.24,5271.99,5226.35,58889777.0,163238612992.0,0.87,5251.24,sh000903
2021-06-29 00:00:00,5247.13,5184.54,5247.33,5175.77,56881720.0,154473279488.0,1.36,5184.54,sh000903
2021-06-30 00:00:00,5177.59,5205.36,5214.47,5174.91,45340055.0,129577689088.0,0.76,5205.36,sh000903
2021-07-01 00:00:00,5225.34,5241.25,5241.36,5172.44,57497482.0,162290511872.0,1.32,5241.25,sh000903
2021-07-02 00:00:00,5189.31,5070.22,5189.31,5063.57,64122760.0,177876328448.0,2.4,5070.22,sh000903
2021-07-05 00:00:00,5058.21,5056.54,5071.08,5021.33,58141647.0,158302908416.0,0.98,5056.54,sh000903
2021-07-06 00:00:00,5056.31,5061.16,5064.59,5006.14,59112179.0,170724331520.0,1.16,5061.16,sh000903
2021-07-07 00:00:00,5036.88,5092.37,5106.54,5031.95,53262131.0,149674442752.0,1.47,5092.37,sh000903
2021-07-08 00:00:00,5101.68,5019.89,5104.56,5007.36,67667625.0,181782425600.0,1.91,5019.89,sh000903
2021-07-09 00:00:00,4996.14,4993.44,5012.3,4948.31,59679050.0,154012667904.0,1.27,4993.44,sh000903
2021-07-12 00:00:00,5028.96,5038.34,5070.33,4983.57,77509356.0,199503085568.0,1.74,5038.34,sh000903
2021-07-13 00:00:00,5036.56,5052.57,5068.32,5025.47,63230039.0,161222766592.0,0.85,5052.57,sh000903
2021-07-14 00:00:00,5045.28,4999.17,5045.28,4986.01,76823104.0,180055531520.0,1.17,4999.17,sh000903
2021-07-15 00:00:00,4991.77,5074.15,5078.19,4985.74,71339200.0,179191988224.0,1.85,5074.15,sh000903
2021-07-16 00:00:00,5063.42,5010.98,5065.79,5006.36,61888783.0,159097602048.0,1.17,5010.98,sh000903
2021-07-19 00:00:00,5000.27,5039.59,5047.45,4957.49,60484575.0,153456005120.0,1.8,5039.59,sh000903
2021-07-20 00:00:00,5006.0,5019.5,5032.48,4990.7,49052902.0,123014537216.0,0.83,5019.5,sh000903
2021-07-21 00:00:00,5030.33,5026.13,5065.43,5016.06,61391470.0,171975458816.0,0.98,5026.13,sh000903
2021-07-22 00:00:00,5028.7,5019.75,5055.15,5012.01,67007043.0,189304090624.0,0.86,5019.75,sh000903
2021-07-23 00:00:00,5011.48,4954.77,5011.48,4947.13,75802552.0,193480593408.0,1.28,4954.77,sh000903
2021-07-26 00:00:00,4926.47,4762.99,4926.47,4715.64,88492636.0,237445685248.0,4.26,4762.99,sh000903
2021-07-27 00:00:00,4760.03,4592.43,4768.32,4585.6,90653222.0,233162579968.0,3.84,4592.43,sh000903
2021-07-28 00:00:00,4562.82,4622.34,4640.56,4536.5,78647798.0,195556827136.0,2.27,4622.34,sh000903
2021-07-29 00:00:00,4698.48,4662.92,4702.1,4637.13,67272788.0,186291884032.0,1.41,4662.92,sh000903
2021-07-30 00:00:00,4634.28,4593.64,4634.28,4559.22,65521966.0,187468328960.0,1.61,4593.64,sh000903
2021-08-02 00:00:00,4566.32,4723.45,4729.54,4526.25,88902170.0,244569776128.0,4.43,4723.45,sh000903
2021-08-03 00:00:00,4701.26,4754.87,4760.6,4685.74,70472481.0,204038840320.0,1.58,4754.87,sh000903
2021-08-04 00:00:00,4749.17,4761.81,4768.91,4727.23,60727875.0,186164682752.0,0.88,4761.81,sh000903
2021-08-05 00:00:00,4726.55,4733.05,4792.13,4703.99,60411328.0,177455800320.0,1.85,4733.05,sh000903
2021-08-06 00:00:00,4717.67,4701.65,4717.81,4680.72,52923236.0,153276346368.0,0.78,4701.65,sh000903
2021-08-09 00:00:00,4673.15,4779.75,4805.0,4669.99,73159795.0,190885285888.0,2.87,4779.75,sh000903
2021-08-10 00:00:00,4774.08,4858.14,4858.27,4725.86,62098767.0,188547883008.0,2.77,4858.14,sh000903
2021-08-11 00:00:00,4851.8,4826.03,4879.68,4820.86,71827354.0,168156553216.0,1.21,4826.03,sh000903
2021-08-12 00:00:00,4810.91,4776.09,4826.61,4771.85,57790487.0,156077195264.0,1.13,4776.09,sh000903
2021-08-13 00:00:00,4759.76,4762.26,4792.89,4735.66,53993800.0,139313393664.0,1.2,4762.26,sh000903
2021-08-16 00:00:00,4756.28,4772.41,4800.34,4747.78,58006561.0,143856771072.0,1.1,4772.41,sh000903
2021-08-17 00:00:00,4765.79,4669.78,4794.54,4658.7,70425027.0,170375028736.0,2.85,4669.78,sh000903
2021-08-18 00:00:00,4667.39,4726.65,4746.5,4641.11,79562130.0,184446504960.0,2.26,4726.65,sh000903
2021-08-19 00:00:00,4716.36,4663.64,4722.56,4641.66,78177910.0,176556011520.0,1.71,4663.64,sh000903
2021-08-20 00:00:00,4607.08,4556.65,4620.69,4515.78,68886016.0,186978746368.0,2.25,4556.65,sh000903
2021-08-23 00:00:00,4558.56,4594.73,4606.61,4548.14,58473464.0,163307687936.0,1.28,4594.73,sh000903
2021-08-24 00:00:00,4605.39,4649.51,4666.94,4603.66,68673610.0,181827907584.0,1.38,4649.51,sh000903
2021-08-25 00:00:00,4654.42,4656.84,4673.9,4633.15,67178586.0,165914083328.0,0.88,4656.84,sh000903
2021-08-26 00:00:00,4654.25,4551.79,4654.25,4550.6,66911660.0,152858087424.0,2.23,4551.79,sh000903
2021-08-27 00:00:00,4545.65,4581.99,4622.92,4544.82,65731366.0,155322462208.0,1.72,4581.99,sh000903
2021-08-30 00:00:00,4603.27,4552.31,4604.96,4523.18,87775060.0,213934518272.0,1.78,4552.31,sh000903
2021-08-31 00:00:00,4547.18,4543.54,4574.78,4485.86,99662963.0,210765791232.0,1.95,4543.54,sh000903
2021-09-01 00:00:00,4537.02,4647.37,4681.72,4504.17,138208220.0,274333233152.0,3.91,4647.37,sh000903
2021-09-02 00:00:00,4649.89,4643.94,4675.04,4615.02,104976973.0,210726400000.0,1.29,4643.94,sh000903
2021-09-03 00:00:00,4649.79,4644.11,4676.12,4594.04,106472100.0,210675269632.0,1.77,4644.11,sh000903
2021-09-06 00:00:00,4639.58,4721.73,4739.13,4635.92,100462285.0,224208396288.0,2.22,4721.73,sh000903
2021-09-07 00:00:00,4719.96,4766.86,4783.68,4693.37,103162926.0,190585761792.0,1.91,4766.86,sh000903
2021-09-08 00:00:00,4758.42,4733.97,4783.98,4719.7,102474345.0,185392078848.0,1.35,4733.97,sh000903
2021-09-09 00:00:00,4714.8,4730.15,4730.56,4698.02,105808996.0,168942399488.0,0.69,4730.15,sh000903
2021-09-10 00:00:00,4728.39,4786.55,4816.87,4725.02,121635494.0,211298422784.0,1.94,4786.55,sh000903
2021-09-13 00:00:00,4777.8,4771.53,4808.65,4743.52,102741714.0,189190512640.0,1.36,4771.53,sh000903
2021-09-14 00:00:00,4774.07,4693.48,4785.92,4685.43,108152212.0,192941625344.0,2.11,4693.48,sh000903
2021-09-15 00:00:00,4678.6,4632.37,4678.6,4608.22,80217080.0,160512176128.0,1.5,4632.37,sh000903
2021-09-16 00:00:00,4629.82,4608.18,4646.81,4590.2,91077466.0,173838409728.0,1.22,4608.18,sh000903
2021-09-17 00:00:00,4597.1,4661.19,4661.33,4590.11,80290191.0,161591836672.0,1.55,4661.19,sh000903
2021-09-22 00:00:00,4572.54,4606.72,4616.14,4566.64,85686098.0,144260907008.0,1.06,4606.72,sh000903
2021-09-23 00:00:00,4627.02,4619.62,4661.03,4602.14,86207078.0,153701007360.0,1.28,4619.62,sh000903
2021-09-24 00:00:00,4609.51,4634.16,4677.22,4607.99,79107231.0,164969349120.0,1.5,4634.16,sh000903
2021-09-27 00:00:00,4661.28,4716.42,4750.32,4661.28,90112655.0,216338997248.0,1.92,4716.42,sh000903
2021-09-28 00:00:00,4711.14,4730.24,4747.99,4681.62,77160573.0,159878721536.0,1.41,4730.24,sh000903
2021-09-29 00:00:00,4697.47,4715.59,4745.72,4660.07,82400822.0,158143377408.0,1.81,4715.59,sh000903
2021-09-30 00:00:00,4719.9,4730.05,4745.08,4714.07,61091144.0,140091256832.0,0.66,4730.05,sh000903
2021-10-08 00:00:00,4780.8,4825.59,4838.49,4761.21,80840317.0,187827863552.0,1.63,4825.59,sh000903
2021-10-11 00:00:00,4840.15,4840.89,4903.09,4838.33,75926610.0,167155773440.0,1.34,4840.89,sh000903
2021-10-12 00:00:00,4824.33,4811.92,4844.5,4772.21,73674235.0,148302843904.0,1.49,4811.92,sh000903
2021-10-13 00:00:00,4806.1,4863.96,4884.38,4795.17,59103557.0,148205940736.0,1.85,4863.96,sh000903
2021-10-14 00:00:00,4860.68,4827.06,4879.68,4818.24,48502062.0,117984604160.0,1.26,4827.06,sh000903
2021-10-15 00:00:00,4807.79,4843.24,4851.13,4797.37,64173737.0,146561503232.0,1.11,4843.24,sh000903
2021-10-18 00:00:00,4830.97,4757.94,4830.97,4734.19,62523953.0,155267641344.0,2.0,4757.94,sh000903
2021-10-19 00:00:00,4750.06,4807.55,4818.12,4750.05,58388529.0,140148047872.0,1.43,4807.55,sh000903
2021-10-20 00:00:00,4821.2,4795.05,4841.46,4781.88,57042678.0,132021547008.0,1.24,4795.05,sh000903
2021-10-21 00:00:00,4798.85,4828.04,4842.71,4791.41,64972027.0,137652387840.0,1.07,4828.04,sh000903
2021-10-22 00:00:00,4840.99,4876.85,4903.97,4834.15,60743828.0,144195510272.0,1.45,4876.85,sh000903
2021-10-25 00:00:00,4852.57,4869.75,4873.15,4830.63,59106660.0,145960759296.0,0.87,4869.75,sh000903
2021-10-26 00:00:00,4867.01,4839.49,4887.79,4832.93,54179868.0,132423053312.0,1.13,4839.49,sh000903
2021-10-27 00:00:00,4821.35,4767.84,4821.35,4753.42,60593536.0,140238647296.0,1.4,4767.84,sh000903
2021-10-28 00:00:00,4750.52,4747.06,4769.68,4732.58,61272443.0,141082501120.0,0.78,4747.06,sh000903
2021-10-29 00:00:00,4748.5,4785.49,4785.49,4742.28,68190999.0,177066573824.0,0.91,4785.49,sh000903
2021-11-01 00:00:00,4742.17,4766.19,4780.64,4716.66,74671529.0,183484551168.0,1.34,4766.19,sh000903
2021-11-02 00:00:00,4758.58,4703.06,4783.78,4663.42,84504965.0,187905478656.0,2.53,4703.06,sh000903
2021-11-03 00:00:00,4696.87,4674.34,4718.07,4664.53,61018762.0,139028348928.0,1.14,4674.34,sh000903
2021-11-04 00:00:00,4695.2,4720.78,4730.44,4688.47,56726461.0,148405227520.0,0.9,4720.78,sh000903
2021-11-05 00:00:00,4708.41,4703.05,4743.74,4694.85,55430426.0,134082625536.0,1.04,4703.05,sh000903
2021-11-08 00:00:00,4699.64,4697.69,4719.89,4680.95,51224648.0,121367031808.0,0.83,4697.69,sh000903
2021-11-09 00:00:00,4706.29,4682.99,4719.62,4662.52,48321779.0,112945991680.0,1.22,4682.99,sh000903
2021-11-10 00:00:00,4670.07,4653.01,4671.73,4593.2,59496292.0,140755382272.0,1.68,4653.01,sh000903
2021-11-11 00:00:00,4649.48,4741.91,4742.09,4642.37,75154885.0,158209884160.0,2.14,4741.91,sh000903
2021-11-12 00:00:00,4750.15,4722.25,4753.97,4711.99,53462822.0,118932156416.0,0.89,4722.25,sh000903
2021-11-15 00:00:00,4732.94,4730.72,4747.64,4711.28,47408804.0,112986238976.0,0.77,4730.72,sh000903
2021-11-16 00:00:00,4733.39,4741.72,4767.75,4731.22,49382807.0,123049881600.0,0.77,4741.72,sh000903
2021-11-17 00:00:00,4738.48,4728.31,4749.52,4715.98,41670505.0,100820357120.0,0.71,4728.31,sh000903
2021-11-18 00:00:00,4713.59,4677.91,4713.59,4672.61,41719716.0,93831360512.0,0.87,4677.91,sh000903
2021-11-19 00:00:00,4670.83,4731.65,4738.44,4669.84,50984387.0,118429523968.0,1.47,4731.65,sh000903
2021-11-22 00:00:00,4737.39,4731.73,4752.74,4725.45,52491965.0,133990707200.0,0.58,4731.73,sh000903
2021-11-23 00:00:00,4723.58,4738.3,4756.62,4717.57,54576371.0,127727669248.0,0.83,4738.3,sh000903
2021-11-24 00:00:00,4743.76,4756.4,4774.8,4729.31,47626386.0,131089051648.0,0.96,4756.4,sh000903
2021-11-25 00:00:00,4759.2,4734.72,4764.04,4727.52,42109065.0,115360694272.0,0.77,4734.72,sh000903
2021-11-26 00:00:00,4726.58,4690.84,4726.63,4680.86,44049349.0,105644912640.0,0.97,4690.84,sh000903
2021-11-29 00:00:00,4657.24,4678.9,4687.49,4652.02,49060685.0,118513631232.0,0.76,4678.9,sh000903
2021-11-30 00:00:00,4679.68,4645.25,4692.93,4629.38,47525716.0,109178077184.0,1.36,4645.25,sh000903
2021-12-01 00:00:00,4649.07,4663.84,4665.1,4639.21,45702431.0,104950038528.0,0.56,4663.84,sh000903
2021-12-02 00:00:00,4656.84,4678.33,4688.41,4643.21,55691026.0,116010545152.0,0.97,4678.33,sh000903
2021-12-03 00:00:00,4678.95,4723.63,4723.63,4674.77,53640169.0,139685453824.0,1.04,4723.63,sh000903
2021-12-06 00:00:00,4735.61,4733.9,4778.25,4729.66,71683087.0,160780554240.0,1.03,4733.9,sh000903
2021-12-07 00:00:00,4770.95,4774.66,4784.4,4751.5,72170537.0,162336018432.0,0.69,4774.66,sh000903
2021-12-08 00:00:00,4786.06,4844.25,4845.45,4758.72,62352212.0,159952375808.0,1.82,4844.25,sh000903
2021-12-09 00:00:00,4851.09,4931.76,4975.3,4848.92,96332718.0,216112738304.0,2.61,4931.76,sh000903
2021-12-10 00:00:00,4899.62,4914.5,4917.77,4890.83,82222147.0,161932738560.0,0.55,4914.5,sh000903
2021-12-13 00:00:00,4955.52,4945.97,5016.28,4943.59,96722898.0,233692487680.0,1.48,4945.97,sh000903
2021-12-14 00:00:00,4929.02,4914.79,4940.63,4903.61,70174374.0,162198122496.0,0.75,4914.79,sh000903
2021-12-15 00:00:00,4900.93,4871.64,4928.79,4870.91,58639652.0,139843833856.0,1.18,4871.64,sh000903
2021-12-16 00:00:00,4871.38,4893.75,4893.75,4849.01,56618944.0,146099249152.0,0.92,4893.75,sh000903
2021-12-17 00:00:00,4877.69,4817.77,4880.74,4815.04,59420598.0,153972867072.0,1.34,4817.77,sh000903
2021-12-20 00:00:00,4801.45,4761.68,4837.77,4751.33,60047401.0,150664200192.0,1.79,4761.68,sh000903
2021-12-21 00:00:00,4756.45,4788.96,4796.23,4752.59,53944932.0,127885062144.0,0.92,4788.96,sh000903
2021-12-22 00:00:00,4800.14,4785.6,4813.76,4772.97,49505510.0,117887545344.0,0.85,4785.6,sh000903
2021-12-23 00:00:00,4796.25,4825.84,4825.84,4772.32,52920960.0,126850949120.0,1.12,4825.84,sh000903
2021-12-24 00:00:00,4829.91,4805.85,4843.84,4787.35,55382451.0,151552606208.0,1.17,4805.85,sh000903
2021-12-27 00:00:00,4801.13,4798.76,4819.23,4775.41,49440172.0,129310834688.0,0.91,4798.76,sh000903
2021-12-28 00:00:00,4802.73,4834.71,4839.65,4798.1,55382538.0,138393112576.0,0.87,4834.71,sh000903
2021-12-29 00:00:00,4839.83,4747.92,4839.83,4747.92,47192489.0,142302027776.0,1.9,4747.92,sh000903
2021-12-30 00:00:00,4747.58,4780.37,4801.1,4741.52,51270748.0,130901139456.0,1.25,4780.37,sh000903
2021-12-31 00:00:00,4797.01,4792.91,4808.63,4775.77,49029919.0,130361126912.0,0.69,4792.91,sh000903
2022-01-04 00:00:00,4812.64,4779.48,4816.78,4726.52,66256407.0,173892206592.0,1.88,4779.48,sh000903
2022-01-05 00:00:00,4767.91,4751.67,4799.21,4735.61,84478277.0,196830838784.0,1.33,4751.67,sh000903
2022-01-06 00:00:00,4728.14,4687.43,4741.61,4665.31,67779930.0,167156629504.0,1.61,4687.43,sh000903
2022-01-07 00:00:00,4696.8,4704.76,4731.96,4693.2,87466153.0,169115340800.0,0.83,4704.76,sh000903
2022-01-10 00:00:00,4692.19,4724.55,4727.87,4661.74,71371750.0,158287515648.0,1.41,4724.55,sh000903
2022-01-11 00:00:00,4719.53,4686.56,4737.55,4681.27,66890506.0,148435369984.0,1.19,4686.56,sh000903
2022-01-12 00:00:00,4708.74,4729.63,4737.95,4698.98,66058542.0,156191150080.0,0.83,4729.63,sh000903
2022-01-13 00:00:00,4740.77,4654.33,4743.0,4653.52,67619868.0,151159230464.0,1.89,4654.33,sh000903
2022-01-14 00:00:00,4632.81,4605.96,4648.66,4603.95,69271549.0,140333637632.0,0.96,4605.96,sh000903
2022-01-17 00:00:00,4610.58,4640.95,4649.88,4606.42,52459791.0,133878226944.0,0.94,4640.95,sh000903
2022-01-18 00:00:00,4641.11,4689.74,4701.37,4620.81,67638994.0,140464427008.0,1.74,4689.74,sh000903
2022-01-19 00:00:00,4699.2,4667.31,4711.34,4642.28,61365204.0,144560840704.0,1.47,4667.31,sh000903
2022-01-20 00:00:00,4662.58,4732.76,4755.3,4662.08,80303534.0,164883415040.0,2.0,4732.76,sh000903
2022-01-21 00:00:00,4718.09,4697.35,4730.24,4674.95,65316854.0,141737480192.0,1.17,4697.35,sh000903
2022-01-24 00:00:00,4671.68,4691.64,4708.51,4656.89,55073247.0,129464795136.0,1.1,4691.64,sh000903
2022-01-25 00:00:00,4663.05,4592.53,4680.39,4592.26,61969091.0,126577635328.0,1.88,4592.53,sh000903
2022-01-26 00:00:00,4613.06,4632.75,4633.55,4569.33,48895626.0,118301802496.0,1.4,4632.75,sh000903
2022-01-27 00:00:00,4628.3,4546.82,4629.15,4542.9,58127112.0,140090007552.0,1.86,4546.82,sh000903
2022-01-28 00:00:00,4570.01,4486.91,4588.47,4480.62,63158077.0,156560318464.0,2.37,4486.91,sh000903
2022-02-07 00:00:00,4563.63,4555.24,4591.47,4533.39,68600177.0,148457816064.0,1.29,4555.24,sh000903
2022-02-08 00:00:00,4546.31,4528.42,4546.31,4443.51,77484644.0,156055126016.0,2.26,4528.42,sh000903
2022-02-09 00:00:00,4529.25,4571.6,4581.03,4520.52,72593567.0,149880934400.0,1.34,4571.6,sh000903
2022-02-10 00:00:00,4578.01,4556.18,4578.01,4523.09,69306104.0,160054919168.0,1.2,4556.18,sh000903
2022-02-11 00:00:00,4533.89,4529.47,4583.15,4523.81,80120105.0,178113200128.0,1.3,4529.47,sh000903
2022-02-14 00:00:00,4509.81,4481.55,4522.13,4461.62,74681574.0,157512384512.0,1.34,4481.55,sh000903
2022-02-15 00:00:00,4482.33,4518.66,4522.28,4477.94,58195241.0,139322408960.0,0.99,4518.66,sh000903
2022-02-16 00:00:00,4538.05,4538.84,4562.32,4528.7,48495593.0,108753330176.0,0.74,4538.84,sh000903
2022-02-17 00:00:00,4539.63,4544.57,4566.85,4530.54,48554232.0,111889108992.0,0.8,4544.57,sh000903
2022-02-18 00:00:00,4521.13,4569.0,4569.02,4515.28,47584338.0,99169734656.0,1.18,4569.0,sh000903
2022-02-21 00:00:00,4559.25,4542.35,4559.25,4521.64,54964288.0,109163450368.0,0.82,4542.35,sh000903
2022-02-22 00:00:00,4506.77,4475.7,4506.98,4450.3,57702144.0,129791909888.0,1.25,4475.7,sh000903
2022-02-23 00:00:00,4486.54,4510.91,4513.55,4472.25,58809633.0,132216315904.0,0.92,4510.91,sh000903
2022-02-24 00:00:00,4478.65,4416.92,4490.78,4381.59,87184817.0,175229849600.0,2.42,4416.92,sh000903
2022-02-25 00:00:00,4451.56,4454.52,4494.65,4445.02,65164600.0,136898387968.0,1.12,4454.52,sh000903
2022-02-28 00:00:00,4441.78,4460.57,4460.57,4410.63,61931295.0,125801152512.0,1.12,4460.57,sh000903
2022-03-01 00:00:00,4478.81,4509.6,4513.67,4471.66,55719196.0,135807946752.0,0.94,4509.6,sh000903
2022-03-02 00:00:00,4482.06,4460.73,4482.18,4446.67,52487355.0,109902888960.0,0.79,4460.73,sh000903
2022-03-03 00:00:00,4477.68,4437.32,4482.22,4430.48,65902769.0,127768285184.0,1.16,4437.32,sh000903
2022-03-04 00:00:00,4395.37,4373.44,4410.94,4359.54,59647905.0,133322678272.0,1.16,4373.44,sh000903
2022-03-07 00:00:00,4331.79,4225.54,4331.79,4212.39,78688586.0,172182102016.0,2.73,4225.54,sh000903
2022-03-08 00:00:00,4239.69,4161.93,4262.53,4146.13,78031752.0,168525672448.0,2.75,4161.93,sh000903
2022-03-09 00:00:00,4177.98,4132.35,4204.51,3981.13,93729060.0,185519210496.0,5.37,4132.35,sh000903
2022-03-10 00:00:00,4231.02,4191.86,4235.9,4187.7,70511716.0,165614866432.0,1.17,4191.86,sh000903
2022-03-11 00:00:00,4133.72,4201.47,4212.29,4075.47,73791803.0,161056243712.0,3.26,4201.47,sh000903
2022-03-14 00:00:00,4136.93,4059.34,4165.91,4059.34,62701366.0,140376408064.0,2.54,4059.34,sh000903
2022-03-15 00:00:00,4008.72,3870.99,4042.56,3870.99,102932298.0,195915620352.0,4.23,3870.99,sh000903
2022-03-16 00:00:00,3938.23,4046.6,4060.32,3841.39,98846438.0,216444596224.0,5.66,4046.6,sh000903
2022-03-17 00:00:00,4135.59,4134.27,4195.86,4109.75,88015977.0,215314415616.0,2.13,4134.27,sh000903
2022-03-18 00:00:00,4116.32,4165.33,4186.14,4089.29,79112069.0,154412318720.0,2.34,4165.33,sh000903
2022-03-21 00:00:00,4183.01,4142.03,4183.01,4113.23,61949793.0,133408952320.0,1.68,4142.03,sh000903
2022-03-22 00:00:00,4139.58,4145.91,4172.99,4123.75,60034130.0,110157488128.0,1.19,4145.91,sh000903
2022-03-23 00:00:00,4162.08,4168.98,4182.26,4133.07,54469975.0,116028747776.0,1.19,4168.98,sh000903
2022-03-24 00:00:00,4142.76,4145.97,4167.26,4113.5,50334938.0,114239094784.0,1.29,4145.97,sh000903
2022-03-25 00:00:00,4141.54,4068.35,4150.51,4067.22,51224302.0,112640610304.0,2.01,4068.35,sh000903
2022-03-28 00:00:00,4021.49,4044.32,4067.41,3983.39,59080404.0,118606553088.0,2.07,4044.32,sh000903
2022-03-29 00:00:00,4048.74,4028.3,4073.8,4018.98,46933888.0,96896557056.0,1.36,4028.3,sh000903
2022-03-30 00:00:00,4058.64,4153.82,4153.82,4058.52,69382799.0,146681544704.0,2.37,4153.82,sh000903
2022-03-31 00:00:00,4132.56,4131.76,4148.62,4114.09,66150415.0,121937809408.0,0.83,4131.76,sh000903
2022-04-01 00:00:00,4112.07,4196.46,4210.1,4101.79,69354883.0,136691634176.0,2.62,4196.46,sh000903
2022-04-06 00:00:00,4172.32,4185.7,4198.98,4159.97,81998351.0,138621796352.0,0.93,4185.7,sh000903
2022-04-07 00:00:00,4161.84,4138.19,4200.51,4130.22,66985098.0,114101891072.0,1.68,4138.19,sh000903
2022-04-08 00:00:00,4141.19,4163.04,4170.3,4114.92,66676790.0,118497980416.0,1.34,4163.04,sh000903
2022-04-11 00:00:00,4134.14,4046.47,4134.14,4036.4,70155973.0,143065382912.0,2.35,4046.47,sh000903
2022-04-12 00:00:00,4055.29,4128.97,4128.97,4028.7,68782989.0,136455761920.0,2.48,4128.97,sh000903
2022-04-13 00:00:00,4105.78,4102.75,4155.05,4091.91,59057782.0,116678189056.0,1.53,4102.75,sh000903
2022-04-14 00:00:00,4137.34,4153.46,4181.54,4121.36,59815229.0,137899200512.0,1.47,4153.46,sh000903
2022-04-15 00:00:00,4123.29,4148.16,4168.18,4113.92,56777810.0,117295013888.0,1.31,4148.16,sh000903
2022-04-18 00:00:00,4112.19,4106.9,4117.33,4076.4,55656881.0,114176958464.0,0.99,4106.9,sh000903
2022-04-19 00:00:00,4103.69,4076.21,4131.36,4054.77,54193528.0,119752630272.0,1.86,4076.21,sh000903
2022-04-20 00:00:00,4069.26,4014.79,4074.67,4005.12,56381371.0,126816673792.0,1.71,4014.79,sh000903
2022-04-21 00:00:00,3994.63,3956.89,4031.31,3937.18,65869235.0,127009509376.0,2.34,3956.89,sh000903
2022-04-22 00:00:00,3927.93,3989.57,4009.03,3920.19,63351660.0,116418981888.0,2.25,3989.57,sh000903
2022-04-25 00:00:00,3903.9,3805.47,3934.98,3805.0,85924165.0,157959868416.0,3.26,3805.47,sh000903
2022-04-26 00:00:00,3810.08,3794.12,3872.32,3782.4,76628221.0,145988734976.0,2.36,3794.12,sh000903
2022-04-27 00:00:00,3775.45,3891.87,3891.87,3775.08,83474350.0,165924290560.0,3.08,3891.87,sh000903
2022-04-28 00:00:00,3881.79,3921.87,3937.87,3873.96,75396618.0,147382677504.0,1.64,3921.87,sh000903
2022-04-29 00:00:00,3937.24,3995.52,4004.58,3886.27,90463048.0,182501670912.0,3.02,3995.52,sh000903
2022-05-05 00:00:00,3971.35,3976.81,4006.26,3963.07,77806313.0,164997943296.0,1.08,3976.81,sh000903
2022-05-06 00:00:00,3901.54,3873.32,3915.18,3867.34,59521887.0,118611054592.0,1.2,3873.32,sh000903
2022-05-09 00:00:00,3847.63,3833.84,3872.36,3810.15,43164388.0,93298900992.0,1.61,3833.84,sh000903
2022-05-10 00:00:00,3776.18,3870.49,3886.04,3760.27,67009528.0,130402516992.0,3.28,3870.49,sh000903
2022-05-11 00:00:00,3867.17,3922.13,3969.7,3865.36,77398930.0,163954819072.0,2.7,3922.13,sh000903
2022-05-12 00:00:00,3896.4,3899.04,3926.68,3880.66,51313009.0,106060550144.0,1.17,3899.04,sh000903
2022-05-13 00:00:00,3927.66,3932.18,3948.1,3901.44,52645578.0,110467563520.0,1.2,3932.18,sh000903
2022-05-16 00:00:00,3958.9,3899.52,3961.66,3888.31,53805020.0,110899335168.0,1.87,3899.52,sh000903
2022-05-17 00:00:00,3909.74,3951.69,3951.69,3903.88,51788879.0,110328037376.0,1.23,3951.69,sh000903
2022-05-18 00:00:00,3961.07,3932.19,3961.07,3899.49,49104778.0,107043721216.0,1.56,3932.19,sh000903
2022-05-19 00:00:00,3880.79,3928.77,3932.11,3877.26,52004037.0,108552065024.0,1.39,3928.77,sh000903
2022-05-20 00:00:00,3952.72,4014.77,4015.31,3952.67,69838254.0,149488824320.0,1.59,4014.77,sh000903
2022-05-23 00:00:00,4017.69,3974.48,4017.69,3955.51,55554020.0,118708633600.0,1.55,3974.48,sh000903
2022-05-24 00:00:00,3972.63,3890.53,3972.63,3890.46,60971666.0,122821079040.0,2.07,3890.53,sh000903
2022-05-25 00:00:00,3894.98,3906.75,3910.48,3877.93,45082271.0,96452812800.0,0.84,3906.75,sh000903
2022-05-26 00:00:00,3911.88,3911.59,3935.75,3864.91,56926820.0,116174049280.0,1.81,3911.59,sh000903
2022-05-27 00:00:00,3946.13,3929.49,3978.26,3913.97,55241649.0,116413595648.0,1.64,3929.49,sh000903
2022-05-30 00:00:00,3950.49,3956.21,3972.17,3938.58,54955159.0,119218044928.0,0.85,3956.21,sh000903
2022-05-31 00:00:00,3959.79,4017.17,4022.61,3947.87,66258519.0,148638384128.0,1.89,4017.17,sh000903
2022-06-01 00:00:00,4014.5,4008.64,4019.18,3987.26,52834404.0,116597141504.0,0.79,4008.64,sh000903
2022-06-02 00:00:00,3988.38,4001.99,4005.85,3983.82,48844915.0,110851649536.0,0.55,4001.99,sh000903
2022-06-06 00:00:00,4006.29,4072.25,4073.09,3974.73,81230935.0,173755330560.0,2.46,4072.25,sh000903
2022-06-07 00:00:00,4071.8,4092.74,4110.37,4061.92,67764206.0,153859674112.0,1.19,4092.74,sh000903
2022-06-08 00:00:00,4104.16,4138.21,4138.75,4078.45,68702080.0,174608265216.0,1.47,4138.21,sh000903
2022-06-09 00:00:00,4130.83,4101.28,4148.7,4088.76,74750380.0,150291791872.0,1.45,4101.28,sh000903
2022-06-10 00:00:00,4070.71,4157.67,4160.95,4064.59,80908014.0,166122954752.0,2.35,4157.67,sh000903
2022-06-13 00:00:00,4109.69,4105.28,4133.9,4072.85,80534999.0,189785149440.0,1.47,4105.28,sh000903
2022-06-14 00:00:00,4058.69,4124.24,4125.46,4015.57,80054904.0,183942991872.0,2.68,4124.24,sh000903
2022-06-15 00:00:00,4129.19,4178.12,4246.38,4128.99,115602803.0,244864389120.0,2.85,4178.12,sh000903
2022-06-16 00:00:00,4187.41,4156.07,4211.32,4146.28,83712561.0,174117810176.0,1.56,4156.07,sh000903
2022-06-17 00:00:00,4125.86,4228.66,4239.43,4124.22,74583478.0,194589790208.0,2.77,4228.66,sh000903
2022-06-20 00:00:00,4244.01,4247.41,4286.47,4216.94,83193349.0,205103710208.0,1.64,4247.41,sh000903
2022-06-21 00:00:00,4246.57,4242.4,4273.53,4203.29,84402980.0,176269668352.0,1.65,4242.4,sh000903
2022-06-22 00:00:00,4252.53,4186.02,4253.18,4184.25,90637281.0,172263653376.0,1.62,4186.02,sh000903
2022-06-23 00:00:00,4194.33,4255.17,4255.17,4171.31,94109624.0,183260348416.0,2.0,4255.17,sh000903
2022-06-24 00:00:00,4270.88,4324.27,4327.73,4261.77,91332966.0,203867316224.0,1.55,4324.27,sh000903
2022-06-27 00:00:00,4344.96,4362.57,4395.26,4340.01,93297111.0,214169452544.0,1.28,4362.57,sh000903
2022-06-28 00:00:00,4361.8,4409.14,4416.62,4320.5,93231872.0,201308221440.0,2.2,4409.14,sh000903
2022-06-29 00:00:00,4392.5,4339.74,4425.71,4331.71,91283415.0,215957680128.0,2.13,4339.74,sh000903
2022-06-30 00:00:00,4334.11,4406.01,4438.75,4334.11,74208435.0,189896216576.0,2.41,4406.01,sh000903
2022-07-01 00:00:00,4414.92,4391.85,4428.28,4372.24,71116362.0,171250548736.0,1.27,4391.85,sh000903
2022-07-04 00:00:00,4365.19,4421.75,4421.78,4349.9,69242360.0,200047058944.0,1.64,4421.75,sh000903
2022-07-05 00:00:00,4434.25,4422.66,4461.85,4369.34,80160215.0,210064982016.0,2.09,4422.66,sh000903
2022-07-06 00:00:00,4408.07,4348.3,4414.65,4317.12,77112151.0,200271159296.0,2.21,4348.3,sh000903
2022-07-07 00:00:00,4354.31,4375.2,4391.59,4321.44,69108682.0,191646425088.0,1.61,4375.2,sh000903
2022-07-08 00:00:00,4404.36,4357.54,4417.67,4355.3,62747891.0,175116185600.0,1.43,4357.54,sh000903
2022-07-11 00:00:00,4335.25,4275.92,4335.25,4250.62,69051817.0,175605391360.0,1.94,4275.92,sh000903
2022-07-12 00:00:00,4276.66,4233.94,4292.61,4214.58,57762953.0,164857841435.8,1.82,4233.94,sh000903
2022-07-13 00:00:00,4233.93,4251.64,4270.51,4206.54,58705807.0,161583567395.3,1.51,4251.64,sh000903
2022-07-14 00:00:00,4242.36,4257.89,4290.84,4227.43,64767950.0,169432887695.3,1.49,4257.89,sh000903
2022-07-15 00:00:00,4233.68,4180.95,4280.49,4180.95,71194079.0,175977238463.1,2.34,4180.95,sh000903
2022-07-18 00:00:00,4199.83,4231.73,4239.99,4148.55,62422555.0,157361125318.1,2.19,4231.73,sh000903
2022-07-19 00:00:00,4228.14,4193.8,4228.14,4165.05,51715609.0,129225937207.1,1.49,4193.8,sh000903
2022-07-20 00:00:00,4219.44,4202.1,4228.28,4189.4,43759983.0,111881859480.6,0.93,4202.1,sh000903
2022-07-21 00:00:00,4186.25,4154.04,4198.58,4153.87,58700072.0,131938197050.1,1.06,4154.04,sh000903
2022-07-22 00:00:00,4172.71,4158.78,4198.63,4126.94,51552274.0,125034263321.3,1.73,4158.78,sh000903
2022-07-25 00:00:00,4154.27,4131.47,4158.9,4120.69,40802442.0,101856976486.2,0.92,4131.47,sh000903
2022-07-26 00:00:00,4138.55,4160.39,4175.82,4130.03,40988370.0,103307363527.9,1.11,4160.39,sh000903
2022-07-27 00:00:00,4150.28,4133.95,4152.46,4124.42,38378912.0,106115929809.9,0.67,4133.95,sh000903
2022-07-28 00:00:00,4153.14,4132.58,4181.39,4130.48,52937618.0,137188784055.7,1.23,4132.58,sh000903
2022-07-29 00:00:00,4137.22,4082.16,4160.96,4073.44,55260396.0,132727617707.4,2.12,4082.16,sh000903
2022-08-01 00:00:00,4072.78,4103.41,4112.32,4039.25,50731982.0,130250593910.8,1.79,4103.41,sh000903
2022-08-02 00:00:00,4057.47,4021.81,4057.47,3986.0,68010067.0,146259979906.2,1.74,4021.81,sh000903
2022-08-03 00:00:00,4029.74,3977.27,4067.31,3966.05,55622658.0,146338953736.6,2.52,3977.27,sh000903
2022-08-04 00:00:00,4000.16,4014.16,4022.91,3978.23,41926535.0,119663830715.0,1.12,4014.16,sh000903
2022-08-05 00:00:00,4021.46,4067.45,4071.11,4007.53,49877341.0,133712750292.1,1.58,4067.45,sh000903
2022-08-08 00:00:00,4049.29,4054.71,4060.93,4038.83,42683401.0,118526806565.1,0.54,4054.71,sh000903
2022-08-09 00:00:00,4051.21,4072.47,4079.16,4037.32,41397994.0,117890294493.4,1.03,4072.47,sh000903
2022-08-10 00:00:00,4065.88,4024.29,4074.16,4005.47,43590402.0,119185496334.5,1.69,4024.29,sh000903
2022-08-11 00:00:00,4046.24,4108.35,4109.15,4029.85,56196784.0,143948718273.4,1.97,4108.35,sh000903
2022-08-12 00:00:00,4100.9,4107.4,4117.75,4089.99,47954939.0,115144393656.2,0.68,4107.4,sh000903
2022-08-15 00:00:00,4099.19,4115.99,4148.31,4095.12,52310397.0,137477197142.9,1.29,4115.99,sh000903
2022-08-16 00:00:00,4121.51,4105.47,4140.12,4098.24,46567185.0,132366694367.9,1.02,4105.47,sh000903
2022-08-17 00:00:00,4111.01,4146.8,4153.68,4082.26,53094298.0,137796378379.9,1.74,4146.8,sh000903
2022-08-18 00:00:00,4136.64,4108.9,4143.56,4104.1,45985459.0,123345159806.0,0.95,4108.9,sh000903
2022-08-19 00:00:00,4106.93,4079.62,4110.41,4079.15,55298111.0,142386524337.7,0.76,4079.62,sh000903
2022-08-22 00:00:00,4066.0,4113.16,4116.62,4061.42,52515670.0,143318896146.6,1.35,4113.16,sh000903
2022-08-23 00:00:00,4107.14,4093.34,4121.07,4079.17,44861555.0,127589390356.9,1.02,4093.34,sh000903
2022-08-24 00:00:00,4106.2,4008.99,4109.86,4004.46,55745254.0,146884306830.7,2.57,4008.99,sh000903
2022-08-25 00:00:00,4019.48,4037.39,4040.79,3976.01,54125178.0,133055287602.0,1.62,4037.39,sh000903
2022-08-26 00:00:00,4050.59,4023.96,4054.43,4019.39,46467168.0,119042300604.4,0.87,4023.96,sh000903
2022-08-29 00:00:00,3978.89,4007.99,4010.9,3974.17,42868139.0,102939281967.5,0.91,4007.99,sh000903
2022-08-30 00:00:00,4006.12,3987.17,4009.51,3959.46,44517296.0,103813492466.2,1.25,3987.17,sh000903
2022-08-31 00:00:00,3964.45,3990.65,4022.59,3954.99,64022283.0,166031843266.5,1.7,3990.65,sh000903
2022-09-01 00:00:00,3977.76,3952.53,4004.53,3949.88,46560336.0,114854929202.3,1.37,3952.53,sh000903
2022-09-02 00:00:00,3965.85,3932.13,3966.83,3912.69,38464015.0,96896735459.8,1.37,3932.13,sh000903
2022-09-05 00:00:00,3916.46,3921.13,3925.08,3889.31,44019591.0,110718151991.7,0.91,3921.13,sh000903
2022-09-06 00:00:00,3929.54,3951.33,3953.32,3907.45,50756147.0,130172288648.3,1.17,3951.33,sh000903
2022-09-07 00:00:00,3929.12,3956.88,3968.88,3925.33,49997850.0,119881530878.1,1.1,3956.88,sh000903
2022-09-08 00:00:00,3960.8,3932.75,3968.34,3931.06,43757452.0,99194829993.1,0.94,3932.75,sh000903
2022-09-09 00:00:00,3948.97,3995.32,4000.42,3939.41,53539453.0,121377642822.1,1.55,3995.32,sh000903
2022-09-13 00:00:00,4015.97,4012.61,4028.33,3997.16,48636217.0,115768111011.3,0.78,4012.61,sh000903
2022-09-14 00:00:00,3959.81,3962.92,3988.75,3945.0,42348298.0,103100127674.3,1.09,3962.92,sh000903
2022-09-15 00:00:00,3975.85,3923.76,3984.68,3895.92,57528664.0,139586897710.5,2.24,3923.76,sh000903
2022-09-16 00:00:00,3909.72,3835.2,3916.1,3835.05,65510530.0,134160220842.1,2.07,3835.2,sh000903
2022-09-19 00:00:00,3829.93,3832.64,3859.99,3815.16,46998745.0,100442632169.1,1.17,3832.64,sh000903
2022-09-20 00:00:00,3849.5,3835.13,3861.42,3823.79,40851555.0,99930551795.1,0.98,3835.13,sh000903
2022-09-21 00:00:00,3822.88,3797.65,3823.55,3782.62,42418140.0,96388891578.9,1.07,3797.65,sh000903
2022-09-22 00:00:00,3766.66,3757.8,3789.96,3748.26,41024647.0,92591880720.1,1.1,3757.8,sh000903
2022-09-23 00:00:00,3754.55,3745.7,3777.34,3720.23,46230307.0,94742429665.1,1.52,3745.7,sh000903
2022-09-26 00:00:00,3717.26,3731.97,3787.03,3715.84,52780223.0,108337631413.5,1.9,3731.97,sh000903
2022-09-27 00:00:00,3739.39,3784.04,3785.23,3720.77,44375341.0,99236325891.4,1.73,3784.04,sh000903
2022-09-28 00:00:00,3771.09,3713.46,3771.09,3712.16,42606926.0,93687333910.4,1.56,3713.46,sh000903
2022-09-29 00:00:00,3751.97,3720.9,3760.83,3702.99,42544192.0,97634437611.6,1.56,3720.9,sh000903
2022-09-30 00:00:00,3729.89,3697.86,3742.02,3692.14,39741936.0,91934002970.8,1.34,3697.86,sh000903
2022-10-10 00:00:00,3708.04,3618.59,3708.12,3613.08,48672552.0,105653961019.6,2.57,3618.59,sh000903
2022-10-11 00:00:00,3632.38,3632.03,3641.84,3611.32,39719952.0,92354174101.5,0.84,3632.03,sh000903
2022-10-12 00:00:00,3625.66,3686.58,3686.64,3560.66,58548740.0,122387681403.0,3.47,3686.58,sh000903
2022-10-13 00:00:00,3654.82,3644.12,3676.5,3639.3,51314847.0,112485180532.1,1.01,3644.12,sh000903
2022-10-14 00:00:00,3679.09,3743.41,3765.69,3674.36,60437489.0,149722986193.5,2.51,3743.41,sh000903
2022-10-17 00:00:00,3720.89,3747.89,3751.27,3706.72,54712678.0,124273853055.5,1.19,3747.89,sh000903
2022-10-18 00:00:00,3769.96,3738.58,3772.41,3731.9,42208039.0,103251944081.2,1.08,3738.58,sh000903
2022-10-19 00:00:00,3728.68,3676.01,3744.21,3676.01,40620210.0,105245204786.1,1.82,3676.01,sh000903
2022-10-20 00:00:00,3640.82,3646.72,3696.9,3617.26,41747192.0,110456418756.5,2.17,3646.72,sh000903
2022-10-21 00:00:00,3640.72,3631.41,3657.62,3611.1,41409192.0,94419916239.0,1.28,3631.41,sh000903
2022-10-24 00:00:00,3609.88,3517.33,3646.53,3502.9,59945276.0,145288374481.1,3.96,3517.33,sh000903
2022-10-25 00:00:00,3506.19,3507.46,3553.47,3476.36,51007708.0,121980659551.7,2.19,3507.46,sh000903
2022-10-26 00:00:00,3514.66,3533.72,3581.65,3512.82,58538212.0,132594869479.8,1.96,3533.72,sh000903
2022-10-27 00:00:00,3548.84,3509.07,3567.53,3506.81,55604666.0,140708147930.2,1.72,3509.07,sh000903
2022-10-28 00:00:00,3481.88,3406.49,3492.14,3398.54,55982614.0,137071932135.3,2.67,3406.49,sh000903
2022-10-31 00:00:00,3366.98,3374.87,3422.42,3362.74,68583084.0,142703181858.0,1.75,3374.87,sh000903
2022-11-01 00:00:00,3387.41,3506.67,3506.67,3381.9,72739737.0,166138471815.1,3.7,3506.67,sh000903
2022-11-02 00:00:00,3495.25,3549.45,3573.6,3483.15,69177567.0,157324659254.6,2.58,3549.45,sh000903
2022-11-03 00:00:00,3517.48,3515.02,3543.58,3495.51,58766347.0,118475274493.4,1.35,3515.02,sh000903
2022-11-04 00:00:00,3514.67,3638.34,3653.36,3514.67,75298188.0,172663692013.9,3.95,3638.34,sh000903
2022-11-07 00:00:00,3628.09,3651.15,3671.42,3622.29,69986541.0,142298384110.6,1.35,3651.15,sh000903
2022-11-08 00:00:00,3651.19,3627.88,3660.05,3599.87,51511184.0,109484798768.4,1.65,3627.88,sh000903
2022-11-09 00:00:00,3629.28,3587.58,3638.66,3583.93,45838339.0,95295440026.3,1.51,3587.58,sh000903
2022-11-10 00:00:00,3554.81,3548.63,3565.99,3527.41,56775182.0,101435336795.0,1.08,3548.63,sh000903
2022-11-11 00:00:00,3657.45,3660.15,3699.91,3616.77,100684751.0,195929301876.2,2.34,3660.15,sh000903
2022-11-14 00:00:00,3697.68,3667.92,3726.9,3655.26,83753615.0,176570994083.9,1.96,3667.92,sh000903
2022-11-15 00:00:00,3664.8,3743.18,3746.8,3646.69,73907454.0,158713763875.9,2.73,3743.18,sh000903
2022-11-16 00:00:00,3740.05,3712.8,3753.56,3707.79,59835191.0,128967092937.2,1.22,3712.8,sh000903
2022-11-17 00:00:00,3701.9,3689.95,3701.9,3648.49,53989474.0,122263937736.5,1.44,3689.95,sh000903
2022-11-18 00:00:00,3697.2,3678.47,3717.05,3678.43,56326282.0,121044406348.2,1.05,3678.47,sh000903
2022-11-21 00:00:00,3645.83,3646.22,3647.91,3610.5,47003476.0,101916538941.1,1.02,3646.22,sh000903
2022-11-22 00:00:00,3643.14,3641.45,3683.67,3624.96,63018219.0,104755365597.1,1.61,3641.45,sh000903
2022-11-23 00:00:00,3629.09,3643.46,3663.11,3622.21,61757074.0,104391613733.0,1.12,3643.46,sh000903
2022-11-24 00:00:00,3664.14,3627.13,3677.27,3621.53,43771849.0,83586000573.4,1.53,3627.13,sh000903
2022-11-25 00:00:00,3621.59,3645.08,3660.85,3613.44,67101398.0,103831671863.9,1.31,3645.08,sh000903
2022-11-28 00:00:00,3567.93,3596.58,3600.75,3535.03,58757866.0,105161390875.6,1.8,3596.58,sh000903
2022-11-29 00:00:00,3636.46,3713.57,3721.41,3634.26,75352963.0,147924940754.5,2.42,3713.57,sh000903
2022-11-30 00:00:00,3700.68,3718.28,3729.55,3697.53,71103390.0,128403621591.9,0.86,3718.28,sh000903
2022-12-01 00:00:00,3789.19,3765.51,3811.83,3764.41,83069663.0,162846713136.8,1.28,3765.51,sh000903
2022-12-02 00:00:00,3756.96,3740.76,3769.39,3737.26,55753010.0,105335247215.3,0.85,3740.76,sh000903
2022-12-05 00:00:00,3773.71,3808.11,3809.07,3763.79,98734319.0,159318827840.0,1.21,3808.11,sh000903
2022-12-06 00:00:00,3790.66,3829.92,3845.95,3784.85,72749376.0,142100923842.7,1.6,3829.92,sh000903
2022-12-07 00:00:00,3818.24,3826.32,3866.96,3812.73,67522481.0,137509374245.3,1.42,3826.32,sh000903
2022-12-08 00:00:00,3820.97,3826.49,3839.82,3808.11,51718427.0,102189607506.8,0.83,3826.49,sh000903
2022-12-09 00:00:00,3831.09,3871.54,3876.24,3817.59,72891573.0,140096867584.6,1.53,3871.54,sh000903
2022-12-12 00:00:00,3847.59,3832.71,3862.93,3829.54,58859115.0,120194906987.1,0.86,3832.71,sh000903
2022-12-13 00:00:00,3833.59,3817.48,3838.18,3812.81,47605699.0,96878984888.3,0.66,3817.48,sh000903
2022-12-14 00:00:00,3823.67,3820.72,3838.15,3804.46,49162925.0,105794562251.9,0.88,3820.72,sh000903
2022-12-15 00:00:00,3822.13,3827.64,3833.74,3795.94,43905646.0,100556875011.2,0.99,3827.64,sh000903
2022-12-16 00:00:00,3806.16,3825.82,3831.69,3800.97,42618780.0,90129347697.9,0.8,3825.82,sh000903
2022-12-19 00:00:00,3824.74,3773.02,3840.49,3757.27,51222586.0,99067600401.0,2.18,3773.02,sh000903
2022-12-20 00:00:00,3759.05,3706.91,3759.05,3688.42,38896960.0,89182450488.6,1.87,3706.91,sh000903
2022-12-21 00:00:00,3715.02,3708.8,3731.22,3700.11,31295391.0,66357787168.6,0.84,3708.8,sh000903
2022-12-22 00:00:00,3740.11,3712.53,3757.06,3698.13,41484282.0,89321528643.5,1.59,3712.53,sh000903
2022-12-23 00:00:00,3688.32,3706.02,3725.92,3679.33,32962627.0,70726134149.1,1.25,3706.02,sh000903
2022-12-26 00:00:00,3707.84,3720.57,3734.03,3705.62,34562353.0,82789294452.4,0.77,3720.57,sh000903
2022-12-27 00:00:00,3735.66,3757.82,3762.11,3729.81,35171630.0,80859988197.3,0.87,3757.82,sh000903
2022-12-28 00:00:00,3743.92,3740.21,3751.45,3718.76,38712987.0,86700439636.0,0.87,3740.21,sh000903
2022-12-29 00:00:00,3721.41,3726.38,3738.31,3707.11,38450248.0,81089714553.1,0.83,3726.38,sh000903
2022-12-30 00:00:00,3744.87,3735.1,3760.0,3735.1,35468537.0,80608063457.6,0.67,3735.1,sh000903
2023-01-03 00:00:00,3728.94,3759.04,3766.56,3697.21,53654517.0,106667904434.6,1.86,3759.04,sh000903
2023-01-04 00:00:00,3757.81,3760.33,3775.96,3740.24,52710263.0,112236685534.2,0.95,3760.33,sh000903
2023-01-05 00:00:00,3783.12,3844.84,3849.82,3782.02,58905212.0,148467307317.5,1.8,3844.84,sh000903
2023-01-06 00:00:00,3845.2,3859.63,3883.13,3844.01,58084669.0,135121531467.4,1.02,3859.63,sh000903
2023-01-09 00:00:00,3879.27,3890.1,3901.73,3870.85,56724350.0,124576223792.0,0.8,3890.1,sh000903
2023-01-10 00:00:00,3891.8,3898.05,3911.89,3879.53,44968014.0,117471349580.6,0.83,3898.05,sh000903
2023-01-11 00:00:00,3903.07,3894.52,3929.73,3892.64,48671209.0,111188623071.1,0.95,3894.52,sh000903
2023-01-12 00:00:00,3908.56,3904.64,3924.2,3892.97,45590122.0,105096885622.6,0.8,3904.64,sh000903
2023-01-13 00:00:00,3924.52,3959.89,3959.89,3917.85,44250076.0,114465782283.5,1.08,3959.89,sh000903
2023-01-16 00:00:00,3960.46,4024.63,4062.67,3958.69,65392820.0,167203718505.8,2.63,4024.63,sh000903
2023-01-17 00:00:00,4024.9,4024.7,4036.71,4007.56,44782224.0,109751148755.8,0.72,4024.7,sh000903
2023-01-18 00:00:00,4029.37,4018.32,4038.43,4012.76,40607128.0,89849827946.8,0.64,4018.32,sh000903
2023-01-19 00:00:00,4013.94,4046.89,4046.89,3994.27,48775126.0,108542512242.5,1.31,4046.89,sh000903
2023-01-20 00:00:00,4059.52,4079.36,4089.91,4056.55,70199111.0,129979371768.5,0.82,4079.36,sh000903
2023-01-30 00:00:00,4175.02,4100.82,4175.02,4096.39,87226803.0,190386531130.2,1.93,4100.82,sh000903
2023-01-31 00:00:00,4101.09,4062.44,4114.77,4057.74,64473174.0,141594166860.5,1.39,4062.44,sh000903
2023-02-01 00:00:00,4079.18,4102.91,4102.91,4047.45,72066003.0,149058213884.7,1.37,4102.91,sh000903
2023-02-02 00:00:00,4112.21,4087.77,4112.38,4077.3,62714822.0,142590988031.1,0.86,4087.77,sh000903
2023-02-03 00:00:00,4067.09,4044.15,4067.09,4004.44,58862677.0,130377650371.2,1.53,4044.15,sh000903
2023-02-06 00:00:00,4003.51,3987.9,4004.46,3960.44,58691068.0,130147699190.1,1.09,3987.9,sh000903
2023-02-07 00:00:00,3998.94,3991.26,4006.95,3975.6,44175216.0,96798096175.7,0.79,3991.26,sh000903
2023-02-08 00:00:00,3997.47,3976.06,4011.43,3971.46,43024679.0,94433028753.1,1.0,3976.06,sh000903
2023-02-09 00:00:00,3964.61,4025.42,4025.42,3961.04,46751972.0,108501087565.9,1.62,4025.42,sh000903
2023-02-10 00:00:00,4017.21,3995.78,4019.32,3982.4,42169782.0,99115582430.6,0.92,3995.78,sh000903
2023-02-13 00:00:00,3988.74,4034.05,4036.53,3982.38,54600928.0,125572642246.6,1.36,4034.05,sh000903
2023-02-14 00:00:00,4044.03,4033.77,4045.15,4012.44,46131026.0,103531046863.8,0.81,4033.77,sh000903
2023-02-15 00:00:00,4035.04,4010.71,4044.48,4003.05,65480464.0,118612770130.3,1.03,4010.71,sh000903
2023-02-16 00:00:00,4013.95,3985.73,4057.62,3959.52,80002992.0,147275846872.1,2.45,3985.73,sh000903
2023-02-17 00:00:00,3978.31,3919.84,3994.06,3918.19,57885053.0,122252506751.2,1.9,3919.84,sh000903
2023-02-20 00:00:00,3921.11,4020.97,4022.41,3918.1,83200910.0,157618281264.7,2.66,4020.97,sh000903
2023-02-21 00:00:00,4018.19,4035.85,4045.61,4006.7,77037221.0,138216839584.7,0.97,4035.85,sh000903
2023-02-22 00:00:00,4007.25,3989.2,4018.53,3984.13,54761750.0,106394869260.9,0.85,3989.2,sh000903
2023-02-23 00:00:00,3989.04,3986.2,4014.68,3970.3,51500447.0,105585881884.6,1.11,3986.2,sh000903
2023-02-24 00:00:00,3981.45,3939.09,3983.66,3926.65,50753785.0,99249388911.4,1.43,3939.09,sh000903
2023-02-27 00:00:00,3915.83,3915.94,3940.77,3908.45,46326710.0,99081666936.9,0.82,3915.94,sh000903
2023-02-28 00:00:00,3931.9,3943.69,3949.39,3898.76,58229208.0,111422189430.2,1.29,3943.69,sh000903
2023-03-01 00:00:00,3942.54,4005.8,4017.32,3936.05,78188561.0,138368381027.4,2.06,4005.8,sh000903
2023-03-02 00:00:00,3997.66,3994.06,4016.88,3989.33,73462086.0,127574233375.2,0.69,3994.06,sh000903
2023-03-03 00:00:00,4003.23,4003.18,4011.38,3975.56,74093006.0,116093723605.3,0.9,4003.18,sh000903
2023-03-06 00:00:00,4004.08,3983.1,4005.87,3954.08,75695331.0,147081529227.0,1.29,3983.1,sh000903
2023-03-07 00:00:00,3976.1,3922.5,3998.92,3919.38,92502822.0,139728130530.7,2.0,3922.5,sh000903
2023-03-08 00:00:00,3902.45,3903.37,3910.32,3880.19,56543153.0,98975872432.3,0.77,3903.37,sh000903
2023-03-09 00:00:00,3904.46,3893.79,3915.25,3871.85,58318785.0,108409502399.2,1.11,3893.79,sh000903
2023-03-10 00:00:00,3865.25,3846.18,3880.11,3845.16,60637831.0,116563789037.1,0.9,3846.18,sh000903
2023-03-13 00:00:00,3840.9,3885.94,3887.51,3840.9,74590451.0,133117476325.9,1.21,3885.94,sh000903
2023-03-14 00:00:00,3877.33,3864.4,3882.35,3824.74,75712443.0,147147623101.4,1.48,3864.4,sh000903
2023-03-15 00:00:00,3892.44,3866.77,3901.11,3866.54,67182794.0,124071238980.1,0.89,3866.77,sh000903
2023-03-16 00:00:00,3833.23,3810.97,3854.11,3808.02,69537082.0,128565530818.9,1.19,3810.97,sh000903
2023-03-17 00:00:00,3845.89,3832.12,3878.62,3817.62,85832287.0,170322582908.1,1.6,3832.12,sh000903
2023-03-20 00:00:00,3835.46,3809.46,3852.0,3804.56,93210422.0,165625079115.9,1.24,3809.46,sh000903
2023-03-21 00:00:00,3818.06,3858.4,3858.8,3817.41,64539917.0,128972714505.9,1.09,3858.4,sh000903
2023-03-22 00:00:00,3871.8,3877.01,3893.62,3862.48,73271475.0,141313300956.3,0.81,3877.01,sh000903
2023-03-23 00:00:00,3862.23,3909.31,3909.31,3859.73,77366934.0,152061134209.7,1.28,3909.31,sh000903
2023-03-24 00:00:00,3906.05,3895.14,3906.05,3884.6,77723320.0,156448764193.4,0.55,3895.14,sh000903
2023-03-27 00:00:00,3890.53,3883.28,3890.53,3858.49,81133707.0,165352469360.5,0.82,3883.28,sh000903
2023-03-28 00:00:00,3887.28,3864.11,3893.83,3859.36,64342963.0,123590288058.9,0.89,3864.11,sh000903
2023-03-29 00:00:00,3880.47,3871.62,3885.7,3862.71,60533017.0,131600954953.8,0.59,3871.62,sh000903
2023-03-30 00:00:00,3874.31,3904.62,3905.85,3851.19,71869833.0,149879854236.6,1.41,3904.62,sh000903
2023-03-31 00:00:00,3914.93,3917.21,3929.61,3906.33,65344162.0,149853739941.6,0.6,3917.21,sh000903
2023-04-03 00:00:00,3926.91,3950.52,3954.47,3918.03,89505385.0,209807608298.0,0.93,3950.52,sh000903
2023-04-04 00:00:00,3949.58,3951.03,3952.0,3928.02,95756990.0,209069361293.9,0.61,3951.03,sh000903
2023-04-06 00:00:00,3928.32,3945.89,3947.73,3922.08,73665327.0,170886043827.3,0.65,3945.89,sh000903
2023-04-07 00:00:00,3948.57,3982.61,3990.9,3947.59,62332132.0,153927642307.9,1.1,3982.61,sh000903
2023-04-10 00:00:00,3993.57,3975.47,3994.64,3965.53,74054461.0,180161512599.5,0.73,3975.47,sh000903
2023-04-11 00:00:00,3979.15,3972.8,3988.69,3956.3,73160109.0,167167493965.8,0.81,3972.8,sh000903
2023-04-12 00:00:00,3974.72,3972.82,3983.42,3964.79,82703485.0,171238086701.2,0.47,3972.82,sh000903
2023-04-13 00:00:00,3955.43,3939.53,3959.19,3929.51,70406633.0,152680096124.6,0.75,3939.53,sh000903
2023-04-14 00:00:00,3949.85,3967.22,3976.42,3948.06,67951941.0,164365332555.3,0.72,3967.22,sh000903
2023-04-17 00:00:00,3963.18,4020.34,4020.34,3960.15,82413577.0,178826218692.5,1.52,4020.34,sh000903
2023-04-18 00:00:00,4008.19,4029.11,4041.16,4007.14,74868542.0,170516166180.9,0.85,4029.11,sh000903
2023-04-19 00:00:00,4028.59,3991.92,4028.59,3986.43,77361252.0,161038974672.5,1.05,3991.92,sh000903
2023-04-20 00:00:00,3989.12,3969.97,3989.88,3951.67,76041516.0,176039076853.2,0.96,3969.97,sh000903
2023-04-21 00:00:00,3973.98,3893.29,3973.98,3891.57,81492286.0,182998896355.1,2.08,3893.29,sh000903
2023-04-24 00:00:00,3891.71,3842.19,3893.99,3827.05,77540732.0,172492665655.6,1.72,3842.19,sh000903
2023-04-25 00:00:00,3843.76,3808.31,3847.21,3775.41,74868858.0,168312099068.1,1.87,3808.31,sh000903
2023-04-26 00:00:00,3795.53,3818.71,3834.2,3785.32,68799787.0,166699574518.7,1.28,3818.71,sh000903
2023-04-27 00:00:00,3807.97,3850.99,3862.1,3803.35,63598512.0,155128965890.1,1.54,3850.99,sh000903
2023-04-28 00:00:00,3857.31,3886.03,3886.58,3857.31,68714436.0,156382971514.4,0.76,3886.03,sh000903
2023-05-04 00:00:00,3869.31,3872.06,3882.19,3852.78,87963922.0,163779765714.0,0.76,3872.06,sh000903
2023-05-05 00:00:00,3874.41,3849.67,3876.53,3826.5,77685001.0,143334937190.4,1.29,3849.67,sh000903
2023-05-08 00:00:00,3863.33,3880.58,3884.79,3845.57,91295528.0,167686895037.9,1.02,3880.58,sh000903
2023-05-09 00:00:00,3878.42,3841.34,3898.22,3839.7,95980345.0,171779362973.2,1.51,3841.34,sh000903
2023-05-10 00:00:00,3833.6,3834.19,3849.69,3818.93,72136197.0,143603766646.5,0.8,3834.19,sh000903
2023-05-11 00:00:00,3841.12,3830.72,3849.33,3829.41,53856080.0,118438496016.8,0.52,3830.72,sh000903
2023-05-12 00:00:00,3829.69,3776.55,3838.56,3776.48,60997744.0,119004291449.7,1.62,3776.55,sh000903
2023-05-15 00:00:00,3778.71,3836.51,3836.51,3767.33,68372945.0,139775493781.6,1.83,3836.51,sh000903
2023-05-16 00:00:00,3841.66,3818.48,3841.66,3806.75,50291352.0,114380583686.4,0.91,3818.48,sh000903
2023-05-17 00:00:00,3812.9,3799.5,3821.1,3786.88,48362870.0,99577289843.6,0.9,3799.5,sh000903
2023-05-18 00:00:00,3805.99,3784.59,3814.16,3769.7,51314679.0,107129132423.4,1.17,3784.59,sh000903
2023-05-19 00:00:00,3772.22,3776.05,3797.74,3756.48,45892937.0,96722478482.3,1.09,3776.05,sh000903
2023-05-22 00:00:00,3774.03,3805.23,3818.76,3770.33,42563797.0,93100305127.0,1.28,3805.23,sh000903
2023-05-23 00:00:00,3806.32,3754.71,3810.12,3754.71,48690149.0,90974275110.5,1.46,3754.71,sh000903
2023-05-24 00:00:00,3747.81,3706.09,3748.37,3706.09,55097206.0,102973004087.9,1.13,3706.09,sh000903
2023-05-25 00:00:00,3696.63,3689.27,3706.57,3659.85,54459286.0,104921058611.8,1.26,3689.27,sh000903
2023-05-26 00:00:00,3686.55,3678.06,3686.55,3645.48,41079248.0,92612476219.9,1.11,3678.06,sh000903
2023-05-29 00:00:00,3691.52,3656.39,3694.98,3642.08,56505421.0,109691339595.7,1.44,3656.39,sh000903
2023-05-30 00:00:00,3651.1,3665.87,3671.77,3615.87,62389785.0,122379341968.0,1.53,3665.87,sh000903
2023-05-31 00:00:00,3653.34,3617.3,3653.54,3602.66,56456932.0,117168415081.1,1.39,3617.3,sh000903
2023-06-01 00:00:00,3607.96,3634.33,3659.93,3607.24,56267816.0,116845454451.1,1.46,3634.33,sh000903
2023-06-02 00:00:00,3651.4,3700.65,3704.0,3651.4,54643187.0,120467308715.1,1.45,3700.65,sh000903
2023-06-05 00:00:00,3697.95,3679.96,3697.99,3669.16,46288335.0,105480081656.7,0.78,3679.96,sh000903
2023-06-06 00:00:00,3676.19,3649.31,3703.2,3644.71,54085097.0,112588657844.9,1.59,3649.31,sh000903
2023-06-07 00:00:00,3659.31,3626.07,3665.94,3618.3,42185940.0,99519741433.5,1.31,3626.07,sh000903
2023-06-08 00:00:00,3630.71,3654.96,3670.12,3617.64,48898115.0,98892948850.9,1.45,3654.96,sh000903
2023-06-09 00:00:00,3657.74,3667.93,3668.18,3642.27,62547054.0,124877093172.0,0.71,3667.93,sh000903
2023-06-12 00:00:00,3657.24,3673.86,3689.2,3645.07,55151031.0,119964559984.4,1.2,3673.86,sh000903
2023-06-13 00:00:00,3667.21,3694.15,3697.71,3660.37,49160841.0,110640143105.4,1.02,3694.15,sh000903
2023-06-14 00:00:00,3704.49,3693.72,3719.63,3691.22,53323160.0,119070543525.5,0.77,3693.72,sh000903
2023-06-15 00:00:00,3702.35,3766.04,3766.04,3702.09,56778348.0,153631955062.3,1.73,3766.04,sh000903
2023-06-16 00:00:00,3772.79,3805.52,3810.09,3769.6,59783535.0,144446961879.5,1.08,3805.52,sh000903
2023-06-19 00:00:00,3800.72,3766.25,3800.72,3759.1,57604219.0,130132279611.2,1.09,3766.25,sh000903
2023-06-20 00:00:00,3762.85,3765.98,3779.09,3759.86,52092715.0,132492751206.6,0.51,3765.98,sh000903
2023-06-21 00:00:00,3752.58,3709.22,3765.62,3709.22,53296061.0,124841858982.9,1.5,3709.22,sh000903
2023-06-26 00:00:00,3679.2,3667.43,3696.85,3655.54,58400978.0,118269062731.6,1.11,3667.43,sh000903
2023-06-27 00:00:00,3669.7,3701.67,3710.13,3665.56,53644754.0,105977290284.7,1.22,3701.67,sh000903
2023-06-28 00:00:00,3693.14,3696.92,3702.78,3664.76,48298309.0,107466446669.0,1.03,3696.92,sh000903
2023-06-29 00:00:00,3694.8,3675.46,3699.39,3670.17,44632024.0,101725031133.2,0.79,3675.46,sh000903
2023-06-30 00:00:00,3667.1,3688.14,3708.07,3661.73,46863770.0,106360079907.0,1.26,3688.14,sh000903
2023-07-03 00:00:00,3702.25,3731.95,3739.49,3701.08,60982861.0,130894381540.7,1.04,3731.95,sh000903
2023-07-04 00:00:00,3728.35,3736.68,3738.46,3719.27,49225448.0,107644049905.1,0.51,3736.68,sh000903
2023-07-05 00:00:00,3732.87,3712.29,3739.71,3707.38,48302014.0,96173325352.7,0.87,3712.29,sh000903
2023-07-06 00:00:00,3700.97,3683.27,3719.47,3677.55,49508336.0,95594702218.6,1.13,3683.27,sh000903
2023-07-07 00:00:00,3671.51,3660.65,3679.44,3654.36,51909750.0,90661258312.3,0.68,3660.65,sh000903
2023-07-10 00:00:00,3677.36,3686.1,3707.81,3674.71,47059451.0,101529986654.3,0.9,3686.1,sh000903
2023-07-11 00:00:00,3697.25,3710.27,3712.42,3686.44,40848094.0,91735852740.0,0.7,3710.27,sh000903
2023-07-12 00:00:00,3707.3,3691.81,3720.25,3686.08,52089612.0,108282603903.3,0.92,3691.81,sh000903
2023-07-13 00:00:00,3702.77,3739.31,3741.36,3702.77,56110150.0,121533179143.8,1.05,3739.31,sh000903
2023-07-14 00:00:00,3748.36,3742.27,3753.82,3736.49,61307704.0,113223761279.5,0.46,3742.27,sh000903
2023-07-17 00:00:00,3726.36,3709.61,3726.36,3695.13,48406830.0,85517933694.3,0.83,3709.61,sh000903
2023-07-18 00:00:00,3715.44,3697.34,3715.44,3686.28,39902164.0,80761965261.5,0.79,3697.34,sh000903
2023-07-19 00:00:00,3691.86,3694.75,3704.41,3675.62,36182018.0,77885251474.1,0.78,3694.75,sh000903
2023-07-20 00:00:00,3702.13,3673.55,3723.72,3668.74,43079101.0,90738120851.7,1.49,3673.55,sh000903
2023-07-21 00:00:00,3666.61,3669.03,3696.75,3655.82,39243794.0,83231085360.9,1.11,3669.03,sh000903
2023-07-24 00:00:00,3647.66,3647.18,3672.45,3641.51,33984922.0,77095901265.6,0.84,3647.18,sh000903
2023-07-25 00:00:00,3706.18,3755.99,3755.99,3706.18,70799987.0,146772987064.7,1.37,3755.99,sh000903
2023-07-26 00:00:00,3748.91,3749.01,3752.71,3735.61,47422572.0,93275789022.6,0.46,3749.01,sh000903
2023-07-27 00:00:00,3756.58,3741.81,3772.03,3734.44,46781148.0,92387008707.4,1.0,3741.81,sh000903
2023-07-28 00:00:00,3730.03,3824.68,3832.62,3727.09,71789355.0,140279680845.3,2.82,3824.68,sh000903
2023-07-31 00:00:00,3852.09,3843.6,3891.11,3831.51,78200090.0,172605022103.1,1.56,3843.6,sh000903
2023-08-01 00:00:00,3840.07,3829.38,3859.62,3815.45,59745416.0,122633300320.2,1.15,3829.38,sh000903
2023-08-02 00:00:00,3818.91,3803.13,3838.23,3792.1,50120376.0,96738393165.0,1.2,3803.13,sh000903
2023-08-03 00:00:00,3793.02,3833.04,3833.39,3792.88,50073774.0,105063657118.1,1.07,3833.04,sh000903
2023-08-04 00:00:00,3861.27,3846.54,3881.39,3837.91,71319235.0,146180770114.0,1.13,3846.54,sh000903
2023-08-07 00:00:00,3831.02,3816.26,3831.02,3803.29,51962038.0,112605171200.9,0.72,3816.26,sh000903
2023-08-08 00:00:00,3809.49,3808.11,3829.49,3792.48,42710803.0,93826501781.0,0.97,3808.11,sh000903
2023-08-09 00:00:00,3796.96,3799.3,3813.86,3794.15,38396581.0,81316336740.4,0.52,3799.3,sh000903
2023-08-10 00:00:00,3794.51,3802.85,3806.62,3773.74,38072881.0,80151878530.6,0.87,3802.85,sh000903
2023-08-11 00:00:00,3807.18,3715.5,3807.18,3715.5,53509387.0,97929402147.3,2.41,3715.5,sh000903
2023-08-14 00:00:00,3673.13,3687.75,3690.86,3646.99,50420343.0,99183654787.2,1.18,3687.75,sh000903
2023-08-15 00:00:00,3689.04,3673.52,3695.12,3640.94,42366885.0,86915238403.2,1.47,3673.52,sh000903
2023-08-16 00:00:00,3658.34,3642.67,3673.55,3642.03,40076902.0,86853274229.7,0.86,3642.67,sh000903
2023-08-17 00:00:00,3626.68,3657.07,3662.15,3606.28,38127108.0,82047638390.9,1.53,3657.07,sh000903
2023-08-18 00:00:00,3655.98,3608.53,3664.45,3608.53,38249920.0,80091929530.2,1.53,3608.53,sh000903
2023-08-21 00:00:00,3595.88,3561.97,3611.78,3561.97,40660721.0,85180494297.3,1.38,3561.97,sh000903
2023-08-22 00:00:00,3580.04,3584.39,3598.48,3535.24,58776237.0,106290495149.7,1.78,3584.39,sh000903
2023-08-23 00:00:00,3578.92,3522.38,3582.75,3520.74,44884393.0,83026795106.3,1.73,3522.38,sh000903
2023-08-24 00:00:00,3538.09,3554.94,3579.14,3531.56,52988258.0,97498641310.3,1.35,3554.94,sh000903
2023-08-25 00:00:00,3537.21,3543.78,3568.99,3529.8,47460434.0,87963324799.5,1.1,3543.78,sh000903
2023-08-28 00:00:00,3737.15,3594.87,3737.15,3582.39,81991888.0,161761192569.9,4.37,3594.87,sh000903
2023-08-29 00:00:00,3587.65,3636.08,3658.25,3586.99,63154387.0,129139827528.3,1.98,3636.08,sh000903
2023-08-30 00:00:00,3653.15,3644.19,3666.71,3634.41,58151053.0,110758236684.0,0.89,3644.19,sh000903
2023-08-31 00:00:00,3644.96,3625.64,3651.13,3620.7,47990392.0,91513426558.8,0.84,3625.64,sh000903
2023-09-01 00:00:00,3639.01,3649.71,3667.99,3637.51,45344818.0,83733676051.7,0.84,3649.71,sh000903
2023-09-04 00:00:00,3675.06,3707.81,3713.92,3664.73,64509488.0,118491226932.4,1.35,3707.81,sh000903
2023-09-05 00:00:00,3699.02,3683.2,3699.54,3677.5,44151472.0,91029300170.0,0.59,3683.2,sh000903
2023-09-06 00:00:00,3671.93,3672.11,3678.36,3651.98,40351320.0,83755338429.5,0.72,3672.11,sh000903
2023-09-07 00:00:00,3661.91,3615.8,3661.91,3614.59,41818342.0,85404940480.7,1.29,3615.8,sh000903
2023-09-08 00:00:00,3605.09,3588.6,3610.38,3575.95,30628649.0,64883425377.9,0.95,3588.6,sh000903
2023-09-11 00:00:00,3589.19,3610.27,3632.26,3583.27,42520491.0,90714216893.4,1.37,3610.27,sh000903
2023-09-12 00:00:00,3607.64,3604.95,3617.62,3597.03,34623665.0,69630590980.8,0.57,3604.95,sh000903
2023-09-13 00:00:00,3603.53,3581.95,3613.95,3564.76,37809075.0,71578082826.6,1.36,3581.95,sh000903
2023-09-14 00:00:00,3581.93,3576.89,3594.12,3561.46,41968158.0,77042538839.9,0.91,3576.89,sh000903
2023-09-15 00:00:00,3583.67,3551.4,3591.79,3542.11,48943125.0,96631630257.7,1.39,3551.4,sh000903
2023-09-18 00:00:00,3541.77,3574.56,3586.22,3536.37,38845471.0,84342833212.9,1.4,3574.56,sh000903
2023-09-19 00:00:00,3570.25,3565.76,3570.25,3547.58,34081303.0,67769423763.0,0.63,3565.76,sh000903
2023-09-20 00:00:00,3561.17,3549.48,3562.34,3547.61,31807261.0,59449261949.3,0.41,3549.48,sh000903
2023-09-21 00:00:00,3540.82,3514.55,3551.12,3514.55,36145722.0,67920879704.3,1.03,3514.55,sh000903
2023-09-22 00:00:00,3516.52,3587.69,3588.34,3506.64,49903674.0,100515897243.7,2.32,3587.69,sh000903
2023-09-25 00:00:00,3588.02,3560.99,3588.02,3557.2,37924101.0,76542715201.9,0.86,3560.99,sh000903
2023-09-26 00:00:00,3555.55,3532.88,3567.51,3532.06,35013001.0,70893589029.2,1.0,3532.88,sh000903
2023-09-27 00:00:00,3534.25,3543.32,3573.65,3533.46,39737070.0,86755991562.4,1.14,3543.32,sh000903
2023-09-28 00:00:00,3555.17,3527.9,3558.79,3523.71,37679479.0,79358903544.9,0.99,3527.9,sh000903
2023-10-09 00:00:00,3517.09,3523.68,3532.55,3480.68,45127053.0,96849225239.3,1.47,3523.68,sh000903
2023-10-10 00:00:00,3534.97,3498.61,3540.2,3497.86,43321988.0,84366304954.9,1.2,3498.61,sh000903
2023-10-11 00:00:00,3518.01,3514.66,3536.36,3505.22,44357021.0,101808352075.2,0.89,3514.66,sh000903
2023-10-12 00:00:00,3544.33,3547.94,3558.84,3529.02,46374685.0,99629958812.1,0.85,3547.94,sh000903
2023-10-13 00:00:00,3522.39,3506.6,3522.39,3494.96,40327992.0,86631130471.1,0.77,3506.6,sh000903
2023-10-16 00:00:00,3507.77,3465.8,3507.77,3455.24,41280097.0,82933590769.8,1.5,3465.8,sh000903
2023-10-17 00:00:00,3476.58,3476.25,3482.58,3459.32,39108273.0,73824912880.3,0.67,3476.25,sh000903
2023-10-18 00:00:00,3471.12,3452.58,3471.12,3450.53,40868653.0,82525152841.7,0.59,3452.58,sh000903
2023-10-19 00:00:00,3429.55,3373.14,3430.02,3371.47,46663949.0,99493643216.2,1.7,3373.14,sh000903
2023-10-20 00:00:00,3357.28,3351.49,3376.12,3341.69,44825106.0,94298170479.9,1.02,3351.49,sh000903
2023-10-23 00:00:00,3344.49,3319.51,3347.84,3294.69,43915245.0,81359639469.5,1.59,3319.51,sh000903
2023-10-24 00:00:00,3328.18,3325.59,3336.83,3295.19,50947544.0,99439285812.1,1.25,3325.59,sh000903
2023-10-25 00:00:00,3362.22,3337.23,3369.9,3334.96,61843775.0,109113589268.5,1.05,3337.23,sh000903
2023-10-26 00:00:00,3318.48,3343.3,3344.78,3307.81,47682877.0,95457046796.2,1.11,3343.3,sh000903
2023-10-27 00:00:00,3329.79,3394.1,3409.01,3324.16,53515111.0,123370095870.6,2.54,3394.1,sh000903
2023-10-30 00:00:00,3386.49,3425.29,3434.38,3385.96,65943121.0,131697224098.7,1.43,3425.29,sh000903
2023-10-31 00:00:00,3418.6,3407.3,3418.6,3390.28,50322968.0,101924643733.5,0.83,3407.3,sh000903
2023-11-01 00:00:00,3443.31,3406.12,3444.28,3398.89,46178512.0,99501013839.4,1.33,3406.12,sh000903
2023-11-02 00:00:00,3417.65,3392.14,3435.01,3391.85,41178621.0,80429924059.1,1.27,3392.14,sh000903
2023-11-03 00:00:00,3397.09,3423.78,3433.34,3396.47,45704056.0,88623986482.2,1.09,3423.78,sh000903
2023-11-06 00:00:00,3444.36,3473.81,3477.71,3443.78,73352296.0,136437038616.5,0.99,3473.81,sh000903
2023-11-07 00:00:00,3465.46,3453.96,3465.46,3441.91,48660935.0,97753207742.5,0.68,3453.96,sh000903
2023-11-08 00:00:00,3444.06,3448.8,3463.94,3430.97,48621574.0,99811978865.0,0.95,3448.8,sh000903
2023-11-09 00:00:00,3438.83,3445.56,3459.81,3436.47,46725243.0,93222864071.0,0.68,3445.56,sh000903
2023-11-10 00:00:00,3427.21,3418.5,3430.12,3409.09,39659939.0,78333240913.7,0.61,3418.5,sh000903
2023-11-13 00:00:00,3426.17,3410.03,3433.18,3394.28,42195969.0,83805525558.6,1.14,3410.03,sh000903
2023-11-14 00:00:00,3412.27,3405.52,3428.0,3393.4,39669720.0,76372556778.9,1.01,3405.52,sh000903
2023-11-15 00:00:00,3442.02,3433.67,3445.33,3422.72,45089590.0,93705881610.0,0.66,3433.67,sh000903
2023-11-16 00:00:00,3427.77,3396.81,3429.64,3395.21,36925906.0,72500980594.4,1.0,3396.81,sh000903
2023-11-17 00:00:00,3384.22,3388.53,3394.85,3367.35,37015566.0,67390404199.6,0.81,3388.53,sh000903
2023-11-20 00:00:00,3390.29,3395.28,3407.83,3365.97,38256798.0,75690219304.8,1.24,3395.28,sh000903
2023-11-21 00:00:00,3409.11,3402.57,3434.83,3397.64,46185959.0,86111537695.4,1.1,3402.57,sh000903
2023-11-22 00:00:00,3391.03,3364.24,3395.21,3364.24,38473724.0,69650368844.2,0.91,3364.24,sh000903
2023-11-23 00:00:00,3360.76,3381.17,3381.99,3347.63,33542277.0,63082204891.4,1.02,3381.17,sh000903
2023-11-24 00:00:00,3381.41,3355.88,3381.41,3352.26,34006699.0,68323814844.4,0.86,3355.88,sh000903
2023-11-27 00:00:00,3350.62,3326.22,3350.62,3308.65,41372744.0,77458263643.1,1.25,3326.22,sh000903
2023-11-28 00:00:00,3323.86,3334.76,3335.8,3315.16,34672848.0,65159298888.0,0.62,3334.76,sh000903
2023-11-29 00:00:00,3335.53,3306.3,3337.12,3300.41,39248428.0,72694181700.3,1.1,3306.3,sh000903
2023-11-30 00:00:00,3302.5,3311.36,3322.39,3298.4,39868278.0,72260423034.6,0.73,3311.36,sh000903
2023-12-01 00:00:00,3309.48,3294.34,3309.48,3261.96,46935811.0,90260948783.8,1.44,3294.34,sh000903
2023-12-04 00:00:00,3291.85,3269.39,3296.49,3268.38,42765033.0,80690042207.3,0.85,3269.39,sh000903
2023-12-05 00:00:00,3258.67,3203.72,3258.67,3203.27,44220405.0,84889158866.5,1.69,3203.72,sh000903
2023-12-06 00:00:00,3197.1,3213.23,3234.13,3193.04,48113661.0,93159416926.6,1.28,3213.23,sh000903
2023-12-07 00:00:00,3206.65,3202.4,3217.08,3181.64,41467631.0,82906873919.2,1.1,3202.4,sh000903
2023-12-08 00:00:00,3203.91,3213.02,3221.64,3194.99,54303909.0,96579971828.0,0.83,3213.02,sh000903
2023-12-11 00:00:00,3191.33,3234.69,3242.55,3165.4,60935279.0,104817292987.0,2.4,3234.69,sh000903
2023-12-12 00:00:00,3225.72,3240.41,3241.41,3221.69,45868018.0,79020276299.3,0.61,3240.41,sh000903
2023-12-13 00:00:00,3231.12,3183.78,3231.12,3183.57,41419121.0,78942050202.9,1.47,3183.78,sh000903
2023-12-14 00:00:00,3203.82,3168.9,3215.48,3167.24,37377402.0,76763777610.1,1.52,3168.9,sh000903
2023-12-15 00:00:00,3185.32,3161.26,3208.31,3159.13,45766120.0,89880019719.1,1.55,3161.26,sh000903
2023-12-18 00:00:00,3147.71,3148.19,3170.21,3133.62,39088149.0,74560497677.6,1.16,3148.19,sh000903
2023-12-19 00:00:00,3143.98,3157.55,3167.96,3132.95,35549956.0,68404005965.7,1.11,3157.55,sh000903
2023-12-20 00:00:00,3155.74,3125.42,3160.41,3125.1,40388203.0,73129918491.7,1.12,3125.42,sh000903
2023-12-21 00:00:00,3113.47,3162.97,3171.57,3112.43,47385848.0,93726212514.7,1.89,3162.97,sh000903
2023-12-22 00:00:00,3160.59,3171.5,3192.91,3147.98,50238578.0,89224688812.5,1.42,3171.5,sh000903
2023-12-25 00:00:00,3164.66,3177.09,3182.33,3161.7,33614843.0,60503711852.3,0.65,3177.09,sh000903
2023-12-26 00:00:00,3175.22,3157.91,3175.22,3148.9,32441422.0,59439973948.2,0.83,3157.91,sh000903
2023-12-27 00:00:00,3161.08,3170.45,3176.52,3145.65,44369971.0,72979199617.6,0.98,3170.45,sh000903
2023-12-28 00:00:00,3169.93,3250.63,3258.13,3165.77,67560750.0,131285825303.8,2.91,3250.63,sh000903
2023-12-29 00:00:00,3248.01,3263.05,3268.97,3246.54,56271215.0,103671285554.8,0.69,3263.05,sh000903
2024-01-02 00:00:00,3260.23,3218.49,3260.23,3218.49,52673533.0,95311989609.0,1.28,3218.49,sh000903
2024-01-03 00:00:00,3211.59,3208.99,3224.25,3193.47,46921205.0,85158826498.7,0.96,3208.99,sh000903
2024-01-04 00:00:00,3205.75,3178.25,3206.36,3154.6,48790990.0,86827126502.8,1.61,3178.25,sh000903
2024-01-05 00:00:00,3172.41,3162.03,3202.66,3145.81,54687807.0,95299202754.6,1.79,3162.03,sh000903
2024-01-08 00:00:00,3157.21,3123.37,3171.1,3119.6,55401939.0,88182022707.3,1.63,3123.37,sh000903
2024-01-09 00:00:00,3124.45,3129.95,3142.57,3112.25,50011586.0,90522518641.8,0.97,3129.95,sh000903
2024-01-10 00:00:00,3118.32,3111.37,3149.09,3105.81,44001200.0,83552356111.8,1.38,3111.37,sh000903
2024-01-11 00:00:00,3110.59,3131.49,3146.43,3102.57,49707584.0,98351627702.6,1.41,3131.49,sh000903
2024-01-12 00:00:00,3119.07,3119.39,3143.71,3112.34,44081801.0,83524301018.0,1.0,3119.39,sh000903
2024-01-15 00:00:00,3104.23,3115.94,3140.94,3096.11,39887365.0,74309565699.8,1.44,3115.94,sh000903
2024-01-16 00:00:00,3107.51,3133.77,3133.77,3095.35,47869348.0,89289371422.6,1.23,3133.77,sh000903
2024-01-17 00:00:00,3124.06,3060.48,3124.06,3060.48,46503170.0,90793348430.0,2.03,3060.48,sh000903
2024-01-18 00:00:00,3046.18,3111.3,3116.05,3012.45,76980323.0,136521027686.2,3.39,3111.3,sh000903
2024-01-19 00:00:00,3098.63,3112.17,3127.96,3091.28,55325262.0,106190418785.3,1.18,3112.17,sh000903
2024-01-22 00:00:00,3105.06,3072.15,3128.05,3046.33,65855311.0,122027544152.7,2.63,3072.15,sh000903
2024-01-23 00:00:00,3062.19,3081.17,3098.39,3045.27,55014870.0,105290980682.1,1.73,3081.17,sh000903
2024-01-24 00:00:00,3096.44,3118.13,3121.9,3039.07,65597954.0,112054791678.7,2.69,3118.13,sh000903
2024-01-25 00:00:00,3116.09,3179.03,3180.36,3109.33,87305165.0,131960966054.6,2.28,3179.03,sh000903
2024-01-26 00:00:00,3162.41,3163.53,3181.15,3148.2,81490113.0,122779820470.0,1.04,3163.53,sh000903
2024-01-29 00:00:00,3164.26,3127.24,3176.89,3127.24,78906794.0,126620715925.3,1.57,3127.24,sh000903
2024-01-30 00:00:00,3109.38,3071.6,3121.82,3071.56,62078465.0,104430341840.2,1.61,3071.6,sh000903
2024-01-31 00:00:00,3062.1,3049.43,3082.25,3036.38,64640683.0,114733283201.6,1.49,3049.43,sh000903
2024-02-01 00:00:00,3038.2,3051.96,3085.97,3028.84,61431774.0,104445003695.5,1.87,3051.96,sh000903
2024-02-02 00:00:00,3053.4,3011.6,3063.83,2947.49,73621843.0,120492796091.0,3.81,3011.6,sh000903
2024-02-05 00:00:00,2995.52,3042.52,3072.74,2956.95,87502535.0,148217505239.8,3.84,3042.52,sh000903
2024-02-06 00:00:00,3028.21,3147.3,3148.48,3026.29,86660075.0,148752448906.4,4.02,3147.3,sh000903
2024-02-07 00:00:00,3150.16,3183.12,3183.12,3126.75,93673893.0,155522352734.6,1.79,3183.12,sh000903
2024-02-08 00:00:00,3189.97,3207.2,3214.82,3183.24,80266241.0,137746320708.8,0.99,3207.2,sh000903
2024-02-19 00:00:00,3235.77,3234.86,3235.77,3204.95,79755603.0,136812861975.7,0.96,3234.86,sh000903
2024-02-20 00:00:00,3228.74,3238.31,3242.91,3210.96,58694347.0,108815727521.3,0.99,3238.31,sh000903
2024-02-21 00:00:00,3219.52,3277.71,3318.18,3212.97,78052790.0,141918369029.2,3.25,3277.71,sh000903
2024-02-22 00:00:00,3272.26,3302.14,3302.39,3271.11,59133807.0,106620701457.7,0.95,3302.14,sh000903
2024-02-23 00:00:00,3305.64,3298.23,3314.77,3281.51,60803498.0,112592932175.6,1.01,3298.23,sh000903
2024-02-26 00:00:00,3295.01,3265.65,3301.6,3258.12,63634045.0,117096164845.4,1.32,3265.65,sh000903
2024-02-27 00:00:00,3253.16,3305.22,3305.22,3250.41,59402431.0,121509935498.2,1.68,3305.22,sh000903
2024-02-28 00:00:00,3311.28,3263.6,3331.33,3263.6,80138347.0,162615021696.9,2.05,3263.6,sh000903
2024-02-29 00:00:00,3252.91,3326.71,3327.37,3252.91,68659714.0,145773768195.2,2.28,3326.71,sh000903
2024-03-01 00:00:00,3326.26,3348.79,3354.43,3314.13,73307463.0,148275259831.6,1.21,3348.79,sh000903
2024-03-04 00:00:00,3351.42,3352.89,3364.19,3335.97,73450072.0,153415637987.6,0.84,3352.89,sh000903
2024-03-05 00:00:00,3336.92,3377.1,3381.92,3331.15,75674368.0,154577788346.8,1.51,3377.1,sh000903
2024-03-06 00:00:00,3367.49,3366.19,3392.06,3358.04,63508086.0,123752961924.4,1.01,3366.19,sh000903
2024-03-07 00:00:00,3362.59,3349.3,3384.49,3340.52,70345976.0,130532767357.5,1.31,3349.3,sh000903
2024-03-08 00:00:00,3347.83,3358.9,3363.19,3328.34,59308020.0,117620605706.8,1.04,3358.9,sh000903
2024-03-11 00:00:00,3363.19,3410.79,3410.79,3362.17,68924612.0,154899545186.9,1.45,3410.79,sh000903
2024-03-12 00:00:00,3415.46,3419.56,3427.49,3394.34,84106392.0,180467323885.4,0.97,3419.56,sh000903
2024-03-13 00:00:00,3417.72,3395.11,3417.72,3384.74,63072381.0,130231662697.5,0.96,3395.11,sh000903
2024-03-14 00:00:00,3400.78,3387.24,3425.03,3372.5,65194941.0,137751230196.7,1.55,3387.24,sh000903
2024-03-15 00:00:00,3378.83,3387.08,3390.96,3350.7,62264907.0,126145283854.6,1.19,3387.08,sh000903
2024-03-18 00:00:00,3396.4,3414.49,3415.22,3387.14,67996466.0,145014270586.4,0.83,3414.49,sh000903
2024-03-19 00:00:00,3404.14,3388.58,3422.33,3388.32,70816593.0,131748225274.1,1.0,3388.58,sh000903
2024-03-20 00:00:00,3378.43,3399.0,3403.39,3378.43,62236238.0,114162664823.7,0.74,3399.0,sh000903
2024-03-21 00:00:00,3408.58,3395.11,3419.06,3392.13,58477376.0,116493328381.7,0.79,3395.11,sh000903
2024-03-22 00:00:00,3385.04,3366.44,3391.41,3342.78,64786866.0,129420037394.8,1.43,3366.44,sh000903
2024-03-25 00:00:00,3359.49,3353.15,3390.01,3351.51,61965543.0,117610566020.6,1.14,3353.15,sh000903
2024-03-26 00:00:00,3354.26,3368.98,3374.04,3347.88,55244066.0,118033637480.3,0.78,3368.98,sh000903
2024-03-27 00:00:00,3364.06,3332.42,3369.65,3332.42,56540021.0,109838145918.9,1.11,3332.42,sh000903
2024-03-28 00:00:00,3329.71,3354.27,3384.04,3322.01,60829884.0,117135435315.8,1.86,3354.27,sh000903
2024-03-29 00:00:00,3353.96,3373.86,3377.18,3353.96,54343376.0,98089615484.6,0.69,3373.86,sh000903
2024-04-01 00:00:00,3389.46,3433.67,3440.1,3389.46,81480288.0,132813467059.3,1.5,3433.67,sh000903
2024-04-02 00:00:00,3431.52,3422.8,3434.06,3411.0,68402168.0,116192944649.8,0.67,3422.8,sh000903
2024-04-03 00:00:00,3423.13,3416.82,3426.59,3407.5,70330875.0,116490605452.9,0.56,3416.82,sh000903
2024-04-08 00:00:00,3405.3,3389.7,3421.44,3389.15,76483938.0,132000643451.9,0.95,3389.7,sh000903
2024-04-09 00:00:00,3385.47,3383.71,3396.8,3370.2,65439586.0,107678461479.8,0.78,3383.71,sh000903
2024-04-10 00:00:00,3379.34,3356.53,3379.86,3342.33,61345452.0,105887982878.7,1.11,3356.53,sh000903
2024-04-11 00:00:00,3334.76,3352.77,3368.2,3334.74,57562279.0,104904361660.2,1.0,3352.77,sh000903
2024-04-12 00:00:00,3353.95,3326.28,3362.51,3320.15,59690035.0,109114047271.7,1.26,3326.28,sh000903
2024-04-15 00:00:00,3323.57,3397.2,3399.23,3323.57,83840204.0,139926367259.5,2.27,3397.2,sh000903
2024-04-16 00:00:00,3382.25,3368.28,3398.57,3357.16,79656599.0,130756431546.8,1.22,3368.28,sh000903
2024-04-17 00:00:00,3363.86,3414.67,3415.63,3355.12,75913191.0,127211099285.0,1.8,3414.67,sh000903
2024-04-18 00:00:00,3399.48,3412.88,3444.61,3396.14,75212193.0,129829148586.9,1.42,3412.88,sh000903
2024-04-19 00:00:00,3395.48,3386.94,3407.98,3372.34,68378483.0,119494390980.4,1.04,3386.94,sh000903
2024-04-22 00:00:00,3383.54,3378.23,3404.5,3375.4,69304238.0,120863664079.2,0.86,3378.23,sh000903
2024-04-23 00:00:00,3371.24,3348.6,3377.68,3342.26,70272033.0,117918936028.0,1.05,3348.6,sh000903
2024-04-24 00:00:00,3354.48,3357.97,3362.04,3334.99,56110735.0,102232101640.5,0.81,3357.97,sh000903
2024-04-25 00:00:00,3346.33,3368.01,3382.59,3342.78,54073266.0,98853572511.3,1.19,3368.01,sh000903
2024-04-26 00:00:00,3365.87,3421.49,3425.88,3365.68,81020790.0,150561962787.1,1.79,3421.49,sh000903
2024-04-29 00:00:00,3419.8,3460.45,3484.26,3416.1,94344748.0,175521536806.6,1.99,3460.45,sh000903
2024-04-30 00:00:00,3452.42,3435.19,3464.44,3435.19,86799967.0,139963851719.8,0.85,3435.19,sh000903
2024-05-06 00:00:00,3488.71,3497.66,3501.62,3479.55,100739858.0,177601634634.3,0.64,3497.66,sh000903
2024-05-07 00:00:00,3497.71,3500.07,3508.43,3491.71,75852855.0,121940616269.0,0.48,3500.07,sh000903
2024-05-08 00:00:00,3491.76,3469.81,3491.91,3468.52,59050960.0,100423741329.2,0.67,3469.81,sh000903
2024-05-09 00:00:00,3471.12,3505.54,3512.08,3471.12,67114764.0,120438973514.7,1.18,3505.54,sh000903
2024-05-10 00:00:00,3512.14,3504.45,3517.06,3482.62,69130899.0,122046283525.8,0.98,3504.45,sh000903
2024-05-13 00:00:00,3482.95,3499.47,3508.57,3472.96,71299603.0,130360939678.6,1.02,3499.47,sh000903
2024-05-14 00:00:00,3504.13,3485.47,3509.9,3477.44,60606535.0,110928886890.1,0.93,3485.47,sh000903
2024-05-15 00:00:00,3479.27,3457.72,3486.24,3455.41,57328529.0,98502284657.1,0.88,3457.72,sh000903
2024-05-16 00:00:00,3468.96,3468.09,3485.18,3455.46,73778757.0,127691328680.9,0.86,3468.09,sh000903
2024-05-17 00:00:00,3469.16,3507.45,3507.45,3455.3,81910306.0,138688415395.7,1.5,3507.45,sh000903
2024-05-20 00:00:00,3513.31,3515.86,3527.98,3501.59,89980680.0,150700384914.0,0.75,3515.86,sh000903
2024-05-21 00:00:00,3507.83,3495.89,3511.02,3485.74,61516495.0,102288817095.9,0.72,3495.89,sh000903
2024-05-22 00:00:00,3495.82,3504.34,3512.61,3486.28,72458364.0,125633972433.5,0.75,3504.34,sh000903
2024-05-23 00:00:00,3490.31,3463.13,3491.12,3454.1,67922304.0,114383376218.3,1.06,3463.13,sh000903
2024-05-24 00:00:00,3451.48,3424.63,3469.27,3422.82,55566873.0,99552099307.0,1.34,3424.63,sh000903
2024-05-27 00:00:00,3429.06,3453.86,3456.58,3425.84,59670781.0,108134646159.7,0.9,3453.86,sh000903
2024-05-28 00:00:00,3452.81,3429.47,3458.73,3425.54,61665812.0,99283563903.5,0.96,3429.47,sh000903
2024-05-29 00:00:00,3430.33,3440.84,3457.62,3430.33,54222649.0,96605634951.3,0.8,3440.84,sh000903
2024-05-30 00:00:00,3437.17,3421.53,3451.06,3414.47,57518343.0,104221047266.7,1.06,3421.53,sh000903
2024-05-31 00:00:00,3427.07,3400.58,3439.63,3400.58,51191560.0,94240615427.2,1.14,3400.58,sh000903
2024-06-03 00:00:00,3399.89,3420.93,3432.02,3393.49,61346473.0,117377887072.4,1.13,3420.93,sh000903
2024-06-04 00:00:00,3416.96,3450.91,3457.72,3411.88,60388749.0,107321876306.1,1.34,3450.91,sh000903
2024-06-05 00:00:00,3445.12,3430.99,3460.37,3430.76,51093145.0,97162745789.5,0.86,3430.99,sh000903
2024-06-06 00:00:00,3439.09,3435.35,3468.55,3426.64,64751573.0,121524827265.9,1.22,3435.35,sh000903
2024-06-07 00:00:00,3435.84,3411.14,3442.73,3390.29,59724479.0,115940476191.2,1.53,3411.14,sh000903
2024-06-11 00:00:00,3387.23,3379.68,3399.59,3361.4,60257008.0,120204393347.7,1.12,3379.68,sh000903
2024-06-12 00:00:00,3375.7,3378.43,3386.41,3368.33,56344566.0,109774396458.4,0.53,3378.43,sh000903
2024-06-13 00:00:00,3384.38,3356.16,3384.41,3350.29,53356211.0,111809039665.6,1.01,3356.16,sh000903
2024-06-14 00:00:00,3347.77,3373.87,3379.45,3335.49,66805341.0,145844034434.7,1.31,3373.87,sh000903
2024-06-17 00:00:00,3353.38,3369.97,3377.28,3353.38,59201009.0,119760672411.1,0.71,3369.97,sh000903
2024-06-18 00:00:00,3366.24,3378.14,3384.16,3366.05,54834241.0,107784194613.0,0.54,3378.14,sh000903
2024-06-19 00:00:00,3374.55,3361.55,3374.55,3354.72,47185326.0,93969787535.4,0.59,3361.55,sh000903
2024-06-20 00:00:00,3359.15,3340.24,3369.42,3336.64,53166273.0,98334062416.7,0.98,3340.24,sh000903
2024-06-21 00:00:00,3335.63,3330.05,3342.2,3308.83,50952171.0,98294119887.6,1.0,3330.05,sh000903
2024-06-24 00:00:00,3307.82,3320.83,3346.31,3303.5,53728438.0,104787377121.8,1.29,3320.83,sh000903
2024-06-25 00:00:00,3317.95,3305.3,3327.74,3289.18,54069518.0,102717899050.0,1.16,3305.3,sh000903
2024-06-26 00:00:00,3298.43,3324.23,3332.01,3289.99,47326912.0,89183661887.6,1.27,3324.23,sh000903
2024-06-27 00:00:00,3311.87,3300.26,3314.24,3297.56,53110429.0,92738128365.7,0.5,3300.26,sh000903
2024-06-28 00:00:00,3288.71,3309.99,3330.3,3288.71,62996534.0,108261121957.6,1.26,3309.99,sh000903
2024-07-01 00:00:00,3308.24,3318.49,3321.84,3288.67,57241101.0,100795449358.9,1.0,3318.49,sh000903
2024-07-02 00:00:00,3311.1,3312.23,3327.42,3305.23,55102011.0,98862190591.4,0.67,3312.23,sh000903
2024-07-03 00:00:00,3312.75,3312.77,3319.95,3297.79,46848010.0,87035564617.7,0.67,3312.77,sh000903
2024-07-04 00:00:00,3318.54,3299.68,3337.09,3299.48,47844285.0,83908320571.8,1.14,3299.68,sh000903
2024-07-05 00:00:00,3297.52,3287.27,3306.17,3254.65,51771527.0,95096876981.0,1.56,3287.27,sh000903
2024-07-08 00:00:00,3276.08,3258.36,3283.38,3253.0,53018502.0,96414058944.5,0.92,3258.36,sh000903
2024-07-09 00:00:00,3255.64,3293.87,3304.62,3244.12,60291544.0,113297465068.4,1.86,3293.87,sh000903
2024-07-10 00:00:00,3284.43,3285.53,3307.49,3280.15,58703661.0,103158855036.6,0.83,3285.53,sh000903
2024-07-11 00:00:00,3302.94,3323.86,3329.21,3290.14,67048057.0,122107016764.6,1.19,3323.86,sh000903
2024-07-12 00:00:00,3321.81,3338.34,3345.13,3320.13,62766367.0,112047570574.6,0.75,3338.34,sh000903
2024-07-15 00:00:00,3326.79,3333.59,3343.07,3323.86,59349291.0,91067456900.5,0.58,3333.59,sh000903
2024-07-16 00:00:00,3322.74,3353.79,3355.83,3317.98,57173267.0,105689453424.8,1.14,3353.79,sh000903
2024-07-17 00:00:00,3350.92,3355.22,3367.0,3340.45,62076202.0,118628674516.8,0.79,3355.22,sh000903
2024-07-18 00:00:00,3337.48,3379.18,3381.04,3335.0,58488610.0,117166657749.2,1.37,3379.18,sh000903
2024-07-19 00:00:00,3355.16,3394.26,3400.05,3346.03,62264118.0,121699679233.8,1.6,3394.26,sh000903
2024-07-22 00:00:00,3392.86,3371.39,3395.45,3351.05,60529242.0,112846444640.4,1.31,3371.39,sh000903
2024-07-23 00:00:00,3366.4,3294.59,3366.4,3294.59,59697984.0,106714770026.8,2.13,3294.59,sh000903
2024-07-24 00:00:00,3288.04,3272.11,3307.64,3261.61,60864932.0,96965198889.5,1.4,3272.11,sh000903
2024-07-25 00:00:00,3258.32,3252.89,3271.63,3238.15,61495078.0,101339542004.3,1.02,3252.89,sh000903
2024-07-26 00:00:00,3260.2,3267.44,3276.85,3243.66,58534310.0,104502685523.0,1.02,3267.44,sh000903
2024-07-29 00:00:00,3261.52,3239.15,3261.52,3239.15,47796535.0,87674706649.2,0.68,3239.15,sh000903
2024-07-30 00:00:00,3227.36,3215.07,3227.69,3197.87,47774689.0,87355152044.5,0.92,3215.07,sh000903
2024-07-31 00:00:00,3207.75,3286.34,3289.3,3207.75,75312838.0,129808130923.8,2.54,3286.34,sh000903
2024-08-01 00:00:00,3287.93,3260.85,3293.6,3259.7,57835077.0,101189982662.0,1.03,3260.85,sh000903
2024-08-02 00:00:00,3234.35,3225.81,3261.21,3222.74,50855111.0,90736433256.0,1.18,3225.81,sh000903
2024-08-05 00:00:00,3202.25,3188.0,3251.79,3188.0,64304847.0,114767485063.9,1.98,3188.0,sh000903
2024-08-06 00:00:00,3211.62,3184.05,3220.8,3161.89,52601998.0,95163917847.5,1.85,3184.05,sh000903
2024-08-07 00:00:00,3180.09,3180.19,3201.45,3170.84,39964383.0,70900612592.8,0.96,3180.19,sh000903
2024-08-08 00:00:00,3171.07,3182.32,3201.26,3158.91,40966399.0,73101741702.6,1.33,3182.32,sh000903
2024-08-09 00:00:00,3199.25,3174.6,3210.14,3174.6,43974894.0,75432999972.6,1.12,3174.6,sh000903
2024-08-12 00:00:00,3171.36,3169.15,3181.91,3163.45,35452277.0,59151481181.8,0.58,3169.15,sh000903
2024-08-13 00:00:00,3170.56,3176.63,3177.77,3153.73,35867779.0,62994987116.4,0.76,3176.63,sh000903
2024-08-14 00:00:00,3175.33,3149.7,3175.33,3149.52,31590991.0,56617918200.8,0.81,3149.7,sh000903
2024-08-15 00:00:00,3141.95,3183.79,3197.91,3138.12,45879514.0,75208218765.0,1.9,3183.79,sh000903
2024-08-16 00:00:00,3184.66,3188.79,3199.21,3178.22,41920818.0,67478123616.4,0.66,3188.79,sh000903
2024-08-19 00:00:00,3189.11,3195.55,3221.75,3188.73,43071591.0,70294611693.3,1.04,3195.55,sh000903
2024-08-20 00:00:00,3201.73,3178.84,3202.47,3168.19,41639698.0,67828565338.7,1.07,3178.84,sh000903
2024-08-21 00:00:00,3169.91,3172.46,3188.74,3154.94,38951445.0,66653410645.8,1.06,3172.46,sh000903
2024-08-22 00:00:00,3174.06,3170.38,3179.34,3158.23,42602474.0,75860505472.2,0.67,3170.38,sh000903
2024-08-23 00:00:00,3162.12,3185.86,3194.39,3161.35,38845460.0,70963323182.7,1.04,3185.86,sh000903
2024-08-26 00:00:00,3190.3,3183.64,3195.95,3169.65,44642871.0,75727314068.5,0.83,3183.64,sh000903
2024-08-27 00:00:00,3174.6,3167.34,3181.41,3162.33,44167381.0,67537921847.8,0.6,3167.34,sh000903
2024-08-28 00:00:00,3161.78,3148.34,3168.53,3135.57,41506147.0,70572985225.9,1.04,3148.34,sh000903
2024-08-29 00:00:00,3134.53,3144.96,3157.63,3133.64,56154219.0,89309173084.4,0.76,3144.96,sh000903
2024-08-30 00:00:00,3143.2,3195.94,3224.97,3142.39,80602618.0,136043851331.3,2.63,3195.94,sh000903
2024-09-02 00:00:00,3179.97,3139.09,3182.73,3138.31,58087186.0,91780107794.0,1.39,3139.09,sh000903
2024-09-03 00:00:00,3135.32,3153.6,3162.58,3135.32,52625249.0,78361875229.7,0.87,3153.6,sh000903
2024-09-04 00:00:00,3133.43,3131.14,3152.59,3128.68,47594337.0,75241698582.3,0.76,3131.14,sh000903
2024-09-05 00:00:00,3131.43,3132.82,3144.98,3123.65,43048247.0,69699391889.0,0.68,3132.82,sh000903
2024-09-06 00:00:00,3135.0,3103.78,3144.43,3103.65,33631653.0,55584988997.7,1.3,3103.78,sh000903
2024-09-09 00:00:00,3086.53,3066.51,3097.17,3054.06,48296116.0,77968336724.7,1.39,3066.51,sh000903
2024-09-10 00:00:00,3065.59,3065.66,3075.98,3047.05,42052091.0,70101170840.3,0.94,3065.66,sh000903
2024-09-11 00:00:00,3058.65,3067.45,3076.39,3047.63,45911161.0,78806958358.0,0.94,3067.45,sh000903
2024-09-12 00:00:00,3071.5,3054.25,3085.52,3053.25,42293009.0,75319418020.8,1.05,3054.25,sh000903
2024-09-13 00:00:00,3055.17,3043.92,3071.86,3043.92,40240045.0,75215224256.4,0.91,3043.92,sh000903
2024-09-18 00:00:00,3044.6,3058.44,3068.91,3036.61,39685649.0,67343412708.4,1.06,3058.44,sh000903
2024-09-19 00:00:00,3061.12,3077.61,3095.96,3034.71,56166979.0,94679373359.9,2.0,3077.61,sh000903
2024-09-20 00:00:00,3075.89,3083.55,3090.43,3056.14,53613790.0,89122970991.3,1.11,3083.55,sh000903
2024-09-23 00:00:00,3084.28,3089.96,3108.99,3080.85,40361651.0,75770339683.2,0.91,3089.96,sh000903
2024-09-24 00:00:00,3124.35,3223.26,3223.35,3097.22,88277174.0,160990084992.1,4.08,3223.26,sh000903
2024-09-25 00:00:00,3276.83,3272.66,3337.8,3267.63,103653150.0,184213289956.8,2.18,3272.66,sh000903
2024-09-26 00:00:00,3273.3,3406.7,3407.2,3263.7,102770860.0,188405533815.8,4.38,3406.7,sh000903
2024-09-27 00:00:00,3480.19,3562.61,3571.57,3463.55,116269630.0,243456705769.1,3.17,3562.61,sh000903
2024-09-30 00:00:00,3692.92,3861.49,3883.9,3647.48,223144067.0,452392876102.8,6.64,3861.49,sh000903
2024-10-08 00:00:00,4284.12,4094.76,4284.12,3934.07,275043248.0,615858492734.8,9.07,4094.76,sh000903
2024-10-09 00:00:00,4007.15,3792.28,4022.2,3777.3,199741178.0,510271960511.8,5.98,3792.28,sh000903
2024-10-10 00:00:00,3814.0,3844.35,3938.38,3764.56,160213904.0,352904399029.2,4.58,3844.35,sh000903
2024-10-11 00:00:00,3814.98,3725.7,3814.98,3686.78,109456895.0,234843519397.7,3.33,3725.7,sh000903
2024-10-14 00:00:00,3750.54,3795.24,3813.25,3715.13,112586745.0,241441494099.3,2.63,3795.24,sh000903
2024-10-15 00:00:00,3781.89,3699.12,3805.72,3699.12,92313570.0,204017580803.5,2.81,3699.12,sh000903
2024-10-16 00:00:00,3651.15,3662.38,3705.25,3642.19,87088351.0,179809804279.9,1.7,3662.38,sh000903
2024-10-17 00:00:00,3681.76,3611.21,3703.45,3610.61,81934786.0,165151666505.1,2.53,3611.21,sh000903
2024-10-18 00:00:00,3602.65,3742.87,3811.23,3595.19,118323513.0,287170970340.7,5.98,3742.87,sh000903
2024-10-21 00:00:00,3775.72,3764.01,3805.25,3727.36,122129398.0,296876763997.3,2.08,3764.01,sh000903
2024-10-22 00:00:00,3754.03,3783.59,3789.8,3746.05,93616997.0,212578432060.6,1.16,3783.59,sh000903
2024-10-23 00:00:00,3777.39,3799.58,3835.33,3764.12,110253482.0,230466771392.3,1.88,3799.58,sh000903
2024-10-24 00:00:00,3779.67,3752.16,3783.96,3738.5,78184283.0,173580435735.2,1.2,3752.16,sh000903
2024-10-25 00:00:00,3755.12,3784.02,3822.18,3747.1,96251026.0,216853586973.8,2.0,3784.02,sh000903
2024-10-28 00:00:00,3780.7,3787.1,3787.7,3743.93,100930565.0,197865178268.5,1.16,3787.1,sh000903
2024-10-29 00:00:00,3793.03,3746.81,3809.66,3744.51,95717528.0,213402728982.8,1.72,3746.81,sh000903
2024-10-30 00:00:00,3727.58,3715.74,3749.85,3692.37,112618689.0,201893092479.2,1.53,3715.74,sh000903
2024-10-31 00:00:00,3715.97,3709.31,3739.92,3679.02,141682771.0,241441397633.9,1.64,3709.31,sh000903
2024-11-01 00:00:00,3703.87,3716.35,3754.31,3700.08,156830950.0,232301071959.9,1.46,3716.35,sh000903
2024-11-04 00:00:00,3724.79,3763.56,3763.56,3716.4,108492110.0,178044550344.7,1.27,3763.56,sh000903
2024-11-05 00:00:00,3754.74,3851.27,3851.88,3745.56,147365169.0,272837842625.3,2.82,3851.27,sh000903
2024-11-06 00:00:00,3856.89,3827.29,3888.69,3804.44,159741981.0,305545716671.0,2.19,3827.29,sh000903
2024-11-07 00:00:00,3790.13,3922.28,3923.32,3785.75,152050842.0,302117444408.0,3.59,3922.28,sh000903
2024-11-08 00:00:00,3970.08,3890.19,3979.2,3881.18,152456382.0,329898481632.8,2.5,3890.19,sh000903
2024-11-11 00:00:00,3854.67,3916.38,3918.22,3833.79,135545563.0,308924314744.5,2.17,3916.38,sh000903
2024-11-12 00:00:00,3920.31,3874.43,3971.03,3853.59,137643237.0,334297824026.8,3.0,3874.43,sh000903
2024-11-13 00:00:00,3847.69,3901.93,3912.64,3847.69,116673956.0,260093671351.0,1.68,3901.93,sh000903
2024-11-14 00:00:00,3894.28,3830.99,3907.4,3825.66,108314147.0,227723964033.9,2.09,3830.99,sh000903
2024-11-15 00:00:00,3815.07,3764.93,3837.72,3764.93,115027600.0,226223965682.1,1.9,3764.93,sh000903
2024-11-18 00:00:00,3773.64,3738.15,3815.16,3720.17,130585652.0,218284400754.6,2.52,3738.15,sh000903
2024-11-19 00:00:00,3744.02,3761.37,3765.52,3688.56,102622761.0,185096020862.9,2.06,3761.37,sh000903
2024-11-20 00:00:00,3753.97,3768.81,3783.37,3743.24,77047465.0,162195370220.1,1.07,3768.81,sh000903
2024-11-21 00:00:00,3763.18,3764.89,3775.35,3744.12,67617355.0,140443848104.3,0.83,3764.89,sh000903
2024-11-22 00:00:00,3760.56,3653.29,3767.89,3653.29,90373454.0,181471604755.8,3.04,3653.29,sh000903
2024-11-25 00:00:00,3663.26,3630.08,3682.35,3601.96,80709051.0,161111097570.7,2.2,3630.08,sh000903
2024-11-26 00:00:00,3619.88,3622.33,3652.46,3617.06,60510336.0,119141050268.1,0.98,3622.33,sh000903
2024-11-27 00:00:00,3612.74,3678.43,3678.65,3600.21,71629829.0,143279612654.5,2.17,3678.43,sh000903
2024-11-28 00:00:00,3677.45,3644.89,3679.59,3636.29,60926226.0,124585396710.4,1.18,3644.89,sh000903
2024-11-29 00:00:00,3640.79,3682.05,3723.51,3640.79,74059169.0,163993033954.6,2.27,3682.05,sh000903
2024-12-02 00:00:00,3678.49,3711.95,3720.99,3670.53,83554440.0,166428888446.7,1.37,3711.95,sh000903
2024-12-03 00:00:00,3711.05,3710.89,3720.03,3684.52,72778536.0,142804330327.2,0.96,3710.89,sh000903
2024-12-04 00:00:00,3708.81,3694.29,3715.8,3683.03,76751706.0,143565040399.0,0.88,3694.29,sh000903
2024-12-05 00:00:00,3680.58,3679.17,3694.84,3669.64,57077970.0,114072644266.0,0.68,3679.17,sh000903
2024-12-06 00:00:00,3681.67,3733.23,3752.27,3681.67,79314351.0,158245377546.5,1.92,3733.23,sh000903
2024-12-09 00:00:00,3731.85,3729.75,3755.91,3712.9,79880064.0,145359040872.1,1.15,3729.75,sh000903
2024-12-10 00:00:00,3848.97,3757.28,3852.81,3750.67,115122553.0,228018767622.7,2.74,3757.28,sh000903
2024-12-11 00:00:00,3752.89,3751.78,3767.79,3741.74,82401660.0,143066105589.6,0.69,3751.78,sh000903
2024-12-12 00:00:00,3747.64,3787.19,3790.31,3741.42,79075512.0,152998709839.1,1.3,3787.19,sh000903
2024-12-13 00:00:00,3760.27,3694.41,3760.27,3692.99,106027142.0,199796365784.9,1.78,3694.41,sh000903
2024-12-16 00:00:00,3693.12,3680.33,3702.83,3671.74,78516857.0,159939860284.6,0.84,3680.33,sh000903
2024-12-17 00:00:00,3676.23,3697.87,3729.5,3676.23,73874518.0,161833273085.6,1.45,3697.87,sh000903
2024-12-18 00:00:00,3708.86,3721.0,3732.58,3706.98,71743382.0,151234066199.7,0.69,3721.0,sh000903
2024-12-19 00:00:00,3693.71,3729.63,3739.41,3681.04,76335221.0,175802489675.5,1.57,3729.63,sh000903
2024-12-20 00:00:00,3719.86,3706.83,3736.89,3702.58,72134074.0,183441511457.8,0.92,3706.83,sh000903
2024-12-23 00:00:00,3709.17,3718.63,3746.77,3709.17,90303064.0,194270779117.7,1.01,3718.63,sh000903
2024-12-24 00:00:00,3719.25,3765.71,3767.96,3719.25,73219986.0,162203850320.0,1.31,3765.71,sh000903
2024-12-25 00:00:00,3771.1,3769.05,3789.65,3754.74,73408282.0,157674521247.7,0.93,3769.05,sh000903
2024-12-26 00:00:00,3766.77,3770.3,3774.5,3749.99,65431839.0,163015143948.1,0.65,3770.3,sh000903
2024-12-27 00:00:00,3771.6,3761.46,3786.53,3753.96,73427151.0,179296344510.2,0.86,3761.46,sh000903
2024-12-30 00:00:00,3758.86,3779.48,3788.32,3758.86,74539861.0,171257911858.0,0.78,3779.48,sh000903
2024-12-31 00:00:00,3775.44,3724.97,3782.83,3724.97,80553938.0,180047750202.9,1.53,3724.97,sh000903
2025-01-02 00:00:00,3723.74,3624.45,3725.95,3602.37,94271652.0,197872406720.5,3.32,3624.45,sh000903
2025-01-03 00:00:00,3630.42,3589.44,3643.77,3580.62,78506557.0,155709238571.5,1.74,3589.44,sh000903
2025-01-06 00:00:00,3593.75,3583.49,3603.27,3559.03,66592161.0,136049379857.8,1.23,3583.49,sh000903
2025-01-07 00:00:00,3569.83,3605.55,3607.38,3558.22,73024698.0,147037679991.7,1.37,3605.55,sh000903
2025-01-08 00:00:00,3590.75,3598.9,3619.97,3546.71,78331775.0,163872816342.7,2.03,3598.9,sh000903
2025-01-09 00:00:00,3590.63,3593.18,3606.79,3579.22,57912870.0,136668715662.1,0.77,3593.18,sh000903
2025-01-10 00:00:00,3595.8,3554.0,3602.78,3554.0,62901256.0,151480565022.0,1.36,3554.0,sh000903
2025-01-13 00:00:00,3526.22,3545.89,3558.51,3525.52,60795223.0,133243391857.0,0.93,3545.89,sh000903
2025-01-14 00:00:00,3550.59,3630.47,3638.16,3540.94,72623260.0,173291648342.5,2.74,3630.47,sh000903
2025-01-15 00:00:00,3619.77,3607.3,3627.89,3601.91,60017428.0,141662639779.4,0.72,3607.3,sh000903
2025-01-16 00:00:00,3621.83,3602.13,3652.68,3583.33,65161605.0,163912822112.2,1.92,3602.13,sh000903
2025-01-17 00:00:00,3590.09,3613.48,3633.2,3578.78,57994533.0,140793889169.4,1.51,3613.48,sh000903
2025-01-20 00:00:00,3636.08,3637.7,3661.06,3630.82,63004531.0,154626270766.0,0.84,3637.7,sh000903
2025-01-21 00:00:00,3656.1,3639.14,3657.75,3628.72,71651478.0,152023952186.2,0.8,3639.14,sh000903
2025-01-22 00:00:00,3630.01,3600.4,3631.71,3587.59,62292941.0,152673307898.1,1.21,3600.4,sh000903
2025-01-23 00:00:00,3629.87,3601.04,3662.68,3599.07,76821374.0,168583968847.3,1.77,3601.04,sh000903
2025-01-24 00:00:00,3594.96,3628.49,3646.55,3594.02,64678690.0,151102018509.8,1.46,3628.49,sh000903
2025-01-27 00:00:00,3631.55,3615.24,3646.63,3615.12,61987398.0,141144081832.5,0.87,3615.24,sh000903
2025-02-05 00:00:00,3649.24,3604.47,3649.24,3594.56,69760209.0,183494806930.9,1.51,3604.47,sh000903
2025-02-06 00:00:00,3598.51,3653.43,3654.15,3597.0,76234399.0,197453897231.9,1.59,3653.43,sh000903
2025-02-07 00:00:00,3656.23,3704.02,3727.52,3643.61,99148366.0,249149602914.2,2.3,3704.02,sh000903
2025-02-10 00:00:00,3709.1,3715.0,3720.48,3690.17,89086978.0,195905353717.2,0.82,3715.0,sh000903
2025-02-11 00:00:00,3723.13,3695.6,3723.13,3687.9,74739823.0,167939549847.4,0.95,3695.6,sh000903
2025-02-12 00:00:00,3691.26,3737.32,3739.11,3680.98,74943796.0,186150287409.2,1.57,3737.32,sh000903
2025-02-13 00:00:00,3732.5,3722.68,3756.31,3721.91,80141666.0,196809607349.4,0.92,3722.68,sh000903
2025-02-14 00:00:00,3719.46,3762.63,3765.56,3719.46,88418747.0,195355214607.7,1.24,3762.63,sh000903
2025-02-17 00:00:00,3775.52,3764.03,3777.37,3741.12,102735164.0,220145920174.2,0.96,3764.03,sh000903
2025-02-18 00:00:00,3762.78,3736.25,3783.71,3725.29,98905316.0,206316130662.4,1.55,3736.25,sh000903
2025-02-19 00:00:00,3729.4,3763.2,3768.99,3729.4,89320099.0,195335855901.2,1.06,3763.2,sh000903
2025-02-20 00:00:00,3758.6,3749.82,3760.96,3735.17,83130223.0,177715512112.2,0.69,3749.82,sh000903
2025-02-21 00:00:00,3759.7,3812.38,3815.04,3758.3,111201264.0,280745453506.6,1.51,3812.38,sh000903
2025-02-24 00:00:00,3805.8,3802.47,3829.57,3781.68,105822240.0,245621596945.0,1.26,3802.47,sh000903
2025-02-25 00:00:00,3766.34,3760.57,3792.45,3750.73,84726544.0,207993196890.1,1.1,3760.57,sh000903
2025-02-26 00:00:00,3768.47,3788.95,3790.26,3757.3,89103081.0,200619472743.7,0.88,3788.95,sh000903
2025-02-27 00:00:00,3793.14,3799.44,3806.1,3767.17,93676072.0,220179544901.0,1.03,3799.44,sh000903
2025-02-28 00:00:00,3783.53,3727.84,3807.64,3725.01,88634438.0,222807015412.7,2.17,3727.84,sh000903
2025-03-03 00:00:00,3738.41,3728.44,3772.09,3712.34,82754438.0,194021378952.8,1.6,3728.44,sh000903
2025-03-04 00:00:00,3706.49,3720.06,3727.9,3692.84,73408857.0,166678999359.9,0.94,3720.06,sh000903
2025-03-05 00:00:00,3723.46,3735.54,3739.61,3713.67,71024916.0,154704175806.5,0.7,3735.54,sh000903
2025-03-06 00:00:00,3759.09,3795.38,3803.29,3756.99,86714518.0,205691938285.1,1.24,3795.38,sh000903
2025-03-07 00:00:00,3783.19,3782.77,3805.71,3774.76,72567541.0,168406584129.1,0.82,3782.77,sh000903
2025-03-10 00:00:00,3786.15,3770.14,3791.98,3745.51,71688410.0,158437247676.3,1.23,3770.14,sh000903
2025-03-11 00:00:00,3731.83,3779.99,3779.99,3730.98,67281737.0,151610594673.5,1.3,3779.99,sh000903
2025-03-12 00:00:00,3785.85,3763.39,3788.18,3756.94,68994706.0,154808448651.1,0.83,3763.39,sh000903
2025-03-13 00:00:00,3763.51,3748.91,3776.85,3735.55,68575650.0,150399889511.7,1.1,3748.91,sh000903
2025-03-14 00:00:00,3757.6,3841.43,3847.85,3757.13,89390886.0,214792695542.0,2.42,3841.43,sh000903
2025-03-17 00:00:00,3859.52,3829.78,3859.84,3824.69,65406086.0,153406774274.5,0.92,3829.78,sh000903
2025-03-18 00:00:00,3847.05,3845.82,3856.63,3835.12,62223627.0,153619173349.9,0.56,3845.82,sh000903
2025-03-19 00:00:00,3846.16,3859.58,3872.37,3831.3,64687697.0,152326235841.2,1.07,3859.58,sh000903
2025-03-20 00:00:00,3860.28,3819.67,3861.37,3814.57,57923972.0,135671294509.6,1.21,3819.67,sh000903
2025-03-21 00:00:00,3810.58,3755.97,3825.61,3745.13,71766079.0,164677698801.1,2.11,3755.97,sh000903
2025-03-24 00:00:00,3758.6,3776.48,3780.74,3753.4,63833473.0,136471092297.0,0.73,3776.48,sh000903
2025-03-25 00:00:00,3780.36,3773.13,3788.52,3762.25,55963595.0,121406571595.4,0.7,3773.13,sh000903
2025-03-26 00:00:00,3772.08,3757.7,3781.71,3755.35,56148418.0,117156928579.0,0.7,3757.7,sh000903
2025-03-27 00:00:00,3750.98,3771.11,3792.68,3743.65,52130371.0,117484964047.2,1.3,3771.11,sh000903
2025-03-28 00:00:00,3768.42,3756.09,3772.58,3746.58,50840000.0,107909883155.4,0.69,3756.09,sh000903
2025-03-31 00:00:00,3747.38,3728.92,3770.35,3714.5,63774355.0,132648179158.3,1.49,3728.92,sh000903
2025-04-01 00:00:00,3734.84,3725.52,3742.79,3719.12,53874343.0,126555024851.1,0.63,3725.52,sh000903
2025-04-02 00:00:00,3722.08,3715.68,3734.23,3709.06,44921590.0,104132294336.8,0.68,3715.68,sh000903
2025-04-03 00:00:00,3673.53,3690.89,3714.52,3673.53,61794993.0,143871301715.0,1.1,3690.89,sh000903
2025-04-07 00:00:00,3507.36,3437.94,3540.03,3362.07,135790569.0,284812194948.5,4.82,3437.94,sh000903
2025-04-08 00:00:00,3447.2,3500.92,3500.92,3434.64,128759751.0,255791126109.2,1.93,3500.92,sh000903
2025-04-09 00:00:00,3456.56,3529.04,3529.91,3441.09,120014715.0,251485686617.9,2.54,3529.04,sh000903
2025-04-10 00:00:00,3590.39,3576.84,3595.82,3549.68,104407511.0,219265422992.1,1.31,3576.84,sh000903
2025-04-11 00:00:00,3574.33,3598.27,3609.12,3551.68,76881792.0,178713878485.5,1.61,3598.27,sh000903
2025-04-14 00:00:00,3618.19,3601.59,3619.39,3596.09,72415448.0,156740569481.6,0.65,3601.59,sh000903
2025-04-15 00:00:00,3598.96,3600.68,3604.49,3580.11,57651694.0,122823953508.2,0.68,3600.68,sh000903
2025-04-16 00:00:00,3597.63,3611.99,3616.23,3561.72,68072933.0,139303758930.0,1.51,3611.99,sh000903
2025-04-17 00:00:00,3595.99,3611.77,3618.59,3591.04,55499799.0,110968550029.9,0.76,3611.77,sh000903
2025-04-18 00:00:00,3599.77,3611.88,3622.11,3593.61,43239861.0,89827923998.1,0.79,3611.88,sh000903
2025-04-21 00:00:00,3609.01,3625.69,3631.49,3602.89,48797618.0,105337739773.7,0.79,3625.69,sh000903
2025-04-22 00:00:00,3620.67,3622.0,3637.48,3617.94,53353598.0,109246390484.7,0.54,3622.0,sh000903
2025-04-23 00:00:00,3642.65,3625.52,3646.93,3619.9,54823557.0,127076903431.4,0.75,3625.52,sh000903
2025-04-24 00:00:00,3628.09,3624.14,3646.17,3613.75,44524030.0,100201476770.4,0.89,3624.14,sh000903
2025-04-25 00:00:00,3632.74,3628.53,3643.96,3623.19,53808417.0,111777943601.3,0.57,3628.53,sh000903
2025-04-28 00:00:00,3628.39,3624.51,3634.36,3614.23,50473448.0,108102853618.5,0.55,3624.51,sh000903
2025-04-29 00:00:00,3620.82,3621.39,3628.46,3612.4,46019421.0,102684268659.3,0.44,3621.39,sh000903
2025-04-30 00:00:00,3622.21,3617.51,3633.15,3613.54,54833235.0,120553372008.9,0.54,3617.51,sh000903
2025-05-06 00:00:00,3643.33,3653.14,3654.6,3630.46,65811388.0,132226107792.6,0.67,3653.14,sh000903
2025-05-07 00:00:00,3702.94,3675.94,3703.8,3660.26,67153787.0,144007737648.8,1.19,3675.94,sh000903
2025-05-08 00:00:00,3665.67,3697.15,3715.6,3661.11,52072498.0,128073245455.7,1.48,3697.15,sh000903
2025-05-09 00:00:00,3693.11,3694.6,3700.67,3685.06,47677324.0,113522491922.3,0.42,3694.6,sh000903
2025-05-12 00:00:00,3715.05,3737.34,3740.8,3708.03,63445375.0,156903945305.7,0.89,3737.34,sh000903
2025-05-13 00:00:00,3764.26,3740.93,3764.26,3733.4,61972305.0,140073857812.7,0.83,3740.93,sh000903
2025-05-14 00:00:00,3740.28,3783.87,3799.36,3736.12,66008919.0,150561650898.6,1.69,3783.87,sh000903
2025-05-15 00:00:00,3776.61,3753.74,3777.32,3749.69,55606988.0,121096110836.7,0.73,3753.74,sh000903
2025-05-16 00:00:00,3744.48,3736.11,3749.71,3723.06,48885859.0,108358578860.4,0.71,3736.11,sh000903
2025-05-19 00:00:00,3730.09,3725.5,3732.78,3712.78,39329980.0,95408571796.7,0.54,3725.5,sh000903
2025-05-20 00:00:00,3732.46,3749.09,3763.02,3729.58,43079538.0,108003926063.9,0.9,3749.09,sh000903
2025-05-21 00:00:00,3750.96,3768.34,3782.83,3750.96,45063650.0,118775574362.8,0.85,3768.34,sh000903
2025-05-22 00:00:00,3766.14,3762.37,3772.03,3752.11,41690364.0,96082326850.4,0.53,3762.37,sh000903
2025-05-23 00:00:00,3758.7,3731.44,3779.09,3731.44,46400114.0,113666143795.6,1.27,3731.44,sh000903
2025-05-26 00:00:00,3723.54,3704.32,3730.2,3692.84,42959121.0,105966643203.3,1.0,3704.32,sh000903
2025-05-27 00:00:00,3700.94,3679.83,3708.81,3676.67,38782345.0,88773895680.4,0.87,3679.83,sh000903
2025-05-28 00:00:00,3684.2,3675.06,3692.11,3673.46,35598100.0,77644529610.1,0.51,3675.06,sh000903
2025-05-29 00:00:00,3675.89,3692.16,3706.69,3666.02,42182832.0,99932979494.6,1.11,3692.16,sh000903
2025-05-30 00:00:00,3684.51,3668.4,3691.43,3657.48,44018920.0,98855966637.5,0.92,3668.4,sh000903
2025-06-03 00:00:00,3666.62,3677.14,3690.74,3666.39,48391976.0,110946279107.9,0.66,3677.14,sh000903
2025-06-04 00:00:00,3680.98,3690.74,3698.27,3680.98,47859060.0,100979722401.5,0.47,3690.74,sh000903
2025-06-05 00:00:00,3693.8,3698.59,3703.89,3682.22,48772722.0,109018800317.2,0.59,3698.59,sh000903
2025-06-06 00:00:00,3701.45,3697.56,3711.59,3692.97,44385764.0,97473532715.5,0.5,3697.56,sh000903
2025-06-09 00:00:00,3699.48,3700.3,3717.2,3693.44,54309560.0,129888980264.7,0.64,3700.3,sh000903
2025-06-10 00:00:00,3702.9,3678.67,3709.83,3667.14,56172114.0,132670198035.0,1.15,3678.67,sh000903
2025-06-11 00:00:00,3683.11,3707.94,3724.83,3683.11,57940422.0,123810202019.5,1.13,3707.94,sh000903
2025-06-12 00:00:00,3699.87,3703.24,3712.64,3683.63,54398443.0,126002318269.9,0.78,3703.24,sh000903
2025-06-13 00:00:00,3691.57,3681.38,3701.04,3669.34,66144585.0,150645249248.0,0.86,3681.38,sh000903
